timestamp_ms,rtd_top,rtd_middle,rtd_bottom,bottle_pressure,tank_pressure,o2_pressure,rocket_weight,rocket_weight_tare,vent_temp,n2o_temp
180700,5252.94,-241.73,-238.15,43.79,0.12,7.26,30.4,1.02,38.14,38.84
180800,5252.11,-241.1,-238.65,43.53,0,7.3,29.57,0.19,37.25,39.03
180900,5250.44,-240.98,-238.65,43.59,-0.1,7.22,29.82,0.43,44.21,38.72
181000,5256.68,-242.14,-238.65,43.79,-0.04,7.18,28.89,-0.49,37.52,39.38
181100,5253.35,-241.27,-238.36,43.49,0.12,7.18,29.12,-0.27,39.96,38.57
181200,5249.61,-241.27,-238.27,43.79,0.12,7.4,29.01,-0.38,43.2,39.27
181300,5248.36,-240.98,-238.69,43.43,0.02,7.28,30.42,1.04,42.59,38.61
181400,5253.35,-241.85,-238.44,43.53,0.22,7.42,28.97,-0.41,46.28,39.19
181500,5258.76,-240.69,-238.15,43.81,0.36,7.4,29.29,-0.1,34.46,38.38
181600,5247.53,-241.44,-238.4,43.37,0.16,7.36,29.13,-0.26,49.32,38.92
181700,5249.61,-240.85,-238.61,43.73,0.1,7.26,29.59,0.21,27.06,39.27
181800,5250.44,-240.65,-238.77,43.55,0.04,7.12,29.53,0.14,37.83,39.11
181900,5247.53,-240.19,-239.02,43.53,-0.04,7.12,29.39,0,35.35,38.38
182000,5247.95,-240.73,-238.48,43.59,0.12,7.36,29.61,0.22,42.63,37.95
182100,5252.94,-240.27,-239.11,43.45,0.2,7.1,29.37,-0.01,39.42,38.65
182200,5256.68,-241.02,-238.48,43.81,0.1,7.36,29.72,0.34,33.64,38.45
182300,5248.78,-241.39,-237.9,43.43,0.02,7.22,29.36,-0.03,42.43,39.19
182400,5249.19,-239.98,-238.98,43.33,-0.02,7.08,29.76,0.38,43.51,39.11
182500,5256.27,-241.14,-238.44,43.29,0.02,7.24,29.2,-0.18,35.35,38.53
182600,5254.6,-240.56,-238.69,43.67,0.2,7.26,29.14,-0.24,36.75,39.3
182700,5256.27,-241.64,-238.03,43.37,0.06,7.18,29.61,0.22,36.67,38.34
182800,5251.69,-241.44,-238.23,43.49,0.18,7.26,29.35,-0.03,35.82,39.15
182900,5249.61,-240.94,-238.73,43.63,0.26,7.1,29.45,0.06,36.05,38.69
183000,5254.19,-241.06,-238.9,43.43,-0.02,7.26,29.46,0.07,43.71,39.58
183100,5257.51,-241.35,-238.77,43.63,0.14,7.14,29.55,0.16,33.22,38.76
183200,5255.02,-241.1,-238.69,43.75,-0.06,7.28,29.45,0.06,31.04,38.72
183300,5247.53,-241.48,-238.23,43.59,-0.1,7.58,29.39,0,40.58,39.03
183400,5250.44,-241.44,-238.57,43.51,-0.06,7.46,29.01,-0.38,40.19,39.38
183500,5253.35,-241.52,-238.69,43.79,0.18,7.08,29.61,0.22,34.46,38.72
183600,5251.27,-240.19,-238.48,43.31,-0.26,7.54,28.91,-0.47,39.19,39.07
183700,5254.19,-241.35,-238.36,43.61,0.28,7.94,29.34,-0.05,38.76,39.03
183800,5250.03,-240.77,-238.57,43.51,-0.02,7.44,29.25,-0.14,44.55,39
183900,5247.53,-241.64,-238.23,43.69,0.02,7.38,29.09,-0.3,41.35,38.96
184000,5261.26,-242.31,-239.4,43.59,-0.18,7.26,29.12,-0.27,35.7,39.38
184100,5257.51,-241.48,-238.61,43.49,0,7.68,28.91,-0.47,33.37,38.96
184200,5250.86,-242.39,-238.82,43.49,0.1,7.3,29,-0.39,37.33,39.11
184300,5256.68,-241.23,-239.23,43.73,-0.1,7.3,29.26,-0.12,42.7,38.92
184400,5251.27,-240.6,-238.94,43.63,0.1,7.42,28.85,-0.54,30.92,38.76
184500,5251.27,-241.27,-238.19,43.49,-0.14,7.26,29.01,-0.38,40.35,39.03
184600,5248.36,-241.6,-238.36,43.57,0.24,7.28,29.37,-0.01,36.13,39.27
184700,5258.35,-241.64,-238.94,43.53,-0.06,7.42,29.09,-0.3,40.66,39.34
184800,5250.86,-242.27,-238.77,43.73,0.18,7.22,29.28,-0.1,34.15,38.22
184900,5255.85,-242.02,-238.57,43.33,0.24,7.26,28.92,-0.47,31.86,39.38
185000,5252.52,-241.27,-238.65,43.49,0.26,7.62,29.35,-0.03,40.89,39.46
185100,5248.36,-240.98,-238.32,43.53,0,7.3,29.52,0.13,41.7,38.84
185200,5252.52,-241.73,-239.02,43.37,-0.06,7.24,29.05,-0.34,32.17,38.41
185300,5252.11,-240.35,-238.57,43.59,0.1,7.32,29.41,0.02,35.24,38.53
185400,5257.1,-241.14,-238.82,43.67,-0.04,7.5,29.41,0.03,38.03,38.92
185500,5248.78,-241.56,-238.61,43.71,-0.04,7.28,29.98,0.59,36.05,38.76
185600,5254.19,-241.19,-238.65,43.49,-0.02,7.12,29.09,-0.3,36.17,38.84
185700,5251.69,-239.86,-238.32,43.65,0.06,7.36,29.2,-0.18,35.86,38.41
185800,5252.94,-241.64,-238.11,43.59,0.02,6.91,29.5,0.11,34.97,39.07
185900,5255.85,-241.27,-239.07,43.63,0.02,7.48,29.7,0.32,42.28,38.49
186000,5250.86,-242.52,-238.98,43.73,0,7.3,29.11,-0.28,36.63,39.38
186100,5246.28,-241.14,-238.07,43.43,-0.02,7.12,29.84,0.46,41.16,38.96
186200,5255.02,-240.9,-238.57,43.55,0.14,7.16,29.26,-0.12,43.9,38.61
186300,5260.01,-240.11,-238.07,43.49,0.14,7.32,28.95,-0.44,56.71,38.76
186400,5255.85,-241.1,-238.44,43.85,-0.22,7.34,28.89,-0.5,41.39,38.92
186500,5247.95,-241.64,-238.69,43.61,0.1,6.87,30.2,0.81,38.14,38.88
186600,5255.85,-242.56,-238.82,43.53,0.22,7.34,29.12,-0.27,35.78,38.72
186700,5257.93,-240.27,-238.73,43.87,-0.08,7.28,29.8,0.41,34.89,38.76
186800,5256.27,-240.52,-238.86,43.67,0.16,7.12,29.52,0.13,40.39,39.11
186900,5255.02,-240.69,-238.15,43.59,-0.06,7.2,29.2,-0.18,40.19,38.61
187000,5249.19,-241.6,-237.94,43.61,0.04,7.02,28.89,-0.49,37.06,38.57
187100,5253.35,-241.19,-238.61,43.73,-0.24,7.32,30.26,0.87,37.99,37.95
187200,5257.1,-242.06,-238.73,43.57,-0.04,7.36,29.79,0.4,45.36,38.88
187300,5247.95,-241.89,-238.19,43.73,-0.1,7.34,28.96,-0.43,38.84,38.76
187400,5249.61,-241.69,-238.11,43.41,0.08,7.08,29.54,0.15,30.06,38.72
187500,5255.85,-242.14,-238.73,43.47,-0.06,7.18,29.51,0.13,32.17,38.8
187600,5262.51,-239.36,-238.52,43.63,0.08,7.24,29.76,0.38,34.58,38.88
187700,5256.27,-240.9,-238.32,43.47,0.06,6.91,29.15,-0.24,31.74,39
187800,5254.19,-240.85,-238.48,43.11,0.1,7.14,29.79,0.4,40.93,38.14
187900,5250.03,-241.89,-238.03,43.49,-0.08,7.3,29.34,-0.05,40.77,38.49
188000,5254.19,-241.19,-239.23,43.45,0.22,7.52,29.98,0.59,39.54,39.07
188100,5246.7,-241.73,-238.15,43.73,-0.08,7.32,29.25,-0.14,39.27,38.45
188200,5255.02,-242.23,-238.44,43.59,0.14,7,29.87,0.48,36.01,39
188300,5251.69,-240.15,-238.19,43.41,0.18,7.24,29.48,0.09,43.4,39.07
188400,5256.27,-240.19,-238.44,43.51,-0.06,7.28,29.65,0.26,29.63,38.76
188500,5245.45,-241.6,-238.57,43.89,0.06,7.46,29.41,0.03,44.28,39
188600,5263.75,-240.65,-238.32,43.43,0.22,7.08,29.81,0.42,30.38,39.03
188700,5252.94,-241.94,-238.32,43.65,-0.02,7.4,29.47,0.08,34.89,38.61
188800,5249.19,-240.94,-238.4,43.73,0.08,7.22,29.97,0.59,39.77,39.61
188900,5261.26,-242.06,-238.19,43.49,-0.08,7.4,29.55,0.17,37.87,38.65
189000,5255.43,-243.31,-238.32,43.63,-0.08,7.4,29.92,0.53,39.15,39.07
189100,5254.19,-242.81,-238.15,43.51,0.12,7.86,29.8,0.42,36.52,38.96
189200,5251.69,-239.86,-238.69,43.37,0.16,7.24,29.6,0.21,37.29,38.65
189300,5247.95,-239.69,-238.86,43.47,0,7.16,29.45,0.06,41.47,38.69
189400,5255.43,-239.15,-238.65,43.65,0.24,7.14,29.63,0.24,34.42,39.03
189500,5254.19,-243.22,-237.94,43.49,-0.08,7.34,29.45,0.06,37.87,39.46
189600,5253.35,-240.69,-238.86,43.61,-0.12,7.26,29.77,0.38,36.94,38.88
189700,5257.1,-242.39,-238.57,43.65,-0.14,7.54,29.35,-0.04,36.59,38.61
189800,5255.43,-240.27,-238.4,43.53,0.18,7.28,29.68,0.3,41.2,39.46
189900,5259.18,-241.89,-238.15,43.05,0.12,7.18,29.24,-0.14,38.26,39.15
190000,5253.77,-241.52,-238.82,43.57,0.02,7.14,29.88,0.5,45.55,39.11
190100,5248.78,-238.9,-238.52,43.51,0.24,7.06,29.53,0.14,24.35,38.69
190200,5245.03,-239.52,-239.15,43.73,-0.04,7.26,29.64,0.25,37.83,38.72
190300,5245.87,-240.65,-238.52,43.33,-0.2,7.1,29.39,0,37.25,39.3
190400,5257.1,-242.6,-238.48,43.59,0.16,7.76,29.88,0.5,48.05,38.84
190500,5250.86,-240.85,-238.52,43.63,-0.08,7.08,29.3,-0.09,38.26,38.72
190600,5247.95,-239.65,-238.69,43.57,0.04,6.96,29.26,-0.13,36.83,39.23
190700,5253.35,-241.81,-239.23,43.71,0.04,7.38,29.23,-0.16,34.81,39.15
190800,5262.09,-242.77,-238.07,43.63,-0.04,7.42,29.53,0.15,39.23,39.38
190900,5245.45,-238.11,-238.94,43.71,0.3,7.2,29.15,-0.24,34.23,38.96
191000,5250.03,-239.44,-239.19,43.47,0.14,7.36,29.54,0.15,39.96,38.8
191100,5251.69,-241.52,-239.07,43.89,-0.04,7.04,29.66,0.27,46.63,39.19
191200,5252.52,-240.73,-238.69,43.51,0.12,7.2,29.54,0.15,33.76,39.19
191300,5265.42,-241.6,-238.98,43.93,-0.14,7.36,29.17,-0.22,37.8,38.84
191400,5253.35,-239.65,-238.61,43.69,0.18,6.96,29.19,-0.2,40.62,39.27
191500,5257.93,-242.35,-239.02,43.87,-0.32,7.4,29.19,-0.2,35.51,38.3
191600,5252.94,-242.31,-238.07,43.65,0,7.14,29.26,-0.13,40.58,39
191700,5245.03,-239.27,-238.77,43.51,0.14,7,29.2,-0.19,33.84,39.92
191800,5261.68,-241.85,-238.36,43.67,0.28,7.44,29.08,-0.3,40.5,38.53
191900,5261.26,-239.73,-238.61,43.63,-0.02,7.08,29.47,0.09,39.27,39.42
192000,5266.25,-241.27,-239.31,43.59,-0.5,7.16,29.02,-0.37,37.72,38.76
192100,5253.77,-240.9,-238.32,43.47,0.72,7.46,29.44,0.05,36.32,39.03
192200,5255.85,-241.19,-238.57,43.19,0.32,7.04,29.19,-0.2,33.99,39.23
192300,5253.77,-241.1,-238.73,43.29,0.06,7.4,29.28,-0.11,41.82,39.23
192400,5251.69,-240.48,-238.57,43.47,0,7.28,29.34,-0.05,44.9,38.96
192500,5270,-241.89,-239.15,43.85,-0.06,7.14,29.12,-0.27,41.28,39.27
192600,5253.35,-242.02,-238.07,43.53,0.16,7.58,28.99,-0.4,32.56,40
192700,5248.78,-240.77,-238.73,43.41,0.06,7.24,29.53,0.14,40.16,39
192800,5270,-240.98,-238.73,43.47,0.04,7.18,29.08,-0.3,40.77,38.57
192900,5262.92,-240.52,-238.65,43.53,0.14,6.89,29.43,0.04,45.4,39.03
193000,5255.85,-242.77,-238.57,43.63,0.2,7.04,29.06,-0.32,32.05,38.65
193100,5253.35,-243.06,-238.36,43.33,0.06,7.28,29.64,0.26,35.7,38.76
193200,5251.27,-240.9,-238.52,43.39,0.16,7.3,29.28,-0.11,34.38,38.88
193300,5249.19,-242.18,-238.32,43.51,0.06,7.28,29.74,0.36,46.59,39.03
193400,5257.1,-239.56,-238.27,43.61,0.18,7.72,28.97,-0.41,35.59,38.84
193500,5257.93,-242.06,-238.86,43.57,0.02,6.87,29.57,0.18,36.36,38.57
193600,5255.02,-240.19,-238.4,43.47,-0.02,7.4,29.22,-0.16,41.55,39.23
193700,5256.68,-240.52,-238.77,43.59,-0.06,6.59,29.11,-0.28,42.47,39.27
193800,5267.5,-239.69,-238.94,43.57,-0.08,7.06,29.24,-0.14,38.22,39.46
193900,5256.27,-242.89,-238.9,43.75,0.08,7.48,29.63,0.24,42.63,39.03
194000,5256.68,-240.02,-238.52,43.55,0.28,7.42,29.06,-0.33,34.77,38.61
194100,5261.68,-241.06,-239.19,43.63,-0.1,7.3,29.22,-0.17,34.62,39.38
194200,5254.19,-239.4,-239.19,43.49,-0.12,7.04,29.09,-0.3,37.64,38.65
194300,5251.69,-242.1,-238.65,43.59,0.06,7.34,29.7,0.31,42.51,39.11
194400,5269.58,-242.06,-239.11,43.75,0.24,7.38,29.63,0.24,38.18,39.19
194500,5251.69,-242.35,-238.9,43.73,0,7.38,29.41,0.03,49.01,39.23
194600,5247.95,-240.98,-238.52,43.51,-0.02,6.93,29.53,0.14,43.32,39.03
194700,5265.84,-241.64,-238.9,43.35,0.14,7.42,29.45,0.07,45.01,39.03
194800,5261.68,-242.06,-239.73,43.69,0.3,7.36,29.43,0.05,38.61,39
194900,5258.35,-242.39,-238.9,43.45,-0.12,7.52,29.77,0.38,37.02,39.07
195000,5255.02,-242.97,-238.57,43.61,0.14,7.42,29.93,0.54,41.08,39.5
195100,5247.95,-238.98,-238.77,43.39,0.06,7.18,29.51,0.13,41.62,38.76
195200,5265.84,-241.39,-239.69,43.75,0.06,7.52,29.76,0.38,40.77,39.54
195300,5262.92,-241.52,-238.9,43.33,-0.06,7.3,29.36,-0.03,36.17,38.72
195400,5257.51,-243.72,-238.69,43.53,0.34,7.6,29.64,0.25,36.13,39.27
195500,5255.85,-242.93,-238.61,43.41,-0.08,7.36,29.95,0.56,43.24,38.84
195600,5264.17,-242.06,-238.94,43.55,0.32,7.38,29.77,0.38,39.38,38.96
195700,5255.85,-241.89,-238.61,43.73,-0.2,7.36,29.84,0.45,37.37,38.65
195800,5259.18,-242.06,-238.61,43.47,0.08,7.7,30.05,0.66,37.45,40.08
195900,5262.92,-241.39,-239.02,43.45,-0.08,7.14,29.84,0.45,42.24,38.49
196000,5256.68,-241.48,-239.15,43.77,0.16,7.24,29.64,0.26,44.63,39.27
196100,5256.27,-240.65,-238.98,43.59,0.08,7.12,29.7,0.32,40.04,38.8
196200,5263.75,-243.97,-237.94,43.55,0,7.34,29.95,0.56,47.51,38.92
196300,5254.19,-241.94,-238.73,43.57,-0.08,7.46,29.57,0.19,50.78,39.07
196400,5254.19,-242.97,-239.02,43.77,-0.16,7.5,29.7,0.31,34.85,38.84
196500,5265,-243.35,-239.19,43.55,0.1,7.5,29.84,0.45,41.16,39.19
196600,5254.6,-240.65,-238.86,43.41,0.06,7.22,29.22,-0.17,38.3,38.57
196700,5256.68,-242.56,-238.77,43.53,0.28,7.28,29.78,0.39,51.92,39
196800,5255.02,-240.4,-239.15,43.61,-0.12,7.36,29.66,0.28,44.13,38.88
196900,5270,-243.6,-238.77,43.35,-0.08,7.58,29.69,0.3,37.29,39.65
197000,5269.16,-240.85,-239.56,43.31,-0.04,7.42,29.68,0.3,35.04,39.34
197100,5260.43,-242.97,-238.61,43.63,0.08,7.26,29.67,0.28,41.28,38.88
197200,5248.36,-240.4,-238.82,43.61,-0.12,7.22,29.74,0.35,49.89,38.57
197300,5259.18,-242.23,-238.61,43.41,-0.06,7.16,29.63,0.24,44.9,39.58
197400,5261.26,-242.43,-238.32,43.59,0.22,7.3,29.33,-0.06,47.9,38.72
197500,5277.9,-242.31,-238.57,43.51,-0.04,7.4,29.73,0.34,40,38.76
197600,5259.18,-243.56,-238.4,43.63,0.2,7.3,29.72,0.33,41.35,39.11
197700,5260.84,-241.77,-239.19,43.29,0.06,7.46,29.81,0.42,42.78,38.92
197800,5265,-242.52,-238.94,43.55,-0.18,7.3,29.52,0.13,35.82,38.8
197900,5258.35,-240.77,-238.77,43.75,0.06,7.18,29.92,0.53,50.89,38.96
198000,5270,-241.14,-238.86,43.29,-0.24,7.68,29.45,0.06,35.63,39.3
198100,5258.35,-242.35,-239.02,43.53,-0.06,7.32,29.56,0.17,40.08,38.76
198200,5268.75,-242.68,-238.86,43.57,-0.08,7.38,29.25,-0.14,28.42,39.03
198300,5256.68,-240.81,-239.02,43.53,0.04,7.12,29.95,0.56,41.35,39.19
198400,5253.35,-242.31,-238.69,43.43,-0.16,7.14,29.68,0.3,31.31,39.11
198500,5255.43,-239.27,-238.98,43.75,0.12,6.77,29.59,0.21,47.28,38.72
198600,5257.1,-240.52,-239.15,43.51,-0.04,7.32,29.16,-0.22,42.05,38.84
198700,5262.51,-243.56,-239.23,43.61,-0.2,7.2,29.72,0.33,42.01,39.92
198800,5262.51,-240.98,-238.52,43.57,0.24,7.2,29.47,0.08,36.83,38.53
198900,5265.42,-243.14,-238.77,43.65,-0.1,7.22,29.49,0.11,43.01,39.34
199000,5249.61,-241.31,-239.77,43.49,0.12,7.42,29.15,-0.24,35.51,38.88
199100,5255.85,-240.65,-238.82,43.47,-0.02,7.46,29.61,0.22,41.39,38.65
199200,5253.77,-241.31,-238.9,43.45,0.16,7.3,29.04,-0.35,50.55,39.03
199300,5261.26,-242.18,-239.48,43.43,0.04,7.32,29.51,0.13,37.49,39.07
199400,5255.02,-240.23,-239.23,43.57,0.1,7.46,29.49,0.11,44.55,39.15
199500,5254.6,-240.73,-239.23,43.55,0.06,7.2,29.42,0.03,37.02,39.61
199600,5259.18,-242.56,-237.94,43.37,-0.24,7.18,29.34,-0.05,35.24,38.49
199700,5267.08,-241.85,-238.69,43.43,-0.04,6.83,29.6,0.21,41.43,39.34
199800,5255.43,-242.52,-239.19,43.53,-0.36,7.4,29.1,-0.28,33.22,39.15
199900,5253.77,-241.6,-239.11,43.69,0.08,7.22,29.49,0.11,35.82,38.88
200000,5260.43,-240.81,-238.86,43.55,-0.24,7.32,29.51,0.13,34.27,39.54
200100,5259.59,-241.85,-239.31,43.57,0.14,7.54,29.24,-0.15,41.89,38.92
200200,5265.42,-242.39,-238.77,43.67,-0.14,6.96,29.53,0.14,36.32,38.96
200300,5260.01,-240.31,-238.57,43.15,0.1,7.6,29.32,-0.07,34.97,39.23
200400,5260.43,-240.6,-238.61,43.67,-0.14,7.2,29.26,-0.12,40.73,39
200500,5254.6,-243.02,-238.94,43.41,0.1,7.36,29.26,-0.13,34.62,39.5
200600,5265.42,-242.73,-238.82,43.57,0.24,7.38,29.29,-0.1,37.64,39.23
200700,5262.92,-242.81,-238.61,43.49,0,7.18,29.22,-0.17,33.37,38.92
200800,5255.85,-240.35,-238.36,43.53,0.02,7.22,29.45,0.06,42.55,39.03
200900,5259.59,-242.6,-239.52,43.57,-0.04,7.34,29.35,-0.03,29.95,39.85
201000,5260.01,-241.64,-238.69,43.57,-0.12,7.32,29.26,-0.12,36.4,38.88
201100,5254.6,-242.56,-238.4,43.75,0.1,7.26,29.18,-0.21,37.64,39.65
201200,5257.93,-240.77,-239.77,43.63,-0.12,7.34,29.48,0.09,39.03,39.65
201300,5261.26,-241.94,-239.36,43.65,-0.02,7.5,29.21,-0.18,37.41,39.11
201400,5262.92,-242.02,-239.07,43.61,-0.06,7.08,29.43,0.04,33.68,38.88
201500,5257.93,-241.06,-238.27,43.47,0.16,7.3,29.28,-0.1,36.48,39.07
201600,5252.94,-239.73,-238.94,43.51,-0.1,7.2,29.57,0.19,35.66,39.15
201700,5260.01,-240.9,-238.82,43.59,-0.02,7.64,29.22,-0.16,42.05,39.34
201800,5261.26,-241.89,-238.94,43.31,0.06,7.16,29.68,0.29,38.11,39.58
201900,5256.68,-242.1,-238.65,43.61,0.02,7.32,29.18,-0.2,39.61,39.03
202000,5253.77,-242.18,-238.9,43.65,-0.14,7.72,29.55,0.16,32.91,39.3
202100,5256.27,-242.52,-239.48,43.51,-0.08,7.2,29.43,0.04,40.7,39.38
202200,5262.51,-239.81,-238.57,43.57,0,7.44,29.41,0.03,40.46,38.61
202300,5260.43,-241.6,-238.82,43.53,0.02,7.32,29.36,-0.03,43.17,40.23
202400,5254.19,-241.35,-238.44,43.57,0.08,7.26,29.25,-0.14,39.42,38.76
202500,5254.6,-243.18,-239.31,43.49,-0.14,7.18,29.24,-0.14,37.52,39.58
202600,5255.43,-241.64,-238.82,43.69,-0.16,7.42,29.26,-0.13,32.98,38.8
202700,5261.68,-241.52,-238.9,43.41,0.08,7.24,29.28,-0.11,42.05,38.72
202800,5260.01,-240.94,-238.48,43.71,0.18,7.34,29.34,-0.05,47.17,39.38
202900,5255.02,-242.39,-238.98,43.57,0,7.24,29.28,-0.11,37.52,39.27
203000,5256.27,-241.52,-238.48,43.65,-0.04,7.32,29.55,0.16,36.94,39.69
203100,5260.43,-240.4,-238.52,43.59,-0.1,7.22,29.09,-0.3,39.15,39
203200,5261.68,-240.35,-238.65,43.71,0.26,7.26,29.6,0.21,35.82,39.23
203300,5255.43,-241.56,-238.86,43.65,0.04,7.14,29.08,-0.3,41.12,39.11
203400,5255.43,-241.89,-238.82,43.53,0.06,7.28,29.53,0.15,43.71,39.88
203500,5267.5,-240.56,-239.02,43.55,0.18,7.26,29.2,-0.19,39.11,38.8
203600,5265,-241.31,-239.19,43.45,0.12,7.24,29.49,0.1,35.94,38.88
203700,5262.92,-241.23,-238.86,43.63,0.2,7.62,29.31,-0.08,37.22,39.85
203800,5272.91,-240.19,-238.98,43.47,-0.08,7.2,29.53,0.14,46.17,38.22
203900,5261.68,-241.44,-238.61,43.41,0.1,7.36,29.31,-0.08,36.63,39.23
204000,5264.17,-240.85,-238.73,43.55,-0.2,7.52,29.41,0.02,39.54,39.46
204100,5263.75,-241.89,-239.11,43.47,0.12,7.2,29.3,-0.09,43.17,39.11
204200,5265,-241.1,-238.32,43.61,-0.14,7.18,29.71,0.32,37.6,39.27
204300,5255.43,-241.6,-238.77,43.65,-0.1,7.44,29.15,-0.24,43.78,39.03
204400,5260.01,-241.1,-238.86,43.43,-0.2,7.34,29.51,0.12,46.05,39.5
204500,5263.34,-242.02,-238.94,43.61,0.22,7.34,29.35,-0.04,36.87,39.15
204600,5262.51,-241.64,-238.77,43.57,-0.02,7.38,29.5,0.11,43.01,40.12
204700,5258.76,-241.94,-238.52,43.75,0.22,7.24,29.29,-0.1,40.97,38.76
204800,5252.94,-242.27,-238.77,43.49,-0.06,7.36,29.36,-0.03,34.23,39.07
204900,5263.34,-241.64,-238.77,43.55,0.22,7.3,29.4,0.01,43.13,39.5
205000,5262.92,-241.44,-238.86,43.59,0,7.34,29.43,0.05,29.4,39.42
205100,5260.43,-241.35,-239.02,43.87,0.18,7.26,29.25,-0.14,25.29,39.58
205200,5255.85,-241.19,-238.32,43.79,0.02,7.22,29.4,0.01,33.84,38.92
205300,5255.43,-240.81,-238.82,43.63,0.02,7.44,29.28,-0.11,38.96,39.34
205400,5265.84,-241.1,-239.07,43.49,0.04,7.4,29.43,0.05,35.55,39.58
205500,5255.43,-242.23,-238.73,43.57,-0.12,6.96,29.11,-0.28,41.97,39.19
205600,5261.68,-241.73,-238.9,43.71,-0.06,7.26,29.47,0.08,43.82,39.73
205700,5267.08,-241.44,-238.61,43.55,0.08,7.36,29.24,-0.14,44.24,39.27
205800,5265.84,-241.52,-238.69,43.61,0.18,7.1,29.35,-0.03,37.18,38.84
205900,5255.43,-241.73,-238.48,43.45,-0.14,7.32,29.3,-0.09,44.28,39.73
206000,5258.35,-241.81,-238.69,43.57,0.14,7.24,29.3,-0.09,37.41,39.19
206100,5261.26,-241.48,-238.73,43.27,-0.2,7.44,29.27,-0.12,37.83,39.07
206200,5262.92,-241.77,-238.69,43.49,0.26,7.16,29.35,-0.03,35.97,38.92
206300,5258.76,-240.9,-238.65,43.65,0.02,7.4,29.25,-0.14,37.06,38.38
206400,5257.51,-241.44,-238.77,43.65,0.06,7.18,29.32,-0.07,41.85,39.85
206500,5265.42,-242.06,-238.82,43.63,0.02,7.36,29.1,-0.28,36.83,39.58
206600,5264.17,-242.81,-238.65,43.61,0.08,7.38,29.29,-0.1,37.33,39.23
206700,5263.75,-241.98,-238.82,43.65,0.14,7.22,29.12,-0.27,36.28,39.03
206800,5263.75,-242.1,-238.32,43.49,0.02,7.38,29.35,-0.04,40.97,38.11
206900,5260.84,-241.64,-238.86,43.55,-0.08,7.26,29.32,-0.07,39.27,39.5
207000,5259.18,-241.94,-238.82,43.69,0.06,7.24,29.3,-0.09,34.85,39
207100,5265,-241.06,-238.23,43.61,0.22,7.16,29.01,-0.38,37.99,39.38
207200,5259.18,-240.15,-238.4,43.59,0.06,7.34,29.5,0.11,37.41,38.84
207300,5262.51,-241.85,-238.94,43.53,0,7.12,29.15,-0.24,39.61,39.42
207400,5260.01,-242.81,-238.77,43.49,-0.02,7.38,29.55,0.17,37.18,38.65
207500,5263.34,-241.64,-238.57,43.73,0.24,7.12,28.88,-0.51,36.32,39
207600,5262.09,-242.02,-238.27,43.49,0.12,7.28,29.45,0.06,43.67,39.19
207700,5259.18,-240.77,-238.52,43.51,-0.06,7.34,29.22,-0.16,39.46,39.58
207800,5259.59,-241.31,-239.11,43.53,0.18,7.4,29.41,0.03,31.58,38.96
207900,5262.09,-241.89,-238.44,43.51,-0.1,7.34,29.24,-0.14,40.27,39.77
208000,5260.43,-241.48,-238.4,43.59,-0.04,7.28,29.45,0.07,38.61,40.04
208100,5257.93,-240.56,-238.44,43.61,0.02,7.38,29.2,-0.18,34.34,39.69
208200,5264.17,-241.85,-238.69,43.43,0,7.42,29.47,0.09,43.51,39.23
208300,5254.19,-241.19,-238.44,43.85,0.28,7.22,29.18,-0.21,34.97,39.38
208400,5258.76,-242.43,-239.07,43.31,0,7.36,29.51,0.13,39.58,38.88
208500,5257.51,-241.81,-238.69,43.39,0.06,7.48,29.46,0.07,31.66,39.73
208600,5262.09,-241.85,-239.02,43.53,-0.02,7.32,29.43,0.04,43.44,39.3
208700,5265.42,-241.56,-238.82,43.53,0.22,7.24,29.39,0.01,40.85,38.92
208800,5266.67,-241.52,-238.94,43.67,0.06,7.38,29.29,-0.1,46.4,39.46
208900,5262.09,-241.77,-238.86,43.69,0.16,7.3,29.28,-0.1,38.14,39.46
209000,5256.27,-240.94,-239.07,43.55,-0.02,7.38,29.4,0.01,48.82,39.3
209100,5267.08,-241.02,-238.82,43.49,-0.12,7.24,29.22,-0.16,49.97,39.3
209200,5270.83,-242.64,-238.65,43.65,0,7.54,29.34,-0.05,39.11,38.3
209300,5274.16,-241.89,-238.94,43.75,0.2,7.36,29.38,-0.01,39.07,39.11
209400,5268.33,-241.64,-238.98,43.41,-0.02,7.5,29.26,-0.13,36.32,39.3
209500,5261.26,-242.18,-238.9,43.55,0.2,7.22,29.55,0.17,40.19,39.58
209600,5261.68,-242.02,-238.9,43.39,0,7.4,29.43,0.04,36.28,39.46
209700,5256.27,-242.81,-238.36,43.59,0.08,7.54,29.48,0.09,38.57,39.19
209800,5258.35,-241.52,-238.94,43.69,0.32,7.12,29.41,0.02,49.51,39.3
209900,5256.68,-241.77,-239.15,43.55,0.24,7.06,29.43,0.05,50.24,39.42
210000,5259.18,-241.19,-238.86,43.55,0,7.38,29.39,0.01,32.32,38.96
210100,5265,-241.6,-239.07,43.59,0,7.16,29.37,-0.02,41.74,38.49
210200,5267.92,-241.6,-239.23,43.37,0.04,7.12,29.41,0.03,35.43,38.92
210300,5271.66,-242.48,-239.07,43.59,0.04,7.22,29.59,0.21,35.59,39.34
210400,5267.5,-240.77,-239.27,43.71,0,7.28,29.35,-0.03,57.97,39.15
210500,5264.17,-241.77,-238.94,43.81,0.1,7.42,29.88,0.49,32.48,39.23
210600,5260.84,-241.44,-238.82,43.25,0.12,7.32,29.49,0.1,34.31,38.65
210700,5263.75,-241.94,-238.52,43.43,0.22,7.4,29.57,0.18,38.49,38.8
210800,5264.17,-241.85,-239.02,43.51,-0.26,7.46,29.55,0.16,39.46,39.61
210900,5266.25,-241.69,-239.15,43.71,-0.02,7.14,29.99,0.6,37.37,39.61
211000,5262.51,-241.98,-239.02,43.39,0,7.36,29.43,0.04,37.99,39.15
211100,5260.84,-241.23,-239.36,43.65,0.02,7.38,30.01,0.62,37.37,39.92
211200,5262.51,-241.19,-239.4,43.73,0.1,7.36,29.62,0.23,50.35,38.84
211300,5259.18,-241.52,-238.86,43.53,0.02,7.44,29.79,0.4,44.78,39.54
211400,5270,-242.23,-239.19,43.73,0.12,7.38,29.55,0.17,34.38,39.42
211500,5258.76,-241.64,-238.82,43.61,0.08,7.34,29.91,0.52,37.29,40
211600,5264.17,-241.39,-239.27,43.65,-0.04,7.22,29.57,0.18,44.24,39.61
211700,5258.76,-241.81,-239.07,43.59,-0.12,7.38,30.07,0.68,42.47,39.38
211800,5264.17,-242.35,-239.07,43.75,-0.04,6.87,29.84,0.46,40.89,39.85
211900,5261.26,-240.81,-238.94,43.55,-0.26,7.42,29.8,0.42,29.56,39
212000,5257.93,-242.31,-238.57,43.85,-0.4,7.3,29.74,0.36,38.72,39.69
212100,5260.43,-241.06,-238.9,43.45,0.14,7.28,29.99,0.6,37.29,38.84
212200,5259.59,-242.18,-238.9,43.99,0.2,7.42,29.89,0.5,35.16,39.15
212300,5267.5,-242.1,-239.69,43.63,0.18,7.22,29.81,0.42,43.71,39.19
212400,5261.26,-240.9,-238.82,43.57,0.06,7.26,29.93,0.54,41.74,39.3
212500,5264.59,-242.18,-238.9,43.51,-0.1,7.1,29.94,0.55,35.74,39.81
212600,5258.35,-240.98,-238.82,43.43,0.24,7.36,29.64,0.25,33.99,39.19
212700,5263.75,-241.6,-239.61,43.49,0.02,7.36,29.7,0.32,36.83,40.12
212800,5254.6,-240.6,-238.27,43.73,0.04,7.52,29.92,0.53,40.35,39.34
212900,5266.67,-240.85,-239.23,43.39,-0.22,7.28,29.63,0.24,37.41,39.15
213000,5260.43,-241.98,-238.98,43.43,0.02,7.3,29.8,0.41,37.91,39.03
213100,5256.68,-242.1,-238.27,43.55,0.2,7.24,29.34,-0.05,37.37,38.72
213200,5259.59,-241.89,-238.48,43.77,-0.08,7.18,29.96,0.57,39.03,39.38
213300,5267.5,-242.43,-239.23,43.49,-0.18,7.3,29.46,0.07,40.43,39.34
213400,5257.93,-241.56,-238.57,43.65,-0.06,7.24,29.93,0.54,45.86,39.19
213500,5266.67,-239.81,-238.94,43.55,0.34,7.4,29.4,0.01,39.46,39.19
213600,5265,-240.81,-239.07,43.35,-0.02,7.2,29.64,0.26,40.7,39
213700,5259.18,-241.85,-238.52,43.59,0.24,7.38,29.35,-0.03,40.35,39.65
213800,5261.26,-240.77,-238.57,43.59,0.04,7.3,29.68,0.3,35.55,39.69
213900,5266.25,-241.44,-238.77,43.77,0,7.12,29.85,0.46,45.59,39.81
214000,5266.25,-241.06,-239.02,42.69,0.36,7.48,29.66,0.28,38.88,39.34
214100,5260.01,-241.81,-238.27,43.41,0,7.06,29.25,-0.14,46.63,39.19
214200,5255.85,-241.6,-239.07,43.37,0.12,7.1,29.67,0.28,40.12,39.65
214300,5261.68,-242.35,-239.4,43.51,0.08,7.44,29.31,-0.08,39.58,38.84
214400,5263.75,-242.39,-239.27,43.65,0.04,7.06,29.8,0.42,35.39,40
214500,5266.25,-242.23,-238.73,43.75,-0.04,7.46,29.3,-0.09,44.44,39.46
214600,5268.33,-241.39,-238.94,43.49,0.12,7.36,29.57,0.19,35.59,39.46
214700,5267.92,-241.81,-239.15,43.75,-0.16,6.85,29.37,-0.01,38.11,39.73
214800,5260.84,-241.98,-238.73,43.45,-0.1,7.16,29.38,-0.01,48.13,39.19
214900,5258.76,-242.39,-239.61,43.43,0.1,7.44,29.39,0.01,46.86,39.46
215000,5265.42,-242.68,-238.44,43.21,0,7.22,29.79,0.4,40,39.34
215100,5261.68,-242.68,-239.27,43.53,-0.1,7.26,29.31,-0.08,39.23,39.27
215200,5260.01,-242.6,-238.69,43.49,-0.04,7.22,29.46,0.07,39.34,39.88
215300,5259.18,-241.31,-239.77,43.63,0.24,7.62,29.38,-0.01,49.82,39.73
215400,5267.08,-240.48,-238.48,43.55,-0.1,7.44,29.32,-0.07,36.32,39.5
215500,5264.17,-243.27,-239.23,43.47,0.02,7.24,29.34,-0.05,33.92,38.92
215600,5266.25,-243.27,-238.82,43.57,0,7.3,29.26,-0.12,49.28,39.88
215700,5257.93,-241.39,-238.52,43.71,0.1,7.38,29.86,0.47,35.59,39.38
215800,5260.43,-242.77,-238.86,43.89,-0.04,7.36,28.83,-0.55,42.36,39.69
215900,5262.51,-241.52,-238.52,43.61,0.12,7.06,29.3,-0.09,45.55,39.5
216000,5276.24,-241.19,-238.82,43.49,0.04,7.4,29.27,-0.12,34.46,38.72
216100,5257.51,-241.39,-238.23,43.69,-0.06,7.22,29.2,-0.18,38.3,40.16
216200,5258.35,-240.98,-239.69,43.49,-0.02,7.48,28.99,-0.39,39.61,39.15
216300,5263.75,-241.56,-239.02,43.49,-0.14,7.3,29.63,0.24,38.57,39.61
216400,5255.02,-241.64,-238.94,43.53,-0.04,7.22,29.12,-0.27,35.31,39.19
216500,5252.11,-241.69,-238.19,43.93,-0.22,7.22,29.53,0.14,36.4,40.04
216600,5262.92,-243.6,-238.86,43.71,0.28,7.3,29.06,-0.33,39,39.46
216700,5270.41,-241.94,-239.15,43.75,-0.12,7.12,29.18,-0.21,31.86,39.46
216800,5264.17,-243.14,-238.19,43.53,-0.08,7.4,29.3,-0.09,30.76,39.46
216900,5260.43,-240.56,-238.23,43.71,0.04,7.34,29.41,0.02,41.31,39.15
217000,5263.34,-240.6,-238.77,43.61,0.16,7.46,29.05,-0.34,37.52,39.27
217100,5268.75,-241.44,-238.69,43.61,0.16,7.2,29.28,-0.11,44.75,38.84
217200,5260.43,-241.35,-238.61,43.59,-0.02,7.36,29.38,-0.01,29.79,39.46
217300,5260.84,-242.68,-238.73,43.75,-0.04,7.46,29.49,0.11,34.42,38.92
217400,5261.68,-240.31,-239.23,43.57,0.04,7.64,29.25,-0.14,36.83,38.88
217500,5265,-241.31,-239.36,43.47,-0.02,7.02,29.66,0.27,34.97,39.5
217600,5262.51,-241.23,-239.27,43.61,0.08,7.2,29.14,-0.24,41.7,40.04
217700,5262.51,-243.93,-238.82,43.55,0.12,7.1,29.86,0.47,40.04,39.81
217800,5263.34,-241.31,-239.11,43.51,0.02,7.16,29.28,-0.1,44.75,39.27
217900,5266.25,-241.19,-238.69,43.49,-0.1,7.08,29.72,0.33,45.4,38.84
218000,5267.92,-240.94,-238.4,43.57,-0.12,7.22,29.6,0.21,27.84,39.27
218100,5258.76,-243.31,-238.69,43.61,0.1,7.2,29.54,0.15,43.4,40.54
218200,5269.16,-242.27,-238.69,43.49,0.3,7.48,29.67,0.28,36.09,39.15
218300,5256.27,-242.23,-239.23,43.81,-0.2,7.24,29.28,-0.1,37.64,39.88
218400,5270.41,-243.02,-238.77,43.51,0,7.38,29.58,0.19,43.59,39.15
218500,5265.84,-243.06,-238.27,43.95,-0.08,7.2,29.44,0.05,31,39.58
218600,5259.18,-241.77,-239.56,43.53,0.14,7.26,29.44,0.05,30.34,39.42
218700,5259.18,-240.81,-238.98,43.59,-0.04,7.3,29.86,0.48,42.2,39.46
218800,5257.51,-240.98,-239.48,43.43,0,7.3,29.88,0.49,38.26,39.42
218900,5265.84,-241.85,-238.69,43.53,0.14,7.46,29.55,0.16,42.86,39.5
219000,5262.09,-243.1,-238.57,43.65,-0.02,7.06,29.82,0.43,36.98,39.42
219100,5260.43,-241.02,-238.82,43.83,-0.24,7.34,29.43,0.05,34.19,40.16
219200,5254.6,-241.1,-239.15,43.49,-0.02,7.6,29.91,0.52,37.99,39.69
219300,5264.59,-242.73,-238.23,43.57,1.24,7.48,29.57,0.19,38.11,39.65
219400,5267.5,-241.98,-238.73,43.49,0.16,7.24,29.79,0.4,42.16,39.38
219500,5254.6,-242.14,-239.23,43.79,-0.14,7.42,29.53,0.14,41.82,39.58
219600,5255.85,-239.77,-238.77,43.57,0,7.52,30.36,0.98,38.76,39.61
219700,5271.24,-242.68,-238.86,43.63,0.1,7.08,29.31,-0.08,42.9,39.3
219800,5264.59,-241.39,-238.86,43.51,0.08,7.12,29.84,0.45,43.9,39.23
219900,5262.09,-243.06,-238.82,43.65,-0.18,7.36,29.56,0.17,44.75,39.07
220000,5262.09,-240.81,-237.94,43.75,0.02,7.14,29.96,0.57,46.82,39.92
220100,5255.02,-241.64,-238.69,43.83,0.04,7.48,29.45,0.07,40.08,39.46
220200,5268.33,-241.1,-239.07,43.57,-0.04,7.34,29.6,0.21,29.32,39.65
220300,5268.75,-242.18,-239.07,43.67,0.14,7.2,29.72,0.33,41.51,40
220400,5252.94,-240.56,-238.27,43.49,0,7.22,29.72,0.33,32.17,39.65
220500,5268.75,-241.56,-238.77,43.49,0.16,7.38,29.93,0.55,52.88,39.38
220600,5264.17,-241.81,-238.73,43.61,0.04,7.28,29.6,0.21,32.21,39.38
220700,5274.57,-241.85,-239.48,43.55,0.06,7.28,29.76,0.38,31.23,39.3
220800,5265.42,-242.97,-239.4,43.43,-0.12,7.4,29.8,0.41,47.59,39.54
220900,5263.34,-241.94,-238.48,43.67,0.16,7.24,29.73,0.34,34.89,39.3
221000,5260.01,-243.02,-238.69,43.73,0.04,7.38,29.27,-0.12,48.82,39.58
221100,5269.58,-240.11,-238.82,43.47,-0.1,7.52,30.29,0.9,32.71,40.19
221200,5278.32,-242.27,-238.69,43.37,0.3,7.06,29.32,-0.07,33.99,39.07
221300,5267.92,-240.44,-238.73,43.43,0.22,7.2,29.84,0.46,39,39.03
221400,5258.76,-241.98,-239.02,43.81,-0.16,7.22,29.32,-0.07,44.82,38.96
221500,5268.75,-240.4,-238.82,43.53,0.08,7.34,29.8,0.42,34.27,39.54
221600,5267.08,-242.73,-238.9,43.69,0.08,6.89,29.4,0.01,41.35,40.27
221700,5260.84,-242.1,-238.94,43.67,-0.14,7.14,29.57,0.18,30.34,39.58
221800,5268.33,-240.15,-238.61,43.39,0.18,7.64,29.33,-0.06,35.82,39.5
221900,5264.59,-241.06,-238.86,43.73,-0.16,7.36,29.88,0.5,48.55,39.3
222000,5260.01,-241.56,-239.15,43.53,0.12,7.14,29.26,-0.13,36.79,40.04
222100,5265.84,-241.69,-238.52,43.43,0,7.3,29.79,0.4,43.71,39.69
222200,5264.59,-242.18,-239.52,43.63,-0.04,7.28,29.09,-0.3,37.76,39.07
222300,5268.75,-240.35,-238.86,43.45,0.14,7.26,30.04,0.65,43.67,39.42
222400,5260.43,-242.39,-239.44,43.69,0.22,7.26,29.18,-0.21,36.87,39.27
222500,5250.03,-241.98,-238.57,43.55,-0.02,7.32,29.7,0.31,48.01,39.19
222600,5257.51,-240.15,-238.44,43.43,-0.04,7.32,29.41,0.02,36.13,39.69
222700,5267.08,-242.6,-239.4,43.41,0.2,7.3,29.49,0.1,53,39.58
222800,5267.08,-241.35,-238.69,43.57,-0.06,7.32,29.2,-0.19,41.58,39.81
222900,5271.24,-240.4,-238.98,43.65,-0.08,7.12,29.4,0.01,44.01,39.11
223000,5261.26,-242.23,-238.9,43.33,0,7.12,28.99,-0.4,38.49,39.92
223100,5263.34,-241.02,-239.02,43.53,0.02,7.3,29.41,0.03,35.59,39.34
223200,5265.84,-242.68,-239.19,43.53,0.32,7.16,29.22,-0.16,40.77,39.96
223300,5266.67,-242.06,-239.02,43.31,-0.16,7.02,29.11,-0.28,29.79,39.19
223400,5267.92,-242.14,-239.02,43.55,-0.02,7.22,29.26,-0.12,41.04,39.58
223500,5267.5,-242.89,-238.82,43.63,0.26,7.22,29.24,-0.15,44.75,39.85
223600,5262.92,-240.6,-238.82,43.49,0.02,7.2,29.18,-0.2,41.43,40.19
223700,5264.17,-242.48,-239.69,43.47,0.24,7.34,29.34,-0.05,41.04,39.73
223800,5262.92,-242.6,-239.07,43.65,-0.02,7.12,29.3,-0.09,35.51,39.38
223900,5266.25,-242.18,-239.02,43.55,-0.14,7.58,29.07,-0.32,39.85,39.23
224000,5264.17,-243.35,-238.77,43.89,0.2,7.74,29.57,0.19,45.13,39.5
224100,5260.43,-240.31,-238.9,43.49,-0.06,7.3,29.14,-0.24,39,38.92
224200,5265,-241.89,-238.94,43.09,-0.04,7.12,29.26,-0.13,43.97,39.96
224300,5272.49,-241.39,-238.94,43.75,0.14,7.14,29.36,-0.03,39.61,39.46
224400,5266.67,-241.44,-238.77,43.53,-0.14,7.1,29.53,0.15,34.81,39.5
224500,5268.33,-241.02,-238.82,43.71,0.26,7.34,29.19,-0.2,43.47,39.46
224600,5272.08,-242.35,-239.19,43.55,0.16,7.22,29.26,-0.13,42.01,39.69
224700,5265.42,-241.98,-238.4,43.49,0.14,7.24,29.08,-0.31,35.78,39.73
224800,5265,-241.94,-238.9,43.41,-0.06,7.64,29.45,0.06,36.36,39.85
224900,5270.83,-241.56,-238.94,43.83,0.28,7.28,29.34,-0.05,37.68,39.38
225000,5266.67,-242.39,-238.73,43.35,-0.02,7.32,29.21,-0.18,39.42,39.88
225100,5268.75,-241.98,-239.77,43.49,-0.1,7.52,29.18,-0.2,35.51,39.5
225200,5268.75,-242.18,-238.61,43.57,0.18,7.46,29.46,0.07,30.26,39.42
225300,5266.67,-241.35,-238.65,43.53,0.18,7.32,29.03,-0.36,38.11,40.27
225400,5267.08,-239.65,-239.07,43.67,0.1,7.38,29.58,0.19,38.45,38.88
225500,5258.76,-243.22,-238.86,43.55,-0.06,7.1,29.01,-0.38,39.07,39.61
225600,5266.67,-242.43,-239.02,43.41,-0.06,7.56,29.12,-0.26,37.21,39.65
225700,5268.75,-241.64,-238.94,43.51,0.02,7.5,29.08,-0.31,40.73,39.46
225800,5264.17,-242.23,-239.02,43.53,-0.02,7.44,29.35,-0.04,42.36,40.12
225900,5264.17,-243.31,-238.11,43.67,0.06,7.18,29.17,-0.22,38.3,38.72
226000,5263.34,-241.35,-238.98,43.59,-0.38,7.22,29.2,-0.18,36.25,40.08
226100,5270.41,-242.35,-239.23,43.67,0.06,7.46,29.12,-0.26,40.23,40.19
226200,5259.59,-241.69,-238.9,43.79,0.24,7.14,29.53,0.14,42.05,39.38
226300,5266.67,-240.44,-238.77,43.31,-0.1,7.22,29.14,-0.25,48.36,39
226400,5267.08,-241.81,-238.65,43.71,0.1,7.52,29.41,0.03,37.37,39.73
226500,5257.93,-241.89,-239.19,43.39,-0.12,7.32,29.28,-0.1,40,39.88
226600,5268.75,-242.89,-238.98,43.67,0.02,7.2,29.26,-0.12,35.94,39.54
226700,5270.83,-241.77,-239.02,43.61,-0.02,7.24,29.19,-0.2,44.63,39.58
226800,5263.34,-241.06,-239.02,43.57,-0.04,7.42,29.37,-0.01,45.36,39.65
226900,5276.24,-241.98,-238.61,43.67,0.06,7.08,29.29,-0.1,35.94,39.61
227000,5265.42,-242.52,-238.9,43.49,0.14,7.38,29.39,0.01,40,39.5
227100,5269.58,-241.77,-238.82,43.61,-0.06,7.34,29.38,-0.01,36.71,39.58
227200,5257.93,-241.6,-239.4,43.71,-0.02,7.34,29.57,0.18,40,39.38
227300,5270.41,-241.98,-239.02,43.51,0.08,7.24,29.05,-0.34,44.28,40.43
227400,5260.84,-240.9,-238.61,43.47,0,7.28,29.51,0.13,45.09,40.77
227500,5272.08,-241.73,-238.77,43.31,-0.04,7.2,29.33,-0.06,45.44,39.61
227600,5266.67,-241.52,-239.31,43.75,-0.04,7.36,29.41,0.03,47.48,39.07
227700,5271.66,-242.18,-238.98,43.61,-0.08,7.38,29.17,-0.22,39.34,40.27
227800,5261.68,-241.6,-239.27,43.65,-0.12,7.06,29.63,0.24,44.51,39.65
227900,5268.75,-242.06,-239.11,43.85,-0.06,7.16,29.46,0.07,35.7,38.92
228000,5263.75,-241.35,-239.07,43.71,0,7.2,29.32,-0.07,45.4,40.08
228100,5255.85,-242.64,-238.69,43.49,-0.02,7.3,29.24,-0.15,36.79,39.42
228200,5258.76,-242.31,-238.82,43.77,0.06,7.32,29.53,0.14,35.74,39.46
228300,5265.84,-241.94,-239.15,43.55,0.06,7,29.27,-0.12,41.47,39.3
228400,5263.75,-241.81,-238.94,43.69,-0.02,7.4,29.51,0.13,32.83,39.73
228500,5265.42,-240.65,-239.23,43.57,0.04,7.22,29.37,-0.01,41.66,39.58
228600,5266.25,-242.14,-238.77,43.53,0.06,7.44,29.28,-0.1,44.13,39.03
228700,5274.16,-242.02,-238.61,43.49,0.32,7.22,29.24,-0.14,59.15,39.42
228800,5268.33,-241.94,-238.82,43.61,0.06,7.28,29.25,-0.14,34.65,39.58
228900,5263.34,-242.1,-239.11,43.47,0.02,7.22,29.39,0.01,39.34,39.65
229000,5272.49,-240.94,-239.07,43.73,0.12,7.38,29.45,0.07,39.15,39.5
229100,5267.5,-242.48,-239.31,43.67,-0.06,7.42,29.19,-0.2,49.4,39.96
229200,5265.42,-241.35,-239.02,43.47,0.12,7.16,29.33,-0.06,41.7,39.3
229300,5259.18,-242.27,-239.4,43.55,-0.1,7.32,29.41,0.02,40.97,39.61
229400,5268.75,-240.6,-238.69,43.63,-0.02,7.28,29.46,0.07,33.14,39.65
229500,5264.59,-241.39,-238.86,43.57,0,7.26,29.27,-0.12,47.09,39.46
229600,5264.17,-241.64,-239.27,43.79,-0.02,7.48,29.41,0.02,36.87,39.27
229700,5272.91,-241.48,-239.11,43.45,0,7.28,29.32,-0.07,32.56,38.88
229800,5269.58,-241.85,-239.15,43.51,0.04,7.38,29.35,-0.03,44.09,39.15
229900,5271.66,-241.6,-239.07,43.71,-0.08,6.93,29.24,-0.15,40.35,40.16
230000,5263.75,-242.1,-239.07,43.65,0.08,7.3,29.53,0.14,38.92,39.46
230100,5263.34,-241.98,-239.36,43.47,-0.04,7.1,29.15,-0.24,36.28,39.85
230200,5267.08,-242.35,-239.02,43.57,-0.04,7.28,29.39,0,35.82,39.3
230300,5266.25,-242.52,-238.82,43.63,0.02,7.14,29.29,-0.1,42.86,40
230400,5262.51,-242.73,-239.11,43.79,-0.04,7.34,29.45,0.06,39.42,39.92
230500,5267.5,-241.48,-239.27,43.61,0.06,7.32,29.49,0.1,39.23,39.73
230600,5262.09,-242.81,-239.36,43.87,0.02,7.28,29.31,-0.08,46.9,39.69
230700,5273.32,-241.44,-239.11,43.63,0.3,7.42,29.32,-0.07,44.24,39.15
230800,5272.08,-241.27,-239.11,43.65,-0.06,7.2,29.4,0.01,36.48,40.08
230900,5272.49,-241.85,-239.31,43.55,-0.18,7.26,29.22,-0.17,40.97,39.3
231000,5275.4,-240.94,-239.02,43.65,0.2,7.2,29.69,0.3,38.92,39.5
231100,5263.34,-242.27,-239.27,43.53,-0.04,7.36,29.26,-0.12,37.72,39.3
231200,5272.49,-242.02,-239.52,43.59,-0.14,7.24,29.54,0.15,33.49,39.81
231300,5270.41,-241.94,-238.9,43.49,0.16,7.4,29.12,-0.26,35.86,39.03
231400,5275.4,-241.39,-239.31,43.63,-0.1,7.2,29.16,-0.23,32.4,39.77
231500,5273.32,-242.18,-238.98,43.59,0.12,7.56,29.34,-0.05,35.82,39.77
231600,5276.65,-240.98,-239.52,43.57,0.16,7.44,29.51,0.13,46.09,39.42
231700,5265.84,-243.02,-239.36,43.85,-0.02,7.32,29.32,-0.07,42.97,39.46
231800,5268.75,-242.64,-239.52,43.45,-0.04,7.06,29.5,0.11,40.93,39.5
231900,5278.32,-241.6,-239.23,43.63,-0.12,7.06,29.41,0.03,40.81,39.88
232000,5268.75,-242.18,-238.98,43.59,0.08,7.46,29.23,-0.16,37.68,40.08
232100,5268.33,-242.39,-238.9,43.53,0,7.4,29.67,0.28,43.94,39.81
232200,5265.42,-241.48,-239.07,43.65,0.14,7.18,29.43,0.04,34.15,39.27
232300,5270.41,-242.6,-239.23,43.55,0.02,7.44,29.3,-0.09,37.02,39.42
232400,5267.92,-241.77,-238.82,43.59,-0.2,7.58,29.37,-0.01,41.93,39.61
232500,5267.08,-242.48,-239.19,43.49,0.1,7.32,29.53,0.14,44.28,40.12
232600,5268.33,-241.85,-239.15,43.65,-0.06,7.3,29.38,-0.01,37.72,39.88
232700,5264.17,-241.98,-239.31,43.75,0.16,7.6,29.61,0.22,42.12,39.58
232800,5276.24,-242.23,-239.07,43.35,0.1,7.3,29.28,-0.1,45.28,39.11
232900,5267.5,-241.94,-239.19,43.79,0.12,7.28,29.38,-0.01,39.46,39.96
233000,5275.4,-241.02,-239.19,43.43,-0.02,7.24,29.06,-0.32,43.01,39.3
233100,5267.5,-241.56,-238.94,43.77,-0.12,7.46,29.51,0.13,34.97,39.27
233200,5264.17,-240.65,-239.02,43.53,0.02,7.22,29.58,0.19,40.81,39.77
233300,5271.24,-242.81,-239.4,43.63,0.16,7.36,29.69,0.3,40.43,39.61
233400,5272.08,-242.18,-238.86,43.35,-0.1,7.5,29.46,0.07,37.1,39.69
233500,5266.25,-240.44,-239.15,43.79,0.4,7.3,29.62,0.23,39.54,39.96
233600,5270.83,-242.81,-238.94,43.65,0.1,7.28,29.01,-0.38,37.95,39.46
233700,5270.83,-242.31,-238.94,43.45,0,6.95,29.99,0.6,35.24,39.61
233800,5261.68,-242.1,-239.07,43.49,-0.02,7.22,29.4,0.01,36.56,39.5
233900,5271.24,-241.6,-238.9,43.49,-0.08,7.42,29.85,0.46,47.01,39.27
234000,5270.83,-241.64,-239.11,43.69,0.22,7.34,29.31,-0.08,46.94,40.04
234100,5267.92,-242.1,-239.11,43.51,0.02,7.52,29.86,0.47,35.08,39.54
234200,5271.66,-241.77,-239.4,43.65,-0.14,7.34,29.23,-0.16,40.27,40
234300,5272.08,-241.94,-239.07,43.63,0.12,7.44,30.14,0.75,47.82,39.69
234400,5268.75,-241.52,-238.86,43.87,0.14,7.36,29.36,-0.03,45.9,39.61
234500,5277.07,-242.68,-238.9,43.67,0.26,7.16,29.63,0.24,41.62,40
234600,5273.32,-241.6,-239.31,43.47,0.02,7.14,29.33,-0.06,47.82,39.34
234700,5269.58,-242.1,-238.94,43.47,0.12,7.4,29.83,0.44,44.82,40.46
234800,5273.32,-241.77,-238.9,43.57,0,7.32,29.66,0.27,40.85,39.38
234900,5272.49,-241.48,-239.19,43.31,-0.04,7.22,30.05,0.66,50.81,40.08
235000,5267.92,-241.77,-239.4,43.45,0,7.34,29.39,0.01,34.62,39.65
235100,5271.24,-241.73,-239.23,43.57,0.08,7.4,29.71,0.32,51.35,40.27
235200,5274.57,-242.23,-238.73,43.61,-0.08,7.12,29.58,0.19,35.28,40.19
235300,5264.17,-240.9,-239.15,43.53,-0.1,7.44,30.23,0.84,41.04,39.15
235400,5266.25,-241.56,-238.77,43.79,0.1,7.56,29.42,0.03,44.24,39.58
235500,5270.41,-242.23,-238.94,43.71,0.3,7.32,30.05,0.67,39.65,39.85
235600,5267.92,-241.94,-238.73,43.43,0.02,7.42,29.56,0.17,40.23,39.38
235700,5268.33,-240.69,-239.31,43.53,-0.08,7.26,29.73,0.34,49.32,40
235800,5265.42,-242.02,-239.36,43.65,0.28,7.4,29.83,0.44,33.96,39.42
235900,5265.84,-243.27,-238.61,43.85,0.26,7.3,29.66,0.27,41.74,39.85
236000,5267.92,-241.98,-238.65,43.61,-0.12,7.44,29.71,0.32,37.68,39.15
236100,5273.74,-241.48,-239.19,43.61,0.2,7.2,29.46,0.07,41.01,39.73
236200,5273.32,-241.98,-238.86,43.33,0.1,7.4,29.86,0.47,41.78,39.88
236300,5265.84,-241.48,-239.02,43.71,0.16,7.26,29.59,0.21,40.5,39.54
236400,5271.66,-240.81,-239.56,43.87,0.26,7.1,29.64,0.25,47.05,39.3
236500,5278.32,-242.6,-238.98,43.45,0.2,7.54,29.52,0.13,49.2,39.96
236600,5282.48,-241.85,-239.02,43.51,0.02,7.48,30.04,0.65,44.59,40.16
236700,5272.08,-242.39,-238.82,43.49,0,7.3,29.46,0.07,31.74,39.85
236800,5272.49,-242.1,-239.31,43.79,0.34,7.12,29.41,0.02,45.78,39.54
236900,5270.83,-241.48,-238.86,43.67,-0.12,7.3,29.51,0.13,34.81,39.85
237000,5269.58,-242.35,-238.94,43.73,-0.04,7.46,29.69,0.3,33.96,39.65
237100,5272.08,-242.06,-238.94,43.45,-0.14,7.28,29.3,-0.09,37.76,39.65
237200,5273.32,-241.27,-239.11,43.65,0.2,7.2,29.73,0.34,32.6,40.19
237300,5273.32,-241.44,-239.27,43.47,-0.06,7.56,29.51,0.13,40.85,39.85
237400,5270.83,-242.68,-239.11,43.49,-0.24,7.24,29.71,0.32,42.12,39.65
237500,5272.49,-241.73,-238.73,43.83,0.14,7.24,29.81,0.42,35.47,39.38
237600,5276.65,-241.31,-239.4,43.51,-0.1,7.22,29.79,0.4,46.44,39.65
237700,5279.15,-242.1,-238.69,43.77,0.02,7.34,29.54,0.15,43.51,39.81
237800,5265,-241.23,-238.94,43.53,0.28,7.32,30.02,0.63,45.48,39.61
237900,5265.42,-241.69,-238.57,43.65,0.08,7.3,29.55,0.16,31.78,39.34
238000,5274.99,-242.02,-239.56,43.39,0.04,7.36,29.58,0.19,36.71,39.77
238100,5265,-241.64,-238.86,43.55,0.26,7.28,29.51,0.13,39.15,39.5
238200,5276.24,-241.44,-239.73,43.49,0.1,7.16,29.7,0.31,31.12,40.19
238300,5271.24,-240.9,-239.23,43.41,-0.16,7.64,29.39,0.01,37.18,39.46
238400,5265.42,-242.14,-238.77,43.81,0,7.24,29.84,0.45,30.61,39.81
238500,5269.16,-241.98,-239.11,43.45,-0.02,7.32,29.36,-0.03,32.17,40.08
238600,5270,-242.14,-238.52,43.51,0.12,7.08,29.54,0.15,42.63,39.54
238700,5269.58,-241.35,-238.9,43.71,-0.14,7,29.97,0.58,39.5,39.69
238800,5274.57,-241.19,-239.31,43.45,0.06,7.48,29.62,0.23,37.76,39.27
238900,5276.24,-242.14,-239.02,43.75,0.06,6.98,29.74,0.36,39.92,40.35
239000,5265.84,-242.31,-238.77,43.71,0.24,7.22,29.6,0.21,39.46,39.23
239100,5272.49,-242.18,-239.44,43.51,-0.14,7.4,29.41,0.02,38.11,39.61
239200,5273.32,-241.85,-239.11,43.73,-0.12,7.3,29.85,0.46,39.42,40.43
239300,5279.56,-240.85,-238.73,43.67,0.06,7.14,29.66,0.27,37.14,39.61
239400,5271.66,-240.98,-238.73,43.99,-0.22,7.28,29.83,0.44,40.12,39.77
239500,5273.32,-243.22,-239.44,43.33,-0.02,7.22,29.35,-0.04,44.71,40.08
239600,5270.83,-242.06,-239.07,43.85,0,7.38,29.84,0.46,36.01,39.15
239700,5277.07,-241.31,-239.02,43.37,0,7.18,29.31,-0.08,37.37,39.61
239800,5267.92,-243.27,-239.69,43.69,0.22,8.72,29.66,0.27,40.89,40
239900,5272.49,-241.81,-239.07,43.79,-0.16,7.48,29.41,0.03,30.26,40.27
240000,5273.74,-241.27,-238.86,43.51,0.12,7.28,29.68,0.3,42.12,40.19
240100,5269.16,-242.1,-239.02,43.49,0.02,7.22,29.48,0.09,35.04,39.92
240200,5270.41,-241.85,-239.11,43.55,0.06,7.54,29.38,-0.01,44.55,39.34
240300,5270.83,-242.14,-239.31,43.41,0,7.34,29.73,0.34,42.9,39.54
240400,5274.99,-241.52,-238.52,43.59,0.08,7.44,29.45,0.06,42.12,39.88
240500,5271.24,-241.64,-238.61,43.59,-0.08,7.2,29.72,0.33,32.71,40
240600,5271.66,-242.02,-239.15,43.65,-0.12,7.3,29.96,0.57,34.54,39.96
240700,5269.58,-241.81,-238.86,43.43,-0.04,7.08,29.55,0.16,42.01,40
240800,5272.49,-242.1,-238.86,43.39,-0.16,6.89,29.24,-0.14,41.89,39.61
240900,5271.24,-241.48,-238.77,43.53,-0.02,7.24,29.44,0.05,44.48,40.12
241000,5272.91,-241.06,-238.52,43.65,-0.04,7.52,29.76,0.37,43.86,39.77
241100,5276.24,-240.69,-239.4,43.39,0.04,7.18,29.46,0.07,35.97,39.65
241200,5270.83,-241.56,-238.82,43.55,-0.14,7.26,29.58,0.19,37.99,39.58
241300,5266.67,-242.14,-239.02,43.45,0.02,7.04,29.49,0.1,30.61,40.04
241400,5271.24,-240.65,-239.61,43.41,0.1,7.5,29.49,0.11,34.73,39.65
241500,5274.99,-241.89,-239.4,43.49,-0.08,7.28,29.54,0.15,38.84,39.65
241600,5271.24,-240.31,-239.11,43.47,0.4,7.3,29.58,0.19,40.62,39.69
241700,5267.92,-242.93,-239.69,43.45,0.06,7.3,29.22,-0.16,37.95,39.69
241800,5277.9,-241.56,-239.19,43.35,-0.08,7.22,29.53,0.14,35.51,39.15
241900,5270.83,-242.6,-239.23,43.59,0.02,7.12,29.26,-0.12,37.52,40.16
242000,5267.92,-241.44,-239.4,43.63,0.2,7.58,29.63,0.24,41.12,40.39
242100,5271.24,-243.56,-238.9,43.75,0.06,7.3,29.44,0.05,35.2,39.69
242200,5280.81,-242.64,-239.19,43.49,0.08,7.18,29.49,0.11,38.3,39.81
242300,5272.08,-243.56,-239.15,43.71,0.04,7.02,29.28,-0.1,35.43,39.65
242400,5275.82,-242.23,-238.94,43.61,0.4,7,29.35,-0.03,36.4,40.04
242500,5269.58,-240.69,-238.98,43.63,-0.16,7.44,29.72,0.34,38.88,39.85
242600,5279.98,-241.39,-239.23,43.73,-0.12,7.32,29.61,0.22,39.85,40.54
242700,5271.24,-239.86,-238.9,43.55,0,7.18,29.68,0.29,36.67,39.65
242800,5272.91,-241.81,-239.4,43.73,-0.12,7.34,29.5,0.11,48.32,40.27
242900,5261.26,-241.81,-239.02,43.45,0,7.34,29.63,0.24,43.78,40.5
243000,5281.23,-241.98,-238.69,43.39,0.24,7.22,29.67,0.28,36.83,39.88
243100,5272.08,-243.35,-238.57,43.69,-0.08,7.34,29.64,0.26,41.35,39.61
243200,5275.82,-241.27,-239.23,43.41,0.26,7.06,29.72,0.34,38.26,40.19
243300,5265.84,-241.85,-239.19,43.69,-0.06,7.44,29.16,-0.23,42.47,40
243400,5282.89,-242.06,-238.98,43.49,0.22,7.26,29.76,0.38,33.14,40
243500,5270,-241.19,-239.36,43.91,0,7.28,29.43,0.05,49.43,40.12
243600,5270,-240.44,-239.19,43.55,0.22,7.1,29.72,0.33,35.74,39.73
243700,5280.4,-243.27,-238.69,43.69,-0.04,7.36,29.03,-0.36,43.09,39.5
243800,5275.82,-240.56,-238.77,43.43,0.34,6.96,29.44,0.05,37.45,40
243900,5269.58,-240.6,-239.27,43.83,-0.06,7.14,29.3,-0.09,33.22,39.85
244000,5266.25,-240.27,-239.15,43.67,-0.14,7.16,29.67,0.28,40.19,39.42
244100,5266.25,-240.02,-239.73,43.63,0.04,7.1,29.48,0.09,38.42,40.19
244200,5277.07,-241.89,-238.82,43.35,0.18,7.24,29.73,0.34,33.37,40.46
244300,5272.91,-239.81,-239.36,43.47,0.32,7.08,29.13,-0.26,38.03,40.08
244400,5271.24,-241.73,-238.69,43.47,-0.18,7.42,29.7,0.32,44.78,39.65
244500,5275.82,-243.14,-239.19,43.73,-0.12,7.46,29.34,-0.05,37.64,40.16
244600,5269.58,-242.52,-239.23,43.47,-0.06,7.46,29.94,0.55,45.28,38.96
244700,5266.67,-241.52,-238.69,43.51,0.08,7.54,29.48,0.09,30.45,39.88
244800,5271.24,-242.81,-238.27,43.63,-0.26,7.5,29.51,0.13,41.31,39.3
244900,5272.91,-242.14,-238.15,43.57,0.04,7.4,29.55,0.16,39.54,40.19
245000,5266.25,-241.14,-239.36,43.45,0,7.34,29.97,0.59,37.87,39.73
245100,5262.51,-240.06,-238.65,43.69,0.12,7,29.17,-0.22,28.03,39.77
245200,5267.08,-242.73,-238.61,43.49,-0.06,7.38,29.66,0.27,36.87,40.23
245300,5271.24,-241.27,-238.82,43.61,-0.06,7.5,29.26,-0.12,40.66,39.81
245400,5268.75,-242.43,-238.36,43.39,-0.04,7.28,29.66,0.27,47.82,40.19
245500,5280.81,-242.81,-238.69,43.83,0.06,7.28,29.14,-0.25,42.66,39.65
245600,5269.16,-240.81,-238.73,43.51,0.18,7.32,29.41,0.03,36.01,39.65
245700,5274.57,-243.52,-238.9,43.39,-0.06,7.24,29.12,-0.26,41.78,40
245800,5279.98,-241.85,-239.65,43.87,-0.22,7.34,29.46,0.07,37.99,40
245900,5265.42,-243.14,-238.57,43.41,-0.04,7.42,29.52,0.13,33.76,39.77
246000,5265,-240.65,-239.27,43.49,0.24,7,29.53,0.15,38.22,39.34
246100,5274.16,-240.48,-239.36,43.55,0.32,7.06,29.12,-0.27,46.36,40.85
246200,5262.92,-241.56,-238.65,43.35,-0.22,7.44,29.59,0.21,41.78,39.77
246300,5282.48,-243.22,-239.9,43.85,-0.02,7.08,29.65,0.26,38.18,40.19
246400,5268.33,-241.31,-238.98,43.37,0.42,7.82,29.59,0.21,35.94,39.27
246500,5267.5,-241.39,-239.07,43.51,-0.02,7.34,29.54,0.15,39.38,39.69
246600,5270,-240.98,-239.36,43.49,0.18,7,28.97,-0.41,34.73,39.85
246700,5268.75,-240.44,-238.32,43.59,0.3,7.2,29.57,0.19,41.78,39.96
246800,5278.32,-242.18,-239.69,43.99,-0.14,7.24,29.27,-0.12,42.12,40.58
246900,5273.32,-240.4,-238.86,43.71,0.26,6.98,28.95,-0.44,36.32,39.5
247000,5268.33,-240.65,-238.57,43.39,0.32,7.64,29.34,-0.05,29.56,39.42
247100,5276.24,-239.86,-239.07,43.49,-0.04,7.34,29.61,0.22,35.39,39.77
247200,5277.48,-241.94,-239.73,43.73,0.12,7.4,29.37,-0.01,42.47,40.35
247300,5279.98,-241.85,-239.52,43.61,0.06,7.08,29.59,0.2,38.69,39.85
247400,5277.07,-241.81,-238.9,43.51,0.04,7.62,29.37,-0.02,33.14,40.43
247500,5275.82,-242.48,-239.31,43.43,0.28,7.44,29.2,-0.18,34.62,39.85
247600,5279.56,-242.73,-239.19,43.39,0.2,7.56,29.46,0.07,42.82,40.23
247700,5277.9,-240.52,-239.19,43.49,0.02,7.04,29.25,-0.14,45.32,39.27
247800,5275.82,-241.85,-238.9,43.55,0.2,7.5,29.36,-0.03,44.24,39.85
247900,5277.48,-242.18,-239.44,43.81,-0.06,7.08,29.37,-0.02,35,39.85
248000,5283.31,-242.18,-239.94,43.61,0.16,7.3,29.05,-0.34,46.98,40.27
248100,5279.15,-240.6,-239.15,43.69,-0.06,7.32,29.42,0.03,33.02,39.69
248200,5273.74,-241.64,-238.48,43.41,0.26,7.54,29.13,-0.26,44.75,39.73
248300,5272.49,-240.9,-239.31,43.67,-0.2,7.14,29.27,-0.12,31.74,39.38
248400,5274.99,-242.02,-239.44,43.75,0.04,7.42,28.88,-0.51,35.47,40.16
248500,5273.32,-240.19,-239.07,43.51,0.22,7.42,29.43,0.05,41.66,39.46
248600,5275.4,-240.98,-238.9,43.73,0.12,7.22,29.06,-0.32,45.28,40.27
248700,5274.57,-239.94,-239.02,43.53,-0.02,7.3,29.26,-0.12,44.28,39.34
248800,5276.65,-241.6,-238.32,43.41,0.26,7.2,29.16,-0.23,42.39,40.16
248900,5269.16,-242.23,-239.11,43.71,-0.06,7.3,29.71,0.32,42.74,39.92
249000,5277.07,-239.19,-239.44,43.55,0.08,7.08,28.99,-0.4,43.97,39.54
249100,5278.32,-243.47,-239.19,43.45,0.2,7.7,29.43,0.04,42.16,40.46
249200,5272.91,-242.6,-238.82,43.69,-0.08,7.34,29.42,0.03,36.25,39.88
249300,5277.07,-239.86,-238.9,43.35,0.08,7.22,29.26,-0.12,40.43,39.85
249400,5267.08,-241.02,-239.36,43.69,-0.18,7,29.14,-0.24,31.35,40.04
249500,5275.82,-241.14,-239.27,43.51,-0.14,7,29.24,-0.15,35.04,39.65
249600,5268.33,-242.31,-239.11,43.87,-0.08,7.4,29.49,0.1,39.88,39.46
249700,5270.41,-243.47,-239.07,43.53,0.04,7.46,29.34,-0.05,38.57,40.23
249800,5274.99,-240.56,-239.11,43.47,-0.02,6.89,29.06,-0.32,38.18,40
249900,5271.24,-241.35,-238.69,43.43,-0.06,7.48,29.32,-0.07,38.11,39.92
250000,5275.4,-241.27,-239.98,43.87,0.26,7.32,29.21,-0.18,41.62,40.19
250100,5270,-239.11,-239.11,43.43,-0.12,7.08,29.55,0.16,37.64,39.69
250200,5271.24,-240.85,-239.07,43.59,0.3,7.32,29.22,-0.16,39.15,39.77
250300,5275.82,-242.52,-239.02,43.83,0,7.28,29.72,0.34,37.33,39.85
250400,5282.89,-243.64,-239.15,43.65,0.02,7.24,29.11,-0.28,36.13,39.92
250500,5277.9,-244.22,-238.9,43.75,0.04,7.42,29.34,-0.05,45.17,39.92
250600,5265,-241.81,-239.07,43.43,-0.08,7.38,29.18,-0.2,32.75,39.85
250700,5265.42,-242.93,-239.11,43.81,0.08,7.18,29.34,-0.05,47.05,39.61
250800,5282.06,-243.39,-239.31,43.49,0,7.48,29.26,-0.12,36.56,40.5
250900,5281.64,-241.1,-239.31,43.61,-0.08,6.98,29.61,0.22,42.32,39.61
251000,5272.91,-242.14,-239.27,43.53,0.14,7.24,29.21,-0.18,37.72,40.19
251100,5272.49,-240.06,-239.23,43.65,-0.02,6.96,29.45,0.06,41.97,39.81
251200,5278.32,-241.27,-239.61,43.45,0.04,7.5,29.55,0.16,34.03,40.27
251300,5268.33,-240.9,-239.77,43.65,-0.12,7.5,29.72,0.34,36.36,40.35
251400,5276.24,-243.72,-238.69,43.43,0.16,7.46,29.19,-0.2,42.01,39.92
251500,5279.56,-243.93,-238.98,43.75,0.3,7.42,29.43,0.05,49.09,40.16
251600,5269.58,-241.39,-238.86,43.57,0.14,7.1,29.64,0.26,40.16,40.12
251700,5271.24,-240.06,-239.44,43.61,0,7.18,29.43,0.05,30.96,39.85
251800,5269.16,-241.35,-239.73,43.43,0.06,7.18,29.3,-0.09,39.88,39.85
251900,5282.89,-242.73,-238.94,43.33,-0.04,7.3,29.35,-0.04,34.19,39.81
252000,5277.07,-243.85,-238.73,43.65,0.06,7.18,29.31,-0.08,52.19,39.46
252100,5287.88,-243.27,-239.27,43.43,-0.02,7.62,29.63,0.24,32.09,39.88
252200,5284.97,-242.52,-238.94,43.53,0.12,7.48,29.43,0.05,44.32,39.96
252300,5281.64,-241.23,-239.19,43.53,0.04,7.42,29.54,0.15,31.74,40.43
252400,5274.99,-240.02,-238.82,43.71,0.28,7.32,29.43,0.05,45.51,39.61
252500,5282.06,-242.02,-238.44,43.53,0.08,7.2,29.3,-0.09,34.5,40.27
252600,5277.9,-241.69,-239.81,43.61,0.04,7.32,29.66,0.28,55.22,39.5
252700,5278.73,-241.23,-239.73,43.51,0.02,7.4,29.3,-0.09,21.72,40.16
252800,5279.98,-241.23,-239.65,43.83,0.06,7.12,29.54,0.15,46.36,39.85
252900,5281.23,-243.31,-238.82,43.41,0.12,7.28,29.32,-0.07,39.61,40
253000,5286.64,-242.14,-239.31,43.69,0,7.42,29.47,0.08,45.55,40.43
253100,5283.72,-242.56,-238.98,43.51,0.12,7.32,29.4,0.01,41.16,39.46
253200,5274.57,-242.43,-239.31,43.35,-0.22,7.22,29.37,-0.01,46.55,40.58
253300,5280.4,-242.23,-239.52,43.43,0.1,7.88,29.26,-0.12,35.94,40.46
253400,5276.24,-240.56,-239.94,43.55,0.1,7.5,29.29,-0.1,48.32,40.04
253500,5268.75,-240.35,-239.56,43.49,-0.06,7.62,29.52,0.13,33.88,39.69
253600,5274.16,-241.89,-239.23,43.61,0,7.46,29.55,0.17,36.32,40.23
253700,5276.65,-242.64,-238.48,43.43,-0.16,7.14,29.41,0.02,42.86,39.46
253800,5278.73,-241.64,-239.23,43.53,0.06,7.56,29.37,-0.01,34.46,40.08
253900,5272.08,-240.19,-238.44,43.41,0,6.93,29.14,-0.25,48.4,39.38
254000,5270.41,-239.07,-238.86,43.41,-0.1,7.42,29.43,0.04,40.5,40.43
254100,5278.32,-242.18,-239.07,43.61,0,7.2,29.66,0.27,45.28,40.27
254200,5273.74,-240.23,-239.81,43.77,0.26,7.64,29.26,-0.12,37.8,39.46
254300,5283.72,-243.35,-238.82,43.45,-0.14,7.18,29.58,0.19,33.3,40.19
254400,5273.74,-241.81,-239.86,43.63,0.28,7.5,29.41,0.03,46.86,39.88
254500,5287.05,-241.48,-239.02,43.61,-0.1,7.2,29.2,-0.19,40.81,39.96
254600,5279.15,-242.97,-239.52,43.73,0.36,7.5,29.57,0.19,36.48,39.96
254700,5277.48,-241.1,-239.52,43.77,0.06,7.32,29.64,0.25,37.56,40.46
254800,5275.82,-241.06,-239.48,43.55,0.14,7.4,29.76,0.37,33.06,40.39
254900,5280.81,-242.02,-239.11,43.41,0.04,7.22,29.5,0.11,36.09,40.5
255000,5272.49,-242.23,-239.11,43.55,0.02,7.22,29.68,0.29,40.04,39.54
255100,5277.9,-241.52,-238.65,43.83,0.08,7.3,29.37,-0.01,34.27,40
255200,5285.39,-242.48,-239.15,43.65,0,7.1,29.72,0.34,38.03,39.92
255300,5283.72,-241.48,-239.07,43.57,0.08,7.28,29.43,0.04,44.63,40.58
255400,5282.89,-241.98,-239.19,43.77,-0.1,7.36,29.64,0.26,30.88,40.04
255500,5274.99,-241.1,-239.31,43.27,0.08,6.87,29.43,0.04,45.78,39.77
255600,5278.73,-242.14,-239.44,43.77,-0.02,7.54,29.55,0.16,43.67,40.31
255700,5282.89,-242.52,-239.15,43.57,-0.04,7.14,29.72,0.34,42.39,40.35
255800,5276.65,-240.81,-239.02,43.55,-0.04,7.12,29.73,0.34,33.84,40.39
255900,5270.83,-243.89,-239.36,43.45,0,7.56,29.46,0.07,34.54,40.04
256000,5277.9,-241.02,-239.02,43.47,-0.02,7.1,29.74,0.36,43.01,40.54
256100,5279.15,-241.69,-239.44,43.53,0.02,7.18,29.39,0.01,35,40
256200,5282.89,-241.73,-239.07,43.41,0.26,7,29.79,0.4,42.66,39.54
256300,5281.23,-241.1,-239.02,43.43,0.2,7.34,29.47,0.09,35.7,40.16
256400,5271.24,-243.02,-239.73,43.47,0.32,7.36,30.08,0.69,30.38,39.81
256500,5279.15,-242.31,-239.19,43.79,-0.1,7.22,29.53,0.15,39.38,39.34
256600,5273.74,-241.35,-238.94,43.43,-0.02,7.38,29.98,0.59,45.01,40.5
256700,5283.31,-241.69,-239.11,43.59,0,7.56,29.55,0.16,42.12,39.73
256800,5281.64,-242.89,-238.94,43.49,-0.04,7.24,29.99,0.61,39.03,40.54
256900,5289.97,-241.27,-238.9,43.41,-0.06,7.32,29.72,0.34,38.3,40.39
257000,5280.81,-242.56,-239.44,43.65,-2.03,7.08,29.7,0.32,40.62,39.92
257100,5274.99,-242.97,-239.44,43.53,-0.04,7.28,29.42,0.03,37.49,39.77
257200,5290.8,-241.56,-238.77,43.65,0.08,7.46,30.05,0.66,39.77,39.77
257300,5288.3,-241.48,-239.44,43.51,0.18,7.1,29.54,0.15,38.76,39.42
257400,5284.56,-242.43,-239.07,43.65,0,7.36,29.7,0.32,33.41,39.73
257500,5282.89,-241.89,-239.15,43.65,0.08,7.18,29.58,0.19,44.05,39.81
257600,5284.14,-242.81,-239.36,43.81,-0.24,7.1,29.81,0.42,41.97,40.62
257700,5279.98,-242.6,-239.44,43.77,-0.06,7.14,29.61,0.22,42.24,40.16
257800,5277.9,-242.48,-239.15,43.39,0.04,7.46,30.01,0.62,38.49,39.85
257900,5279.15,-242.14,-239.31,43.75,-0.24,7.18,29.35,-0.04,36.71,39.88
258000,5277.48,-242.85,-239.07,43.83,-0.06,7.34,29.72,0.33,45.05,39.88
258100,5282.06,-241.89,-238.98,43.61,-0.08,7.24,29.5,0.11,40.93,40.31
258200,5289.13,-241.81,-239.61,43.63,0.06,7.14,29.81,0.42,41.2,40.04
258300,5283.72,-242.52,-238.65,43.49,0.26,7.4,29.56,0.17,44.32,40.19
258400,5289.13,-241.44,-239.23,43.57,0.06,7.12,29.63,0.24,38.38,40.35
258500,5284.97,-241.94,-239.44,43.69,0.24,7.48,29.51,0.13,39.92,39.92
258600,5277.9,-242.1,-239.11,43.59,-0.04,7.22,29.61,0.22,40.27,40.04
258700,5281.23,-241.85,-239.11,43.53,-0.08,7.22,29.64,0.25,33.8,40.19
258800,5289.55,-241.1,-239.23,43.45,-0.02,7.14,29.75,0.36,48.78,39.81
258900,5278.32,-242.43,-238.94,43.45,-0.12,7.2,29.45,0.06,44.28,40.27
259000,5294.13,-240.02,-239.36,43.75,0.1,7.12,29.89,0.5,37.68,39.81
259100,5284.14,-241.89,-239.19,43.65,-0.02,7.4,29.46,0.07,44.55,40.39
259200,5280.81,-241.73,-239.4,43.57,0.06,7.28,29.82,0.43,45.75,40.16
259300,5284.14,-241.44,-238.94,43.47,0.06,7.38,29.57,0.19,36.59,40.58
259400,5287.47,-242.02,-238.73,43.81,0.18,7.2,29.79,0.4,53.8,39.88
259500,5287.05,-241.52,-239.27,43.59,0.08,7.18,29.55,0.16,53.46,39.73
259600,5283.72,-241.27,-239.52,43.45,0.12,7.2,29.72,0.33,31.27,40.46
259700,5284.97,-241.14,-239.07,43.43,0.2,7.44,29.64,0.26,44.63,39.88
259800,5288.3,-241.85,-239.15,43.71,0.1,7.36,29.9,0.51,35.2,39.46
259900,5278.32,-241.64,-238.69,43.51,-0.18,7.3,29.49,0.11,47.48,39.92
260000,5284.56,-242.14,-239.15,43.67,-0.02,7.3,29.79,0.4,34.34,40.39
260100,5289.55,-241.98,-239.23,43.69,0.12,7.3,29.67,0.28,38.26,40.12
260200,5289.97,-241.56,-239.07,43.63,-0.18,7.44,29.81,0.42,40,40.23
260300,5285.39,-241.6,-239.4,43.65,0.18,7.32,29.69,0.3,36.67,39.88
260400,5291.21,-241.98,-239.15,43.71,0.12,7.42,29.86,0.47,31.31,39.77
260500,5289.97,-241.89,-239.11,43.57,0.18,7.42,29.7,0.32,38.38,39.92
260600,5283.72,-241.81,-239.4,43.65,-0.08,7.34,29.74,0.36,36.83,40.85
260700,5282.48,-242.73,-239.31,43.59,0,7.06,29.7,0.31,33.92,40.23
260800,5280.81,-241.85,-238.94,43.65,0.12,7.26,29.8,0.42,39.77,39.54
260900,5286.64,-242.48,-239.11,43.57,0.06,7.22,29.61,0.22,42.63,40.5
261000,5287.05,-241.89,-239.44,43.67,0,7.18,29.95,0.56,37.18,40.16
261100,5287.05,-242.06,-239.48,43.53,-0.1,7.24,29.62,0.23,34.69,40.43
261200,5284.14,-241.94,-239.11,43.81,0.26,7.14,29.56,0.17,41.93,39.11
261300,5279.56,-242.64,-239.65,43.55,0.02,7.14,29.75,0.36,44.78,40.08
261400,5284.97,-242.56,-239.19,43.45,-0.08,7.2,29.61,0.22,36.83,39.85
261500,5283.31,-241.27,-238.9,43.43,-0.04,7.5,29.59,0.2,43.94,40.12
261600,5286.64,-241.73,-239.19,43.61,0.1,7.26,29.49,0.11,37.72,40.08
261700,5289.13,-242.06,-239.11,43.27,-0.04,7.14,29.36,-0.03,40.31,39.96
261800,5287.05,-241.89,-239.27,43.69,-0.22,7.42,29.87,0.48,37.06,40.19
261900,5276.65,-242.56,-239.27,43.73,0.26,7.3,29.74,0.35,32.56,39.92
262000,5284.14,-242.68,-239.65,43.61,0.14,7.38,29.86,0.48,36.32,40.39
262100,5281.23,-242.14,-239.48,43.61,-0.08,7.12,29.51,0.13,32.48,40.31
262200,5280.81,-242.77,-239.44,43.59,-0.16,7.34,29.78,0.39,44.32,40.39
262300,5286.22,-241.23,-239.31,43.61,0.14,7.4,29.63,0.24,44.48,40.23
262400,5287.88,-242.6,-239.07,43.79,0.26,7.4,30.02,0.63,37.1,39.73
262500,5281.64,-241.52,-239.36,43.49,-0.04,7.12,29.68,0.29,36.9,40.23
262600,5280.4,-242.68,-239.52,43.57,0.16,7.02,29.92,0.53,37.64,39.77
262700,5289.55,-242.1,-239.36,43.49,-0.14,7.22,29.84,0.46,42.36,40.27
262800,5288.72,-242.89,-239.36,43.55,0.1,7.2,29.72,0.33,41.74,40.08
262900,5281.23,-242.43,-239.11,43.59,0.4,7.52,29.84,0.46,46.05,39.61
263000,5289.97,-241.81,-239.07,43.57,-0.1,7.22,29.81,0.42,42.51,40.58
263100,5289.97,-241.94,-239.48,43.59,0.04,7.22,29.73,0.34,36.87,40
263200,5285.81,-240.94,-239.44,43.47,-0.1,7.36,29.39,0.01,36.71,40.31
263300,5286.22,-242.14,-239.07,43.79,0.1,7.74,29.82,0.44,40.23,39.92
263400,5275.82,-241.19,-239.48,43.49,0.04,7.14,29.47,0.09,29.67,39.77
263500,5285.81,-241.6,-239.36,43.65,0.06,7.3,29.74,0.35,30.8,39.88
263600,5289.97,-243.1,-238.98,43.29,0.04,7.36,29.67,0.28,48.51,39.23
263700,5297.04,-240.9,-238.94,43.83,-0.02,7.1,29.86,0.48,32.17,39.92
263800,5281.23,-242.14,-239.27,43.69,0.26,7.14,29.96,0.57,43.63,40.27
263900,5286.64,-241.69,-239.73,43.45,-0.02,7.24,29.63,0.24,35.04,40.5
264000,5283.72,-241.89,-239.23,43.63,0.04,7.3,29.92,0.53,39.03,40
264100,5281.23,-242.14,-239.23,43.57,-0.06,7.2,29.97,0.58,46.94,40.08
264200,5284.14,-242.85,-239.27,43.43,-0.08,7.68,29.63,0.24,35.63,39.54
264300,5283.72,-241.44,-239.52,43.77,0.16,7.1,29.68,0.3,33.1,40.73
264400,5278.73,-242.02,-239.44,43.47,0.08,7.22,29.39,0.01,45.94,40.46
264500,5281.23,-241.06,-239.4,43.51,0.16,7.12,29.91,0.52,45.98,40.31
264600,5285.39,-242.39,-239.19,43.63,-0.16,7.22,29.75,0.36,31.19,40.16
264700,5281.23,-242.27,-239.27,43.67,-0.06,6.21,29.9,0.51,39.96,40.19
264800,5283.72,-242.27,-239.36,43.69,-0.04,7.32,29.8,0.42,38.22,39.92
264900,5288.3,-242.64,-238.98,43.35,0.18,7.42,29.76,0.38,41.16,39.88
265000,5287.05,-241.73,-239.44,43.65,0.18,7.12,29.55,0.16,43.94,40.5
265100,5289.13,-242.81,-239.31,43.63,0.04,7.34,29.92,0.53,41.24,40.08
265200,5282.06,-241.85,-239.65,43.71,-0.06,7.2,29.82,0.43,39.07,39.96
265300,5283.72,-242.43,-238.86,43.61,-0.08,7.26,29.74,0.35,33.41,40.27
265400,5292.46,-243.22,-238.98,43.69,0.02,7,29.49,0.11,35.31,40.39
265500,5284.97,-242.14,-239.23,43.43,0.08,7.38,29.8,0.42,38.07,40.31
265600,5288.72,-241.89,-238.9,43.47,0.18,7.36,29.2,-0.19,36.79,40.23
265700,5283.72,-241.56,-239.11,43.47,0.22,7.34,29.68,0.3,39.88,40.23
265800,5289.13,-241.52,-239.9,43.63,-0.02,7.18,29.61,0.22,35.43,40.04
265900,5286.64,-241.89,-239.19,43.63,0.06,7.18,29.49,0.11,39.58,39.85
266000,5289.97,-241.77,-239.77,43.57,0,7.36,29.19,-0.2,44.21,40.62
266100,5285.81,-241.6,-238.98,43.73,0.12,7.22,29.68,0.29,39.46,40.5
266200,5288.3,-242.23,-239.4,43.75,0.2,7.34,29.26,-0.12,43.78,40.04
266300,5285.81,-243.39,-239.4,43.39,0.1,7.2,29.65,0.26,29.36,40.5
266400,5281.23,-243.02,-239.11,43.87,-0.1,7.04,29.69,0.3,40.85,41.43
266500,5287.05,-241.27,-239.56,43.53,-0.06,7.5,29.5,0.11,39,39.65
266600,5282.48,-241.52,-239.4,43.53,0.12,7.22,29.43,0.05,35,40.08
266700,5289.55,-242.14,-239.11,43.75,-0.12,7.06,29.86,0.47,41.66,40.35
266800,5294.96,-241.35,-239.61,43.55,-0.14,7.38,29.3,-0.09,44.28,40.31
266900,5280.81,-241.77,-239.23,43.41,0.16,7.18,29.28,-0.1,44.63,40.46
267000,5289.97,-242.77,-239.56,43.41,-0.02,7.16,29.09,-0.3,37.72,40.12
267100,5291.21,-241.23,-239.44,43.51,0.16,7.56,29.24,-0.15,39.88,39.69
267200,5286.22,-242.85,-239.73,43.59,-0.04,7.44,29.24,-0.14,42.7,40.31
267300,5289.13,-242.02,-239.15,43.65,0,7.32,29.63,0.24,36.4,40.85
267400,5284.56,-242.23,-238.98,43.55,-0.06,7.22,29.33,-0.06,33.61,40.27
267500,5287.88,-241.73,-239.02,43.61,-0.14,7.08,29.49,0.1,41.78,40.23
267600,5293.71,-241.31,-239.52,43.67,0.34,7.34,29.61,0.22,38.26,40.12
267700,5288.3,-241.64,-239.15,43.59,-0.02,7.14,29.16,-0.22,41.12,40.23
267800,5289.97,-241.27,-238.9,43.45,0.1,7.16,29.39,0.01,33.53,40.35
267900,5287.05,-243.06,-239.65,43.43,0.32,7.42,29.34,-0.05,35.74,40
268000,5289.55,-241.89,-239.19,43.69,0.02,6.89,29.9,0.51,45.44,40.54
268100,5286.22,-243.06,-238.9,43.57,0.22,7.3,29.1,-0.28,39.34,39.61
268200,5278.32,-241.69,-238.86,43.57,0.18,7.08,29.75,0.36,39.19,40.73
268300,5289.13,-241.69,-239.61,43.59,-0.2,7.4,29.35,-0.03,37.33,40.77
268400,5287.88,-242.73,-239.48,43.55,0.06,7.44,29.31,-0.08,32.44,40.35
268500,5290.8,-242.06,-239.31,43.43,0.26,7.32,29.06,-0.32,40.04,39.85
268600,5281.23,-242.89,-239.11,43.71,0,7.24,29.74,0.35,34.19,40.35
268700,5278.32,-242.85,-239.07,43.65,0.02,7.36,29.09,-0.3,33.72,40.16
268800,5281.23,-242.73,-239.69,43.67,0.02,7.48,29.3,-0.09,39.46,40
268900,5290.38,-242.14,-239.27,43.53,0.12,7.12,28.86,-0.53,31.58,40.5
269000,5281.23,-242.23,-239.07,43.51,0.04,7.16,29.63,0.24,49.36,40.54
269100,5279.98,-242.48,-239.48,43.65,-0.1,7.22,29.21,-0.18,48.05,40.62
269200,5282.06,-244.6,-239.52,43.55,0.16,7.32,29.21,-0.18,37.99,39.65
269300,5290.8,-241.98,-239.73,43.53,0.12,7.2,29.33,-0.06,31.19,40.31
269400,5279.98,-242.52,-239.11,43.59,0.16,7.12,29.47,0.09,38.57,40.23
269500,5295.79,-240.85,-238.94,43.91,-0.16,7.48,29.27,-0.12,43.01,40.62
269600,5287.05,-241.48,-239.94,43.53,0.22,7.46,29.9,0.51,42.2,40.19
269700,5286.64,-241.02,-239.27,43.51,0.02,7.36,28.96,-0.43,37.45,39.88
269800,5284.56,-243.35,-239.19,43.47,-0.06,7.12,29.49,0.1,36.71,40.62
269900,5289.13,-242.64,-239.98,43.33,0.02,7.68,29.61,0.22,40.04,40.81
270000,5282.06,-241.77,-239.56,43.63,0.26,7.26,29.37,-0.01,30.45,39.46
270100,5291.63,-240.4,-239.07,43.57,-0.12,7.44,29.06,-0.33,30.88,40.43
270200,5286.64,-241.48,-238.82,43.65,0.1,7.14,29.35,-0.03,42.05,40.12
270300,5280.81,-242.06,-239.02,43.49,-0.02,7.32,29.55,0.16,47.48,40.5
270400,5281.64,-243.06,-239.44,43.73,0.14,7.3,29.05,-0.34,39.69,40.66
270500,5285.81,-242.18,-239.19,43.49,-0.24,7.42,29.22,-0.16,43.51,40.04
270600,5288.72,-241.19,-239.19,43.53,-0.24,7.2,29.91,0.52,38.92,40.46
270700,5286.22,-240.9,-239.73,43.75,0.2,7.34,29.26,-0.12,40.89,40.39
270800,5295.79,-241.39,-239.15,43.71,-0.14,7.04,29.27,-0.12,37.29,40.16
270900,5280.81,-241.31,-238.98,43.29,-0.14,7.34,29.54,0.15,41.35,40.66
271000,5295.37,-243.02,-239.31,43.35,-0.04,7.06,29.38,-0.01,42.51,40.08
271100,5295.79,-242.89,-239.31,43.73,-0.14,7.46,29.17,-0.22,35.51,40.04
271200,5285.81,-241.85,-239.73,43.49,0.12,7.34,29.57,0.19,39.61,41.35
271300,5292.05,-243.39,-239.15,43.55,0.04,7.56,29.47,0.09,39.92,40.12
271400,5285.81,-241.64,-239.07,43.85,-0.26,7.46,29.54,0.15,32.4,40.23
271500,5287.47,-243.27,-239.23,43.63,-0.06,7.44,29.17,-0.22,40.04,40.23
271600,5294.54,-244.47,-239.23,43.63,-0.06,7.52,29.53,0.15,41.55,39.81
271700,5287.88,-244.26,-239.4,43.45,-0.14,7.16,29.48,0.09,40.16,40.89
271800,5287.88,-242.97,-238.94,43.81,-0.1,7.38,29.53,0.14,34.54,40.12
271900,5286.22,-243.56,-238.9,43.57,0.12,7.48,29.51,0.12,27.8,39.92
272000,5295.37,-240.94,-239.27,43.43,0.12,7.3,29.64,0.26,41.74,40.58
272100,5284.14,-243.77,-239.07,43.83,-0.22,7.48,29.39,0,35.31,40.35
272200,5287.47,-241.19,-239.61,43.55,-0.24,7.16,29.44,0.05,44.21,40.04
272300,5292.88,-242.14,-239.11,43.47,0.28,7.38,29.72,0.33,43.09,40.12
272400,5289.97,-243.27,-238.69,43.51,0.02,7.38,29.59,0.21,36.17,40.12
272500,5289.13,-241.81,-239.61,43.75,0,7.12,29.28,-0.11,36.17,40.54
272600,5284.97,-239.48,-239.11,43.63,-0.02,7.18,29.86,0.47,33.68,40.16
272700,5281.23,-242.6,-240.02,43.37,0.16,7.68,29.38,-0.01,44.55,40.27
272800,5281.64,-241.81,-240.06,43.41,0.04,7.3,29.46,0.07,44.82,39.96
272900,5279.15,-239.52,-239.07,43.63,-0.1,7.32,30.04,0.65,35.9,40.16
273000,5289.55,-241.77,-238.98,43.65,0.22,7,29.34,-0.05,46.05,40.7
273100,5292.46,-243.56,-239.02,43.49,0.3,7.08,29.99,0.6,32.83,40.12
273200,5291.21,-243.81,-238.94,43.75,-0.08,7.7,29.45,0.06,34.89,40.04
273300,5293.71,-241.89,-238.98,43.55,0.24,7.2,30.28,0.9,43.32,40.66
273400,5281.64,-241.85,-240.11,43.57,0.02,7.14,29.45,0.07,27.13,40.08
273500,5289.13,-242.73,-239.44,43.49,0.16,7.2,30.05,0.66,42.47,39.96
273600,5289.55,-242.31,-239.4,43.73,-0.04,7.46,29.41,0.02,38.38,40.39
273700,5289.97,-243.18,-238.94,43.77,-0.12,7.4,30.06,0.67,40.77,40.35
273800,5284.14,-242.39,-239.52,43.61,-0.12,7.12,29.56,0.17,37.91,40.58
273900,5286.22,-242.18,-239.44,43.63,0,7.32,30.05,0.67,32.56,39.88
274000,5298.7,-243.39,-239.98,43.55,0.22,7.34,29.9,0.51,42.32,39.73
274100,5303.28,-243.31,-240.27,43.65,0.26,7.12,30.09,0.7,43.59,40
274200,5284.97,-240.4,-238.82,43.39,-0.1,7.3,29.91,0.52,39.23,40.77
274300,5284.97,-241.14,-239.77,43.85,-0.08,7.44,29.87,0.48,42.7,40.7
274400,5294.13,-243.31,-239.15,43.57,-0.14,7,29.59,0.21,45.55,40.62
274500,5288.72,-241.69,-238.69,43.57,0.24,7.06,30.09,0.71,34.27,39.96
274600,5284.56,-239.81,-239.02,43.65,-0.02,7.36,29.68,0.29,35.55,40.39
274700,5293.71,-242.68,-239.69,43.45,-0.1,7.18,29.94,0.55,49.05,40.16
274800,5285.81,-241.31,-239.31,43.79,-0.1,7.36,29.72,0.34,50.35,40.39
274900,5297.45,-243.35,-239.86,43.41,0.16,7.36,29.95,0.56,44.98,40.31
275000,5282.06,-240.94,-239.36,43.51,-0.12,7.28,29.79,0.4,40.81,40.58
275100,5296.62,-241.73,-239.19,43.61,0.18,7.34,29.64,0.25,43.59,40.35
275200,5279.98,-242.31,-239.56,43.81,-0.04,7.26,29.6,0.21,42.78,40.19
275300,5287.47,-239.19,-239.69,43.41,-0.14,7.5,29.76,0.38,37.21,40.93
275400,5299.53,-240.77,-239.27,43.61,0.02,7.5,29.88,0.49,42.12,40.58
275500,5285.39,-241.69,-239.07,43.79,0.08,7.54,29.59,0.21,38.45,40.12
275600,5295.37,-242.1,-238.86,43.49,-0.16,7.2,29.67,0.28,45.63,40.04
275700,5295.79,-241.39,-239.27,43.59,0.06,7.56,29.41,0.03,36.71,40.04
275800,5290.38,-242.97,-239.48,43.57,0.1,7.3,29.63,0.24,34.73,39.92
275900,5294.96,-242.64,-239.15,43.43,-0.02,7.34,29.64,0.26,41.47,40.46
276000,5297.87,-241.27,-238.94,43.49,0.26,7.54,29.89,0.5,47.13,39.65
276100,5279.15,-242.43,-239.07,43.47,0.08,7.36,29.47,0.09,36.79,40.39
276200,5282.48,-241.1,-239.9,43.91,0,7.12,29.71,0.32,37.49,40.16
276300,5285.39,-240.44,-239.27,43.65,0.04,7.3,29.55,0.17,44.01,39.77
276400,5293.29,-243.43,-239.19,43.57,0.12,7.4,29.66,0.28,45.13,40.35
276500,5277.9,-243.18,-239.11,43.45,0.04,7.26,29.43,0.04,36.59,40.46
276600,5297.45,-241.77,-239.65,43.83,0.02,7.26,29.68,0.29,43.17,40.43
276700,5283.72,-242.89,-239.02,43.59,-0.04,7.02,29.37,-0.02,35.9,40.62
276800,5287.05,-242.06,-239.15,43.57,0,7.24,29.51,0.13,38.07,40.16
276900,5287.05,-243.43,-239.61,43.57,0.2,7.38,29.32,-0.07,39.31,40.62
277000,5286.64,-242.93,-239.52,43.41,0.04,7.06,29.26,-0.13,26.27,40.62
277100,5291.21,-242.23,-239.19,43.75,-0.3,7.3,29.43,0.05,43.13,40.19
277200,5281.23,-243.02,-239.23,43.63,0.06,7.34,29.33,-0.06,48.47,40.31
277300,5288.3,-241.73,-239.19,43.51,0,7.36,29.3,-0.09,33.06,40.46
277400,5291.21,-243.43,-239.48,43.61,0.42,7.3,29.28,-0.1,48.01,40.5
277500,5287.47,-243.22,-239.61,43.71,-0.02,6.91,29.41,0.03,39.77,40.04
277600,5282.89,-241.35,-238.9,43.57,0.16,7.54,29.33,-0.06,39.27,39.96
277700,5286.22,-240.02,-239.36,43.61,0,7.08,29.32,-0.07,41.12,40.66
277800,5286.22,-241.39,-239.07,43.35,-0.06,7.36,28.99,-0.39,40.27,40.46
277900,5282.89,-241.31,-239.11,43.47,-0.06,7.18,29.47,0.08,34.34,40.19
278000,5286.64,-241.64,-239.61,43.67,0.2,7.44,29.23,-0.16,38.49,40.62
278100,5292.88,-240.81,-239.44,43.63,-0.02,7.06,29.35,-0.03,40.7,40.16
278200,5287.05,-245.01,-238.77,43.75,-0.02,7.3,29.43,0.04,45.25,40.23
278300,5282.06,-241.39,-239.48,43.39,-0.04,7.42,29.46,0.07,38.34,39.58
278400,5293.29,-241.64,-239.4,43.47,-0.06,7.08,28.97,-0.42,34.81,40.16
278500,5301.61,-240.85,-239.73,43.71,0.14,7.4,29.32,-0.07,47.67,40.62
278600,5288.72,-241.6,-239.31,43.77,0.1,7.1,29.28,-0.11,42.32,40.89
278700,5287.88,-242.06,-239.27,43.59,0.02,7.12,29.39,0.01,43.32,40.54
278800,5299.95,-244.26,-239.27,43.59,-0.02,7.46,29.3,-0.09,35.97,40.5
278900,5282.06,-242.85,-239.9,43.39,-0.02,7.28,29.42,0.03,36.01,40.31
279000,5285.39,-242.02,-239.4,43.57,-0.06,7.3,29.24,-0.14,31.19,39.81
279100,5278.32,-242.14,-239.27,43.73,0.08,7.4,29.31,-0.08,32.48,40.31
279200,5279.15,-242.06,-239.23,43.57,-0.02,6.93,29.36,-0.03,43.55,40.31
279300,5291.63,-242.06,-239.9,43.55,-0.16,7.4,29.39,0.01,43.2,41.24
279400,5287.47,-240.52,-239.61,43.51,0.08,7.4,29.24,-0.14,45.21,39.77
279500,5282.06,-240.73,-239.31,43.83,0.2,6.91,29.75,0.36,44.9,40.58
279600,5291.63,-242.52,-239.9,43.61,0.16,7.56,29.68,0.3,37.56,40.73
279700,5294.96,-242.56,-239.15,43.79,0.12,7.2,29.71,0.32,36.67,40.35
279800,5290.38,-243.89,-239.56,43.41,-0.04,7.18,29.82,0.44,43.44,40.46
279900,5287.47,-241.89,-239.23,43.83,0.26,6.89,29.84,0.46,44.21,41.04
280000,5289.13,-242.23,-239.27,43.49,0,7.32,29.87,0.48,39.46,40.19
280100,5290.38,-241.94,-239.77,43.83,0.02,7.22,29.67,0.28,36.63,40.66
280200,5295.37,-241.44,-240.06,43.57,0.1,7.48,29.74,0.36,42.74,40.04
280300,5281.23,-241.98,-240.15,43.51,0.16,7.32,29.57,0.19,43.24,40.35
280400,5291.63,-242.27,-239.86,43.43,0.14,7.4,29.89,0.5,41.04,40.08
280500,5279.56,-240.27,-239.65,43.27,-0.06,7.2,29.68,0.29,34.85,40.46
280600,5282.48,-240.85,-240.15,43.75,0,6.98,30.11,0.73,42.78,40.93
280700,5289.13,-241.44,-239.19,43.47,-0.08,7.16,29.6,0.21,49.2,40.43
280800,5288.3,-241.94,-239.52,43.63,0.32,7.28,30.22,0.83,38.34,40.16
280900,5289.13,-242.06,-239.48,43.65,-0.06,7.38,29.57,0.19,35.08,40.35
281000,5288.3,-241.48,-239.69,43.59,-0.1,7.22,29.78,0.39,38.92,40.54
281100,5292.46,-243.02,-239.61,43.67,0.2,7.42,29.65,0.26,32.83,40.23
281200,5286.22,-241.85,-238.98,43.47,-0.08,7.36,29.54,0.15,46.71,40.93
281300,5287.47,-241.64,-239.44,43.71,0.12,7.08,29.46,0.07,42.16,40.58
281400,5291.63,-242.43,-239.4,43.63,-0.02,7.4,29.95,0.57,32.95,40.93
281500,5287.47,-242.6,-240.06,43.79,0.22,7.6,29.57,0.19,36.75,40.23
281600,5291.63,-242.1,-239.23,43.57,0.04,7.14,30.18,0.79,30.02,40.62
281700,5289.55,-241.85,-239.44,43.51,0.06,7.32,29.73,0.34,46.98,40.31
281800,5293.71,-243.6,-239.52,43.59,0.04,7.32,30.26,0.88,28.54,40.46
281900,5289.55,-243.64,-239.86,43.77,-0.1,7.66,30.38,1,38.8,40.27
282000,5296.62,-242.31,-239.65,43.43,0.16,7.44,29.49,0.1,38.53,40.12
282100,5287.05,-241.35,-239.15,42.97,0.12,7.5,30.14,0.75,31.66,40.54
282200,5299.12,-242.23,-239.27,43.57,0,7.32,29.91,0.52,28.89,40.85
282300,5286.22,-241.56,-238.98,43.37,-0.04,7.1,29.41,0.03,37.18,40.23
282400,5289.55,-241.19,-239.36,43.53,0.04,7.32,29.59,0.2,37.18,40.46
282500,5290.8,-241.1,-239.31,43.53,0.16,7.24,29.57,0.18,42.51,41.04
282600,5284.14,-242.39,-239.9,43.49,-0.08,7.06,29.52,0.13,32.09,40.04
282700,5284.14,-241.56,-239.27,43.61,-0.02,7.1,29.43,0.05,44.67,40.43
282800,5284.56,-241.64,-239.23,43.57,-0.1,7.42,29.34,-0.05,55.18,40.62
282900,5282.06,-241.94,-239.44,43.63,-0.04,7.28,29.33,-0.06,40.31,40.81
283000,5291.21,-241.81,-239.36,43.73,-0.16,7.48,29.55,0.17,41.93,40.89
283100,5281.64,-242.73,-239.23,43.41,0.28,7.16,29.4,0.01,24.82,40.62
283200,5287.47,-242.73,-239.73,43.45,-0.16,6.95,29.5,0.11,30.65,39.92
283300,5293.71,-241.48,-239.07,43.57,-0.18,7.3,29.22,-0.17,39.03,40.43
283400,5287.47,-242.93,-239.52,43.67,0.06,7.16,29.45,0.07,52.88,40.19
283500,5287.47,-243.1,-239.9,43.63,-0.06,7.36,29.15,-0.24,27.8,40.35
283600,5286.64,-241.64,-239.4,43.55,-0.02,7.16,29.51,0.12,40.5,40.89
283700,5293.29,-242.02,-239.86,43.87,0.14,7.28,29.13,-0.26,46.25,40.39
283800,5291.63,-241.02,-239.4,43.45,0.12,7.42,29.18,-0.21,32.36,40.39
283900,5289.97,-243.02,-239.61,43.61,0.16,7.34,28.83,-0.55,38.57,40.5
284000,5294.54,-241.98,-239.52,43.57,0.02,7.2,29.59,0.21,45.36,40.5
284100,5301.61,-241.1,-239.4,43.71,0.04,7.42,29.24,-0.14,33.76,40.04
284200,5292.46,-242.1,-239.07,43.47,0.12,7.28,29.35,-0.04,37.25,41.24
284300,5290.38,-242.23,-239.27,43.65,0.04,7.32,29.59,0.21,36.87,40.85
284400,5295.37,-240.69,-239.65,43.73,-0.08,7.4,29.36,-0.03,55.29,40.77
284500,5286.22,-243.31,-239.81,43.45,-0.04,7.06,30.13,0.74,41.55,41.24
284600,5289.97,-242.85,-239.19,43.67,-0.04,7.32,29.04,-0.35,39.38,40.62
284700,5292.05,-241.98,-239.4,43.71,0.02,7.32,30.12,0.73,29.91,40.58
284800,5286.64,-243.35,-239.61,43.55,0.14,7.24,29.92,0.53,36.59,40.46
284900,5286.64,-242.73,-239.15,43.73,-0.14,7.04,30.05,0.66,40.85,40.73
285000,5289.55,-241.31,-239.56,43.69,0.22,7.3,29.93,0.54,41.01,40.46
285100,5282.89,-242.89,-239.69,43.43,0.14,7.36,30.09,0.7,36.98,40.93
285200,5283.72,-243.1,-239.61,43.83,-0.24,7.28,29.85,0.46,48.51,40.31
285300,5287.47,-242.02,-239.36,43.49,0.18,7.42,30.21,0.82,37.18,40.16
285400,5290.38,-242.97,-239.81,43.57,-0.04,7.3,29.93,0.54,35.66,41.31
285500,5288.3,-242.23,-239.19,43.63,0.26,7.48,29.96,0.57,33.57,40
285600,5294.13,-241.31,-239.36,43.73,-0.22,7.26,30.02,0.63,34.46,40.31
285700,5286.22,-242.14,-238.94,43.61,-0.2,7.28,29.85,0.46,39.92,40.08
285800,5289.97,-242.18,-239.56,43.37,-0.04,7.48,30.17,0.79,41.78,40.12
285900,5282.48,-242.48,-239.19,43.81,-0.08,7.32,29.72,0.33,31.97,40.43
286000,5286.64,-242.18,-238.94,43.53,0.24,7.36,30.23,0.84,29.56,40.73
286100,5288.3,-242.23,-239.44,43.45,-0.04,7.4,29.72,0.34,46.67,40.89
286200,5293.71,-242.64,-239.4,43.51,-0.12,7.12,29.85,0.46,40.66,41.08
286300,5294.13,-242.18,-239.81,43.55,-0.12,7.02,29.62,0.23,38.3,40.39
286400,5288.3,-241.64,-239.27,43.45,-0.06,7.22,29.59,0.2,45.05,40.62
286500,5294.54,-242.14,-239.27,43.69,0,7.24,29.88,0.49,34.19,40.43
286600,5288.3,-242.85,-239.02,43.45,0.16,7.44,29.55,0.16,30.69,40.31
286700,5290.8,-241.27,-239.65,43.49,0.04,7.18,29.44,0.05,37.18,40.89
286800,5289.13,-242.39,-239.61,43.79,-0.12,7.46,29.43,0.04,37.91,40.27
286900,5296.62,-242.31,-239.31,43.45,0.18,7.42,29.51,0.13,41.08,40.43
287000,5296.62,-242.68,-239.27,43.73,0.06,7.34,29.12,-0.27,34.89,40.81
287100,5293.71,-242.35,-239.56,43.61,-0.08,7.32,29.55,0.16,33.64,40.97
287200,5289.97,-242.56,-239.11,43.53,0.12,7.42,29.28,-0.11,36.63,40.46
287300,5288.72,-241.73,-239.19,43.33,0.06,7.26,29.48,0.09,39,40.85
287400,5298.7,-243.6,-239.11,43.47,-0.12,7.4,29.41,0.03,36.83,40.08
287500,5291.21,-241.27,-239.4,43.73,0.12,6.23,29.59,0.2,43.32,41.01
287600,5294.13,-242.06,-239.73,43.73,0.06,7.36,29.32,-0.07,32.05,40.77
287700,5289.97,-242.23,-239.27,43.55,0.08,7.22,29.46,0.07,42.97,41.04
287800,5293.29,-241.27,-239.31,43.83,0.3,7.36,29.63,0.24,39.69,40.23
287900,5290.8,-242.31,-238.65,43.59,0.02,7.3,29.24,-0.14,34.19,40.23
288000,5289.13,-242.35,-239.23,43.63,0.06,7.18,29.9,0.51,41.2,39.92
288100,5291.63,-241.89,-239.19,43.65,0.12,7.38,29.39,0,49.51,41.24
288200,5294.13,-242.85,-239.15,43.53,0.3,7.22,29.57,0.18,41.16,40.31
288300,5291.21,-242.18,-239.44,43.33,-0.12,7.4,29.88,0.49,39.34,40.46
288400,5292.88,-242.06,-239.44,43.55,0.16,7.3,29.4,0.01,39.69,40.46
288500,5292.46,-242.14,-239.36,43.57,0.14,7.24,29.9,0.51,35.66,40.5
288600,5289.13,-242.31,-239.69,43.41,-0.1,7.24,29.86,0.47,45.86,40.66
288700,5291.21,-241.64,-239.4,43.65,0.32,7.38,29.88,0.49,34.46,40.46
288800,5291.63,-241.73,-239.69,43.45,-0.08,7.26,30.32,0.93,41.35,40.54
288900,5288.3,-241.6,-239.31,43.69,0.14,7.4,29.73,0.34,38.76,40.19
289000,5294.54,-242.6,-239.36,43.49,-0.08,7.14,30.49,1.1,39.46,40.23
289100,5288.3,-241.98,-239.52,43.49,-0.02,7.22,29.97,0.58,36.71,40.7
289200,5289.13,-242.06,-239.44,43.67,0.3,7.36,30.35,0.96,40.16,40
289300,5293.71,-242.18,-239.56,43.39,0.06,7.24,30.36,0.97,41.2,40.23
289400,5295.37,-242.97,-239.27,43.75,0.08,7.46,30.15,0.76,39.54,40.27
289500,5292.05,-241.69,-239.69,43.45,0.06,7.16,30.3,0.92,28.89,40.58
289600,5291.63,-242.6,-239.44,43.57,-0.1,7.4,30.07,0.69,41.2,40.27
289700,5291.63,-242.52,-238.94,43.65,0.14,7.36,30.43,1.04,41.58,40
289800,5281.23,-241.81,-239.44,43.45,-0.06,7.26,30.1,0.71,38.03,40.39
289900,5283.31,-241.81,-239.73,43.53,-0.06,7.2,30.09,0.71,32.95,41.01
290000,5287.47,-241.39,-239.81,43.59,-0.1,7.36,30.04,0.65,47.28,40.54
290100,5285.39,-242.35,-239.81,43.73,0.36,6.89,30.28,0.89,40.19,40.31
290200,5294.13,-242.93,-239.48,43.71,0.1,7.44,29.97,0.59,42.55,40.16
290300,5291.21,-242.27,-239.19,43.47,-0.12,7.08,29.68,0.3,40.73,40.19
290400,5288.72,-243.1,-239.11,43.51,0.04,7.28,29.39,0.01,38.69,40.7
290500,5290.8,-242.97,-239.44,43.43,-0.04,7.36,29.57,0.19,31.47,41.16
290600,5289.13,-241.69,-239.56,43.53,-0.02,7.26,29.17,-0.22,50.12,40.58
290700,5285.81,-241.64,-239.61,43.73,0.08,7.3,29.56,0.17,34.34,40.5
290800,5289.13,-242.97,-239.15,43.43,0.12,7.36,29.78,0.39,35.74,40.23
290900,5286.22,-241.73,-239.19,43.71,-0.12,7.52,29.15,-0.24,32.17,40.39
291000,5285.81,-242.14,-239.02,43.49,-0.1,7.34,29.53,0.14,41.28,40.5
291100,5289.55,-243.22,-239.02,43.49,0.32,7.24,29.23,-0.16,42.74,40.77
291200,5292.88,-242.1,-239.36,43.43,0,7.28,29.36,-0.03,43.28,40.23
291300,5295.79,-242.31,-239.11,43.49,0.26,7.22,29.04,-0.35,43.13,41.01
291400,5289.55,-242.64,-239.11,43.57,0.1,7.4,29.5,0.11,39.38,40.54
291500,5289.55,-242.1,-239.07,43.35,0.02,7.46,29.32,-0.07,42.93,40.62
291600,5288.3,-243.31,-239.02,43.77,-0.14,7.92,29.79,0.4,39.54,39.81
291700,5290.8,-242.1,-238.94,43.83,-0.12,7.06,29.54,0.15,47.74,41.08
291800,5289.55,-242.73,-239.23,43.57,0.1,7.38,29.51,0.13,39.46,40.54
291900,5292.46,-242.89,-239.86,43.81,-0.02,7.2,29.69,0.3,38.69,40.54
292000,5289.13,-242.1,-239.61,43.67,-0.08,6.95,29.55,0.17,43.01,40.46
292100,5284.97,-241.85,-239.4,43.47,0.08,7.26,29.57,0.18,29.44,40.08
292200,5286.64,-242.35,-239.02,43.59,0.12,7.4,29.51,0.13,38.92,40.77
292300,5289.55,-241.52,-239.19,43.75,0.26,7.5,29.99,0.61,43.74,40.77
292400,5290.8,-241.73,-239.94,43.61,-0.02,7.46,29.64,0.26,36.63,40.81
292500,5287.05,-241.52,-239.11,43.53,-0.06,7.5,30.23,0.84,36.48,40.19
292600,5284.97,-242.56,-239.23,43.51,0.38,7.34,29.53,0.15,42.66,40.27
292700,5292.88,-242.43,-239.15,43.59,-0.1,7.12,30.39,1,33.88,39.77
292800,5297.04,-241.85,-239.69,43.53,-0.04,7.44,29.86,0.47,34.89,40.97
292900,5290.38,-241.35,-239.15,43.59,-0.04,7.38,30.28,0.89,33.41,40.5
293000,5289.13,-242.68,-239.36,43.63,-0.06,7.38,29.97,0.58,38.18,40.31
293100,5294.13,-241.14,-239.19,43.51,-0.02,7.24,30.31,0.92,37.68,40.39
293200,5285.39,-242.56,-239.11,43.73,-0.06,7.1,30.5,1.11,34.23,41.2
293300,5299.95,-241.56,-239.48,43.55,0.22,7.42,30.11,0.72,41.01,40.19
293400,5293.71,-242.1,-239.27,32.84,9.4,3.79,30.3,0.92,44.71,40.35
293500,5292.46,-240.9,-238.65,32.76,22.24,6.65,30.04,0.65,40.5,39.81
293600,5289.97,-242.85,-239.61,33.2,26.97,7.26,30.14,0.75,38.57,38.45
293700,5295.79,-242.77,-239.52,37.95,32.81,6.49,30.08,0.69,35.7,29.67
293800,5289.97,-242.97,-239.36,40.2,37.46,6.57,29.75,0.36,41.89,23.81
293900,5292.46,-241.23,-239.19,41.78,40.89,6.39,29.48,0.09,41.2,21.41
294000,5295.37,-241.56,-239.15,42.67,41.83,6.77,29.61,0.22,32.44,20.66
294100,5293.71,-240.48,-239.07,43.13,42.09,7.12,29.23,-0.16,36.36,19.4
294200,5291.63,-241.56,-239.11,42.97,42.17,7.2,29.57,0.19,37.37,19.25
294300,5296.21,-241.73,-239.15,43.05,42.37,7.58,29.3,-0.09,39,18.89
294400,5292.05,-242.27,-239.15,43.03,42.21,7.28,29.28,-0.11,35.55,19.01
294500,5287.47,-242.35,-239.36,42.89,42.47,7.46,29.39,0.01,38.45,18.89
294600,5284.14,-242.68,-239.52,43.17,42.39,7.2,29.54,0.15,38.72,18.73
294700,5290.38,-243.27,-239.94,42.89,42.55,7.34,29.46,0.07,36.83,18.81
294800,5291.63,-241.69,-239.19,42.85,42.29,7.1,29.26,-0.12,39.38,20.11
294900,5292.88,-242.35,-239.36,43.17,42.61,7.36,29.51,0.13,43.32,18.58
295000,5289.97,-241.81,-239.98,42.97,42.37,7.72,29.32,-0.07,43.55,19.21
295100,5292.46,-240.81,-239.11,43.19,42.31,7.56,29.63,0.24,33.88,19.13
295200,5284.56,-242.89,-239.15,43.13,42.17,7.34,29.24,-0.14,44.55,19.56
295300,5292.05,-242.68,-239.56,43.07,42.41,7.64,29.51,0.13,34.42,19.56
295400,5299.95,-240.56,-238.9,43.39,42.11,7.2,29.14,-0.25,43.47,19.44
295500,5288.72,-241.81,-239.15,43.05,42.27,7.52,29.17,-0.22,40.81,19.6
295600,5285.39,-242.43,-239.61,42.99,42.31,7.3,29.15,-0.24,38.84,19.92
295700,5289.55,-241.48,-239.61,42.97,42.59,7.8,29.68,0.29,38.69,19.95
295800,5293.71,-240.9,-239.23,43.21,42.37,7.46,29.05,-0.34,42.47,19.52
295900,5291.63,-243.14,-239.15,43.03,42.31,7.3,29.47,0.08,39.34,20.51
296000,5291.21,-241.98,-240.31,43.07,42.39,7.68,29.02,-0.37,36.63,20.94
296100,5288.3,-242.43,-238.9,42.99,42.35,7.46,29.61,0.22,37.02,20.11
296200,5281.64,-241.94,-239.07,43.13,42.31,7.52,29.3,-0.09,45.44,21.21
296300,5294.96,-242.52,-240.31,43.25,42.21,7.7,29.37,-0.02,34.62,20.66
296400,5292.46,-241.02,-239.9,42.97,42.29,7.26,29.1,-0.29,43.13,21.29
296500,5280.4,-241.81,-239.15,43.05,42.53,7.64,29.5,0.11,46.51,21.76
296600,5286.22,-242.89,-240.02,43.15,42.41,7.38,29.03,-0.36,38.11,21.57
296700,5294.96,-241.81,-239.73,43.05,42.43,7.16,29.13,-0.26,33.18,21.61
296800,5297.45,-242.35,-239.86,43.19,42.35,7.66,29.2,-0.19,41.66,22.35
296900,5301.2,-241.06,-239.11,42.93,42.35,7.5,29.28,-0.1,38.92,22.04
297000,5287.88,-241.69,-239.52,42.89,42.55,7.92,29.28,-0.11,37.49,23.02
297100,5290.38,-241.52,-239.4,43.11,42.67,7.38,29.31,-0.08,33.68,22.59
297200,5289.55,-241.39,-239.86,43.09,42.37,7.48,29.44,0.05,36.32,22.98
297300,5294.13,-241.81,-240.15,43.27,42.39,7.5,29.26,-0.12,39.69,23.14
297400,5290.38,-241.1,-240.19,43.29,42.69,7.58,29.5,0.11,34.93,23.02
297500,5292.46,-240.73,-239.56,42.89,42.03,7.52,29.57,0.18,35.63,23.92
297600,5289.55,-243.56,-239.27,43.03,42.27,7.36,29.93,0.55,38.14,23.26
297700,5289.13,-242.27,-239.23,43.21,42.21,7.64,29.46,0.07,41.62,24.2
297800,5286.64,-240.4,-239.44,43.01,42.51,7.4,29.93,0.55,43.74,23.61
297900,5291.21,-241.69,-239.31,43.29,42.37,7.74,29.41,0.02,33.8,24.2
298000,5287.05,-241.52,-239.94,43.29,42.39,7.46,29.9,0.51,40.46,23.77
298100,5297.04,-243.31,-239.23,43.11,42.37,7.82,29.75,0.36,40.19,24.39
298200,5297.45,-243.27,-238.94,42.95,42.57,7.4,30.04,0.65,45.28,25.73
298300,5298.7,-243.6,-239.11,43.15,42.29,7.4,29.59,0.2,31.15,24.94
298400,5287.88,-241.73,-239.27,42.99,42.41,7.38,30.3,0.91,38.84,24.39
298500,5291.21,-241.39,-239.44,43.15,42.39,7.6,29.56,0.17,37.37,25.26
298600,5284.14,-240.48,-239.56,43.19,42.33,7.62,29.95,0.56,47.78,24.94
298700,5290.8,-241.98,-239.4,43.43,41.99,7.96,29.8,0.42,39.92,25.22
298800,5288.72,-241.85,-239.02,43.29,41.85,7.84,30.28,0.89,36.87,24.71
298900,5291.21,-242.64,-239.61,43.51,41.19,7.72,29.85,0.46,46.78,25.26
299000,5282.48,-240.31,-239.52,43.27,40.75,7.74,29.93,0.54,33.8,25.14
299100,5284.97,-240.6,-239.77,43.37,40.23,7.6,30.19,0.8,46.94,24.94
299200,5290.38,-241.6,-239.69,43.23,39.51,7.82,30.08,0.69,42.74,24.86
299300,5305.77,-244.18,-239.15,43.43,38.82,7.76,30.05,0.67,46.94,25.8
299400,5290.8,-242.43,-240.02,43.47,38.22,7.64,30.01,0.63,28.31,24.94
299500,5289.55,-241.48,-239.61,43.19,37.92,7.8,30.18,0.79,35.78,25.18
299600,5290.8,-241.52,-239.69,43.61,36.9,7.56,29.6,0.21,41.7,25.18
299700,5292.88,-243.39,-239.23,43.15,36.6,7.72,30.14,0.75,34.58,25.57
299800,5287.05,-241.02,-239.27,43.33,36.1,7.74,30.03,0.65,36.94,25.49
299900,5297.04,-241.44,-239.65,43.45,35.76,7.74,29.86,0.48,43.67,26.08
300000,5304.53,-242.43,-239.73,43.37,34.93,7.56,29.86,0.48,42.82,25.45
300100,5286.64,-241.89,-239.07,43.33,34.69,8.14,29.84,0.45,36.75,25.96
300200,5292.46,-242.1,-238.94,43.15,34.09,7.76,29.98,0.59,34.85,25.18
300300,5291.21,-242.43,-239.27,43.17,33.73,8,29.88,0.49,39.42,25.06
300400,5285.39,-242.64,-238.9,43.27,33.45,7.88,29.51,0.12,38.03,25.73
300500,5294.54,-241.94,-239.73,43.19,33.15,7.6,29.83,0.44,36.63,25.53
300600,5294.13,-242.68,-238.9,43.37,32.29,8.1,29.41,0.03,41.04,25.88
300700,5288.72,-241.64,-239.9,43.49,30.88,7.2,29.43,0.05,39.07,26.23
300800,5294.96,-242.6,-239.69,43.23,30.68,7.58,29.43,0.05,43.9,25.8
300900,5294.96,-241.94,-239.11,43.15,30.8,7.9,29.55,0.17,31.51,25.49
301000,5289.13,-240.98,-239.94,43.47,30.1,7.76,29.55,0.17,41.58,26.35
301100,5288.72,-240.65,-239.73,43.21,29.8,7.62,29.09,-0.3,37.91,26.08
301200,5298.7,-241.52,-240.27,43.45,29.34,7.66,29.53,0.14,42.82,25.61
301300,5290.8,-243.93,-239.19,43.29,28.46,7.92,29.35,-0.04,45.59,26.27
301400,5298.7,-242.77,-239.65,43.39,28.38,8.16,29.27,-0.12,42.43,26.7
301500,5294.54,-242.31,-239.73,43.27,28.13,7.4,29.16,-0.23,52.73,25.61
301600,5287.88,-242.31,-239.36,43.21,27.63,8.24,29.47,0.08,29.79,25.92
301700,5284.97,-242.23,-238.94,43.19,27.15,7.9,29.37,-0.01,33.3,26.39
301800,5296.62,-241.6,-239.69,43.07,26.39,7.56,29.18,-0.2,35.74,25.69
301900,5298.29,-243.18,-239.27,43.23,26.11,8,29.43,0.05,40.62,26.47
302000,5295.37,-243.56,-239.4,43.27,25.67,7.18,29.62,0.23,38.65,26.31
302100,5280.4,-241.73,-238.77,43.33,25.29,7.86,29.41,0.02,38.65,26.43
302200,5294.54,-241.64,-239.77,43.47,24.73,7.82,29.46,0.07,35.31,26.67
302300,5292.05,-240.48,-239.23,43.25,24.16,7.56,29.22,-0.16,42.9,26.67
302400,5307.02,-242.64,-240.48,43.37,23.56,7.76,29.44,0.05,42.12,26.31
302500,5297.04,-243.47,-239.52,43.21,23.42,7.8,29.51,0.12,41.66,26.74
302600,5294.13,-243.31,-239.44,43.33,23.2,8.02,29.43,0.04,35.24,26.67
302700,5289.13,-243.68,-238.82,43.31,22.66,7.96,29.74,0.35,45.71,27.37
302800,5291.63,-240.44,-239.73,43.07,22.22,7.54,29.34,-0.05,34.27,27.17
302900,5296.62,-242.31,-239.07,43.33,21.76,7.88,29.86,0.47,44.71,26.9
303000,5290.8,-242.68,-239.9,43.69,21.24,7.72,29.66,0.28,36.44,27.1
303100,5289.13,-242.6,-239.56,43.31,20.83,7.94,29.92,0.53,50.05,26.55
303200,5298.7,-243.93,-239.61,43.31,20.41,8,29.66,0.27,48.7,27.29
303300,5291.21,-242.73,-239.69,43.47,20.13,7.7,29.93,0.54,44.59,27.13
303400,5297.87,-241.77,-239.81,43.39,19.91,7.72,29.57,0.18,36.36,27.06
303500,5279.56,-242.39,-239.73,43.41,19.49,7.82,30.35,0.96,36.87,27.17
303600,5300.78,-243.56,-239.9,43.23,19.57,7.74,29.57,0.18,35.63,27.33
303700,5287.05,-242.89,-238.94,43.31,19.11,7.68,30.17,0.79,33.99,26.74
303800,5296.21,-243.81,-239.56,43.17,18.89,8.08,29.85,0.46,42.09,27.68
303900,5293.71,-243.52,-239.86,43.27,18.35,7.78,29.97,0.59,41.08,26.82
304000,5303.69,-244.39,-239.98,43.19,18.21,7.94,29.97,0.59,45.28,27.17
304100,5285.39,-243.81,-239.15,43.49,17.61,7.7,30.03,0.65,43.09,27.64
304200,5296.21,-242.48,-239.52,43.09,17.49,8.06,29.95,0.56,41.66,27.49
304300,5282.48,-240.9,-240.06,43.35,17.22,7.6,29.9,0.51,42.93,27.96
304400,5286.64,-241.27,-239.56,43.21,16.86,7.78,29.67,0.28,35.47,27.17
304500,5284.97,-241.06,-240.15,43.49,16.82,7.7,30.06,0.67,40.27,27.56
304600,5298.7,-242.93,-240.11,43.37,15.94,7.82,29.87,0.48,29.2,27.92
304700,5280.4,-242.02,-239.4,43.37,16,7.52,29.81,0.42,42.55,27.64
304800,5297.04,-242.64,-239.15,43.19,15.32,8,29.78,0.4,47.32,27.76
304900,5288.3,-244.14,-239.52,43.45,14.98,7.7,29.63,0.24,45.48,27.37
305000,5296.21,-243.02,-239.61,43.21,13.37,7.42,29.67,0.28,42.66,28.19
305100,5297.45,-242.35,-239.27,43.47,12.63,7.28,29.7,0.32,39.81,27.1
305200,5305.36,-242.81,-239.15,43.67,11.61,7.62,29.84,0.45,45.86,27.88
305300,5297.45,-242.97,-239.44,43.27,10.49,7.5,29.65,0.26,36.83,27.96
305400,5305.36,-243.52,-239.9,43.45,9.46,7.56,29.77,0.38,36.09,28.39
305500,5279.56,-241.31,-239.81,43.51,8.58,7.02,29.64,0.26,39.42,27.6
305600,5294.54,-241.14,-239.65,43.43,7.78,7.5,29.76,0.37,25.65,28.11
305700,5296.21,-243.27,-239.07,43.55,7.18,7.26,29.44,0.05,48.74,27.96
305800,5284.97,-240.9,-239.36,43.39,6.34,7.34,29.73,0.34,41.2,27.76
305900,5286.64,-241.94,-239.23,43.23,5.79,7.32,29.48,0.09,43.05,28.23
306000,5294.13,-242.6,-240.02,43.31,5.27,7.62,29.54,0.15,37.8,27.8
306100,5289.55,-240.77,-239.61,43.71,5.27,7.28,29.78,0.39,37.76,27.45
306200,5298.29,-243.39,-239.07,43.31,4.75,7.54,29.43,0.04,41.28,28.23
306300,5296.21,-243.56,-238.98,43.31,4.73,7.46,29.54,0.15,36.98,28.35
306400,5291.63,-242.73,-239.65,43.19,4.57,7.36,29.16,-0.23,39.34,29.05
306500,5294.13,-240.56,-239.61,43.45,4.27,7.4,29.5,0.11,28.7,27.88
306600,5297.87,-242.6,-239.44,43.37,4.17,7.6,29.14,-0.25,46.82,28.31
306700,5292.05,-242.02,-239.61,43.35,3.73,7.4,29.42,0.03,36.75,28.5
306800,5291.21,-242.97,-239.4,43.33,3.51,7.32,29.33,-0.06,43.4,28.7
306900,5303.28,-243.93,-238.98,43.61,3.59,7.56,29.47,0.09,47.9,27.84
307000,5294.13,-242.64,-238.82,43.41,3.01,7.3,29.29,-0.1,30.84,28.35
307100,5292.46,-240.9,-239.73,43.39,3.33,7.5,29.68,0.29,38.22,28.39
307200,5287.05,-241.06,-240.31,43.37,2.97,7.48,29.41,0.03,42.63,28.66
307300,5290.38,-241.14,-239.61,43.45,2.97,7.66,29.42,0.03,38.76,28.93
307400,5288.3,-241.73,-239.48,43.21,2.83,7.46,29.22,-0.17,36.87,28.23
307500,5297.87,-244.14,-239.11,43.43,2.83,7.44,29.37,-0.02,33.68,28.74
307600,5291.63,-242.6,-239.31,43.67,2.83,7.2,29.39,0,39.77,28.62
307700,5287.47,-241.6,-239.48,43.59,2.83,7.42,29.36,-0.03,32.98,28.81
307800,5281.23,-242.1,-239.31,43.21,2.61,7.12,29.34,-0.05,36.87,28.66
307900,5291.21,-243.97,-239.4,43.37,2.5,7.36,29.59,0.2,38.26,28.93
308000,5284.14,-241.77,-239.15,43.27,2.38,7.28,29.42,0.03,41.2,28.7
308100,5295.37,-243.14,-239.11,43.29,2.57,7.52,29.54,0.15,40.93,28.58
308200,5290.8,-242.85,-240.15,43.63,2.61,7.64,29.3,-0.09,40.31,29.01
308300,5300.37,-243.02,-238.98,43.43,2.3,7.44,29.53,0.15,37.1,29.32
308400,5295.37,-242.97,-239.48,43.25,2.5,7.38,29.42,0.03,39.61,28.85
308500,5283.31,-241.94,-239.31,43.65,2.61,7.52,29.64,0.25,34.97,29.2
308600,5287.47,-242.39,-239.56,43.19,2.48,7.34,29.48,0.09,38.49,29.09
308700,5290.38,-241.81,-239.15,43.19,2.3,7.06,29.52,0.13,44.55,28.62
308800,5294.54,-243.1,-239.94,43.45,2.56,7.48,29.47,0.09,33.18,29.4
308900,5294.54,-243.22,-240.06,43.69,2.44,7.62,29.67,0.28,40.31,28.78
309000,5291.21,-241.02,-239.73,43.27,2.59,7.36,29.82,0.43,37.37,29.56
309100,5281.23,-241.64,-239.15,43.35,2.46,7.38,29.57,0.19,32.87,29.4
309200,5301.61,-242.73,-239.23,43.31,2.48,7.4,29.82,0.44,39.11,29.6
309300,5292.46,-242.18,-240.35,43.27,2.32,7.32,29.84,0.45,42.39,29.56
309400,5299.12,-241.64,-239.11,43.43,2.5,7.28,29.98,0.59,30.96,29.28
309500,5286.64,-244.06,-239.07,43.23,2.44,7.36,29.5,0.11,43.2,29.36
309600,5280.81,-241.52,-239.02,43.57,2.32,7.46,30.02,0.63,39.58,29.63
309700,5294.13,-243.47,-239.9,43.29,1.32,7.54,29.82,0.43,34.93,29.48
309800,5294.54,-242.18,-239.65,43.57,1.24,7.5,30.07,0.68,40.23,29.28
309900,5299.95,-241.27,-238.9,43.49,1.4,7.3,29.78,0.39,40.77,29.17
310000,5298.7,-240.81,-239.19,43.25,1.4,7.4,30.13,0.74,45.13,29.24
310100,5293.71,-241.77,-240.06,43.23,1.26,7.38,29.93,0.54,36.98,29.67
310200,5297.04,-241.69,-239.15,43.47,1.6,7.32,30.09,0.71,48.17,29.36
310300,5293.71,-242.77,-239.61,43.31,1.42,7.42,29.84,0.46,41.12,29.99
310400,5292.05,-242.39,-239.77,43.65,1.12,7.34,30.07,0.69,43.28,30.41
310500,5299.12,-241.81,-239.61,43.45,1.44,7.52,29.88,0.49,48.4,29.79
310600,5291.63,-241.19,-239.27,43.41,1.32,7.38,30.04,0.65,37.25,29.48
310700,5285.39,-243.35,-239.44,43.71,1.44,7.34,29.99,0.6,42.97,30.1
310800,5294.96,-242.56,-239.81,43.29,1.6,7.32,30.05,0.66,34.34,29.6
310900,5296.21,-241.73,-239.36,43.35,1.52,7.46,30.06,0.67,33.37,29.44
311000,5292.88,-242.89,-239.36,43.45,1.6,7.36,29.9,0.51,43.71,30.06
311100,5289.55,-242.77,-239.36,43.35,1.7,7.34,30.01,0.63,44.55,30.14
311200,5291.63,-243.68,-239.94,43.31,1.46,7.28,29.95,0.56,40.5,30.06
311300,5298.29,-242.14,-239.23,43.51,1.48,7.5,30.03,0.64,39.38,30.1
311400,5291.21,-241.81,-239.73,43.25,1.46,7.46,29.97,0.58,46.13,29.56
311500,5298.7,-242.77,-239.56,43.45,1.58,7.62,30.11,0.73,38.8,30.41
311600,5292.88,-242.68,-239.52,43.45,1.44,7.36,29.72,0.33,40.97,30.76
311700,5294.54,-242.1,-239.23,43.39,1.54,7.46,30.17,0.79,39.15,30.02
311800,5287.05,-242.97,-239.98,43.39,1.64,7.24,29.72,0.34,44.78,30.02
311900,5295.79,-242.68,-239.4,43.45,1.64,7.44,30.04,0.65,43.05,30.18
312000,5286.64,-242.89,-239.52,43.29,1.66,7.5,29.76,0.38,38.45,30.38
312100,5288.3,-242.23,-239.56,43.25,1.72,7.5,30.04,0.65,37.45,29.79
312200,5292.05,-242.93,-239.44,43.39,2.02,7.42,29.84,0.45,40.04,29.95
312300,5295.79,-242.77,-239.36,43.49,1.98,7.42,30.02,0.63,34.58,30.45
312400,5295.37,-242.56,-239.94,43.37,1.66,7.26,29.59,0.2,45.98,30.49
312500,5285.39,-241.85,-238.98,43.43,1.66,7.58,29.71,0.32,43.78,29.91
312600,5289.55,-242.14,-239.19,43.41,1.82,7.42,29.35,-0.04,44.9,30.53
312700,5290.38,-242.85,-239.81,43.35,1.92,7.4,29.79,0.4,41.58,30.14
312800,5290.38,-241.48,-239.02,43.47,1.7,7.28,29.41,0.02,40.16,30.69
312900,5295.79,-241.48,-239.31,43.43,1.94,7.5,29.69,0.3,38.76,30.61
313000,5296.62,-241.56,-239.77,43.41,1.8,7.28,29.42,0.03,41.12,30.1
313100,5299.95,-241.27,-239.65,43.25,2.2,7.24,29.58,0.19,43.97,30.92
313200,5300.78,-240.19,-239.86,43.37,1.92,7.24,29.27,-0.12,41.97,30.57
313300,5295.79,-243.22,-239.69,43.49,2.02,7.34,29.37,-0.02,43.9,31
313400,5293.29,-241.98,-239.4,43.23,2.34,7.24,29.45,0.06,37.14,30.1
313500,5289.97,-242.64,-239.44,43.43,1.92,7.48,29.52,0.13,40.12,30.53
313600,5291.63,-242.64,-239.44,43.45,2.18,7.36,29.55,0.17,49.97,31.04
313700,5290.8,-242.48,-239.36,43.33,2.24,7.38,29.52,0.13,40.04,31.31
313800,5303.69,-242.48,-239.77,43.19,2.02,7.58,29.6,0.21,39.81,30.92
313900,5288.3,-241.73,-239.81,43.29,1.98,7.24,29.51,0.12,47.71,30.61
314000,5293.71,-241.81,-239.65,43.53,2.12,7.44,29.55,0.16,36.75,31.04
314100,5292.05,-241.02,-239.31,43.27,2.24,7.44,29.48,0.09,43.94,31.04
314200,5293.29,-242.1,-239.73,43.27,2.08,7.36,29.49,0.1,45.59,31.15
314300,5294.96,-242.14,-239.44,43.27,2.12,7.4,29.28,-0.11,40.97,31.27
314400,5292.46,-243.31,-239.31,43.57,2.18,7.4,29.52,0.13,33.76,30.41
314500,5288.72,-242.56,-239.52,43.37,2.08,7.38,29.45,0.07,29.44,30.96
314600,5298.29,-243.72,-239.61,43.45,2.28,7.44,29.42,0.03,34.11,30.61
314700,5292.46,-241.64,-239.61,43.47,2.18,7.56,29.32,-0.07,30.92,30.73
314800,5290.8,-241.89,-239.19,43.29,2.59,7.32,29.34,-0.05,41.28,31.7
314900,5295.37,-243.31,-239.61,43.53,2.24,7.26,29.37,-0.02,40.39,30.84
315000,5295.37,-241.89,-239.86,43.51,1.88,7.46,29.53,0.14,34.03,32.05
315100,5293.29,-242.85,-239.36,43.63,2.28,7.28,29.3,-0.09,34.81,30.92
315200,5290.8,-242.68,-239.27,43.39,2.26,7.5,29.39,0,41.35,30.18
315300,5293.71,-242.43,-239.36,43.25,2.1,7.3,29.29,-0.1,41.78,30.88
315400,5291.21,-242.35,-239.56,43.55,2.08,7.56,29.68,0.29,41.7,31.31
315500,5291.63,-241.77,-239.52,43.27,2.63,7.4,29.36,-0.03,33.1,30.57
315600,5289.97,-241.77,-239.31,43.37,2.08,7.42,29.6,0.21,48.36,31.08
315700,5288.3,-241.27,-239.02,43.31,2.22,7.26,29.38,-0.01,38.22,31.39
315800,5293.29,-241.02,-239.15,43.33,2.02,7.32,29.66,0.27,35.86,31.39
315900,5298.29,-241.19,-239.61,33.24,21.74,6.49,29.32,-0.07,33.53,29.87
316000,5289.55,-241.89,-239.52,33.68,26.43,6.49,29.58,0.19,31.04,28.46
316100,5293.71,-242.06,-239.36,34.2,30.9,6.51,29.39,0,36.87,26.04
316200,5289.13,-242.14,-239.61,38.86,36.1,6.43,29.42,0.03,30.76,21.57
316300,5290.38,-241.56,-239.4,40.98,38.68,6.09,29.41,0.02,47.24,19.72
316400,5291.63,-242.35,-239.19,41.5,40.15,6.31,29.59,0.2,37.45,19.01
316500,5286.22,-241.81,-239.15,41.74,40.51,6.15,29.32,-0.07,31.54,19.17
316600,5289.97,-242.02,-239.52,41.78,40.63,6.27,29.46,0.07,43.24,19.09
316700,5289.13,-241.98,-239.69,41.66,40.59,6.05,29.26,-0.13,37.02,18.77
316800,5289.97,-242.39,-238.86,41.58,40.41,6.07,29.59,0.2,45.51,19.01
316900,5288.72,-241.06,-239.15,41.84,40.31,6.55,29.51,0.12,44.55,18.58
317000,5295.79,-241.73,-239.4,41.5,40.53,6.19,29.35,-0.03,33.99,18.34
317100,5292.46,-240.81,-239.56,41.72,40.19,6.15,29.55,0.16,33.72,18.69
317200,5291.63,-242.48,-239.27,41.56,40.67,6.29,29.41,0.03,45.25,18.38
317300,5295.37,-242.27,-239.52,41.46,40.47,6.15,29.59,0.2,35.9,18.81
317400,5294.54,-241.69,-239.48,41.62,40.43,6.01,29.51,0.13,46.55,18.93
317500,5297.87,-241.94,-239.61,41.58,40.41,6.27,29.63,0.24,43.51,19.25
317600,5293.71,-241.81,-239.11,41.84,40.67,6.25,29.65,0.26,38.45,18.89
317700,5289.97,-241.48,-239.23,41.72,40.67,6.11,29.7,0.32,40.46,18.58
317800,5283.31,-243.35,-239.44,41.72,40.63,6.29,29.65,0.26,37.91,19.13
317900,5294.96,-243.22,-239.15,41.86,40.59,6.43,29.79,0.4,37.02,19.21
318000,5290.38,-241.81,-238.98,41.68,40.61,6.27,29.59,0.21,35.97,18.81
318100,5292.46,-241.94,-239.15,41.54,40.37,6.05,29.84,0.45,31.19,18.5
318200,5289.97,-241.81,-239.52,41.44,40.55,6.11,29.58,0.19,45.01,19.13
318300,5286.22,-242.14,-239.73,41.58,40.63,6.17,30.03,0.64,46.4,19.09
318400,5289.97,-242.1,-239.61,41.86,40.37,6.39,29.46,0.07,31.82,18.54
318500,5291.63,-241.94,-239.77,41.56,40.49,6.13,29.95,0.56,39.58,18.77
318600,5291.21,-242.27,-239.31,42.19,40.89,6.21,29.66,0.27,43.55,18.3
318700,5292.88,-241.98,-239.4,42.1,41.07,6.07,29.9,0.51,43.47,18.58
318800,5290.38,-240.69,-239.94,42.43,41.21,5.71,29.93,0.55,38.8,18.34
318900,5289.55,-242.43,-239.52,42.25,41.07,6.15,30,0.61,30.18,19.09
319000,5283.31,-241.52,-239.56,42.41,41.19,6.03,29.88,0.5,43.9,18.73
319100,5293.29,-242.1,-239.15,42.14,40.93,6.51,29.99,0.61,40.12,18.81
319200,5291.21,-242.39,-239.36,42.33,41.11,6.13,29.78,0.4,36.01,19.4
319300,5300.78,-242.1,-239.52,42.27,41.13,5.95,30.11,0.72,35.63,18.93
319400,5293.71,-241.77,-239.65,42.29,41.17,6.03,29.74,0.35,29.6,18.54
319500,5294.13,-242.64,-239.23,42.97,41.69,7.5,29.98,0.59,38.88,19.21
319600,5289.55,-241.06,-239.23,42.77,41.71,8,29.69,0.3,44.44,19.17
319700,5293.71,-242.06,-239.4,42.79,41.63,7.7,29.93,0.55,42.66,18.5
319800,5293.29,-241.85,-239.81,43.03,40.69,7.56,29.99,0.61,36.4,18.54
319900,5287.05,-241.81,-239.31,43.03,40.03,7.7,30.1,0.71,42.93,18.77
320000,5292.46,-242.68,-239.4,42.69,39.33,7.68,29.74,0.35,46.25,18.42
320100,5293.29,-242.02,-239.61,42.89,39.04,7.76,30.05,0.66,41.12,18.65
320200,5293.71,-242.14,-239.65,42.87,38.62,7.98,29.84,0.45,40.97,18.62
320300,5295.79,-242.97,-239.48,43.13,38.06,7.54,29.92,0.53,37.52,18.69
320400,5297.04,-241.77,-239.69,43.01,37.7,7.74,29.84,0.45,44.17,18.81
320500,5289.13,-242.73,-239.36,43.09,36.94,7.76,29.72,0.34,49.01,18.26
320600,5290.8,-243.02,-239.77,43.31,36.34,7.58,30.17,0.78,44.78,18.65
320700,5298.29,-242.1,-239.9,42.91,36.2,7.9,29.47,0.09,38.92,18.77
320800,5294.96,-241.1,-239.4,42.95,35.41,7.82,30.01,0.62,41.16,19.05
320900,5296.62,-242.68,-239.98,42.49,35.05,7.92,29.66,0.27,40.93,19.13
321000,5286.64,-240.69,-239.31,42.91,34.59,7.86,30.14,0.75,36.25,18.38
321100,5298.7,-242.35,-239.4,42.95,34.07,7.64,30,0.61,49.7,18.85
321200,5289.97,-243.27,-239.73,42.83,33.41,7.82,29.9,0.51,43.55,18.5
321300,5290.8,-242.06,-239.48,43.09,33.29,7.66,29.63,0.24,43.36,18.26
321400,5295.37,-241.81,-239.77,42.87,32.79,7.72,29.8,0.42,40.31,19.48
321500,5292.88,-242.31,-239.07,42.71,31.89,7.64,29.63,0.24,32.83,18.46
321600,5295.37,-241.85,-239.36,42.65,31.62,7.82,29.77,0.38,37.49,18.97
321700,5291.21,-243.31,-239.94,42.97,31.16,8,29.63,0.24,48.67,18.62
321800,5290.8,-241.35,-238.65,42.81,31.24,7.42,30,0.61,35.7,19.29
321900,5293.29,-242.27,-240.15,42.73,30.44,8,29.37,-0.01,42.39,18.65
322000,5292.46,-240.94,-239.19,42.85,30.04,7.68,29.45,0.06,38.88,18.46
322100,5296.62,-242.56,-239.86,43.07,29.52,7.9,29.62,0.23,45.25,19.36
322200,5294.96,-241.14,-239.11,42.97,28.94,7.9,29.3,-0.09,40.7,18.38
322300,5293.71,-242.68,-239.07,43.05,28.48,7.44,29.61,0.22,32.24,18.85
322400,5290.8,-243.1,-240.06,42.89,27.85,7.66,29.5,0.11,39.15,18.73
322500,5287.88,-242.18,-239.73,43.05,27.33,7.7,29.61,0.22,46.9,19.68
322600,5287.88,-242.6,-239.19,42.89,27.47,7.84,29.47,0.08,37.14,17.95
322700,5297.04,-241.23,-239.27,42.89,26.41,7.6,29.14,-0.24,37.14,18.5
322800,5292.88,-242.85,-239.36,42.81,26.03,7.54,29.16,-0.22,45.09,19.29
322900,5291.21,-242.27,-239.56,42.83,25.81,7.72,29.66,0.28,39.69,18.62
323000,5285.81,-242.35,-239.9,42.91,25.31,7.7,29.34,-0.05,37.29,18.69
323100,5294.54,-241.27,-239.4,43.15,24.63,7.2,29.58,0.19,37.91,19.21
323200,5294.13,-242.02,-239.19,42.79,24.36,7.72,29.22,-0.16,38.49,18.18
323300,5290.8,-243.35,-239.94,42.85,23.94,7.8,29.61,0.22,39.58,18.69
323400,5289.13,-242.85,-239.61,42.77,23.4,7.88,29.3,-0.09,30.65,19.09
323500,5288.72,-242.43,-238.98,42.83,23.12,7.58,29.32,-0.07,42.2,19.09
323600,5294.96,-240.56,-238.69,43.29,22.4,7.72,29.32,-0.07,31.39,18.62
323700,5289.97,-241.64,-239.31,43.13,22.26,8.02,29.32,-0.07,47.59,18.77
323800,5290.38,-242.81,-239.07,42.97,21.94,7.76,29.26,-0.13,41.85,19.4
323900,5297.87,-241.81,-239.23,42.83,21.26,7.68,29.55,0.17,32.32,18.77
324000,5294.96,-241.48,-239.23,42.87,20.75,7.8,29.45,0.06,32.63,18.65
324100,5287.47,-242.14,-238.77,42.85,20.63,7.7,29.61,0.22,43.82,18.85
324200,5284.56,-241.52,-239.9,42.87,20.27,7.9,29.43,0.05,36.79,18.77
324300,5289.97,-242.31,-239.27,42.97,20.07,8.08,29.71,0.32,47.78,18.93
324400,5299.12,-242.23,-239.31,42.75,19.57,7.62,29.37,-0.02,42.12,19.01
324500,5292.05,-240.52,-239.65,42.91,19.37,7.76,29.32,-0.07,41.89,19.17
324600,5294.13,-240.52,-239.23,42.85,18.91,7.76,29.64,0.26,36.36,18.81
324700,5284.97,-242.35,-238.82,43.07,18.53,7.66,29.61,0.22,40,18.93
324800,5285.81,-240.35,-239.65,43.09,18.45,7.56,29.22,-0.16,48.55,18.42
324900,5287.47,-240.69,-239.36,42.83,18.17,7.64,29.67,0.28,31.27,19.29
325000,5297.04,-243.14,-239.15,42.87,17.81,7.58,29.49,0.1,37.6,18.93
325100,5286.64,-242.81,-239.36,42.81,17.35,7.78,29.56,0.17,38.14,19.05
325200,5287.05,-243.64,-238.61,42.77,17.08,7.62,29.59,0.2,39.19,19.4
325300,5296.21,-242.56,-239.19,43.15,16.62,7.56,29.47,0.09,45.36,18.97
325400,5288.72,-241.35,-239.61,43.11,16.38,7.6,29.72,0.34,47.01,19.21
325500,5286.22,-242.06,-239.65,42.81,16.2,7.72,29.31,-0.08,36.32,19.6
325600,5302.45,-243.85,-238.94,42.85,15.66,7.88,30,0.61,39.19,19.17
325700,5301.61,-243.27,-239.36,42.91,15.5,7.7,29.39,0.01,37.76,19.52
325800,5295.37,-242.68,-239.23,42.89,15,7.8,30.12,0.73,38.03,20.31
325900,5284.14,-242.6,-240.02,42.83,15.02,7.96,29.63,0.24,41.62,19.29
326000,5288.3,-242.48,-239.15,42.67,14.58,7.86,30.02,0.63,36.25,20.19
326100,5284.56,-241.6,-239.61,42.89,14.8,7.78,29.86,0.48,41.74,19.48
326200,5291.63,-242.81,-239.27,43.05,14.52,7.62,30.17,0.79,37.14,19.13
326300,5297.87,-241.98,-239.81,43.13,14.14,7.54,30.05,0.67,43.28,19.17
326400,5287.47,-243.85,-239.61,42.95,14.06,7.9,29.9,0.51,37.33,19.52
326500,5293.71,-243.6,-238.9,42.99,13.84,7.52,29.95,0.57,35.39,19.17
326600,5288.72,-240.6,-239.94,42.87,13.76,7.56,29.9,0.51,40.93,19.95
326700,5304.53,-242.35,-238.94,42.85,13.6,7.84,30.15,0.77,30.96,19.48
326800,5300.78,-242.14,-239.23,42.79,13.21,7.82,30.11,0.72,40.77,19.05
326900,5292.88,-241.1,-239.69,42.95,12.87,7.6,30.15,0.76,41.78,19.64
327000,5292.88,-243.22,-239.36,42.87,12.81,7.88,29.78,0.4,35.12,19.17
327100,5287.05,-242.06,-239.65,42.91,12.67,7.82,29.93,0.54,44.63,19.95
327200,5298.7,-242.35,-239.23,42.89,12.69,7.68,29.82,0.44,34.27,19.36
327300,5290.8,-240.98,-239.15,42.91,12.09,7.72,30.15,0.76,39.81,19.64
327400,5294.13,-241.35,-239.77,43.01,12.07,7.98,29.65,0.26,38.61,19.8
327500,5297.87,-243.31,-239.52,42.69,11.95,7.6,29.69,0.3,41.7,19.44
327600,5290.8,-242.39,-239.19,42.85,11.37,7.78,29.7,0.31,52,20.31
327700,5299.53,-243.97,-238.94,43.17,11.45,7.84,29.83,0.44,33.06,19.68
327800,5293.29,-241.89,-239.56,42.71,11.33,7.84,29.68,0.3,37.37,19.64
327900,5289.97,-242.77,-239.52,42.93,11.01,7.44,29.89,0.5,36.21,19.56
328000,5292.05,-242.85,-239.73,42.87,10.95,7.66,29.48,0.09,38.11,19.01
328100,5284.14,-239.98,-239.19,42.87,10.51,7.58,29.82,0.44,46.21,19.32
328200,5290.8,-242.18,-239.56,42.89,10.27,7.74,29.61,0.22,42.74,19.8
328300,5297.87,-242.73,-239.07,42.79,10.33,7.66,29.64,0.26,35.12,20.11
328400,5287.88,-242.73,-239.4,43.01,10.23,7.86,29.64,0.25,44.71,19.92
328500,5297.45,-241.56,-239.81,43.05,9.88,7.52,29.64,0.26,48.9,19.36
328600,5292.46,-241.89,-239.73,43.07,9.52,7.62,29.24,-0.14,41.93,19.52
328700,5295.37,-243.85,-239.86,43.11,9.4,7.82,29.75,0.36,43.17,19.4
328800,5289.55,-241.27,-239.56,42.87,9.48,7.78,29.64,0.25,35.28,20.31
328900,5302.45,-243.14,-239.44,42.71,9.5,7.64,29.58,0.19,37.06,20.11
329000,5284.14,-240.98,-239.56,42.89,8.98,7.92,29.57,0.19,35.97,20.03
329100,5295.37,-242.35,-238.77,42.83,9.04,7.58,29.55,0.16,35.43,19.52
329200,5304.94,-242.35,-239.44,42.93,9.06,7.4,29.55,0.16,42.9,20.19
329300,5299.53,-242.23,-239.52,43.05,8.72,7.78,29.59,0.21,39.81,19.92
329400,5297.87,-241.06,-239.44,42.89,8.74,7.82,29.61,0.22,39.73,19.92
329500,5289.55,-243.1,-239.23,42.99,8.58,7.36,29.22,-0.17,40.04,19.48
329600,5297.45,-241.44,-239.02,42.87,8.6,7.66,29.41,0.02,43.9,19.84
329700,5287.88,-241.14,-239.02,42.75,8.32,7.92,29.64,0.25,41.85,19.8
329800,5297.04,-241.14,-239.48,43.05,8.4,7.5,29.41,0.03,35.12,20.03
329900,5297.87,-241.44,-239.23,43.05,7.64,7.8,29.64,0.26,34.62,20.03
330000,5294.13,-241.81,-239.15,42.81,8.14,7.72,29.63,0.24,42.43,19.68
330100,5295.37,-241.56,-239.27,42.99,8.1,7.86,29.35,-0.04,33.18,20.23
330200,5285.39,-241.35,-239.48,43.09,7.94,7.72,29.78,0.4,51.96,19.56
330300,5289.13,-242.64,-239.73,42.85,7.8,7.64,29.3,-0.09,41.39,19.68
330400,5294.54,-242.23,-240.15,43.05,8.06,7.44,29.53,0.15,39.92,20.58
330500,5298.7,-243.39,-239.73,42.91,7.82,7.52,29.39,0.01,35.51,20.47
330600,5284.97,-241.44,-239.31,42.87,8.16,7.7,29.45,0.06,43.05,20.15
330700,5296.62,-241.23,-239.36,42.83,7.72,7.56,29.45,0.06,38.88,20.03
330800,5297.87,-240.85,-239.61,43.05,7.64,7.78,29.88,0.49,42.32,19.76
330900,5294.54,-242.73,-239.27,43.19,7.78,7.76,29.36,-0.03,42.55,20.58
331000,5284.56,-243.35,-239.27,42.99,7.58,7.42,29.45,0.06,33.57,20.23
331100,5281.64,-240.4,-239.07,42.97,7.64,7.64,29.43,0.05,47.4,20.54
331200,5296.62,-241.52,-239.69,43.27,7.78,7.82,29.61,0.22,41.62,19.6
331300,5293.71,-243.39,-238.94,42.97,7.62,7.7,29.47,0.08,30.69,20.7
331400,5293.71,-242.14,-238.94,43.03,8,7.46,29.68,0.3,38.88,19.99
331500,5293.71,-242.06,-239.19,42.85,7.66,7.5,29.38,-0.01,34.31,19.6
331600,5297.04,-242.1,-239.77,42.71,7.68,7.62,29.4,0.01,40.35,20.51
331700,5294.13,-241.35,-239.4,43.01,7.6,7.72,29.37,-0.01,45.13,20.35
331800,5296.62,-242.89,-239.81,42.95,7.72,7.7,29.71,0.32,43.28,20.7
331900,5293.29,-241.52,-239.31,42.99,7.52,7.62,29.35,-0.03,35.31,20.43
332000,5294.96,-242.43,-239.19,43.07,7.6,7.68,29.88,0.5,32.48,20.07
332100,5286.22,-242.6,-238.57,42.95,7.68,7.66,29.43,0.05,41.39,20.03
332200,5296.62,-241.35,-239.77,43.03,7.76,8.1,29.61,0.22,48.13,20.54
332300,5296.62,-241.23,-240.52,42.71,7.7,7.82,29.24,-0.14,38.69,20.78
332400,5292.46,-241.73,-240.02,43.11,7.6,7.9,29.84,0.45,41.93,20.78
332500,5300.37,-242.73,-239.73,42.83,7.4,7.72,29.43,0.05,41.39,20.19
332600,5296.62,-242.68,-239.48,43.01,7.54,7.62,29.76,0.38,38.45,20.62
332700,5289.55,-242.81,-239.48,43.03,7.72,7.7,29.59,0.21,42.2,20.31
332800,5295.37,-242.77,-239.94,42.75,7.6,8,29.72,0.33,44.71,21.06
332900,5298.29,-243.39,-239.44,43.11,7.46,7.56,29.55,0.16,41.97,20.82
333000,5292.88,-242.02,-239.44,43.09,7.44,7.6,29.83,0.44,49.74,20.58
333100,5299.12,-242.14,-240.35,42.93,7.56,7.76,29.3,-0.09,35.94,20.82
333200,5290.38,-242.31,-239.36,43.01,7.62,7.98,29.61,0.22,38.07,20.9
333300,5289.97,-243.27,-239.11,42.89,7.66,7.6,29.54,0.15,41.16,19.76
333400,5296.62,-242.81,-239.23,42.97,7.56,8.02,29.57,0.18,46.17,20.43
333500,5302.45,-243.31,-240.15,42.87,7.54,8.08,29.49,0.11,30.84,21.21
333600,5295.37,-241.56,-240.02,42.91,7.48,7.9,29.39,0.01,33.92,20.47
333700,5299.12,-242.18,-239.69,42.85,7.56,7.74,29.45,0.07,43.55,22.08
333800,5296.21,-242.89,-239.77,42.93,7.52,7.82,29.43,0.05,41.12,21.37
333900,5297.45,-241.94,-239.31,42.81,7.72,7.76,29.54,0.15,39.15,20.58
334000,5303.28,-242.14,-240.23,42.75,7.42,8.14,29.68,0.29,40.16,20.58
334100,5292.46,-241.02,-239.52,43.01,7.54,7.92,29.81,0.42,32.24,20.11
334200,5301.2,-242.14,-239.65,42.83,7.52,7.9,29.56,0.17,46.21,21.25
334300,5300.78,-242.64,-239.31,43.13,7.54,7.54,29.79,0.4,30.41,21.21
334400,5289.55,-240.65,-239.23,42.97,7.62,7.66,29.77,0.38,32.83,21.02
334500,5288.3,-240.85,-239.52,42.95,7.54,7.74,29.98,0.59,44.63,21.02
334600,5295.37,-241.52,-239.81,42.97,7.72,7.62,29.63,0.24,41.55,21.02
334700,5291.63,-240.98,-239.69,43.01,7.4,7.86,29.85,0.46,38.53,20.51
334800,5294.54,-244.18,-239.36,42.79,7.42,7.72,29.74,0.36,41.62,21.06
334900,5296.21,-242.35,-239.31,43.17,7.68,7.42,30.17,0.79,32.79,20.74
335000,5292.46,-243.47,-239.65,42.89,7.58,8.06,29.74,0.35,41.7,20.9
335100,5302.45,-242.18,-239.69,42.77,7.42,7.74,30.02,0.63,40.08,21.53
335200,5298.7,-243.31,-239.23,42.79,7.62,7.34,29.99,0.6,38.18,21.29
335300,5290.8,-241.52,-240.23,43.09,7.74,7.64,30.08,0.69,36.44,20.86
335400,5289.55,-240.9,-238.94,42.91,7.38,7.52,29.76,0.37,40.16,21.06
335500,5296.62,-243.14,-238.98,42.73,7.28,7.34,30.05,0.66,45.98,21.13
335600,5289.13,-241.56,-240.11,43.05,7.66,7.56,29.65,0.26,43.51,21.06
335700,5304.94,-243.35,-239.31,43.17,7.28,7.58,30.21,0.82,39.61,20.7
335800,5288.3,-241.52,-238.9,42.89,7.64,7.44,29.74,0.35,43.51,22.12
335900,5300.78,-243.22,-239.98,43.13,7.7,7.84,30.04,0.65,32.87,20.7
336000,5293.71,-243.31,-239.48,42.81,7.7,7.74,29.83,0.44,44.05,20.82
336100,5292.05,-242.52,-239.56,42.69,7.62,7.68,30.09,0.7,42.74,21.41
336200,5302.03,-242.93,-239.56,42.91,7.48,7.66,29.84,0.46,37.02,20.47
336300,5296.21,-242.93,-239.9,42.93,7.56,7.88,29.95,0.56,45.21,20.74
336400,5292.88,-241.56,-239.86,43.09,7.2,7.6,30.01,0.62,42.93,20.9
336500,5289.55,-243.22,-240.11,42.97,7.54,8,30.23,0.84,38.53,22
336600,5294.13,-242.23,-239.69,42.99,7.42,7.64,30.03,0.65,43.97,22.24
336700,5286.64,-243.1,-239.27,42.77,7.4,7.56,30.1,0.71,48.24,21.49
336800,5290.38,-241.14,-239.48,42.85,7.48,7.72,30.09,0.7,38.61,20.35
336900,5299.12,-241.31,-239.52,34.58,19.09,7.34,30.07,0.68,40.89,19.84
337000,5284.56,-241.77,-239.36,34.2,25.81,7.12,30.03,0.64,41.93,19.44
337100,5290.38,-241.64,-239.4,34.14,30.44,6.91,30.07,0.68,39.96,17.87
337200,5287.05,-241.77,-239.4,37.27,34.69,7.16,29.99,0.61,39.89,17.47
337300,5294.54,-242.6,-239.4,39.62,37.36,7.12,29.81,0.42,37.52,16.53
337400,5304.11,-241.19,-239.31,41.04,39.93,7.12,30.03,0.65,40.58,16.33
337500,5290.38,-242.6,-239.4,41.6,41.39,7.28,29.76,0.38,34.77,16.68
337600,5289.97,-242.39,-239.56,41.94,41.49,7.46,30.06,0.67,35.86,17.31
337700,5292.46,-242.6,-239.94,42.1,41.69,7.1,29.84,0.45,33.92,16.88
337800,5300.37,-242.64,-239.94,42.27,41.97,6.89,30.03,0.64,45.09,17.79
337900,5297.04,-242.39,-240.02,42.57,42.05,7.34,29.77,0.38,30.92,18.1
338000,5292.05,-242.6,-239.94,42.59,42.25,7.46,29.92,0.53,45.98,18.1
338100,5291.21,-243.43,-240.02,42.65,42.27,7.38,29.96,0.57,39.3,17.95
338200,5298.29,-242.27,-239.81,42.69,42.19,7.36,30.03,0.64,40.97,17.95
338300,5294.96,-242.39,-240.11,42.67,42.43,7.4,29.98,0.59,38.03,17.79
338400,5293.29,-242.1,-239.4,42.81,42.43,7.42,30.07,0.69,39.96,17.91
338500,5296.21,-242.97,-239.94,42.71,42.35,7.36,29.84,0.46,42.28,18.34
338600,5289.55,-241.81,-239.31,42.77,42.29,7.32,29.97,0.58,35.59,17.63
338700,5292.46,-242.23,-239.56,42.83,42.53,7.38,29.53,0.14,39.15,18.22
338800,5293.29,-242.14,-239.65,42.75,42.33,7.7,29.82,0.43,39.92,18.26
338900,5299.12,-242.23,-240.02,42.73,42.43,7.44,29.43,0.05,34.54,18.73
339000,5294.13,-243.1,-240.02,43.03,42.15,7.26,29.76,0.38,39.03,18.06
339100,5287.47,-242.85,-239.77,43.01,42.25,7.58,29.55,0.16,36.09,18.42
339200,5287.88,-242.1,-239.52,42.79,42.25,7.5,29.75,0.36,35.04,19.32
339300,5287.47,-242.64,-239.44,42.85,42.17,7.32,29.58,0.19,41.51,18.1
339400,5295.79,-242.18,-239.81,42.89,42.23,7.3,29.63,0.24,39.96,18.58
339500,5290.8,-241.98,-239.65,42.69,42.49,7.68,29.52,0.13,37.68,18.65
339600,5289.55,-242.89,-239.65,42.51,42.29,7.52,29.51,0.12,36.01,19.01
339700,5289.97,-241.14,-239.77,42.67,42.19,7.24,29.32,-0.07,44.94,19.09
339800,5286.64,-242.68,-239.15,42.79,42.45,7.58,29.47,0.09,33.22,18.1
339900,5293.71,-242.23,-239.31,42.69,42.33,7.58,29.66,0.27,44.94,18.38
340000,5292.46,-242.39,-239.48,42.67,42.21,7.64,29.33,-0.06,30.92,18.73
340100,5299.53,-243.18,-239.31,42.83,42.27,7.42,29.53,0.14,37.52,18.73
340200,5299.53,-241.94,-239.86,42.73,42.13,7.36,29.34,-0.05,42.82,19.36
340300,5294.54,-241.48,-239.56,42.79,42.23,7.38,29.54,0.15,44.28,19.09
340400,5297.87,-242.43,-239.52,42.75,42.27,7.52,29.37,-0.02,45.75,18.69
340500,5293.29,-242.14,-239.69,42.85,42.25,7.46,29.49,0.1,37.99,18.65
340600,5294.54,-242.77,-239.36,42.89,42.41,7.72,29.38,-0.01,54.07,18.5
340700,5296.21,-242.48,-239.65,42.71,42.27,7.34,29.41,0.02,40.97,19.17
340800,5297.87,-242.6,-239.73,42.81,42.31,7.42,29.26,-0.12,42.66,19.01
340900,5289.13,-241.23,-239.94,42.71,42.29,7.36,29.51,0.12,41.2,18.81
341000,5298.7,-241.77,-239.69,42.69,42.33,7.42,29.1,-0.28,39.23,18.38
341100,5294.54,-242.23,-239.23,42.93,42.13,7.44,29.78,0.4,41.2,18.22
341200,5299.95,-242.18,-239.73,42.75,42.47,7.18,29.14,-0.25,42.43,19.17
341300,5296.21,-242.64,-239.11,42.63,42.33,7.46,29.52,0.13,41.47,18.81
341400,5294.96,-241.48,-238.86,42.81,42.21,7.72,29.54,0.15,41.74,19.17
341500,5299.12,-242.6,-239.98,42.73,42.25,7.68,29.53,0.14,46.17,18.14
341600,5298.7,-242.35,-239.44,42.67,42.33,7.44,29.14,-0.25,40.5,18.14
341700,5298.29,-242.56,-239.81,43.01,42.51,7.24,29.61,0.22,47.17,18.89
341800,5297.45,-242.31,-239.73,42.71,42.37,8.1,29.25,-0.14,45.13,18.34
341900,5294.96,-242.23,-240.02,42.69,42.29,7.62,29.52,0.13,37.21,18.34
342000,5291.63,-242.56,-239.69,42.81,42.39,7.36,29.39,0,36.36,18.69
342100,5300.78,-242.52,-239.61,42.93,42.47,7.42,29.51,0.13,39.92,18.69
342200,5297.04,-241.35,-239.94,42.61,42.33,7.46,29.43,0.05,36.4,18.62
342300,5295.37,-241.98,-239.81,42.85,42.31,7.52,29.55,0.17,41.01,18.54
342400,5292.05,-241.98,-239.94,42.75,42.27,7.62,29.54,0.15,38.26,18.14
342500,5292.46,-241.48,-239.48,42.73,42.43,7.28,29.55,0.17,47.63,18.81
342600,5294.96,-241.81,-239.52,42.65,42.25,7.18,29.43,0.05,40.58,18.77
342700,5300.37,-241.64,-239.69,42.79,42.37,7.62,29.63,0.24,43.51,18.58
342800,5300.37,-242.02,-239.94,42.79,42.37,7.5,29.53,0.14,40.27,18.22
342900,5289.55,-241.81,-239.52,42.59,42.11,7.6,29.63,0.24,40.89,19.05
343000,5291.21,-242.93,-239.73,42.81,42.33,7.42,29.73,0.34,41.04,18.58
343100,5299.12,-242.39,-239.73,43.03,42.15,7.74,29.89,0.5,40.5,18.22
343200,5299.95,-242.77,-239.81,42.71,42.23,7.32,30.04,0.65,40.81,19.05
343300,5297.45,-243.27,-239.94,42.71,42.33,7.7,29.69,0.3,40.66,18.18
343400,5289.13,-242.1,-240.15,42.77,42.37,7.44,30.21,0.82,36.9,19.09
343500,5293.71,-242.6,-239.65,42.67,42.21,7.3,29.74,0.36,42.36,18.38
343600,5296.62,-242.81,-239.61,43.09,42.49,7.7,30.08,0.69,38.14,18.06
343700,5302.03,-241.94,-239.98,42.63,42.37,7.24,29.74,0.35,40.7,19.05
343800,5301.2,-242.39,-239.86,42.61,42.37,7.42,29.95,0.57,41.89,18.97
343900,5297.45,-242.14,-240.11,42.71,42.41,7.28,29.96,0.57,36.79,18.06
344000,5292.46,-241.56,-240.27,42.65,42.29,7.54,29.76,0.38,44.44,19.25
344100,5295.37,-242.06,-239.94,42.69,42.25,7.24,30.01,0.62,34.81,18.81
344200,5295.79,-242.35,-239.56,42.55,42.19,7.52,29.9,0.51,39.5,18.3
344300,5294.13,-242.6,-239.98,42.59,42.17,7.38,29.85,0.46,42.7,18.89
344400,5297.45,-242.39,-239.69,42.73,42.41,7.62,29.72,0.33,37.99,18.65
344500,5297.87,-242.64,-239.81,42.71,42.33,7.38,29.93,0.54,43.47,18.3
344600,5293.71,-243.18,-239.86,42.89,42.25,7.52,29.64,0.25,47.55,19.05
344700,5302.03,-242.68,-239.73,42.81,42.09,7.56,29.87,0.48,46.71,18.18
344800,5299.12,-242.27,-239.61,42.83,42.33,7.48,29.64,0.25,41.08,18.58
344900,5294.54,-241.6,-239.9,42.71,42.47,7.24,29.84,0.46,38.88,18.54
345000,5299.95,-242.89,-240.02,42.75,42.25,7.32,29.43,0.04,40.97,18.97
345100,5287.88,-241.73,-239.65,42.63,42.23,7.66,29.74,0.35,37.87,19.01
345200,5296.62,-242.6,-239.86,42.77,42.27,7.66,29.46,0.07,35.63,18.62
345300,5295.79,-243.27,-239.61,42.77,42.37,7.42,29.57,0.18,42.43,18.62
345400,5294.13,-242.48,-239.65,42.83,42.09,7.58,29.23,-0.16,41.74,18.5
345500,5295.79,-242.31,-239.77,42.73,42.15,7.44,29.65,0.26,48.59,18.62
345600,5295.37,-242.48,-239.81,42.79,42.29,7.28,29.42,0.03,40.7,18.34
345700,5288.3,-241.19,-240.15,42.91,42.05,8.02,29.6,0.21,42.59,18.65
345800,5296.62,-242.68,-239.69,42.73,42.11,7.64,29.52,0.13,35.94,18.85
345900,5297.04,-241.39,-239.94,42.91,42.29,7.4,29.64,0.25,42.2,18.89
346000,5298.7,-241.52,-239.48,42.81,42.27,7.42,29.39,0,44.75,18.1
346100,5300.78,-242.43,-240.19,42.65,42.33,7.84,29.28,-0.11,38.8,18.77
346200,5298.29,-242.81,-239.86,42.55,42.41,7.36,29.39,0.01,39.5,18.22
346300,5299.53,-241.77,-239.27,42.83,42.41,7.74,29.3,-0.09,43.44,18.18
346400,5295.37,-241.48,-239.86,42.69,42.43,7.52,29.41,0.03,37.25,17.83
346500,5303.28,-242.06,-239.52,42.69,42.37,7.32,29.57,0.18,37.18,18.65
346600,5293.71,-242.97,-239.94,42.73,42.35,7.42,29.31,-0.08,42.74,18.62
346700,5297.04,-241.6,-239.61,42.61,42.35,7.58,29.35,-0.04,36.98,18.1
346800,5297.87,-242.02,-239.86,42.71,42.43,7.68,29.34,-0.05,43.28,18.1
346900,5294.13,-242.52,-239.48,42.87,42.33,7.34,29.32,-0.07,26.43,18.54
347000,5299.95,-241.85,-239.61,42.85,42.31,7.24,29.51,0.13,25.49,18.62
347100,5297.87,-241.94,-239.77,42.71,42.27,7.84,29.28,-0.1,40.27,19.32
347200,5295.37,-241.23,-239.11,42.79,42.41,7.58,29.61,0.22,39.42,18.26
347300,5293.29,-240.69,-239.23,43.03,42.37,7.34,29.51,0.12,45.17,18.97
347400,5296.62,-242.89,-239.44,42.95,42.27,7.5,29.57,0.19,35.35,18.77
347500,5302.86,-242.39,-239.48,42.73,42.23,7.42,29.39,0,43.78,18.54
347600,5296.62,-240.11,-238.94,42.79,42.33,7.24,29.25,-0.14,43.74,18.42
347700,5289.97,-242.56,-239.61,42.81,42.45,7.3,29.55,0.16,38.76,18.93
347800,5297.04,-241.94,-239.36,42.61,42.35,7.32,29.52,0.13,39.11,18.06
347900,5293.71,-242.93,-240.19,42.87,42.33,7.62,29.35,-0.03,39,18.73
348000,5295.37,-241.48,-239.4,42.67,42.45,7.4,29.42,0.03,36.21,18.42
348100,5296.21,-240.98,-239.4,42.65,42.23,7.26,29.26,-0.13,39.65,18.69
348200,5296.21,-241.56,-238.9,42.75,42.31,7.2,29.55,0.16,48.21,18.58
348300,5292.05,-242.1,-239.77,42.99,42.23,7.4,29.41,0.03,38.65,18.3
348400,5295.37,-241.85,-239.52,42.67,42.13,7.52,29.46,0.07,34.58,18.62
348500,5297.87,-241.1,-238.86,42.79,42.33,7.34,29.28,-0.11,38.57,18.58
348600,5292.05,-242.14,-239.23,42.49,42.13,7.22,29.44,0.05,49.59,18.81
348700,5295.79,-241.44,-239.61,42.83,42.39,7.42,29.48,0.09,37.83,18.46
348800,5294.96,-241.64,-239.11,42.79,42.39,7.44,29.48,0.09,40.23,18.58
348900,5292.88,-242.18,-239.02,42.69,42.33,7.24,29.29,-0.1,47.28,18.73
349000,5294.96,-243.52,-239.73,43.01,42.07,7.56,29.38,-0.01,34.15,18.26
349100,5298.7,-241.94,-239.52,42.85,42.47,7.82,29.62,0.23,42.63,19.52
349200,5296.21,-241.44,-239.23,42.91,42.45,7.5,29.77,0.38,48.01,18.85
349300,5287.88,-243.39,-239.52,42.69,42.35,7.76,29.51,0.13,39.58,18.1
349400,5298.29,-240.44,-239.73,42.59,42.17,7.38,29.85,0.46,44.71,18.54
349500,5295.79,-243.39,-239.81,42.85,42.31,7.48,29.55,0.17,33.8,18.58
349600,5293.71,-242.02,-239.23,42.79,42.35,7.5,29.6,0.21,45.71,18.89
349700,5292.46,-241.31,-239.86,42.73,42.41,7.52,29.68,0.3,44.55,18.81
349800,5289.55,-241.35,-239.31,42.75,42.45,7.78,29.74,0.35,35.63,18.89
349900,5298.29,-241.64,-239.69,42.67,42.09,7.4,29.64,0.25,42.66,18.58
350000,5294.96,-241.39,-239.36,42.75,42.35,7.62,29.64,0.26,39.07,18.22
350100,5305.77,-241.89,-239.44,42.55,42.23,7.46,29.76,0.38,40.66,18.34
350200,5292.88,-243.31,-239.44,42.99,41.97,7.32,29.61,0.22,34.03,18.65
350300,5290.38,-242.23,-239.73,42.55,42.53,7.68,29.53,0.15,36.94,18.77
350400,5298.29,-241.69,-239.11,42.55,42.23,7.62,29.78,0.39,39.73,18.3
350500,5292.05,-243.14,-239.61,42.53,42.29,7.72,29.72,0.34,45.36,18.58
350600,5297.04,-241.35,-239.69,42.55,42.29,7.34,29.61,0.22,30.41,18.65
350700,5292.05,-241.73,-239.48,42.73,42.05,7.64,29.66,0.27,39.38,18.69
350800,5303.28,-243.02,-239.61,42.69,42.35,7.34,29.4,0.01,39.19,18.26
350900,5291.21,-243.77,-239.9,42.83,42.21,7,29.63,0.24,49.24,18.58
351000,5298.7,-242.56,-239.81,42.81,42.59,7.48,29.4,0.01,33.84,18.34
351100,5288.3,-242.02,-239.48,42.43,42.37,7.58,30.05,0.67,37.83,18.3
351200,5285.81,-241.89,-238.86,42.81,42.37,7.28,29.43,0.05,42.51,18.1
351300,5299.12,-242.68,-239.31,42.83,42.45,7.5,29.99,0.6,42.78,17.83
351400,5294.54,-241.48,-239.86,42.95,42.15,7.42,29.54,0.15,38.18,18.65
351500,5299.12,-244.01,-239.07,42.75,42.35,6.53,29.7,0.32,45.78,18.3
351600,5300.37,-240.9,-239.81,42.43,42.59,7.64,29.53,0.14,43.17,17.95
351700,5296.62,-242.81,-239.52,42.67,42.35,7.72,30.08,0.69,39.92,18.69
351800,5299.53,-243.1,-239.36,42.83,42.35,7.32,29.49,0.11,30.92,18.26
351900,5292.05,-241.6,-239.77,42.69,42.79,7.3,29.81,0.42,40.5,18.5
352000,5286.64,-241.81,-239.81,42.73,42.39,7.72,29.7,0.32,36.17,18.54
352100,5308.27,-243.97,-239.56,42.69,42.35,7.62,30.3,0.91,42.78,18.46
352200,5297.45,-242.39,-239.27,42.57,42.23,7.22,29.75,0.36,42.32,19.21
352300,5307.02,-242.56,-239.31,42.73,42.57,7.84,29.93,0.54,36.05,18.54
352400,5284.97,-242.23,-240.11,42.83,40.95,7.46,29.7,0.32,32.13,18.46
352500,5289.97,-243.89,-239.07,42.79,42.23,7.42,30.09,0.7,45.13,18.06
352600,5294.54,-241.64,-239.81,42.71,42.29,7.24,29.68,0.29,35.94,18.38
352700,5296.62,-241.98,-239.4,42.67,42.35,7.54,30.07,0.69,42.86,18.73
352800,5288.72,-239.36,-240.15,42.79,42.43,7.42,29.93,0.54,40.46,19.4
352900,5289.97,-241.85,-240.23,42.91,42.29,7.44,29.92,0.53,30.38,18.22
353000,5300.78,-241.69,-239.69,42.79,42.47,7.24,30.05,0.66,45.51,18.73
353100,5304.94,-242.18,-239.02,42.69,42.43,7.68,29.94,0.55,42.63,18.5
353200,5293.29,-241.81,-239.9,42.85,42.35,7.28,29.55,0.16,36.29,18.93
353300,5295.37,-241.52,-239.98,42.95,42.29,7.36,29.62,0.23,40.35,18.73
353400,5290.8,-240.27,-239.31,42.83,42.35,7.26,29.74,0.36,38.53,18.77
353500,5299.12,-241.98,-240.11,42.77,42.21,7.38,29.86,0.48,40.62,18.54
353600,5294.13,-244.01,-239.36,42.71,42.29,7.3,29.9,0.51,45.36,18.81
353700,5299.53,-242.1,-239.36,42.59,42.43,7.78,29.92,0.53,45.51,18.46
353800,5294.13,-243.68,-238.98,42.81,42.33,7.56,29.98,0.59,34.81,18.65
353900,5299.95,-242.77,-239.19,42.93,42.29,7.62,29.63,0.24,36.71,18.22
354000,5302.45,-242.23,-239.27,42.73,42.45,7.24,29.68,0.29,40.04,18.62
354100,5296.62,-241.31,-240.23,42.75,41.19,7.46,30.01,0.63,34.46,18.5
354200,5288.72,-241.19,-239.48,42.65,42.31,7.56,29.75,0.36,34.81,18.85
354300,5289.97,-240.98,-239.56,42.77,42.33,7.3,30.02,0.63,39.03,18.77
354400,5294.54,-243.14,-239.65,42.79,42.43,7.32,29.69,0.3,34.03,18.54
354500,5295.79,-243.1,-239.19,42.89,42.43,7.5,29.69,0.3,36.13,18.46
354600,5284.97,-242.1,-239.15,42.87,42.21,7.54,30.15,0.76,44.09,18.62
354700,5292.46,-240.02,-239.73,42.73,42.35,7.42,29.74,0.36,41.01,18.58
354800,5288.3,-241.77,-239.02,42.61,42.57,7.8,30.07,0.69,31.78,17.99
354900,5303.69,-242.97,-239.65,42.79,42.39,7.46,29.65,0.26,40.62,18.65
355000,5304.94,-242.81,-239.36,42.65,42.47,7.68,29.92,0.53,40.35,19.01
355100,5299.12,-243.52,-239.27,42.71,42.51,7.74,30.16,0.77,33.41,18.89
355200,5309.52,-243.52,-240.15,42.55,42.33,7.72,29.9,0.51,40.08,17.99
355300,5292.46,-243.22,-239.07,42.75,42.33,7.54,29.97,0.59,47.09,18.73
355400,5292.05,-242.97,-239.4,42.45,42.43,7.82,30.11,0.72,34.46,18.18
355500,5292.46,-242.89,-239.19,42.63,42.33,7.62,29.85,0.46,37.49,18.62
355600,5289.13,-241.27,-238.9,42.75,42.43,7.2,30.03,0.65,39.77,18.81
355700,5302.03,-242.02,-239.48,42.63,42.31,7.4,29.61,0.22,49.89,18.46
355800,5296.21,-242.6,-239.27,42.71,42.41,7.84,30.03,0.64,35.51,18.77
355900,5291.63,-241.98,-239.86,42.91,42.27,7.24,29.84,0.46,45.32,18.34
356000,5288.72,-243.22,-238.94,42.81,42.37,7.46,30.24,0.86,36.56,19.21
356100,5298.29,-243.06,-239.4,42.83,42.37,7.5,30.03,0.65,39.61,18.62
356200,5297.87,-242.35,-238.69,42.69,42.35,7.9,29.87,0.48,42.66,18.81
356300,5292.46,-241.98,-239.27,42.73,42.35,7.94,29.93,0.54,39.11,18.58
356400,5288.72,-240.56,-239.36,42.83,42.23,7.42,29.72,0.34,44.32,18.85
356500,5289.97,-243.89,-239.23,42.75,42.75,7.44,29.71,0.32,38.53,18.73
356600,5296.62,-242.89,-239.4,42.49,42.51,7.7,29.9,0.51,42.05,19.17
356700,5290.38,-242.18,-239.23,42.75,42.37,7.28,29.67,0.28,40.46,18.38
356800,5291.21,-242.39,-239.44,42.63,42.35,7.84,30,0.61,39.19,19.17
356900,5294.54,-241.27,-239.98,42.89,42.01,7.48,29.62,0.23,36.56,18.77
357000,5297.45,-242.93,-239.86,42.69,42.41,7.38,29.85,0.46,40.19,18.34
357100,5302.45,-243.52,-239.27,42.75,42.41,7.88,29.91,0.52,45.75,18.73
357200,5294.96,-241.73,-240.19,42.93,42.55,7.48,29.79,0.4,33.22,18.69
357300,5293.29,-242.56,-239.48,42.75,42.23,7.42,29.79,0.4,39.27,17.91
357400,5297.45,-240.44,-239.65,42.57,42.37,7.48,29.67,0.28,47.9,18.18
357500,5299.95,-242.81,-240.4,42.81,42.43,7.8,29.59,0.2,36.13,18.93
357600,5298.7,-242.77,-239.61,42.83,42.27,7.74,29.86,0.48,34.15,18.18
357700,5313.26,-242.35,-239.94,42.79,42.31,7.44,29.66,0.28,42.78,19.01
357800,5299.12,-240.52,-239.73,42.83,42.33,7.42,30.05,0.66,35.47,18.38
357900,5300.37,-241.77,-240.15,42.91,42.47,7.46,29.54,0.15,48.24,18.3
358000,5289.13,-241.81,-239.86,42.89,42.15,7.42,29.92,0.53,37.45,18.06
358100,5286.64,-243.77,-239.19,42.93,42.23,7.54,29.68,0.3,32.21,19.09
358200,5296.62,-243.77,-239.52,42.65,42.21,7.2,29.85,0.46,44.17,18.62
358300,5292.88,-242.73,-239.48,42.81,42.35,7.46,29.66,0.28,34.34,18.62
358400,5289.55,-240.94,-239.56,42.75,42.37,7.3,29.68,0.29,39.65,18.77
358500,5294.54,-241.48,-239.52,42.67,42.35,7.32,29.57,0.18,40.54,18.93
358600,5301.61,-242.68,-239.65,42.89,42.13,7.88,29.93,0.54,33.33,18.69
358700,5298.29,-240.65,-238.98,42.73,42.21,7.4,29.86,0.47,35.35,18.65
358800,5296.21,-242.77,-239.73,43.09,42.35,7.54,29.92,0.53,42.9,19.44
358900,5299.12,-241.48,-239.61,42.75,42.29,6.67,29.7,0.31,35.08,18.54
359000,5289.55,-242.02,-240.15,42.97,42.37,7.4,29.65,0.26,32.67,18.26
359100,5288.3,-243.64,-239.4,42.95,42.53,7.5,29.66,0.28,41.85,18.89
359200,5298.29,-241.69,-239.44,42.63,42.15,7.6,29.7,0.32,42.16,18.34
359300,5302.86,-243.64,-239.11,42.93,42.49,7.4,29.8,0.41,49.4,18.93
359400,5303.28,-243.1,-239.31,42.69,42.29,7.66,29.87,0.48,34.62,18.5
359500,5296.21,-241.39,-240.02,42.55,42.49,7.62,29.74,0.36,40.27,19.05
359600,5297.45,-242.14,-239.77,42.81,42.35,7.34,29.78,0.39,38.49,18.65
359700,5292.46,-240.94,-240.06,42.97,42.47,7.2,29.8,0.41,29.91,18.85
359800,5300.78,-242.39,-239.94,42.97,42.37,7.28,29.68,0.3,43.67,18.73
359900,5309.1,-243.64,-239.61,42.65,42.19,7.6,29.7,0.31,38.69,18.34
360000,5297.45,-242.43,-240.4,42.65,42.37,7.8,29.68,0.3,41.82,19.21
360100,5299.12,-244.1,-239.73,42.71,42.29,7.32,29.66,0.27,37.37,18.54
360200,5289.13,-241.56,-239.98,42.97,42.31,7.22,29.53,0.15,37.87,18.5
360300,5302.45,-243.47,-240.02,42.57,42.31,7.44,29.51,0.12,44.86,19.05
360400,5302.03,-243.97,-239.56,42.81,42.37,7.3,29.47,0.09,51.35,19.13
360500,5284.56,-241.27,-240.11,42.89,42.41,7.36,29.85,0.46,39.88,18.46
360600,5297.45,-241.85,-240.02,42.75,42.25,7.84,29.46,0.07,35.74,18.62
360700,5289.13,-241.14,-239.81,42.73,42.35,7.54,29.59,0.21,35.94,18.69
360800,5294.54,-242.23,-239.94,42.83,42.57,7.24,29.61,0.22,38.8,18.38
360900,5298.7,-242.31,-240.11,42.83,42.25,7.38,29.9,0.51,39.88,18.65
361000,5298.29,-242.77,-239.61,42.75,42.33,7.52,29.53,0.15,41.97,18.89
361100,5304.11,-241.39,-239.94,42.75,42.35,7.46,29.74,0.35,33.8,18.54
361200,5292.88,-244.68,-239.27,42.77,42.29,7.18,29.59,0.2,38.8,18.81
361300,5304.94,-241.31,-239.98,42.71,42.33,7.76,29.51,0.12,52.54,18.42
361400,5304.53,-243.77,-239.52,42.91,42.29,7.04,29.72,0.34,37.95,18.26
361500,5298.29,-242.68,-239.65,43.05,42.27,7.58,29.74,0.35,39.85,19.05
361600,5290.38,-241.39,-239.27,42.75,42.55,7.52,29.45,0.07,48.01,18.89
361700,5296.21,-242.23,-239.4,43.11,42.29,7.22,29.64,0.26,40.16,18.1
361800,5299.12,-242.14,-240.02,42.75,42.19,7.68,29.62,0.23,35.86,18.54
361900,5293.29,-241.44,-240.15,42.81,42.31,7.48,29.78,0.39,41.7,18.97
362000,5297.04,-242.31,-240.19,42.75,42.43,7.82,29.48,0.09,41.93,18.26
362100,5294.96,-241.98,-239.61,42.77,42.19,7.46,29.79,0.4,36.01,18.69
362200,5299.12,-242.02,-239.94,42.79,42.21,7.24,29.45,0.06,34.81,18.58
362300,5297.04,-241.35,-239.86,42.73,42.29,7.56,29.79,0.4,37.76,18.81
362400,5303.69,-243.14,-240.02,42.65,42.27,7.52,29.6,0.21,48.55,18.06
362500,5292.05,-241.1,-240.77,42.73,42.31,7.82,29.73,0.34,42.32,18.62
362600,5305.36,-243.47,-239.07,42.71,42.17,7.24,29.66,0.27,35.66,18.42
362700,5291.63,-242.6,-239.69,42.83,42.49,7.6,29.8,0.41,40.85,19.13
362800,5296.62,-241.94,-239.61,42.91,42.23,7.46,29.51,0.13,38.3,18.65
362900,5302.86,-242.56,-239.65,42.77,42.17,7.12,29.7,0.31,33.1,19.13
363000,5301.61,-243.6,-239.61,42.89,42.29,7.34,29.56,0.17,44.78,18.58
363100,5293.29,-241.85,-240.27,42.77,42.21,7.8,29.82,0.44,35.2,18.65
363200,5300.78,-242.43,-239.44,42.75,42.51,7.36,29.47,0.09,32.48,18.5
363300,5296.62,-243.31,-239.61,42.73,42.27,7.38,29.74,0.35,44.48,18.14
363400,5295.37,-241.77,-239.52,42.79,42.45,7.44,29.55,0.17,36.21,18.69
363500,5305.36,-243.68,-240.23,42.99,42.39,7.82,29.88,0.49,39.15,18.85
363600,5305.77,-242.85,-239.69,42.63,42.23,7.24,29.47,0.08,37.56,18.06
363700,5295.37,-242.31,-239.52,42.85,42.39,7.9,29.82,0.43,36.17,18.81
363800,5289.55,-242.23,-239.65,42.77,42.29,7.42,29.61,0.22,39.96,18.34
363900,5305.77,-240.94,-239.86,42.65,42.43,7.42,29.88,0.5,35.7,18.22
364000,5300.78,-242.43,-240.27,42.71,42.31,7.24,29.64,0.25,45.82,18.93
364100,5294.96,-242.68,-239.98,42.83,42.25,7.48,29.92,0.53,39.38,18.1
364200,5294.96,-243.77,-239.86,42.69,42.43,7.36,29.5,0.11,40.93,17.75
364300,5291.21,-241.14,-239.48,42.79,42.21,7.56,29.8,0.42,41.74,17.95
364400,5287.88,-242.27,-239.48,42.87,42.31,7.58,29.55,0.17,41.85,18.06
364500,5299.12,-241.85,-239.77,42.77,42.35,7.42,29.91,0.52,43.78,18.02
364600,5301.61,-243.35,-239.86,42.73,42.41,7.6,29.63,0.24,46.98,18.22
364700,5288.3,-242.68,-240.06,42.65,42.29,7.58,29.93,0.54,36.94,18.14
364800,5298.7,-242.48,-239.94,42.71,42.47,7.26,29.58,0.19,44.82,18.22
364900,5298.7,-242.68,-239.4,42.85,42.27,7.72,29.85,0.46,46.67,18.18
365000,5298.7,-242.6,-239.77,43.09,42.31,7.34,29.64,0.25,47.63,18.06
365100,5296.62,-243.14,-240.44,42.71,42.37,7.42,29.82,0.43,31.47,18.3
365200,5304.11,-241.44,-239.27,42.81,42.43,7.42,29.67,0.28,34.23,18.58
365300,5297.45,-242.56,-239.94,42.83,42.29,7.22,29.77,0.38,42.9,17.67
365400,5301.61,-240.98,-239.86,42.83,42.29,7.6,29.7,0.32,39.3,18.14
365500,5299.53,-242.6,-240.31,42.65,42.27,7.46,29.93,0.54,33.68,18.22
365600,5294.54,-244.14,-240.15,42.83,42.33,7.48,29.82,0.44,36.79,18.34
365700,5312.85,-241.39,-240.27,42.69,42.31,7.12,30.03,0.64,37.99,17.83
365800,5296.62,-243.27,-239.9,42.79,42.61,7.54,29.73,0.34,31.86,18.18
365900,5296.62,-242.06,-240.02,42.75,42.25,7.48,29.91,0.52,38.96,17.99
366000,5292.05,-242.14,-239.77,42.81,42.33,7.14,29.65,0.26,40.54,18.58
366100,5302.45,-241.56,-240.02,42.75,42.35,7.32,30.12,0.73,35.35,17.59
366200,5299.95,-242.73,-240.06,42.85,42.37,7.5,29.6,0.21,33.22,18.38
366300,5304.11,-242.14,-240.15,42.69,42.37,7.52,30.05,0.67,41.82,17.87
366400,5300.78,-241.64,-239.65,42.81,42.45,7.6,29.76,0.38,32.79,18.26
366500,5302.03,-241.73,-239.98,42.63,42.21,7.34,30.07,0.69,38.22,18.06
366600,5296.21,-243.06,-239.98,42.85,42.61,7.72,29.78,0.39,41.62,18.06
366700,5298.29,-242.23,-239.52,42.67,42.39,7.7,30.09,0.71,42.43,18.42
366800,5295.79,-242.23,-239.77,42.67,42.35,7.68,29.78,0.39,42.2,17.75
366900,5295.79,-243.39,-239.77,42.67,42.13,7.56,29.84,0.45,39.5,18.34
367000,5301.61,-242.1,-239.94,42.87,42.25,7.24,29.92,0.53,38.42,17.91
367100,5304.53,-243.1,-239.98,42.87,42.41,7.44,29.93,0.55,44.24,18.26
367200,5302.03,-242.27,-240.15,42.87,42.37,7.28,29.58,0.19,35.39,17.87
367300,5298.7,-242.23,-239.73,42.95,42.25,7.56,29.95,0.56,41.82,17.95
367400,5297.87,-242.27,-240.15,42.69,42.39,7.56,29.72,0.34,34.73,17.75
367500,5293.29,-243.39,-239.61,42.59,42.17,7.34,29.94,0.55,37.41,17.83
367600,5300.78,-242.14,-239.86,42.69,42.23,7.34,29.84,0.46,41.78,17.67
367700,5299.53,-242.35,-239.81,42.73,42.29,7.64,30.01,0.63,43.13,18.1
367800,5304.94,-243.6,-239.86,42.89,42.37,7.44,29.74,0.36,40.54,17.91
367900,5302.45,-242.48,-240.02,42.53,42.49,7.3,30.14,0.75,42.7,18.14
368000,5301.61,-243.1,-239.81,42.79,42.31,7.54,29.9,0.51,34.07,17.28
368100,5292.88,-242.6,-239.81,42.77,42.33,7.6,29.96,0.57,47.97,18.14
368200,5299.53,-242.14,-239.94,42.87,42.43,7.68,29.86,0.47,32.95,17.59
368300,5304.94,-242.39,-239.9,42.71,42.41,7.48,29.89,0.5,48.47,17.67
368400,5299.53,-242.48,-239.94,42.61,42.27,7.52,29.9,0.51,34.62,17.43
368500,5295.37,-241.52,-240.19,43.65,42.35,7.58,29.93,0.54,46.63,18.18
368600,5300.78,-242.39,-240.06,42.79,42.31,7.48,29.72,0.34,40.73,17.55
368700,5303.28,-242.52,-239.86,42.89,42.47,7.5,30.12,0.73,44.59,17.67
368800,5297.87,-242.56,-239.52,42.81,42.29,7.24,29.99,0.61,47.74,17.83
368900,5300.37,-243.06,-239.77,42.77,42.41,7.4,29.97,0.59,38.49,17.39
369000,5298.7,-242.48,-239.73,42.71,42.31,7.62,29.96,0.57,45.55,17.71
369100,5303.69,-241.56,-240.15,42.87,42.33,7.54,29.93,0.55,41.04,17.71
369200,5301.2,-242.35,-239.77,42.77,42.27,7.36,29.84,0.45,44.75,17.59
369300,5298.7,-241.81,-240.06,42.97,42.45,7.6,30.02,0.63,46.86,18.77
369400,5301.2,-241.89,-239.81,42.57,42.11,7.48,29.93,0.55,43.51,18.34
369500,5297.45,-242.43,-239.86,42.95,42.25,7.4,29.99,0.6,42.47,17.39
369600,5292.46,-241.98,-239.73,42.69,42.43,7.56,29.88,0.5,41.58,17.99
369700,5307.85,-241.98,-239.69,42.69,42.19,7.54,30.02,0.63,36.98,18.38
369800,5305.36,-242.93,-239.94,42.79,42.23,7.12,29.82,0.43,47.24,17.24
369900,5295.79,-242.35,-240.19,42.99,42.41,7.68,29.96,0.57,45.63,18.62
370000,5295.37,-242.18,-239.86,42.63,42.23,7.52,30.09,0.71,45.94,17.43
370100,5298.7,-242.14,-239.81,42.83,42.37,7.32,30.02,0.63,48.17,17.28
370200,5294.54,-241.73,-239.73,42.93,42.31,7.24,29.9,0.51,39.81,18.46
370300,5296.21,-241.48,-239.77,42.69,42.29,7.22,29.93,0.54,35.59,17.51
370400,5301.61,-242.77,-240.19,42.71,42.35,7.4,30,0.61,38.69,17.43
370500,5299.95,-242.81,-240.15,42.63,42.33,7.52,30.08,0.69,36.83,18.54
370600,5299.95,-241.81,-240.02,42.77,42.25,7.34,30.01,0.62,36.36,17.2
370700,5298.7,-243.6,-239.98,42.63,42.19,7.5,29.93,0.55,31.43,17.63
370800,5302.03,-242.73,-240.02,42.81,42.39,7.72,29.95,0.56,33.26,17.67
370900,5301.61,-242.27,-239.98,42.77,42.37,7.44,30.05,0.67,44.4,17.87
371000,5295.37,-243.47,-239.61,42.69,42.41,7.76,29.97,0.59,37.21,17.99
371100,5292.88,-242.97,-239.94,42.65,42.33,7.44,29.98,0.59,38.18,17.79
371200,5297.87,-241.94,-240.06,42.67,42.11,7.36,30.01,0.63,46.98,17.55
371300,5295.79,-243.47,-239.69,42.85,42.55,7.3,30.04,0.65,47.51,17.95
371400,5298.7,-241.77,-239.81,42.91,42.17,7.46,30.06,0.67,39.81,18.46
371500,5298.7,-242.73,-240.11,42.57,42.25,7.6,30.08,0.69,38.11,17.24
371600,5295.37,-243.18,-240.48,42.65,42.21,7.42,30.3,0.91,47.55,18.3
371700,5301.2,-242.97,-240.02,42.87,42.27,7.4,29.9,0.51,37.06,17.39
371800,5301.61,-242.6,-240.15,42.61,42.37,7.48,30.34,0.95,38.92,17.83
371900,5309.1,-242.39,-239.73,42.97,42.45,7.7,29.96,0.57,35.94,17.04
372000,5304.53,-242.81,-240.48,42.63,42.17,7.2,30.36,0.97,43.01,18.06
372100,5297.87,-243.43,-239.98,42.95,42.39,7.54,29.91,0.52,33.92,17.71
372200,5303.28,-243.14,-239.52,42.63,42.19,7.52,30.4,1.02,33.72,17.67
372300,5301.61,-242.64,-239.86,42.65,42.25,7.3,29.81,0.42,36.32,17.47
372400,5303.69,-242.52,-240.02,42.81,42.33,7.42,30.54,1.15,44.13,17.87
372500,5309.94,-241.89,-239.9,42.59,42.27,7.5,29.9,0.51,47.09,17.63
372600,5302.03,-242.23,-240.77,42.89,42.39,7.42,30.63,1.24,43.17,17.47
372700,5295.79,-242.56,-240.02,42.83,42.27,7.52,30.03,0.64,38.88,17.79
372800,5302.86,-242.93,-239.86,42.65,42.25,7.52,30.48,1.09,35.66,17.55
372900,5298.29,-242.48,-240.19,42.69,42.23,7.36,30.18,0.79,42.12,17.43
373000,5301.2,-243.72,-239.77,42.65,42.21,7.8,30.43,1.04,34.5,17.43
373100,5300.78,-243.06,-239.94,42.81,42.33,7.48,30.28,0.89,37.52,17.91
373200,5300.78,-241.98,-240.52,42.71,42.27,7.64,30.58,1.19,36.32,17.67
373300,5299.95,-242.89,-240.4,42.89,42.29,7.84,30.11,0.73,42.63,17.24
373400,5303.28,-243.35,-240.02,42.69,42.83,7.44,30.38,1,51.66,17.79
373500,5304.11,-242.48,-239.94,42.61,42.35,7.46,30.36,0.97,45.25,18.38
373600,5302.03,-243.22,-240.56,42.97,42.23,7.48,30.6,1.21,36.91,17.31
373700,5300.78,-242.6,-239.98,42.77,42.39,7.42,30.19,0.8,42.55,17.51
373800,5299.95,-242.56,-240.27,42.67,42.43,7.54,30.53,1.15,38.72,18.02
373900,5304.53,-242.85,-240.27,42.93,42.45,7.44,30.44,1.05,36.21,17.71
374000,5305.36,-242.89,-239.86,42.71,42.27,7.4,30.52,1.13,42.78,16.84
374100,5305.36,-243.1,-240.06,42.71,42.13,7.62,30.38,0.99,42.47,17.08
374200,5301.2,-241.81,-240.35,42.73,42.25,7.78,30.31,0.92,31.78,17.31
374300,5301.2,-242.77,-240.31,42.75,42.27,7.3,30.45,1.06,43.94,19.05
374400,5299.53,-242.31,-240.23,42.69,42.29,7.36,30.28,0.89,45.55,17.63
374500,5296.62,-241.64,-240.06,42.81,42.25,7.5,30.48,1.09,42.39,17.43
374600,5297.87,-242.48,-240.23,42.83,42.51,7.36,29.85,0.46,35.24,17.31
374700,5306.19,-242.06,-240.56,42.59,42.17,7.28,30.32,0.93,41.55,17.87
374800,5304.94,-243.06,-240.31,42.71,42.31,7.64,30.07,0.68,32.32,18.3
374900,5301.2,-242.81,-240.4,42.73,42.33,7.4,30.28,0.9,44.63,18.73
375000,5301.61,-243.02,-240.15,42.75,42.29,7.42,30.2,0.81,39.69,17.75
375100,5296.21,-243.52,-240.19,42.59,42.21,7.32,30.46,1.08,34.65,17.75
375200,5299.53,-241.77,-240.44,42.77,42.33,7.68,30.21,0.82,31.23,17.99
375300,5307.02,-243.06,-240.19,42.85,42.33,7.42,30.27,0.88,43.05,17.83
375400,5301.2,-242.73,-240.19,42.99,42.35,7.62,30.3,0.91,35.74,17.55
375500,5301.61,-242.18,-239.94,42.93,42.21,7.28,30.59,1.2,33.26,17.87
375600,5299.95,-242.56,-240.52,42.77,42.15,7.42,29.92,0.53,47.05,17.95
375700,5299.95,-242.64,-240.35,42.79,42.41,7.32,30.46,1.07,44.75,17.75
375800,5297.87,-241.77,-239.94,42.25,42.29,7.4,29.97,0.58,47.97,17.39
375900,5298.29,-242.85,-240.15,42.57,42.23,7.36,30.37,0.98,39.34,18.06
376000,5299.12,-241.52,-240.11,42.69,42.19,7.4,30,0.61,41.39,17.43
376100,5296.62,-243.35,-240.15,42.93,42.45,7.48,30.45,1.06,34.97,17.04
376200,5299.95,-243.14,-240.31,42.53,42.57,7.44,30.13,0.74,42.39,17.75
376300,5299.95,-242.1,-240.15,42.77,42.31,7.36,30.26,0.88,36.56,17.63
376400,5301.2,-243.02,-240.35,42.83,42.31,7.52,30.02,0.63,36.75,16.84
376500,5309.1,-241.39,-240.35,42.81,42.21,7.3,30.19,0.8,37.45,17.79
376600,5301.2,-242.93,-240.69,42.81,42.35,7.32,30.07,0.69,40.73,17.39
376700,5297.04,-243.81,-240.23,42.57,42.39,7.34,30.44,1.05,48.09,18.42
376800,5305.36,-245.18,-240.69,42.53,42.57,7.56,29.76,0.37,41.31,17.83
376900,5304.94,-242.6,-240.4,42.87,42.37,7.52,30.47,1.08,43.24,17.67
377000,5299.95,-243.39,-240.19,42.65,42.25,7.62,29.76,0.38,38.26,17.71
377100,5303.28,-241.73,-240.02,42.91,42.33,7.32,30.23,0.84,36.94,17.79
377200,5301.61,-242.1,-240.52,42.63,42.17,7.52,29.8,0.42,48.67,18.14
377300,5300.37,-243.18,-240.9,42.63,42.23,7.48,30.3,0.91,37.1,17.91
377400,5294.96,-242.1,-240.6,42.67,42.41,7.68,30.01,0.63,51.08,17.71
377500,5301.61,-241.23,-240.56,42.97,42.31,7.64,29.76,0.38,42.82,17.67
377600,5297.04,-242.14,-240.48,42.69,42.47,7.3,29.76,0.38,40.23,17.39
377700,5296.62,-242.35,-240.9,42.73,42.43,7.88,30.01,0.62,43.28,17.39
377800,5295.79,-241.98,-240.15,42.87,42.43,7.12,29.8,0.42,38.3,17.39
377900,5298.29,-242.77,-240.11,42.71,42.31,7.52,29.93,0.55,34.42,17.83
378000,5295.37,-242.77,-240.65,42.77,42.37,7.58,29.49,0.11,39.19,17.83
378100,5300.37,-242.68,-241.14,42.43,42.17,7.72,29.95,0.56,38.92,17.31
378200,5299.53,-242.43,-240.56,42.77,42.07,7.54,30.07,0.68,35.43,17.95
378300,5300.78,-242.1,-240.77,42.65,42.33,7.58,30.12,0.73,48.55,18.26
378400,5309.94,-243.52,-241.44,42.57,42.29,7.38,30.09,0.7,41.51,17.35
378500,5308.27,-242.77,-240.94,42.53,42.17,7.5,29.74,0.36,34.54,17.43
378600,5294.96,-241.89,-241.06,42.91,42.39,7.38,29.97,0.59,37.72,17.83
378700,5299.53,-243.47,-240.6,42.51,42.37,7.26,29.41,0.02,42.74,17.2
378800,5297.04,-241.73,-240.81,42.85,42.55,7.6,29.84,0.46,40.12,18.02
378900,5306.19,-242.14,-241.06,42.81,42.19,7.34,29.66,0.27,41.2,17.79
379000,5305.77,-243.97,-240.85,42.75,42.33,8.1,29.75,0.36,36.52,17.12
379100,5298.7,-241.19,-241.19,42.65,42.19,7.68,29.8,0.42,41.51,17.28
379200,5299.95,-242.43,-241.06,42.81,42.25,7.42,29.94,0.55,41.66,17.51
379300,5307.02,-241.02,-240.73,42.97,42.31,7.76,29.95,0.57,37.25,17.31
379400,5299.53,-242.23,-240.85,42.73,42.27,7.7,29.98,0.59,38.84,17.59
379500,5303.69,-244.01,-240.94,42.75,42.41,7.56,29.61,0.22,33.1,18.22
379600,5297.87,-244.39,-240.77,42.67,42.15,7.66,29.9,0.51,40,17.24
379700,5299.95,-243.1,-241.52,42.83,42.41,7.7,29.71,0.32,38.53,17.24
379800,5306.19,-243.27,-241.02,42.81,42.23,7.42,29.8,0.42,42.28,18.02
379900,5307.02,-243.64,-241.35,42.73,42.57,7.4,29.86,0.47,39.15,17.67
380000,5313.26,-244.68,-240.56,42.69,42.37,7.72,29.77,0.38,44.48,17.63
380100,5303.69,-243.47,-241.02,42.75,42.55,7.5,29.72,0.34,42.51,17.51
380200,5307.85,-242.73,-240.69,42.67,42.17,7.5,29.88,0.5,46.01,17.12
380300,5294.54,-241.06,-241.44,42.57,42.49,7.3,29.78,0.39,39.54,17.83
380400,5305.77,-240.73,-240.94,42.57,42.31,7.26,30.05,0.66,41.16,17.43
380500,5301.61,-242.6,-240.73,42.69,42.57,7.64,29.66,0.28,45.36,16.8
380600,5307.44,-243.77,-240.73,42.77,42.25,7.46,29.96,0.57,46.9,18.06
380700,5297.04,-240.65,-240.98,42.71,42.41,7.52,29.69,0.3,38.11,17.08
380800,5298.29,-242.35,-241.02,42.79,42.59,7.74,30.09,0.7,44.36,17.08
380900,5306.19,-244.51,-240.4,42.91,42.29,7.36,29.58,0.19,46.05,18.1
381000,5302.86,-244.43,-240.15,42.75,42.15,7.38,29.74,0.35,37.41,17.83
381100,5307.85,-243.77,-240.06,42.79,42.41,7.26,29.7,0.32,49.89,17.51
381200,5303.28,-244.06,-240.81,42.83,42.29,7.6,29.9,0.51,40.5,17.08
381300,5295.37,-241.56,-240.48,42.71,42.25,7.58,29.68,0.3,50.66,17.39
381400,5297.45,-239.86,-240.69,42.71,42.21,7.62,30.33,0.94,41.66,17.35
381500,5311.18,-243.81,-240.6,42.97,42.39,7.58,29.41,0.02,33.88,17.71
381600,5300.78,-242.64,-241.48,42.67,42.29,7.9,30.03,0.65,45.98,17.47
381700,5300.78,-240.65,-240.9,43.19,42.33,7.22,29.96,0.57,38.07,17.87
381800,5304.94,-243.47,-241.1,42.67,42.35,7.22,29.8,0.42,41.04,17.99
381900,5296.21,-242.02,-241.56,42.67,42.29,7.64,29.78,0.39,41.16,17.63
382000,5304.53,-244.6,-240.77,42.81,42.45,7.3,29.85,0.46,46.05,18.1
382100,5311.18,-243.18,-240.81,42.77,42.37,7.42,29.79,0.4,44.63,17.59
382200,5308.69,-243.39,-240.85,42.93,42.33,7.24,30.09,0.7,42.47,17.79
382300,5293.29,-242.85,-240.69,42.65,42.49,7.64,29.78,0.4,44.36,17.55
382400,5297.45,-240.94,-240.44,42.73,42.43,7.46,30.14,0.75,43.09,17.55
382500,5304.53,-240.69,-241.64,42.89,42.19,7.62,29.72,0.33,35.12,17.55
382600,5297.04,-241.56,-240.9,42.69,42.43,7.46,30.15,0.77,37.52,18.02
382700,5310.35,-244.35,-240.9,42.51,42.45,7.66,29.84,0.46,39.15,17.91
382800,5297.04,-241.89,-240.65,42.89,42.13,7.56,29.93,0.54,44.13,17.28
382900,5294.13,-242.56,-240.56,42.63,42.29,7.34,29.9,0.51,43.71,17.24
383000,5316.18,-244.68,-240.73,42.69,42.51,7.36,30.17,0.79,44.55,18.34
383100,5304.94,-241.44,-241.06,42.81,42.45,7.34,29.75,0.36,38.53,17.31
383200,5306.61,-244.56,-240.4,42.59,42.53,7.72,30.15,0.77,50.66,17.55
383300,5300.78,-242.97,-240.9,42.47,42.29,7.46,29.71,0.32,38.57,17.91
383400,5311.18,-243.02,-240.98,42.65,42.43,7.4,30.36,0.98,35.2,17.71
383500,5302.45,-241.94,-241.23,42.87,42.23,7.46,29.71,0.32,41.04,16.96
383600,5302.86,-242.06,-240.6,42.75,42.35,7.34,30.18,0.79,39.77,17.2
383700,5297.45,-239.52,-240.98,42.69,42.35,7.6,29.93,0.54,51.24,17.16
383800,5306.61,-243.56,-241.44,42.77,42.23,7.9,30.05,0.66,44.78,17.24
383900,5297.04,-242.56,-240.81,42.69,42.35,7.44,29.85,0.46,41.82,17.39
384000,5308.69,-241.14,-240.6,42.63,42.45,7.58,30.23,0.84,41.89,17.63
384100,5304.94,-243.56,-240.69,42.25,42.23,7.36,29.8,0.41,43.44,17.47
384200,5301.61,-242.68,-240.98,42.97,42.23,7.58,30.42,1.03,32.17,17.71
384300,5302.86,-241.02,-240.65,42.67,42.43,7.74,29.76,0.38,37.25,18.42
384400,5304.94,-242.48,-240.9,42.63,42.45,7.34,30.02,0.63,45.25,17.39
384500,5300.37,-243.68,-240.31,42.75,42.27,7.44,30.05,0.67,37.72,17.71
384600,5304.11,-243.27,-241.48,42.81,42.09,7.54,30.18,0.79,44.09,17.39
384700,5305.77,-242.35,-240.73,42.65,42.55,7.54,29.93,0.54,43.4,17.31
384800,5305.77,-242.77,-241.14,42.63,42.23,7.58,30.05,0.66,45.9,18.46
384900,5303.69,-243.14,-241.06,42.91,42.23,7.54,30.23,0.84,41.08,17.16
385000,5309.1,-242.31,-241.56,42.95,42.27,7.32,29.94,0.55,33.72,16.8
385100,5306.19,-243.97,-241.31,43.05,42.19,7.42,29.88,0.49,49.36,17.95
385200,5303.69,-243.6,-240.98,42.75,42.17,7.48,30.18,0.79,28.15,17.35
385300,5301.61,-241.56,-240.65,42.83,42.37,7.4,30.16,0.77,47.09,17.08
385400,5305.77,-242.27,-241.23,42.69,42.35,7.54,29.88,0.49,41.97,18.06
385500,5298.7,-244.22,-240.69,42.83,42.01,7.36,30.25,0.86,49.82,17.51
385600,5304.53,-242.23,-240.9,42.65,42.21,7.84,29.9,0.51,41.93,17.59
385700,5300.78,-244.39,-240.9,42.75,42.39,7.56,30.14,0.75,35.39,17.71
385800,5295.79,-243.43,-240.77,42.79,42.11,7.9,30.15,0.77,43.71,17.71
385900,5302.86,-242.52,-240.73,42.89,42.23,7.4,30.11,0.73,41.51,17.28
386000,5302.03,-241.6,-241.1,42.83,42.37,7.46,30.08,0.69,50.43,17.51
386100,5297.04,-243.39,-241.02,42.77,42.31,7.58,29.89,0.5,41.2,17.67
386200,5305.77,-242.43,-241.02,42.47,42.13,7.38,29.94,0.55,37.06,17.04
386300,5296.62,-243.47,-241.27,42.79,42.39,7.56,30.28,0.89,44.21,17.75
386400,5294.96,-243.18,-240.81,42.69,42.23,7.76,30.13,0.74,39.5,17.83
386500,5297.45,-244.39,-240.69,42.73,42.27,7.18,30.31,0.92,38.45,17.59
386600,5306.61,-241.14,-241.27,42.85,42.71,7.36,29.88,0.5,37.72,18.02
386700,5299.95,-241.98,-240.98,42.75,42.25,7.52,30.36,0.98,34.89,16.72
386800,5302.45,-242.31,-240.73,42.63,42.31,6.89,29.73,0.34,39.03,17.51
386900,5306.61,-241.77,-240.69,42.67,42.39,7.54,30.29,0.9,36.83,17.87
387000,5294.96,-243.72,-240.44,42.81,42.31,7.44,30.13,0.74,38.76,17.91
387100,5298.7,-243.47,-240.73,42.77,42.23,7.3,30.15,0.77,38.26,17.43
387200,5302.86,-241.77,-241.27,42.77,42.27,7.22,30.04,0.65,42.24,17.31
387300,5304.11,-242.81,-240.77,42.85,42.35,7.34,30.4,1.01,36.21,17.75
387400,5310.35,-243.39,-241.73,42.73,42.19,7.74,30.23,0.84,39.65,17.55
387500,5296.62,-243.85,-241.23,42.65,42.41,7.56,30.32,0.93,43.4,17.12
387600,5298.29,-241.64,-241.31,42.87,42.39,7.24,30.05,0.66,39.23,17.51
387700,5301.2,-243.64,-240.94,42.67,42.21,7.7,30.22,0.83,42.78,18.1
387800,5299.95,-242.97,-240.65,42.99,42.45,7.4,30.13,0.75,43.13,17.47
387900,5299.12,-243.89,-241.06,42.79,42.37,7.42,30.48,1.09,40.31,17.43
388000,5312.85,-243.35,-240.77,42.71,42.33,7.62,29.87,0.48,44.86,18.02
388100,5300.78,-241.64,-240.73,42.85,42.79,7.2,30.67,1.28,36.9,17.16
388200,5297.04,-243.14,-240.94,42.63,42.21,7.42,30.01,0.62,43.2,17.47
388300,5302.45,-242.81,-241.06,42.75,42.33,7.24,30.67,1.28,33.41,17.43
388400,5298.29,-244.6,-240.6,42.67,42.25,7.44,30.16,0.77,43.82,17.31
388500,5299.53,-241.73,-241.6,42.59,42.25,7.72,30.55,1.16,42.24,17.91
388600,5299.12,-242.1,-241.06,42.97,42.41,7.2,30.3,0.91,38.11,17.08
388700,5294.96,-242.56,-240.98,42.79,42.35,7.4,30.5,1.11,44.24,17.39
388800,5301.2,-243.31,-241.02,42.69,42.25,7.36,30.28,0.9,48.36,17.91
388900,5309.94,-243.81,-241.1,42.93,42.55,7.64,30.62,1.23,36.87,17.39
389000,5301.61,-243.52,-241.1,42.71,42.17,7.58,30.13,0.74,46.9,18.02
389100,5304.53,-243.77,-241.1,42.83,42.27,7.52,30.54,1.15,42.51,17.75
389200,5302.45,-243.14,-240.81,42.85,42.39,7.5,30.39,1,33.64,17.39
389300,5304.11,-243.14,-240.69,42.79,42.41,7.36,30.56,1.17,34.19,17.28
389400,5294.13,-242.31,-241.31,42.77,42.33,7.6,30.34,0.96,39.27,17.39
389500,5301.2,-244.68,-240.85,42.53,42.31,7.42,30.68,1.29,43.9,17.39
389600,5298.7,-242.43,-241.31,42.69,42.23,7.36,30.45,1.06,40.93,17.47
389700,5304.11,-242.43,-241.02,42.73,42.49,7.52,30.7,1.31,40.27,17.83
389800,5309.1,-244.06,-241.02,42.75,42.21,7.32,30.38,1,40.66,17.71
389900,5299.95,-242.6,-240.81,42.57,42.17,7.44,30.55,1.16,44.48,17.71
390000,5297.04,-241.94,-241.27,42.73,42.31,7.44,30.24,0.86,38.8,17.43
390100,5309.1,-243.39,-241.06,42.57,42.29,7.32,30.54,1.15,44.28,18.22
390200,5300.37,-241.98,-240.73,42.63,42.25,7.5,30.35,0.96,37.06,17.99
390300,5306.61,-241.44,-241.85,42.89,42.33,7.76,30.53,1.14,40.77,17.79
390400,5309.1,-242.68,-241.19,42.73,42.39,7.44,30.38,0.99,34.85,17.31
390500,5297.04,-242.52,-241.19,42.61,42.37,7.48,30.53,1.15,42.59,17.08
390600,5290.38,-243.06,-241.19,42.95,42.33,7.84,30.35,0.96,36.01,17.59
390700,5303.69,-243.6,-241.44,42.67,42.45,7.44,30.44,1.05,40.97,18.1
390800,5300.37,-242.27,-240.85,42.65,42.25,7.42,30.26,0.87,38.49,17.91
390900,5301.61,-244.6,-241.73,42.79,42.11,7.76,30.4,1.02,38.3,17.16
391000,5304.11,-242.39,-241.39,42.91,42.27,7.5,30.28,0.89,45.98,17.43
391100,5299.12,-241.35,-241.35,42.65,42.37,7.46,30.44,1.06,45.78,17.16
391200,5307.02,-242.64,-240.98,42.87,42.29,7.4,30.17,0.79,43.24,17.67
391300,5305.77,-242.81,-241.77,42.71,42.37,7.44,30.47,1.08,43.74,17.43
391400,5301.61,-242.73,-241.06,42.77,42.49,7.54,30.46,1.07,36.94,18.02
391500,5292.46,-243.56,-241.31,42.59,42.37,7.32,30.39,1,43.67,17.91
391600,5301.2,-242.73,-241.44,42.67,42.47,7.06,30.5,1.11,41.47,17.2
391700,5302.45,-242.56,-241.1,42.65,42.25,7.6,30.52,1.13,39.81,17.43
391800,5304.94,-242.48,-241.1,42.79,42.41,7.48,30.41,1.02,34.58,17.71
391900,5304.94,-241.27,-241.02,42.81,42.31,7.62,30.54,1.15,40.31,17.83
392000,5303.28,-244.14,-241.85,42.97,42.27,7.2,30.32,0.93,39.23,17.51
392100,5298.7,-243.47,-241.14,42.89,42.39,7.22,30.5,1.11,44.05,18.02
392200,5305.77,-241.69,-240.94,42.91,42.33,7.58,30.3,0.92,29.01,17.71
392300,5294.54,-242.48,-240.69,42.87,42.31,7.4,30.44,1.05,50.28,17.2
392400,5297.04,-242.81,-241.27,42.69,42.47,7.58,30.38,0.99,43.01,17.67
392500,5302.03,-242.56,-241.14,42.87,42.29,7.32,30.27,0.88,34.27,17.43
392600,5300.37,-242.23,-240.94,42.77,42.27,7.18,30.57,1.19,47.36,17.75
392700,5302.45,-241.98,-240.77,42.75,42.19,7.44,30.28,0.89,43.28,17.71
392800,5307.02,-241.98,-241.27,42.71,42.25,7.5,30.47,1.08,41.01,17.79
392900,5298.7,-243.39,-241.23,42.49,41.03,7.64,30.38,1,32.98,17.35
393000,5299.95,-243.43,-241.06,42.12,41.19,7.48,30.4,1.01,43.28,18.34
393100,5304.94,-241.6,-240.69,42.04,39.25,4.85,30.42,1.04,38.84,17.35
393200,5300.37,-241.81,-240.98,41.88,39.93,7.38,30.34,0.95,41.78,17.71
393300,5296.62,-242.48,-240.94,41.48,40.07,-0.61,30.65,1.26,41.16,17.12
393400,5305.36,-241.98,-240.77,40.92,38.36,-0.59,30.38,0.99,41.2,17.55
393500,5296.62,-243.31,-241.02,41.88,40.99,5.97,30.4,1.01,41.08,17.63
393600,5295.37,-243.64,-241.73,42.14,41.07,6.17,30.62,1.23,40,17.55
393700,5302.03,-243.06,-241.44,42.08,41.11,7.5,30.22,0.83,39.34,17.75
393800,5298.29,-242.81,-240.9,42.1,41.05,6.83,30.56,1.17,43.32,17.83
393900,5302.45,-243.35,-241.31,42.21,40.99,6.91,30.37,0.98,41.66,17.51
394000,5302.45,-241.69,-241.19,42.14,40.85,7.56,30.49,1.1,39.65,17.59
394100,5297.45,-242.23,-241.39,42.25,40.81,7.38,30.22,0.83,41.39,17.43
394200,5299.12,-243.06,-241.52,42.23,40.97,7.48,30.62,1.23,42.09,17.95
394300,5299.53,-242.35,-241.52,42.17,40.97,7.58,30.48,1.09,39.38,17.79
394400,5299.53,-242.97,-240.9,42.04,41.07,7.74,30.48,1.09,42.7,17.87
394500,5303.69,-242.89,-241.6,42.1,40.85,7.56,30.53,1.15,39.23,17.31
394600,5298.29,-242.48,-241.64,42.14,40.91,7.62,30.51,1.12,46.13,17.51
394700,5298.29,-243.02,-240.98,42.23,40.95,7.58,30.36,0.98,36.59,17.59
394800,5306.61,-243.81,-241.14,41.8,40.85,7.52,30.65,1.26,38.49,17.51
394900,5304.53,-243.56,-241.56,42.12,40.97,7.64,30.36,0.97,39.38,17.28
395000,5305.77,-243.64,-240.9,41.94,40.97,7.66,30.62,1.23,40,17.31
395100,5301.61,-242.85,-241.85,41.96,40.91,7.5,30.36,0.97,37.91,17.31
395200,5301.2,-243.39,-241.39,42.1,41.05,7.68,30.62,1.23,39.81,17.83
395300,5308.69,-242.68,-241.52,42.21,40.95,7.64,30.36,0.97,37.6,17.71
395400,5307.85,-242.52,-241.48,41.94,40.79,7.74,30.47,1.08,38.14,17.59
395500,5306.19,-242.18,-240.81,42.14,40.85,7.78,30.28,0.9,38.84,17.47
395600,5306.19,-244.14,-241.23,42.04,40.83,7.5,30.37,0.98,44.05,17.47
395700,5302.03,-241.98,-241.44,42.06,40.83,7.68,30.31,0.92,39,17.35
395800,5298.7,-242.89,-241.6,42.19,41.17,7.34,30.32,0.94,40.89,17.87
395900,5312.02,-242.68,-241.35,42,40.81,7.54,30.43,1.04,38.49,17.71
396000,5294.13,-242.73,-241.02,42.04,40.89,7.52,30.55,1.16,39.73,17.71
396100,5301.61,-243.31,-241.14,42.1,41.05,7.64,30.3,0.92,40.73,17.28
396200,5299.53,-241.6,-241.14,41.96,40.75,7.72,30.5,1.11,42.01,17.63
396300,5302.03,-242.85,-241.6,42.14,40.99,7.64,30.32,0.94,38.69,17.47
396400,5300.37,-241.81,-241.56,41.96,40.75,7.72,30.56,1.17,42.63,17.87
396500,5302.86,-242.77,-241.48,42.06,41.13,7.66,30.42,1.04,42.7,17.67
396600,5302.45,-242.85,-241.69,41.94,40.97,7.6,30.61,1.23,40.81,17.35
396700,5302.86,-242.31,-241.85,42.04,40.89,7.68,30.41,1.02,40.16,17.75
396800,5299.12,-243.89,-241.6,42.08,40.93,7.44,30.52,1.13,42.7,18.02
396900,5303.69,-243.39,-241.39,42.06,40.93,7.7,30.32,0.93,43.09,17.51
397000,5297.45,-242.6,-241.52,42.06,40.89,7.34,30.54,1.15,34.11,17.99
397100,5298.29,-242.97,-241.44,41.94,40.73,7.76,30.45,1.06,39.38,17.59
397200,5307.02,-243.81,-241.73,41.94,41.19,7.64,30.57,1.18,40.35,17.71
397300,5305.77,-242.18,-241.77,42.02,41.43,7.68,30.3,0.91,41.74,17.35
397400,5305.77,-243.35,-241.81,42.08,40.95,7.62,30.31,0.92,38.18,18.26
397500,5299.95,-243.31,-242.06,41.94,40.75,7.74,30.24,0.86,39.58,17.51
397600,5306.19,-241.77,-241.6,41.96,40.93,7.6,30.32,0.94,42.82,17.71
397700,5299.95,-243.1,-241.23,42.25,41.13,7.8,30.38,0.99,41.74,17.91
397800,5301.2,-242.18,-241.69,42.04,40.91,7.62,30.4,1.02,38.49,17.67
397900,5298.29,-242.97,-241.1,42,40.87,7.6,30.3,0.92,45.25,17.71
398000,5301.61,-242.14,-241.31,42.35,40.91,7.72,30.34,0.95,36.56,17.2
398100,5297.87,-242.93,-241.6,42.31,41.17,7.82,30.4,1.02,40.46,17.43
398200,5314.51,-243.43,-241.27,41.88,40.95,7.52,30.58,1.19,40.43,17.79
398300,5303.69,-242.64,-241.69,42.06,40.87,7.56,30.32,0.93,43.2,17.51
398400,5307.02,-242.97,-241.48,42.1,41.17,7.78,30.55,1.16,37.33,17.95
398500,5300.78,-243.31,-241.44,42.1,40.93,7.56,30.36,0.97,39.07,17.75
398600,5302.86,-242.35,-241.94,42.08,41.03,7.54,30.45,1.06,36.28,17.67
398700,5299.12,-243.89,-241.48,42.08,40.95,7.66,30.36,0.97,43.2,17.63
398800,5301.2,-242.81,-241.35,42.08,41.05,7.58,30.52,1.13,36.05,17.75
398900,5298.7,-242.43,-241.73,42,41.11,7.6,30.46,1.07,42.05,17.87
399000,5309.1,-243.35,-241.02,42.02,40.95,7.64,30.46,1.07,41.2,17.79
399100,5300.37,-242.89,-241.69,42.19,40.85,7.78,30.46,1.07,42.43,17.67
399200,5303.28,-243.52,-241.06,42.06,40.85,7.62,30.43,1.04,39.65,17.71
399300,5299.95,-241.81,-241.81,42.23,41.15,7.58,30.39,1,40.5,17.79
399400,5301.2,-242.23,-241.44,42.02,40.89,7.86,30.5,1.11,35.08,17.95
399500,5300.37,-242.85,-241.1,41.92,40.93,7.8,30.28,0.89,41.89,17.67
399600,5299.95,-242.85,-241.89,41.84,41.21,7.58,30.44,1.06,44.86,18.38
399700,5302.45,-242.77,-241.81,41.98,41.13,7.64,30.28,0.89,35.24,17.39
399800,5306.61,-243.39,-241.73,42.17,40.85,7.7,30.46,1.08,40.5,17.83
399900,5306.61,-244.14,-241.56,42,41.09,7.46,30.4,1.01,43.59,17.39
400000,5304.53,-242.85,-241.89,42.23,40.91,7.86,30.42,1.04,43.09,17.59
400100,5301.61,-242.81,-241.85,42.15,40.83,7.74,30.42,1.03,40.77,17.51
400200,5312.85,-243.02,-241.77,42.21,40.99,7.68,30.43,1.04,44.44,17.35
400300,5309.94,-243.72,-241.85,42.23,40.87,7.48,30.57,1.19,41.58,18.14
400400,5300.78,-242.77,-241.39,41.94,40.99,7.7,30.4,1.01,42.01,17.79
400500,5303.69,-242.43,-241.89,42.06,40.91,7.76,30.4,1.02,38.45,18.46
400600,5304.94,-242.6,-241.44,42.33,40.87,7.56,30.74,1.35,41.51,18.02
400700,5303.69,-242.85,-241.31,42.02,41.09,7.6,30.6,1.21,38.96,17.59
400800,5304.11,-242.43,-241.56,42.17,40.97,7.72,30.5,1.11,42.82,17.71
400900,5309.94,-242.39,-241.73,42.1,40.71,7.98,30.36,0.98,39.11,17.55
401000,5300.78,-243.85,-241.73,42.06,40.87,7.58,30.51,1.12,41.58,18.5
401100,5307.02,-243.97,-241.85,42.14,40.83,7.48,30.66,1.27,44.28,18.62
401200,5306.19,-242.39,-241.52,41.84,41.23,7.54,30.38,0.99,37.56,17.71
401300,5309.1,-243.72,-241.94,41.88,40.81,7.82,30.39,1,43.71,17.2
401400,5304.53,-243.22,-241.56,42.02,41.03,7.6,30.69,1.3,40.19,17.95
401500,5305.77,-242.39,-241.73,42.23,41.13,7.62,30.75,1.37,37.83,17.79
401600,5302.86,-242.89,-241.89,41.94,41.03,7.78,30.41,1.02,38.03,17.71
401700,5307.85,-243.22,-241.89,42.14,40.87,7.76,30.56,1.17,40.16,17.71
401800,5309.52,-243.47,-241.94,41.98,40.87,8.04,30.52,1.13,42.01,17.87
401900,5306.19,-242.6,-241.39,41.82,41.03,7.46,30.44,1.05,40.39,18.69
402000,5302.03,-242.73,-241.73,41.98,40.93,7.64,30.34,0.96,42.16,17.87
402100,5303.28,-243.18,-241.6,42.02,40.95,7.4,30.59,1.21,38.07,17.59
402200,5300.37,-242.6,-241.35,42.06,41.05,7.5,30.3,0.92,37.64,17.24
402300,5304.11,-243.35,-242.06,42.1,40.79,7.74,30.7,1.31,37.33,18.26
402400,5307.44,-242.1,-241.52,42.04,40.91,7.62,30.52,1.13,41.35,17.67
402500,5307.44,-244.14,-242.48,41.92,41.05,7.92,30.53,1.14,36.94,17.43
402600,5306.61,-242.77,-241.69,42.06,40.85,7.64,30.44,1.06,44.01,17.71
402700,5311.6,-240.94,-241.23,42.06,40.95,7.64,30.4,1.01,38.38,17.71
402800,5309.52,-241.98,-241.27,42.37,40.41,7.56,30.38,0.99,43.78,17.55
402900,5305.77,-242.6,-241.48,42.08,41.05,7.44,30.72,1.33,45.98,18.22
403000,5304.11,-243.06,-241.89,42.21,41.09,7.92,30.47,1.08,38.65,17.47
403100,5306.19,-242.43,-241.39,42.02,40.93,7.46,30.71,1.33,38.57,18.77
403200,5306.19,-242.52,-241.73,42.06,41.15,7.9,30.53,1.14,42.9,17.67
403300,5302.45,-243.68,-241.89,41.78,40.75,7.68,30.59,1.21,39.85,17.67
403400,5302.45,-243.06,-241.6,42.14,41.17,7.6,30.3,0.92,36.21,18.5
403500,5301.61,-244.22,-242.23,42.14,40.87,7.76,30.57,1.18,39.5,17.55
403600,5307.02,-242.85,-241.69,42.06,41.19,7.66,30.5,1.11,40.35,17.83
403700,5309.1,-243.27,-242.18,42.15,40.89,7.82,30.61,1.23,41.39,17.87
403800,5312.02,-242.64,-241.27,41.98,40.91,7.7,30.5,1.11,37.21,17.24
403900,5305.36,-243.68,-242.39,42.17,40.97,7.8,30.69,1.31,38.72,17.91
404000,5311.6,-241.81,-242.14,41.76,41.11,7.34,30.37,0.98,39.38,18.18
404100,5307.85,-242.64,-241.98,42.04,40.87,7.48,30.57,1.19,37.02,18.06
404200,5303.69,-242.56,-241.73,41.84,40.89,7.9,30.58,1.19,42.66,17.87
404300,5309.94,-242.64,-241.81,42.19,40.99,7.56,30.43,1.04,40.08,17.71
404400,5305.77,-243.89,-241.81,42.49,40.85,7.32,30.42,1.04,39.88,17.91
404500,5303.28,-242.39,-241.69,41.8,40.95,8.58,30.61,1.22,38.22,17.83
404600,5310.77,-242.23,-241.64,42.02,40.95,7.56,30.36,0.97,43.36,18.14
404700,5299.12,-241.06,-242.39,43.01,40.83,7.9,30.59,1.2,41.47,17.75
404800,5305.77,-243.27,-241.44,42.02,40.91,7.72,30.26,0.87,37.87,17.79
404900,5304.53,-244.35,-241.44,42.19,40.93,7.66,30.48,1.09,38.41,17.75
405000,5305.77,-242.31,-240.81,41.92,40.93,7.74,30.43,1.04,40.66,17.24
405100,5302.45,-244.6,-241.39,42.17,40.75,7.38,30.43,1.04,40.27,18.1
405200,5299.12,-243.14,-241.19,42.12,40.99,7.6,30.38,1,37.8,17.87
405300,5300.37,-241.73,-242.27,42.06,40.91,7.8,30.41,1.02,45.17,18.69
405400,5299.12,-242.93,-241.89,42.35,41.03,7.46,30.27,0.88,40.62,17.63
405500,5292.88,-241.48,-241.06,42,40.75,7.48,30.63,1.24,42.74,17.71
405600,5300.78,-242.18,-241.77,42.02,40.99,7.96,30.44,1.06,41.74,17.87
405700,5308.69,-243.77,-241.27,42.17,40.95,7.5,30.62,1.23,43.59,17.91
405800,5312.43,-243.43,-241.23,41.94,41.15,7.78,30.31,0.92,35.51,18.14
405900,5299.53,-242.43,-241.56,42.29,40.89,8.06,30.56,1.17,42.78,17.95
406000,5296.62,-241.02,-241.64,42.1,41.11,7.48,30.17,0.79,35.08,17.91
406100,5299.53,-242.02,-242.23,42.21,41.19,7.54,30.36,0.98,38.42,17.75
406200,5313.68,-244.14,-241.39,41.96,40.99,7.96,30.28,0.9,39.65,18.14
406300,5304.11,-244.01,-241.23,42.02,40.87,7.66,30.52,1.13,41.55,18.14
406400,5298.29,-241.98,-242.1,42.27,40.93,7.64,30.34,0.95,43.47,17.16
406500,5302.03,-243.02,-241.56,42.08,40.95,7.8,30.27,0.88,35.28,18.1
406600,5300.37,-243.93,-241.19,42.04,40.79,7.66,30.32,0.94,37.95,18.02
406700,5308.69,-243.06,-240.98,42.19,41.13,7.68,30.54,1.15,40.12,17.75
406800,5300.78,-243.1,-241.6,42.02,40.87,7.8,30.57,1.18,37.64,17.95
406900,5312.85,-244.39,-241.48,41.96,41.05,8.12,30.73,1.34,37.72,17.91
407000,5300.78,-242.81,-242.18,42.17,41.01,7.5,30.3,0.92,39.07,18.14
407100,5302.03,-244.1,-241.98,41.96,40.87,7.68,30.77,1.39,42.01,17.39
407200,5308.27,-242.18,-241.56,42.02,41.03,7.72,30.25,0.86,38.8,17.75
407300,5302.86,-242.39,-241.14,41.76,40.83,7.58,30.37,0.98,41.12,18.14
407400,5297.87,-242.18,-241.52,42.12,40.77,7.82,30.06,0.67,40.19,18.34
407500,5300.37,-243.85,-241.27,41.96,40.73,7.68,30.44,1.06,41.31,18.1
407600,5300.78,-240.19,-241.73,42.04,40.97,7.56,30.24,0.85,39.38,17.63
407700,5307.44,-243.22,-242.06,42.25,40.77,7.72,30.16,0.77,40.27,18.02
407800,5298.29,-242.89,-241.56,42.12,40.73,7.44,29.85,0.46,41.24,17.79
407900,5308.69,-243.6,-241.64,41.86,40.99,7.96,30.32,0.94,40.85,17.47
408000,5302.45,-242.77,-241.94,42.19,41.07,7.62,30.46,1.07,40.43,17.39
408100,5302.03,-241.56,-241.48,41.92,40.99,7.42,29.95,0.57,40.73,17.43
408200,5307.85,-242.77,-241.39,41.88,40.97,7.9,30.22,0.83,39.11,17.51
408300,5302.86,-243.14,-241.19,42,41.01,7.78,30.16,0.77,38.49,18.06
408400,5316.18,-243.43,-241.81,42.33,40.69,8.26,29.93,0.55,40.85,17.87
408500,5303.69,-244.39,-241.39,42,40.85,7.66,30.15,0.76,42.47,17.83
408600,5314.1,-244.56,-241.39,41.88,40.89,8,30.19,0.8,39.34,17.79
408700,5307.02,-242.06,-242.1,41.94,40.99,7.66,30.36,0.98,41.28,17.67
408800,5305.77,-243.85,-241.35,42.02,40.73,7.64,30.17,0.78,39.88,18.5
408900,5309.94,-242.93,-241.85,42.17,41.01,7.62,30.06,0.67,40.66,17.79
409000,5312.43,-242.14,-241.64,42.17,41.39,7.46,30.21,0.82,39.58,18.3
409100,5303.28,-242.64,-241.98,41.86,41.05,7.7,30.21,0.82,41.08,17.43
409200,5302.03,-243.06,-241.69,42.12,41.01,7.68,30.42,1.03,41.24,17.95
409300,5306.19,-243.6,-241.56,42.08,40.97,7.6,30.19,0.8,34.62,18.06
409400,5299.95,-245.18,-241.14,42.23,40.97,7.8,30.57,1.19,38.88,17.83
409500,5293.71,-242.06,-241.94,42.15,40.69,7.64,30.11,0.72,43.24,17.24
409600,5300.78,-241.6,-242.35,42.17,40.89,7.44,30.33,0.94,39.85,17.16
409700,5313.68,-243.77,-242.18,42.19,40.97,7.78,30.07,0.69,41.85,17.71
409800,5299.12,-244.14,-241.1,41.9,41.03,7.62,30.07,0.69,37.25,18.02
409900,5307.02,-240.4,-241.98,42.14,41.05,7.52,30.07,0.69,44.4,18.54
410000,5305.36,-241.23,-241.64,42.06,40.93,7.42,30.26,0.88,43.4,17.87
410100,5304.11,-241.56,-241.64,42.17,40.85,7.56,30.32,0.94,40.58,18.14
410200,5295.79,-243.27,-241.06,42.02,40.99,7.88,30.28,0.89,36.13,17.59
410300,5298.7,-244.01,-241.06,42.15,40.81,7.42,30.14,0.75,43.67,18.5
410400,5315.34,-241.35,-241.81,42.14,40.91,7.76,30.22,0.83,41.55,17.87
410500,5304.53,-242.43,-241.56,41.78,41.09,7.82,30.04,0.65,37.41,18.06
410600,5295.79,-241.94,-241.27,42.27,40.83,7.46,30.28,0.9,42.97,18.14
410700,5297.87,-242.52,-241.27,42.14,40.75,7.74,30.16,0.77,39.19,16.92
410800,5302.86,-242.31,-241.69,42.21,40.97,7.62,30,0.61,36.13,17.95
410900,5297.04,-242.52,-241.44,42.15,40.87,7.8,30.21,0.82,40.81,17.87
411000,5303.28,-241.02,-242.52,42.31,40.87,7.44,30.19,0.8,41.31,17.63
411100,5309.94,-243.56,-241.77,41.94,40.93,7.6,30.3,0.91,41.47,17.51
411200,5300.37,-244.14,-241.27,42.08,40.99,7.9,30.19,0.8,38.18,17.71
411300,5299.53,-244.35,-241.19,42.08,40.93,7.76,30.49,1.1,43.28,17.91
411400,5302.03,-243.68,-241.19,42.06,40.99,7.74,30.52,1.13,38.22,17.12
411500,5309.1,-243.89,-241.94,42.23,40.89,7.8,30.15,0.76,44.94,17.67
411600,5306.61,-242.39,-241.35,42.02,40.95,7.58,30.16,0.77,37.76,17.95
411700,5309.94,-242.52,-242.39,42.17,40.87,7.3,30.11,0.72,34.15,17.87
411800,5309.94,-244.22,-241.64,41.98,41.25,7.86,30.22,0.83,39.42,18.06
411900,5294.54,-240.85,-241.56,42.14,41.15,7.48,30.19,0.8,42.01,18.3
412000,5307.85,-244.85,-240.81,42.06,40.85,7.68,30.54,1.15,42.74,18.1
412100,5298.7,-241.39,-241.6,41.9,40.79,7.44,30.21,0.82,40.77,17.59
412200,5290.8,-241.52,-241.77,42.21,41.09,7.72,30.23,0.84,38.41,18.06
412300,5313.26,-242.35,-242.85,42.14,41.13,7.6,30.43,1.04,37.99,17.83
412400,5304.94,-244.26,-241.64,42.31,40.91,7.6,30.26,0.87,39.54,17.59
412500,5306.19,-243.1,-242.43,41.98,41.07,7.7,30.24,0.85,40.27,18.54
412600,5293.29,-243.14,-241.77,42.1,41.13,7.64,30.05,0.66,36.9,17.67
412700,5307.44,-244.68,-241.64,42.23,40.97,7.6,30.58,1.19,45.09,17.91
412800,5298.7,-243.64,-242.39,42.17,40.79,7.88,30.48,1.09,34.42,17.67
412900,5312.02,-243.77,-241.23,42.06,40.99,7.68,30.45,1.06,46.98,17.87
413000,5302.86,-243.93,-241.31,42.33,41.05,7.56,30.41,1.02,41.58,18.26
413100,5309.94,-243.68,-242.02,41.86,40.93,7.46,30.34,0.95,36.9,17.55
413200,5309.1,-243.52,-241.73,42.23,40.89,7.58,30.56,1.17,42.82,17.43
413300,5298.29,-243.39,-241.44,41.88,40.95,7.9,30.42,1.04,35.12,18.22
413400,5301.2,-243.43,-241.73,42.23,40.85,7.62,30.56,1.17,39.65,18.14
413500,5306.61,-240.44,-241.94,42.45,40.97,7.24,30.46,1.08,44.36,17.83
413600,5302.45,-243.81,-241.89,41.98,40.91,7.86,30.42,1.03,39.46,18.06
413700,5307.02,-243.93,-241.81,42.12,40.97,7.74,30.44,1.06,42.74,18.18
413800,5321.58,-245.26,-242.06,41.98,41.05,7.64,30.44,1.05,43.63,17.75
413900,5318.26,-243.81,-241.6,42.35,41.01,7.64,30.56,1.17,37.45,17.95
414000,5311.18,-244.14,-241.48,42.02,40.99,7.5,30.23,0.84,36.63,17.75
414100,5298.29,-241.6,-241.98,41.76,40.75,7.72,30.24,0.86,41.93,17.87
414200,5310.35,-242.48,-241.98,42.19,41.07,7.64,30.49,1.1,39.96,18.62
414300,5310.35,-241.85,-242.18,41.86,40.89,7.74,30.06,0.67,38.38,17.43
414400,5314.1,-244.8,-241.64,42.12,41.03,7.62,30.55,1.16,43.82,17.63
414500,5300.37,-241.44,-242.06,41.96,41.09,7.68,30.41,1.02,41.24,17.95
414600,5313.26,-243.39,-241.48,42.21,41.11,7.46,30.35,0.96,39.58,17.75
414700,5303.28,-243.64,-241.81,42.14,41.09,7.38,30.51,1.12,49.78,17.67
414800,5302.45,-243.81,-242.27,41.98,40.73,7.96,30.33,0.94,40.04,17.91
414900,5307.44,-242.68,-241.89,42.02,40.93,7.96,30.37,0.98,37.95,18.34
415000,5297.04,-242.06,-242.02,42.06,40.93,7.86,30.42,1.03,39.23,17.83
415100,5296.21,-242.97,-242.06,41.94,40.91,7.86,30.33,0.94,37.76,17.63
415200,5307.02,-242.85,-241.44,41.94,40.75,7.56,30.12,0.73,41.47,18.1
415300,5301.2,-241.27,-242.31,42.12,40.79,7.76,30.12,0.73,38.18,17.43
415400,5299.95,-241.06,-242.18,42.25,41.01,7.48,30.32,0.93,43.82,17.75
415500,5312.85,-242.73,-241.85,41.86,40.97,7.92,30.17,0.78,36.01,18.06
415600,5306.61,-243.72,-241.39,42.15,40.93,7.7,30.07,0.69,38.11,17.51
415700,5302.86,-241.56,-241.73,42.04,40.99,7.5,30.32,0.93,44.17,18.14
415800,5300.78,-241.39,-242.06,41.96,40.85,7.62,30.23,0.84,39.73,18.06
415900,5305.77,-241.52,-241.69,41.98,40.89,7.54,30.31,0.92,42.51,17.71
416000,5303.69,-241.23,-242.1,41.96,40.95,7.5,30.28,0.9,41.01,18.26
416100,5302.03,-242.56,-242.02,42.17,41.01,7.64,30.32,0.94,39.19,18.02
416200,5310.35,-243.43,-241.81,42.1,40.69,7.48,30.19,0.8,38.76,18.18
416300,5304.94,-244.22,-241.6,41.92,40.89,7.72,30.32,0.93,40.16,17.95
416400,5303.28,-242.64,-241.85,42.12,41.11,7.74,30.22,0.83,39.85,17.91
416500,5309.94,-243.02,-241.69,42.02,40.95,7.4,30.4,1.02,39.11,17.79
416600,5302.45,-242.35,-241.6,41.96,40.97,7.58,30.27,0.88,39.27,18.18
416700,5312.43,-244.64,-241.31,42.63,41.13,7.9,30.29,0.9,40.19,17.79
416800,5304.94,-243.39,-241.31,41.88,41.03,7.92,30.32,0.93,38.49,17.63
416900,5315.34,-244.72,-241.81,42.08,40.93,7.46,30.26,0.87,39.54,17.75
417000,5312.85,-243.93,-241.85,42.14,41.01,7.8,30.11,0.73,38.26,18.18
417100,5310.35,-243.31,-241.98,42.15,40.89,7.52,30.21,0.82,40.16,17.79
417200,5314.51,-242.97,-242.06,41.94,41.03,7.7,30.17,0.79,44.44,18.14
417300,5311.18,-244.18,-241.69,41.96,41.01,7.5,30.26,0.87,41.89,17.43
417400,5304.11,-242.52,-241.19,42.06,41.05,7.76,30.36,0.97,38.07,18.38
417500,5302.03,-242.02,-241.44,42.06,41.09,7.5,30.24,0.85,37.49,17.99
417600,5303.28,-242.77,-242.06,42.15,41.03,7.8,30.32,0.94,39.81,17.47
417700,5295.79,-241.48,-241.39,42.14,40.97,7.7,30.24,0.86,38.38,17.63
417800,5291.63,-242.77,-241.35,42.04,41.03,7.5,30.28,0.89,41.58,18.1
417900,5304.11,-242.85,-241.52,41.92,40.97,7.64,30.22,0.83,39.5,17.75
418000,5304.53,-242.27,-241.44,42.15,40.79,7.84,30.26,0.87,43.24,17.59
418100,5314.1,-243.47,-241.98,41.88,41.05,7.66,30.33,0.94,41.12,17.43
418200,5299.95,-242.68,-241.35,42.02,40.95,7.52,30.28,0.9,40.43,17.71
418300,5298.29,-242.52,-241.14,42.04,40.77,7.78,30.23,0.84,42.43,17.63
418400,5307.44,-244.31,-241.52,42.04,40.95,7.48,30.38,0.99,38.14,18.34
418500,5309.52,-243.43,-241.56,41.74,41.05,7.42,30.27,0.88,37.83,17.71
418600,5310.77,-243.14,-241.6,42.19,40.99,7.64,30.48,1.09,41.12,18.06
418700,5304.11,-242.27,-241.56,41.78,40.83,7.46,30.25,0.86,41.16,18.5
418800,5306.61,-242.39,-241.81,42.15,40.95,8.1,30.36,0.97,39.34,17.95
418900,5300.78,-241.6,-241.56,42.1,40.79,7.68,30.29,0.9,37.95,18.26
419000,5308.69,-242.77,-241.48,42.15,40.93,7.52,30.4,1.01,39.27,17.79
419100,5294.96,-242.97,-241.69,42.06,41.05,7.62,30.24,0.86,38.22,17.55
419200,5301.61,-243.64,-241.77,41.94,41.17,7.44,30.49,1.1,45.67,17.59
419300,5297.87,-241.85,-241.69,42.1,40.87,7.58,30.44,1.06,41.93,17.95
419400,5307.85,-242.31,-241.52,42.19,41.03,7.76,30.3,0.91,41.62,17.91
419500,5308.69,-243.02,-241.64,42.12,40.95,7.78,30.42,1.03,38.22,18.22
419600,5299.95,-243.6,-241.73,42.08,40.95,7.4,30.31,0.92,35.78,17.83
419700,5312.43,-242.6,-241.6,41.94,41.07,7.82,30.34,0.96,38.96,18.22
419800,5306.61,-242.6,-241.64,42.1,41.03,7.46,30.48,1.09,38.03,18.1
419900,5303.28,-242.6,-241.64,42.06,40.87,7.78,30.44,1.05,41.01,18.02
420000,5309.94,-241.14,-241.02,42.02,41.07,7.7,30.34,0.95,43.51,17.71
420100,5302.86,-243.31,-241.81,42.17,40.69,7.64,30.55,1.16,36.09,18.77
420200,5299.53,-242.97,-241.44,41.98,41.01,7.66,30.42,1.03,38.61,17.63
420300,5309.1,-241.64,-241.56,42.14,41.13,7.64,30.54,1.15,43.05,18.18
420400,5309.94,-242.23,-241.44,42.1,40.83,7.86,30.46,1.07,43.59,17.91
420500,5308.27,-241.89,-241.44,41.88,41.11,7.84,30.48,1.09,35.9,17.87
420600,5309.52,-242.89,-241.35,41.94,41.01,7.8,30.4,1.01,43.24,18.18
420700,5304.11,-242.56,-241.6,41.96,41.15,7.7,30.47,1.08,37.29,18.02
420800,5297.04,-242.89,-241.27,42.02,40.81,7.62,30.5,1.11,41.82,17.95
420900,5302.86,-243.14,-241.56,42.19,41.03,7.7,30.56,1.17,37.21,17.63
421000,5304.94,-243.72,-241.39,42.04,40.99,7.76,30.29,0.9,43.36,18.26
421100,5309.94,-242.68,-242.1,42.23,40.99,7.52,30.42,1.04,40.04,17.63
421200,5303.69,-243.02,-241.85,41.96,40.95,6.33,30.52,1.13,43.17,17.35
421300,5310.77,-244.31,-241.77,41.96,40.95,7.46,30.43,1.04,40.58,18.34
421400,5309.1,-242.68,-241.89,42.17,41.05,8.14,30.32,0.93,40.27,17.99
421500,5306.19,-243.06,-241.69,42.27,41.09,7.8,30.46,1.07,44.44,17.2
421600,5311.6,-243.56,-242.02,42.02,40.83,7.62,30.35,0.96,41.04,18.06
421700,5303.69,-242.68,-241.81,42.1,41.07,7.58,30.36,0.97,40.81,18.02
421800,5308.27,-242.39,-241.81,42.23,41.01,7.88,30.24,0.86,40.85,17.83
421900,5311.6,-242.52,-241.81,41.94,41.01,7.78,30.69,1.3,38.96,17.95
422000,5306.19,-243.27,-241.69,42.08,40.99,7.5,30.27,0.88,39.19,17.95
422100,5302.45,-243.14,-241.35,42.19,41.03,7.56,30.44,1.06,40.19,17.87
422200,5303.69,-242.43,-241.69,41.92,40.97,7.94,30.17,0.78,41.62,18.02
422300,5299.53,-242.77,-241.48,42.14,40.87,7.82,30.36,0.98,40.31,17.59
422400,5303.28,-242.93,-241.73,42.15,40.85,7.72,30.26,0.88,41.04,18.14
422500,5305.36,-242.14,-241.64,42.12,41.05,7.7,30.13,0.75,40.35,17.79
422600,5301.61,-242.52,-241.56,42.1,40.99,7.72,30.13,0.75,40.43,17.83
422700,5305.77,-243.06,-241.73,41.88,40.93,7.72,30.35,0.96,41.39,17.91
422800,5309.94,-243.85,-241.85,42.21,41.03,7.56,30.26,0.87,43.67,17.87
422900,5304.94,-242.39,-241.73,42.04,40.83,7.7,30.13,0.74,39.42,18.1
423000,5301.61,-242.27,-241.85,42.21,40.99,7.62,30.25,0.86,35.2,17.99
423100,5300.78,-242.27,-241.27,42.04,40.93,7.72,30.17,0.78,37.21,17.31
423200,5299.12,-241.98,-241.6,42,40.83,8.08,30.29,0.9,37.76,18.46
423300,5306.19,-242.43,-241.73,41.96,40.95,7.66,30.3,0.92,40.08,17.39
423400,5300.78,-242.18,-241.56,42.1,40.99,7.6,30.26,0.88,37.25,18.18
423500,5304.94,-243.47,-241.48,42.06,40.81,7.84,30.17,0.78,41.43,17.2
423600,5304.94,-242.52,-241.19,42.25,40.91,7.62,30.15,0.77,38.42,18.46
423700,5299.12,-242.18,-241.69,42.12,40.83,7.72,30.23,0.84,39.07,17.63
423800,5304.53,-241.77,-241.52,42.59,41.13,7.68,30.21,0.82,37.14,18.77
423900,5304.53,-243.39,-241.6,41.88,41.05,7.82,30.2,0.81,39.42,18.14
424000,5310.77,-244.14,-241.85,42.17,40.89,7.66,30.32,0.94,36.25,18.14
424100,5311.6,-243.06,-242.14,42.02,41.13,7.74,30.12,0.73,39.38,17.99
424200,5303.28,-243.14,-241.77,41.94,40.93,7.82,30.24,0.85,41.7,17.59
424300,5303.69,-242.6,-241.48,42.06,40.77,7.7,30.16,0.77,32.09,17.87
424400,5297.87,-242.68,-241.69,42.15,40.99,7.64,30.18,0.79,37.83,17.83
424500,5315.76,-242.93,-241.69,42.04,40.97,7.82,30.17,0.79,44.24,18.06
424600,5313.26,-243.77,-241.69,41.84,40.89,7.64,30.23,0.84,44.44,18.02
424700,5309.52,-242.93,-242.02,42.08,41.05,7.6,30.09,0.71,39.3,17.63
424800,5305.77,-243.6,-241.73,42.02,40.93,7.6,30.34,0.95,35.86,17.67
424900,5302.03,-242.68,-241.85,42.14,41.01,7.36,29.99,0.61,47.44,17.95
425000,5313.68,-243.18,-241.85,42.04,40.93,7.88,30.35,0.96,44.13,17.83
425100,5304.11,-242.64,-241.44,42,40.93,7.68,30.19,0.8,43.2,18.02
425200,5305.77,-243.18,-241.94,41.86,40.91,7.78,30.28,0.89,37.56,17.79
425300,5309.1,-242.39,-242.02,41.96,40.93,7.7,30.2,0.81,41.39,18.02
425400,5303.69,-242.89,-241.94,41.98,40.87,7.7,30.22,0.83,41.35,17.91
425500,5316.18,-242.43,-241.56,42.08,40.87,7.74,30.25,0.86,40.77,17.87
425600,5314.51,-242.64,-241.69,42,40.87,7.68,30.29,0.9,36.17,18.3
425700,5312.02,-242.6,-241.73,41.96,40.93,7.44,30.36,0.97,41.66,17.55
425800,5309.1,-244.01,-241.48,42.1,40.97,7.64,30.25,0.86,39.27,18.3
425900,5306.61,-242.52,-241.94,41.98,40.85,7.5,30.28,0.89,41.35,17.83
426000,5306.19,-242.14,-241.31,42.17,40.99,7.58,30.26,0.88,34.46,17.67
426100,5309.1,-241.98,-241.6,42.08,40.83,7.5,30.46,1.08,40.27,17.2
426200,5317.84,-242.06,-241.39,42.27,40.89,8,30.28,0.89,40.73,18.69
426300,5309.94,-243.68,-241.44,42.14,40.93,7.74,30.38,1,35.59,17.99
426400,5314.93,-242.1,-241.64,41.9,41.01,7.62,30.36,0.97,43.05,17.83
426500,5303.28,-243.06,-241.52,42.23,40.97,7.8,30.42,1.03,40.58,17.63
426600,5299.12,-242.52,-241.39,41.88,40.89,7.56,30.39,1,40.81,17.95
426700,5301.2,-242.6,-241.77,42.12,40.87,7.82,30.38,1,41.24,17.71
426800,5308.69,-243.68,-241.27,42.17,41.01,7.66,30.24,0.85,37.1,18.1
426900,5307.85,-242.48,-241.44,42.02,40.91,7.66,30.4,1.01,43.47,18.1
427000,5304.11,-242.85,-242.31,42.29,41.01,7.92,30.33,0.94,39.92,17.31
427100,5302.03,-242.64,-241.73,41.88,40.91,7.76,30.32,0.93,40.85,17.87
427200,5303.69,-243.56,-241.69,42.08,41.03,7.66,30.4,1.02,38.22,17.99
427300,5310.77,-242.81,-241.69,42.02,41.03,7.74,30.3,0.91,35.35,17.63
427400,5307.44,-242.81,-241.64,41.92,40.89,7.92,30.3,0.92,41.58,18.38
427500,5319.5,-242.89,-241.6,42.02,40.95,7.64,30.43,1.04,42.74,18.46
427600,5315.76,-242.93,-241.85,42.19,40.95,7.74,30.45,1.06,38.03,18.22
427700,5300.37,-242.56,-241.85,41.96,41.11,7.72,30.4,1.02,38.03,17.75
427800,5305.77,-242.1,-241.98,41.92,41.05,7.9,30.18,0.79,39.81,17.99
427900,5312.85,-243.47,-241.94,42.25,41.09,7.56,30.56,1.17,36.59,18.14
428000,5307.02,-242.27,-241.69,42.02,41.17,7.6,30.24,0.85,39.65,18.02
428100,5302.45,-242.27,-241.31,42.17,40.85,7.72,30.57,1.19,37.18,17.83
428200,5307.44,-242.93,-241.56,42.04,40.97,7.5,30.48,1.09,41.08,17.71
428300,5297.87,-243.1,-241.1,42.08,40.75,7.74,30.41,1.02,39.42,17.87
428400,5306.61,-242.85,-241.39,42.21,40.91,7.66,30.44,1.06,41.43,17.87
428500,5303.28,-242.39,-241.69,41.94,40.99,7.66,30.36,0.97,41.74,17.71
428600,5306.19,-242.14,-241.56,41.94,40.91,7.78,30.36,0.98,36.75,18.34
428700,5307.44,-243.56,-241.48,42.17,41.07,7.42,30.52,1.13,42.16,17.83
428800,5307.85,-241.85,-241.69,42.12,40.85,7.74,30.5,1.11,39.81,18.02
428900,5303.28,-243.22,-241.56,42.29,40.91,7.68,30.49,1.1,38.3,18.3
429000,5300.78,-242.1,-241.31,42.1,40.97,7.52,30.47,1.08,40.89,17.79
429100,5309.94,-243.31,-242.27,42,40.85,7.58,30.17,0.79,37.06,17.83
429200,5305.77,-243.18,-241.98,42.21,40.83,7.6,30.6,1.21,37.68,18.06
429300,5303.69,-243.72,-242.06,41.88,40.89,7.64,30.26,0.88,37.83,17.99
429400,5306.19,-242.14,-241.81,42.12,40.83,8.18,30.69,1.31,41.82,17.63
429500,5303.28,-242.39,-241.48,42.02,40.99,7.7,30.43,1.04,39.42,18.34
429600,5300.37,-243.77,-241.31,42.02,41.01,7.56,30.59,1.21,43.82,17.24
429700,5301.2,-242.93,-241.52,42.39,40.81,7.42,30.63,1.24,40.58,18.14
429800,5302.03,-243.14,-241.89,42.15,41.01,7.8,30.59,1.2,43.4,18.18
429900,5306.19,-242.56,-241.85,42.29,40.71,7.6,30.42,1.03,45.67,17.55
430000,5303.69,-241.89,-241.81,42,41.01,7.68,30.4,1.02,40.31,17.67
430100,5301.2,-243.56,-241.6,42.12,40.77,7.72,30.5,1.11,39.73,18.22
430200,5302.45,-243.39,-241.35,41.96,41.13,7.72,30.65,1.27,39.77,18.14
430300,5309.1,-241.6,-240.98,41.94,41.21,7.6,30.3,0.92,42.09,17.2
430400,5300.37,-242.77,-241.81,42.21,40.97,7.6,30.62,1.23,42.16,18.54
430500,5301.2,-242.39,-241.48,41.98,40.89,7.74,30.17,0.79,37.87,18.06
430600,5312.02,-240.9,-241.39,42.19,40.87,7.46,30.48,1.09,43.82,17.59
430700,5305.36,-242.06,-241.89,42.14,40.73,7.84,30.4,1.02,41.7,18.38
430800,5307.02,-242.89,-241.56,42.02,41.15,7.5,30.28,0.9,36.87,17.75
430900,5312.43,-242.64,-241.94,42.06,40.83,7.82,30.12,0.73,43.2,18.1
431000,5308.27,-242.43,-242.02,42.29,40.87,7.78,30.34,0.95,41.08,17.91
431100,5304.11,-244.22,-241.81,42.08,40.97,7.44,30.33,0.94,43.78,18.06
431200,5310.77,-240.69,-241.56,42.04,40.99,7.5,30.34,0.95,41.55,17.71
431300,5310.77,-242.39,-241.98,42.33,40.99,7.4,30.6,1.21,36.67,18.3
431400,5312.85,-244.22,-242.52,41.98,41.03,7.68,30.33,0.94,39.77,18.18
431500,5301.2,-243.89,-241.48,41.96,40.93,7.64,30.22,0.83,42.47,17.87
431600,5310.77,-242.97,-242.73,42.04,41.27,8,30.54,1.15,42.97,17.83
431700,5299.53,-243.22,-241.94,42.04,40.69,7.58,30.27,0.88,41.85,17.59
431800,5304.94,-241.23,-241.69,41.98,40.81,7.58,30.37,0.98,43.09,17.99
431900,5302.03,-241.89,-241.39,42.27,40.77,7.5,30.3,0.91,42.39,17.67
432000,5307.44,-241.35,-241.85,42.12,41.01,7.7,30.1,0.71,41.74,17.75
432100,5314.1,-241.77,-241.39,42.33,41.03,7.56,30.24,0.86,38.45,17.51
432200,5307.44,-244.43,-241.77,42.04,40.99,7.64,30.13,0.75,35.66,17.47
432300,5301.61,-243.02,-242.1,41.92,41.01,7.78,30.27,0.88,34.81,18.18
432400,5304.94,-244.51,-242.27,42.12,40.87,7.84,29.99,0.6,37.45,17.35
432500,5304.11,-244.39,-241.56,42.14,41.01,7.68,30.29,0.9,38.72,18.1
432600,5310.35,-242.52,-242.14,42.02,40.93,7.72,30.09,0.71,39.42,18.26
432700,5306.19,-242.02,-242.23,42.04,40.89,8,30.64,1.25,40.85,17.99
432800,5312.02,-244.64,-241.89,42.15,40.87,7.6,30.13,0.75,39.3,17.63
432900,5301.61,-242.77,-241.39,42.12,40.87,7.58,30.59,1.21,33.26,18.22
433000,5309.1,-242.97,-241.44,41.94,40.97,7.76,30.03,0.64,38.88,17.99
433100,5306.19,-243.18,-242.02,42.04,40.95,7.68,30.44,1.06,42.16,17.59
433200,5318.67,-242.02,-241.94,42.1,40.85,7.7,30.07,0.68,39.42,17.99
433300,5307.02,-244.01,-241.14,42.08,40.75,8.08,30.52,1.13,40.39,17.71
433400,5302.45,-241.27,-242.18,41.94,40.95,7.58,30.29,0.9,39.88,17.79
433500,5302.03,-243.43,-241.56,41.92,40.77,7.74,30.35,0.96,43.74,17.43
433600,5305.36,-242.48,-242.35,41.88,41.21,7.74,30.23,0.84,42.05,17.55
433700,5302.03,-242.6,-241.85,41.96,40.83,7.5,30.38,1,35.12,17.91
433800,5304.11,-242.14,-241.77,41.92,41.07,7.58,29.95,0.57,36.13,17.75
433900,5294.96,-242.52,-241.14,42.41,41.15,7.48,30.53,1.14,43.59,17.71
434000,5304.94,-241.73,-241.39,42.02,40.95,7.42,30.17,0.79,33.22,18.54
434100,5316.59,-242.48,-241.6,41.94,41.13,7.56,30.4,1.01,40.97,18.38
434200,5307.85,-243.56,-241.39,41.86,40.85,7.44,30.1,0.71,38.61,17.95
434300,5303.28,-242.18,-241.77,42.06,41.15,7.54,30.34,0.95,39.15,18.02
434400,5315.76,-241.27,-241.89,41.96,40.93,7.6,30.26,0.87,39.46,17.87
434500,5296.62,-242.27,-242.06,42.23,41.01,7.82,30.53,1.14,38.22,17.95
434600,5300.78,-242.18,-242.06,42.1,40.97,7.64,30.36,0.98,42.16,17.79
434700,5303.69,-241.52,-242.18,41.98,41.15,7.56,30.5,1.11,37.83,18.26
434800,5304.53,-240.85,-242.02,41.88,40.81,7.54,30.23,0.84,40.04,18.46
434900,5303.69,-243.06,-242.14,42.25,41.21,7.9,30.42,1.04,42.74,17.51
435000,5303.69,-242.93,-241.23,42.12,40.69,7.58,29.95,0.57,40.58,17.55
435100,5293.71,-242.31,-241.27,42.17,40.91,7.68,30.32,0.94,38.3,17.55
435200,5305.77,-242.64,-241.98,42.14,41.09,7.76,30.18,0.79,42.16,17.95
435300,5302.45,-242.68,-241.44,42.25,40.89,7.72,30.46,1.07,37.72,18.18
435400,5322.42,-242.6,-241.89,42.23,40.81,8.06,30.23,0.84,41.28,17.35
435500,5314.1,-244.47,-241.52,42.14,40.99,7.48,30.42,1.04,36.83,18.3
435600,5305.77,-242.97,-241.69,42.08,41.09,8.04,30.4,1.02,38.34,18.26
435700,5308.27,-243.1,-241.31,42.06,40.97,7.84,30.32,0.93,36.79,17.51
435800,5297.04,-241.98,-241.69,41.9,40.85,7.64,30.24,0.86,41.04,17.99
435900,5304.94,-242.43,-241.73,42.21,41.03,7.66,30.52,1.13,37.33,17.83
436000,5302.03,-241.31,-242.27,42.08,40.89,7.86,30.39,1,41.16,18.26
436100,5299.12,-241.31,-241.94,42,41.03,7.74,30.42,1.03,39.46,17.28
436200,5300.78,-240.35,-241.06,42.08,41.03,7.5,30.55,1.17,38.18,18.1
436300,5309.94,-244.35,-241.64,42.21,40.89,7.76,30.48,1.09,41.58,18.14
436400,5304.53,-242.02,-240.98,42.02,40.93,8.2,30.42,1.04,41.66,17.67
436500,5303.69,-242.97,-241.77,42,40.91,7.64,30.41,1.02,35.47,18.69
436600,5302.86,-242.64,-241.73,41.96,40.97,7.72,30.36,0.97,41.66,17.55
436700,5303.28,-241.02,-241.31,41.18,40.85,7.7,30.44,1.05,39.61,18.06
436800,5307.02,-241.27,-242.68,42.27,40.89,7.84,30.46,1.08,36.87,18.22
436900,5305.36,-241.19,-241.81,42.04,41.11,7.68,30.3,0.91,36.52,17.95
437000,5310.77,-241.73,-241.73,41.98,40.79,7.92,30.38,0.99,46.09,18.3
437100,5305.77,-244.39,-242.31,42.02,41.05,7.62,30.58,1.19,40,18.38
437200,5310.77,-243.31,-241.77,41.96,41.21,7.46,30.39,1,44.32,17.71
437300,5299.53,-242.18,-241.14,42,40.91,7.86,30.34,0.96,40.39,18.06
437400,5305.77,-243.06,-241.48,42.06,40.75,7.58,30.36,0.98,42.32,17.59
437500,5309.52,-240.81,-241.94,41.98,40.87,7.54,30.71,1.32,38.8,17.91
437600,5311.6,-241.73,-241.98,41.94,41.19,7.62,30.66,1.27,36.4,17.55
437700,5313.26,-242.1,-241.48,42.06,40.99,7.84,30.25,0.86,37.8,17.71
437800,5310.35,-243.68,-242.56,41.86,40.87,7.56,30.82,1.44,40.39,17.59
437900,5314.51,-244.97,-242.14,42.06,40.75,7.5,30.48,1.09,43.17,17.67
438000,5306.61,-241.73,-241.98,42,40.97,7.86,30.57,1.19,38.84,17.91
438100,5309.52,-244.14,-241.64,42.04,40.95,7.76,30.34,0.95,38.76,17.83
438200,5312.85,-242.18,-241.35,42.27,40.91,7.82,30.52,1.13,36.98,18.06
438300,5311.6,-242.35,-241.35,42.1,40.83,7.66,30.3,0.92,41.39,17.39
438400,5308.27,-241.94,-241.81,42,41.13,7.74,30.4,1.01,42.9,18.06
438500,5297.45,-243.72,-242.43,42.21,40.89,7.58,30.16,0.77,38.14,18.26
438600,5309.52,-243.35,-241.98,42.08,40.89,7.62,30.58,1.19,43.05,18.18
438700,5302.45,-243.81,-241.64,41.94,41.09,7.72,30.32,0.94,40,17.79
438800,5317.84,-244.64,-242.1,41.76,40.93,7.36,30.4,1.01,38.69,18.38
438900,5303.69,-243.14,-242.31,42.31,40.93,7.68,30.42,1.03,44.05,17.67
439000,5303.28,-242.97,-241.77,42.15,40.95,7.62,30.48,1.09,38.84,17.28
439100,5312.85,-241.64,-241.85,42.21,40.99,7.8,30.36,0.98,40.19,18.54
439200,5309.52,-242.02,-241.85,42,40.97,7.94,30.53,1.14,39.07,18.97
439300,5314.1,-241.48,-242.06,42.1,40.79,7.78,30.63,1.25,43.24,17.35
439400,5307.85,-242.6,-242.06,41.92,41.07,7.88,30.63,1.24,43.86,18.34
439500,5306.61,-244.51,-242.56,42.15,41.05,7.54,30.26,0.88,39.54,17.87
439600,5304.11,-243.39,-241.6,41.92,40.97,7.98,30.69,1.31,37.6,17.95
439700,5312.43,-241.81,-242.39,42.31,40.79,7.5,30.51,1.12,36.36,18.26
439800,5303.69,-244.26,-241.89,42,40.91,7.76,30.67,1.29,39.85,17.91
439900,5311.6,-242.35,-242.06,42.02,40.87,7.76,30.3,0.92,39.34,17.83
440000,5309.94,-242.27,-242.06,42.23,40.93,7.44,30.57,1.18,44.63,17.59
440100,5310.35,-242.06,-241.85,42.08,40.79,7.74,30.57,1.18,38.34,18.34
440200,5307.44,-243.68,-242.14,42.1,40.97,7.6,30.57,1.18,40.31,18.02
440300,5306.19,-243.68,-241.56,42.06,40.85,7.9,30.57,1.18,36.01,17.75
440400,5307.85,-242.06,-242.6,41.94,40.95,7.66,30.46,1.08,36.32,17.71
440500,5306.61,-243.89,-241.85,42.15,40.99,7.66,30.46,1.07,41.51,18.18
440600,5305.77,-242.14,-242.43,41.94,40.89,7.52,30.54,1.15,34.89,18.14
440700,5308.69,-243.56,-242.1,42.15,40.89,7.78,30.45,1.06,40.97,17.55
440800,5312.43,-243.02,-241.77,41.98,41.37,7.58,30.68,1.29,39.81,18.26
440900,5314.1,-241.64,-241.94,42.02,40.87,7.74,30.48,1.09,36.67,17.39
441000,5313.26,-242.77,-242.48,41.96,40.73,7.8,30.73,1.35,41.12,18.34
441100,5302.86,-243.43,-242.02,42.1,40.97,7.92,30.6,1.21,38.3,17.91
441200,5311.6,-243.18,-242.1,42.12,41.13,7.52,30.75,1.37,38.03,17.79
441300,5309.1,-244.22,-241.85,42.31,41.17,7.62,30.79,1.4,43.01,17.71
441400,5314.93,-243.18,-241.94,41.86,41.13,7.6,30.62,1.23,38.42,18.18
441500,5311.6,-244.56,-242.06,42.02,40.97,7.62,30.86,1.47,41.97,18.38
441600,5307.85,-242.68,-241.89,41.98,40.99,7.54,30.78,1.39,42.16,17.87
441700,5302.45,-242.31,-242.27,42.14,41.07,7.34,30.94,1.55,36.75,18.42
441800,5309.1,-241.14,-242.39,42.15,41.11,7.54,30.6,1.21,43.36,17.35
441900,5316.59,-242.52,-241.94,42.08,40.87,7.74,30.47,1.08,42.39,17.95
442000,5316.18,-243.43,-242.77,42.12,40.91,7.82,30.73,1.35,38.61,17.51
442100,5305.36,-241.6,-242.06,42.06,41.33,7.58,30.67,1.29,41.2,18.22
442200,5321.58,-244.35,-242.18,42.14,40.99,7.86,30.5,1.11,37.91,17.91
442300,5314.51,-243.1,-242.02,42.1,41.07,7.6,30.73,1.34,43.13,17.91
442400,5306.61,-241.6,-242.73,41.98,40.81,7.7,30.66,1.27,42.74,17.83
442500,5310.77,-244.85,-241.89,42.06,41.11,7.46,30.83,1.44,35.08,17.83
442600,5313.68,-242.14,-242.73,42.02,40.79,8.06,30.59,1.21,40.85,18.73
442700,5304.94,-242.31,-242.31,42.04,40.91,7.72,30.76,1.37,38.07,17.67
442800,5317.01,-243.85,-242.48,42.23,40.87,7.92,30.45,1.06,37.56,18.18
442900,5312.02,-244.93,-242.14,42.04,41.09,7.32,30.69,1.3,38.11,17.91
443000,5304.11,-242.56,-242.89,42.17,40.89,8,30.53,1.14,37.6,17.79
443100,5304.11,-242.23,-242.31,41.94,40.93,7.54,30.75,1.37,42.59,17.79
443200,5304.53,-243.64,-242.27,42.04,41.07,7.68,30.66,1.27,39.27,17.71
443300,5308.69,-245.35,-241.69,41.96,40.83,7.78,30.68,1.29,41.47,18.26
443400,5305.77,-241.89,-242.23,41.92,40.85,7.48,30.6,1.21,39.34,17.79
443500,5306.61,-243.02,-242.52,42.04,40.91,7.52,30.82,1.43,42.55,18.06
443600,5309.52,-244.06,-242.1,42.08,40.87,7.7,30.72,1.33,42.36,17.87
443700,5307.02,-244.68,-242.02,42.02,40.97,7.62,30.92,1.54,39.61,17.2
443800,5315.34,-243.18,-242.1,41.98,40.81,7.44,30.78,1.39,38.34,18.14
443900,5310.77,-243.06,-242.68,42.27,40.89,7.98,30.77,1.38,40.27,18.14
444000,5303.28,-241.94,-242.43,42.1,40.85,7.76,30.63,1.25,41.24,18.1
444100,5303.28,-243.68,-242.52,42.59,41.13,7.98,30.87,1.48,37.45,18.1
444200,5310.77,-243.77,-242.35,42.31,40.89,7.8,30.53,1.15,37.68,17.59
444300,5308.27,-242.6,-242.43,41.88,40.91,7.54,30.97,1.58,44.51,17.63
444400,5310.35,-243.72,-242.14,42.06,40.93,7.6,30.67,1.29,37.95,17.95
444500,5304.94,-242.81,-241.98,42.17,40.97,7.6,31.04,1.66,39.85,17.24
444600,5306.19,-242.27,-242.14,42.14,41.07,7.64,30.71,1.32,42.05,18.73
444700,5312.43,-243.93,-241.98,42.15,40.89,7.78,30.82,1.44,39.15,17.51
444800,5318.67,-242.39,-241.77,42.06,40.97,6.59,30.55,1.16,41.24,18.58
444900,5316.59,-243.72,-242.43,42.14,40.99,7.46,30.78,1.39,39.15,17.99
445000,5309.52,-244.68,-242.39,42.14,40.81,7.44,30.55,1.16,40.35,18.06
445100,5312.85,-245.05,-242.1,41.96,40.91,7.62,30.82,1.44,44.09,17.31
445200,5305.36,-243.43,-242.27,42.15,40.89,7.94,30.55,1.16,40.81,17.79
445300,5309.52,-242.68,-241.77,42.14,40.89,7.7,30.91,1.52,42.05,17.83
445400,5316.59,-243.97,-242.1,42.1,40.99,7.7,30.65,1.27,40.97,17.91
445500,5316.59,-241.48,-241.94,42.15,41.13,7.52,30.89,1.5,39.34,17.79
445600,5312.02,-244.35,-242.14,41.86,40.89,7.54,30.67,1.28,34.27,17.83
445700,5316.59,-242.02,-242.06,42.19,40.97,7.8,30.85,1.46,42.97,18.22
445800,5309.94,-243.56,-242.23,41.96,40.85,7.74,30.61,1.23,38.3,18.02
445900,5309.52,-243.39,-242.02,42.1,41.03,7.48,30.91,1.52,43.55,18.06
446000,5309.94,-243.35,-242.1,42.15,41.09,7.58,30.52,1.13,42.82,18.22
446100,5309.52,-242.23,-242.27,42.12,40.87,7.92,30.81,1.42,39.88,18.46
446200,5309.1,-243.52,-242.18,42.04,41.05,7.64,30.5,1.11,34.81,17.71
446300,5313.26,-244.06,-242.27,42.06,40.85,7.7,30.78,1.39,39.88,18.62
446400,5310.77,-243.06,-242.31,42.19,40.95,7.94,30.51,1.12,34.93,17.28
446500,5315.34,-243.27,-242.18,42.1,41.09,7.48,30.69,1.3,41.39,17.71
446600,5314.1,-243.64,-242.27,42.21,40.97,7.92,30.5,1.11,39.54,18.14
446700,5313.68,-243.52,-242.18,42.06,40.95,7.68,30.69,1.3,38.8,17.75
446800,5321.58,-241.52,-241.85,42,40.91,7.94,30.32,0.94,39.5,18.3
446900,5312.85,-242.77,-242.14,42.21,41.11,7.56,30.81,1.42,42.66,17.95
447000,5316.18,-243.68,-242.02,42.02,40.93,7.54,30.28,0.9,40.16,17.95
447100,5302.03,-244.01,-242.18,42.1,40.89,7.9,30.6,1.21,37.68,18.1
447200,5309.1,-243.47,-242.52,42.15,40.83,7.48,30.33,0.94,42.82,17.71
447300,5312.02,-242.93,-242.27,42.12,40.95,7.18,30.72,1.33,40.62,17.59
447400,5305.36,-244.35,-242.43,42.06,40.85,7.72,30.51,1.12,39.69,17.87
447500,5312.85,-243.22,-242.52,41.92,41.05,7.8,30.61,1.22,36.9,17.59
447600,5307.85,-242.85,-241.89,41.98,40.93,7.82,30.53,1.14,41.47,18.3
447700,5305.36,-243.31,-242.1,42.02,41.13,7.7,30.76,1.37,41.01,17.75
447800,5309.94,-243.35,-242.18,41.96,41.05,7.7,30.5,1.11,37.37,18.14
447900,5316.59,-243.47,-242.39,42.1,40.97,7.58,30.65,1.27,43.32,17.99
448000,5311.6,-243.22,-242.06,41.96,41.09,7.7,30.43,1.04,41.78,17.59
448100,5308.27,-244.31,-242.23,41.88,41.07,7.64,30.77,1.39,42.05,17.91
448200,5314.51,-243.27,-242.64,42.06,40.85,7.74,30.46,1.07,43.51,17.91
448300,5314.1,-242.39,-242.6,42.02,41.05,7.58,30.67,1.29,40.89,18.38
448400,5319.09,-242.85,-243.22,42.14,40.77,7.58,30.39,1,43.55,18.22
448500,5311.18,-244.01,-242.35,42.06,40.87,7.62,30.48,1.09,40.58,18.34
448600,5312.85,-243.77,-242.23,41.84,41.09,7.58,30.48,1.09,42.32,18.02
448700,5319.5,-243.64,-242.64,42,40.85,7.62,30.38,0.99,38.53,18.18
448800,5308.27,-243.43,-242.43,42.02,40.95,7.78,30.48,1.09,34.93,18.62
448900,5314.1,-242.85,-242.48,42.25,41.09,7.56,30.64,1.25,36.71,17.87
449000,5311.18,-244.39,-242.56,42.08,40.81,7.5,30.36,0.98,43.74,17.71
449100,5308.69,-243.47,-242.23,42.15,40.99,7.7,30.58,1.19,40.97,17.87
449200,5313.68,-243.56,-242.43,41.98,40.87,7.94,30.5,1.11,41.35,18.18
449300,5319.09,-243.27,-242.14,42.02,40.89,7.56,30.63,1.24,45.09,18.26
449400,5311.18,-243.06,-242.39,42.02,40.97,7.58,30.52,1.13,44.78,17.67
449500,5309.52,-244.18,-242.48,42.17,40.87,7.64,30.5,1.11,34.73,17.55
449600,5309.52,-244.35,-242.31,42.25,40.99,7.84,30.56,1.17,41.08,18.69
449700,5313.68,-243.72,-242.64,42.06,40.91,7.68,30.54,1.15,37.72,17.99
449800,5311.6,-243.39,-242.39,42.02,40.97,7.7,30.4,1.02,38.96,18.18
449900,5311.18,-242.6,-242.31,42.19,40.93,7.66,30.48,1.09,37.68,17.91
450000,5310.77,-243.81,-242.18,42.27,40.93,7.66,30.38,0.99,37.72,18.18
450100,5312.85,-242.93,-242.56,41.94,40.99,7.5,30.55,1.17,42.01,17.83
450200,5311.18,-243.1,-242.23,42.06,40.95,7.68,30.45,1.06,41.55,18.1
450300,5309.52,-242.73,-242.27,42.17,40.85,7.54,30.43,1.04,40.08,17.91
450400,5317.01,-243.47,-242.48,42.1,40.93,7.96,30.42,1.03,38.88,17.67
450500,5309.94,-243.47,-242.27,42.06,40.87,7.92,30.53,1.14,45.36,18.1
450600,5308.27,-243.52,-242.52,42.02,40.85,7.6,30.48,1.09,41.66,17.95
450700,5317.01,-243.43,-242.31,42.15,40.85,7.74,30.52,1.13,40.08,17.67
450800,5308.27,-243.31,-242.31,42.12,40.99,7.58,30.53,1.14,46.13,17.83
450900,5313.68,-242.93,-242.56,42.04,40.79,7.64,30.26,0.87,43.86,18.14
451000,5310.35,-243.22,-242.27,42.06,40.85,7.9,30.61,1.23,42.78,17.63
451100,5307.44,-244.43,-242.18,42.21,40.93,7.56,30.28,0.89,38.49,18.14
451200,5313.68,-243.06,-242.39,41.96,40.79,7.7,30.38,1,36.9,17.75
451300,5316.59,-243.72,-242.43,42,40.85,7.64,30.3,0.91,39.92,18.22
451400,5314.51,-243.68,-242.48,42.29,41.21,7.9,30.5,1.11,40.39,17.43
451500,5318.67,-243.06,-242.64,42.15,40.89,7.62,30.24,0.86,42.66,18.26
451600,5308.69,-242.93,-242.35,41.98,40.85,7.76,30.63,1.25,47.51,17.67
451700,5310.77,-243.77,-242.06,42.35,41.17,7.76,30.23,0.84,41.28,17.67
451800,5305.36,-242.77,-242.18,42.02,40.91,7.48,30.49,1.1,41.01,17.87
451900,5310.77,-243.47,-242.1,41.22,41.01,7.78,30.21,0.82,40,17.75
452000,5308.69,-243.6,-242.27,42.1,41.11,7.84,30.67,1.29,38.76,18.26
452100,5311.18,-243.47,-242.1,42.15,40.83,7.54,30.35,0.96,41.04,17.79
452200,5316.18,-243.93,-242.39,42.06,40.97,7.4,30.65,1.26,42.51,18.58
452300,5312.85,-243.35,-242.39,41.84,40.83,7.62,30.25,0.86,43.51,18.42
452400,5315.34,-243.72,-242.31,42.06,40.89,7.66,30.49,1.1,36.67,17.71
452500,5305.77,-243.22,-241.98,42.06,41.09,7.5,30.37,0.98,38.53,18.02
452600,5314.93,-243.31,-242.39,42.06,40.95,7.76,30.55,1.16,37.56,18.38
452700,5315.76,-243.56,-242.39,41.96,40.89,7.46,30.25,0.86,46.09,17.16
452800,5305.77,-243.39,-242.27,42.41,41.17,7.62,30.75,1.36,39.65,18.06
452900,5309.94,-244.14,-242.14,42.02,41.05,7.54,30.27,0.88,43.59,17.91
453000,5311.18,-243.02,-242.39,42.17,40.85,7.76,30.61,1.22,34.46,17.39
453100,5307.44,-244.35,-242.1,42.14,40.91,7.78,30.16,0.77,40.97,17.99
453200,5309.1,-244.14,-242.27,42.02,41.17,7.7,30.57,1.19,40.12,17.75
453300,5308.27,-243.27,-242.6,41.96,41.21,7.58,30.38,1,44.48,17.91
453400,5312.02,-243.85,-242.31,42.17,41.07,7.9,30.53,1.15,40.23,17.51
453500,5316.18,-242.68,-242.27,41.9,40.83,7.8,30.07,0.68,42.12,17.79
453600,5315.34,-243.6,-242.06,41.9,41.01,7.64,30.65,1.26,39.65,18.26
453700,5308.27,-243.56,-242.39,42.02,40.93,7.52,30.24,0.85,41.39,17.59
453800,5309.1,-243.56,-242.23,41.98,41.01,7.46,30.51,1.12,40.89,18.26
453900,5308.69,-242.89,-242.48,41.98,41.07,7.42,30.35,0.96,35.12,17.63
454000,5301.2,-242.39,-242.6,42.17,40.97,7.9,30.57,1.19,41.04,17.99
454100,5314.93,-244.31,-241.94,41.84,40.77,7.8,30.23,0.84,37.52,18.18
454200,5309.1,-243.43,-242.27,41.84,40.85,7.9,30.36,0.97,41.62,18.02
454300,5311.6,-243.22,-242.27,41.96,40.89,7.56,30.21,0.82,40.46,17.59
454400,5314.1,-243.31,-242.48,41.9,41.11,8.06,30.4,1.01,35.7,18.02
454500,5307.44,-242.77,-241.98,42.08,41.17,7.6,30.26,0.87,43.55,18.18
454600,5313.26,-243.81,-242.18,42.02,40.95,7.72,30.34,0.96,38.65,17.51
454700,5311.18,-243.81,-241.94,42.14,40.87,7.9,30.45,1.06,42.09,18.02
454800,5306.19,-243.97,-242.27,42.37,40.77,7.56,30.7,1.31,41.04,17.51
454900,5309.52,-243.18,-242.39,42.12,41.07,7.9,30.22,0.83,38.57,17.75
455000,5310.77,-244.39,-242.18,42.15,40.85,7.52,30.57,1.19,47.82,18.46
455100,5309.52,-242.6,-242.43,42.02,40.83,7.58,30.32,0.94,41.16,17.95
455200,5306.19,-243.52,-241.89,42.12,40.83,7.58,30.38,1,43.47,17.67
455300,5307.02,-242.31,-241.94,41.78,40.81,7.52,30.61,1.22,38.26,17.83
455400,5312.85,-242.6,-242.48,42.04,40.85,7.9,30.36,0.97,43.32,17.95
455500,5309.94,-243.35,-241.89,42.1,40.89,7.34,30.58,1.19,42.28,17.83
455600,5317.42,-244.31,-242.89,42.15,40.85,7.8,30.23,0.84,39.46,17.71
455700,5311.18,-243.06,-242.1,42.12,40.83,7.38,30.55,1.17,35.2,18.85
455800,5310.77,-242.52,-242.48,41.96,41.01,7.7,30.47,1.08,33.41,18.1
455900,5312.43,-242.77,-242.18,42.04,41.07,7.7,30.52,1.13,39.19,17.55
456000,5311.18,-243.43,-242.18,42.19,40.83,7.46,30.63,1.24,35.78,17.87
456100,5312.85,-243.14,-242.35,42.12,40.87,7.72,30.38,1,37.95,17.87
456200,5313.26,-243.18,-242.35,42.12,40.87,7.56,30.46,1.08,34.89,18.65
456300,5305.77,-244.8,-242.56,42.08,40.73,7.68,30.57,1.19,36.4,17.83
456400,5309.1,-243.43,-242.14,41.86,40.93,7.54,30.29,0.9,37.68,18.06
456500,5317.84,-242.81,-242.35,42,40.99,7.6,30.4,1.01,42.59,17.75
456600,5309.1,-244.68,-243.02,42.04,40.93,7.58,30.34,0.95,38.3,17.91
456700,5317.42,-242.18,-242.1,42.1,41.11,7.74,30.43,1.04,37.25,17.55
456800,5314.93,-243.56,-241.98,42.12,40.85,7.52,30.31,0.92,43.09,17.99
456900,5319.92,-242.68,-242.43,42.25,40.93,7.8,30.45,1.06,39.77,18.3
457000,5319.5,-244.1,-242.48,42.21,41.01,7.58,30.38,1,35.31,17.91
457100,5314.93,-243.77,-242.1,41.96,40.91,7.22,30.32,0.93,40.35,17.99
457200,5313.68,-242.39,-242.39,42.21,40.67,7.7,30.28,0.89,32.71,17.47
457300,5314.93,-243.14,-242.52,42.25,40.97,7.92,30.69,1.3,39.77,18.06
457400,5306.61,-243.97,-242.02,42.12,41.07,7.66,30.46,1.07,36.59,17.51
457500,5318.67,-243.02,-242.73,42.21,41.17,8.18,30.67,1.28,38.45,17.35
457600,5326.16,-242.89,-242.35,41.98,40.95,7.56,30.72,1.33,42.39,18.3
457700,5312.43,-244.06,-243.22,41.94,41.01,7.76,30.46,1.08,35.12,17.47
457800,5309.52,-243.18,-241.81,41.84,41.13,7.38,30.34,0.96,38.49,17.87
457900,5315.34,-243.68,-242.27,41.94,40.85,7.78,30.91,1.52,44.17,18.46
458000,5314.1,-245.05,-243.22,42.37,40.87,7.66,30.39,1,44.4,17.91
458100,5318.67,-243.68,-242.56,42.04,40.91,7.64,30.82,1.44,44.24,18.06
458200,5312.02,-244.72,-242.77,42.19,40.95,7.58,30.45,1.06,41.89,18.06
458300,5305.36,-243.31,-242.31,42.04,40.87,7.72,30.69,1.3,38.07,17.63
458400,5313.26,-244.68,-242.06,42,41.19,7.58,30.46,1.07,35.94,18.65
458500,5319.09,-244.26,-242.27,42.15,41.05,7.44,30.5,1.11,36.79,17.95
458600,5311.6,-242.81,-242.48,42.12,40.99,7.66,30.48,1.09,39.23,17.87
458700,5316.59,-244.35,-242.52,42.04,40.97,7.72,30.79,1.4,39.69,18.18
458800,5310.77,-242.43,-242.93,42.1,40.85,7.82,30.58,1.19,44.9,17.87
458900,5318.26,-244.51,-241.85,42.12,41.19,7.52,30.52,1.13,37.18,17.63
459000,5317.01,-241.73,-242.56,42.19,41.07,7.4,30.29,0.9,40.85,17.35
459100,5316.59,-242.31,-242.48,42.14,41.21,7.48,30.47,1.08,37.56,17.71
459200,5318.26,-244.6,-241.81,41.88,40.75,7.74,30.76,1.37,38.45,17.87
459300,5305.77,-244.72,-242.81,42.02,40.75,7.98,30.56,1.17,38.88,17.75
459400,5316.18,-243.27,-242.18,42.02,41.19,7.64,30.44,1.06,36.32,18.3
459500,5312.85,-244.14,-242.02,41.86,40.89,7.64,30.78,1.39,41.78,17.79
459600,5326.16,-244.31,-242.31,42.29,41.19,7.48,30.51,1.12,42.43,18.26
459700,5309.52,-243.72,-243.39,42.12,41.05,7.42,30.65,1.27,42.01,17.87
459800,5314.93,-244.1,-241.89,42.12,41.09,7.72,30.69,1.31,38.3,17.79
459900,5306.19,-244.06,-242.18,42.04,40.87,7.8,30.56,1.17,36.36,18.02
460000,5317.84,-245.68,-241.81,42.19,40.77,6.89,30.83,1.44,31.97,18.73
460100,5313.26,-243.39,-242.52,42.1,41.13,7.28,30.38,0.99,45.98,17.51
460200,5308.69,-243.35,-243.06,42.19,40.77,7.8,30.79,1.4,37.56,17.59
460300,5317.42,-242.39,-242.56,42.06,40.85,7.96,30.4,1.01,43.59,17.55
460400,5314.93,-245.93,-242.1,42.35,40.91,7.64,30.69,1.31,42.97,18.54
460500,5304.11,-242.39,-242.64,42,40.81,7.62,30.55,1.16,43.97,18.22
460600,5313.68,-242.73,-242.23,42.02,40.81,7.56,30.52,1.13,45.01,18.06
460700,5312.85,-244.51,-242.35,42.15,40.91,7.78,30.63,1.24,37.91,17.91
460800,5311.18,-242.6,-242.39,41.96,40.85,7.74,30.92,1.53,38.03,17.95
460900,5309.1,-242.23,-242.6,41.96,41.19,7.64,30.64,1.25,41.55,17.75
461000,5315.76,-245.43,-242.02,42.02,40.93,7.6,30.94,1.55,39.73,17.79
461100,5314.93,-242.77,-242.52,41.96,40.99,7.5,30.48,1.09,38.49,18.38
461200,5307.02,-243.27,-242.52,41.88,40.81,7.7,30.86,1.47,43.17,17.67
461300,5323.66,-245.64,-242.56,42.17,40.95,7.98,30.44,1.05,40.73,18.06
461400,5322.83,-244.39,-242.35,42.12,40.85,8,30.58,1.19,46.59,18.26
461500,5306.61,-241.48,-242.64,42.1,40.69,7.62,30.37,0.98,41.51,17.87
461600,5308.27,-243.27,-242.56,41.96,40.89,7.66,30.73,1.34,38.11,17.63
461700,5299.95,-240.4,-242.48,42.02,41.21,7.56,30.49,1.1,42.78,18.18
461800,5309.1,-243.1,-242.14,41.86,41.23,7.64,30.52,1.13,43.55,18.26
461900,5305.36,-243.97,-242.31,42.15,40.99,7.62,30.6,1.21,41.82,17.71
462000,5307.02,-242.27,-242.68,41.92,41.03,8,30.71,1.33,35.82,17.87
462100,5317.42,-243.43,-242.02,42.08,41.59,7.14,30.13,0.74,44.13,18.18
462200,5310.35,-243.18,-242.56,42.08,40.83,7.82,30.63,1.25,41.01,17.87
462300,5312.02,-243.27,-242.18,41.98,40.77,7.96,30.46,1.07,38.03,17.75
462400,5305.77,-242.18,-242.52,42.23,41.21,7.52,30.53,1.15,37.52,17.47
462500,5309.1,-243.39,-242.1,42.14,40.99,7.58,30.58,1.19,42.97,18.38
462600,5305.36,-243.72,-242.48,41.92,41.11,7.66,30.61,1.22,44.78,17.75
462700,5314.93,-243.27,-242.73,42.06,41.27,7.8,30.55,1.16,35.43,17.95
462800,5320.75,-245.89,-242.89,42.31,40.79,7.72,30.48,1.09,41.2,17.47
462900,5312.43,-244.85,-242.27,41.84,40.93,7.54,30.28,0.89,40,17.55
463000,5320.75,-243.68,-242.56,42.21,40.71,7.66,30.28,0.89,42.36,18.18
463100,5316.59,-244.14,-242.85,42.21,41.09,7.32,30.38,1,40.85,17.95
463200,5314.1,-243.22,-242.31,42.06,40.93,7.64,30.38,1,38.11,17.39
463300,5319.09,-244.06,-243.14,42.17,40.91,7.64,30.72,1.33,42.66,18.85
463400,5314.1,-242.1,-242.56,42,41.15,7.44,30.5,1.11,36.05,17.75
463500,5319.5,-245.14,-242.48,42.08,41.01,7.5,30.37,0.98,43.82,17.31
463600,5324.08,-245.89,-242.89,42.23,41.05,7.56,30.2,0.81,39.03,18.46
463700,5328.66,-245.14,-243.02,42.17,40.67,7.32,30.44,1.06,37.52,19.36
463800,5311.6,-243.02,-242.52,42.19,40.95,7.72,30.22,0.83,38.8,17.59
463900,5319.92,-242.64,-242.73,41.92,41.35,7.74,30.57,1.19,40,17.83
464000,5310.77,-244.18,-242.77,42.04,41.15,7.64,30.43,1.04,38.72,17.79
464100,5320.34,-244.01,-242.56,42.14,40.87,7.56,30.51,1.12,42.66,17.79
464200,5318.26,-243.85,-243.35,42.17,41.17,7.46,30.28,0.89,36.67,18.02
464300,5318.26,-243.31,-242.56,41.96,41.21,7.66,30.5,1.11,39.54,17.43
464400,5313.68,-243.97,-242.31,42,40.73,7.48,30.26,0.88,42.24,17.71
464500,5310.77,-244.56,-242.27,42.06,40.89,7.86,30.52,1.13,46.67,18.02
464600,5319.09,-244.39,-243.06,42.27,40.91,7.66,30.29,0.9,36.05,18.3
464700,5311.18,-241.69,-242.18,42.17,41.19,7.82,30.63,1.25,42.86,18.02
464800,5308.27,-243.02,-242.68,42.17,40.79,7.7,30.64,1.25,40.97,18.14
464900,5311.18,-242.73,-242.6,42.06,40.99,7.78,30.5,1.11,42.12,18.14
465000,5319.92,-245.05,-242.97,42.21,40.99,7.72,30.38,0.99,38.49,17.79
465100,5307.02,-244.06,-242.1,42.06,40.89,7.62,30.54,1.15,41.47,18.14
465200,5307.85,-244.35,-242.02,42.08,41.17,7.56,30.34,0.95,43.67,18.65
465300,5314.51,-242.14,-242.56,42.23,40.83,7.68,30.42,1.03,35.66,17.75
465400,5313.26,-244.64,-241.89,42.12,40.79,7.78,30.55,1.16,36.67,17.91
465500,5309.1,-244.89,-242.23,42.25,40.87,7.74,30.59,1.2,44.71,18.34
465600,5309.52,-242.77,-242.48,42.27,41.01,7.66,30.38,1,40.73,17.43
465700,5302.03,-241.89,-242.27,41.96,40.77,7.34,30.47,1.08,34.58,18.46
465800,5311.18,-244.06,-242.56,42.27,40.77,7.78,30.71,1.32,42.39,17.63
465900,5316.59,-241.98,-242.6,42.17,41.19,7.44,30.21,0.82,36.44,17.39
466000,5311.18,-245.68,-241.94,42.02,40.75,7.78,30.68,1.29,41.89,17.83
466100,5321.58,-244.39,-243.39,42.23,41.11,7.84,30.53,1.14,40.43,18.38
466200,5314.51,-242.81,-242.85,42.21,40.85,7.44,30.58,1.19,36.98,17.08
466300,5324.91,-245.18,-242.52,42.06,40.99,7.66,30.39,1,42.39,18.26
466400,5316.59,-244.06,-242.89,41.92,41.07,7.72,30.56,1.17,38.22,17.47
466500,5309.94,-244.1,-241.94,42.1,41.05,7.6,30.42,1.03,39.38,17.55
466600,5309.94,-244.97,-242.23,42.37,40.95,7.7,30.63,1.25,44.51,17.99
466700,5303.28,-242.68,-242.14,41.84,40.97,7.42,30.36,0.98,42.82,17.31
466800,5314.93,-245.35,-242.27,42.19,40.87,7.82,30.63,1.25,38.14,18.14
466900,5309.1,-243.97,-241.89,42.12,40.97,7.98,30.67,1.29,41.01,17.87
467000,5321.17,-244.01,-242.48,42.02,40.93,8.08,30.81,1.42,36.98,18.14
467100,5315.76,-244.68,-242.48,42.27,40.81,7.66,30.65,1.26,43.63,17.16
467200,5320.75,-244.8,-242.93,42.02,41.05,7.64,30.55,1.17,38.11,18.06
467300,5317.84,-242.52,-242.6,42,40.95,7.44,30.4,1.01,37.95,17.83
467400,5310.77,-243.81,-243.1,42.31,41.19,7.68,30.68,1.29,37.52,17.95
467500,5328.66,-243.68,-242.73,41.9,40.77,7.7,30.51,1.12,40.35,18.46
467600,5309.94,-244.18,-242.68,42.12,40.93,7.86,30.71,1.33,34.89,17.63
467700,5313.68,-244.18,-242.43,42.19,40.85,7.88,30.79,1.4,38.61,17.35
467800,5314.93,-245.18,-242.43,42,40.85,7.7,30.59,1.2,44.05,17.71
467900,5312.85,-244.01,-242.73,42.04,40.87,7.74,30.77,1.39,39.54,18.06
468000,5309.1,-243.14,-242.18,42.08,40.89,7.64,30.62,1.23,35.39,17.79
468100,5307.44,-245.68,-241.85,42.27,41.05,7.76,30.83,1.44,43.17,18.73
468200,5321.17,-244.14,-242.73,41.92,40.95,7.94,30.76,1.37,35.9,17.12
468300,5309.1,-244.97,-242.52,42.04,41.09,7.5,30.77,1.38,38.34,17.63
468400,5315.34,-244.72,-242.43,42.43,41.05,7.72,30.83,1.44,31.27,18.18
468500,5318.67,-244.35,-243.22,42.04,40.65,7.86,30.75,1.37,40.5,17.87
468600,5313.68,-245.26,-242.27,42.02,40.97,7.82,30.59,1.21,41.24,17.63
468700,5314.51,-242.23,-242.43,42.1,41.15,7.68,30.85,1.46,42.39,18.54
468800,5314.1,-243.72,-243.18,41.9,40.91,7.86,30.64,1.25,35.47,17.99
468900,5311.18,-242.64,-242.27,42.15,41.13,7.76,30.71,1.32,42.39,18.1
469000,5312.85,-244.26,-242.48,42.12,40.85,7.7,30.45,1.06,42.28,17.83
469100,5306.19,-243.18,-242.52,41.96,40.97,7.78,30.79,1.4,31.47,17.51
469200,5326.58,-243.97,-242.93,42.06,40.97,7.8,30.45,1.06,39.19,17.67
469300,5312.43,-243.93,-241.94,42.02,40.67,7.76,30.56,1.17,45.48,18.46
469400,5304.11,-243.47,-242.1,42.39,41.09,7.34,30.84,1.45,37.37,17.91
469500,5310.35,-244.47,-242.56,41.86,40.97,7.62,30.67,1.29,41.12,17.71
469600,5326.58,-245.1,-242.27,42.21,40.97,7.5,30.64,1.25,46.13,18.5
469700,5319.09,-244.97,-242.39,42.04,40.91,7.84,30.44,1.06,41.04,18.42
469800,5324.08,-243.97,-242.27,42.08,40.93,7.74,30.69,1.3,39.19,17.28
469900,5319.09,-243.6,-242.93,42.08,41.07,7.68,30.45,1.06,39.77,18.02
470000,5307.85,-243.14,-242.85,42.06,40.95,7.74,30.41,1.02,38.11,17.67
470100,5318.67,-244.18,-242.43,42.37,41.29,7.96,30.29,0.9,40.43,17.87
470200,5313.68,-242.85,-242.52,41.88,40.85,7.92,30.36,0.97,41.82,17.47
470300,5314.1,-243.18,-242.85,42.12,41.07,7.58,30.44,1.06,36.94,18.02
470400,5302.86,-242.06,-242.68,42.02,40.65,7.44,30.43,1.04,42.32,18.1
470500,5305.77,-243.81,-242.27,42.12,41.03,7.52,30.51,1.12,40.62,17.75
470600,5314.93,-244.6,-242.89,42.02,40.99,7.72,30.61,1.22,35,17.91
470700,5308.69,-243.97,-242.97,42.08,41.11,7.94,30.28,0.9,39.23,18.5
470800,5314.1,-244.47,-241.98,41.92,40.87,7.64,30.46,1.07,37.52,17.75
470900,5312.02,-243.93,-242.27,42.29,40.89,7.7,30.41,1.02,37.8,18.02
471000,5316.18,-243.68,-242.64,42.02,40.83,7.84,30.56,1.17,40.66,17.47
471100,5314.93,-244.26,-242.23,42.06,40.97,7.64,30.45,1.06,43.05,17.67
471200,5324.5,-245.18,-242.43,42.15,40.75,7.52,30.44,1.06,40.08,17.71
471300,5314.51,-243.89,-243.06,42.17,40.85,7.54,30.48,1.09,40.93,17.91
471400,5307.02,-244.47,-242.93,42.12,41.15,7.7,30.46,1.08,27.8,18.38
471500,5312.02,-245.97,-243.02,42.21,41.07,7.8,30.52,1.13,40,18.26
471600,5309.94,-244.1,-242.81,42,40.95,7.66,30.32,0.93,37.1,17.71
471700,5319.92,-245.01,-242.6,42.37,40.95,7.76,30.36,0.98,39.3,17.99
471800,5307.85,-241.89,-242.6,42.04,40.81,7.6,30.6,1.21,41.01,17.99
471900,5320.75,-245.39,-243.18,42.27,40.83,7.92,30.35,0.96,41.97,18.34
472000,5315.76,-244.06,-242.93,42.02,40.95,7.5,30.7,1.31,37.68,17.79
472100,5322.83,-244.14,-242.64,42,40.87,7.78,30.47,1.08,40.27,17.75
472200,5314.51,-244.47,-243.31,42.15,40.97,7.54,30.77,1.38,43.36,18.26
472300,5307.02,-243.02,-242.14,41.96,41.01,7.48,30.49,1.1,37.72,17.87
472400,5309.52,-242.81,-242.35,42.02,40.93,7.7,30.44,1.05,38.14,17.83
472500,5312.02,-242.81,-242.1,42.12,40.95,7.68,30.52,1.13,40.54,18.42
472600,5310.77,-243.77,-242.52,42.1,40.75,7.64,30.66,1.27,37.41,17.83
472700,5321.58,-243.47,-242.43,42.08,40.95,7.72,30.64,1.25,38.96,17.55
472800,5313.26,-244.56,-242.85,42.19,40.85,7.64,30.67,1.28,38.61,18.22
472900,5318.67,-242.27,-242.1,42.29,40.87,7.74,30.55,1.16,40.46,17.83
473000,5310.77,-243.14,-241.98,41.98,41.09,7.54,30.55,1.16,40.54,18.06
473100,5311.18,-244.01,-242.73,42.12,40.91,7.66,30.6,1.21,40.35,17.91
473200,5313.68,-244.1,-242.68,41.98,41.03,7.42,30.71,1.33,38.8,18.14
473300,5312.43,-244.51,-242.14,42.23,40.75,7.76,30.56,1.17,41.51,18.06
473400,5313.68,-242.89,-242.43,41.88,40.97,7.82,30.75,1.37,37.99,18.02
473500,5312.43,-243.85,-242.31,42.12,40.69,7.64,30.63,1.24,39.3,18.14
473600,5307.02,-244.06,-242.31,42.19,40.83,7.7,30.59,1.2,39.42,17.55
473700,5311.18,-245.05,-242.89,42.08,40.87,7.58,30.78,1.39,40.35,17.79
473800,5316.18,-242.48,-242.14,41.96,41.03,7.78,30.67,1.28,41.62,17.67
473900,5311.6,-243.43,-242.35,42.12,40.89,7.4,30.57,1.18,38.53,17.67
474000,5324.5,-242.68,-242.18,42,41.07,7.82,30.67,1.28,40.27,17.71
474100,5317.42,-243.43,-242.02,42.1,40.95,7.84,30.8,1.41,35.86,17.67
474200,5312.85,-244.31,-242.27,41.86,40.87,7.6,30.71,1.32,43.9,17.87
474300,5312.43,-244.56,-242.27,42.06,40.93,7.8,30.81,1.42,35.12,18.54
474400,5307.02,-245.14,-242.77,42.17,40.91,7.6,30.81,1.42,40.43,17.59
474500,5314.51,-243.14,-242.27,42.12,40.89,8.28,30.71,1.32,37.68,17.99
474600,5307.02,-244.64,-242.52,42.04,40.97,7.64,30.92,1.53,43.55,18.14
474700,5315.76,-244.68,-242.56,42.02,40.99,7.7,30.77,1.38,37.83,17.79
474800,5309.1,-244.1,-242.68,42.23,40.91,7.72,30.85,1.46,37.33,17.59
474900,5318.26,-242.85,-242.52,41.98,40.99,7.76,30.62,1.23,41.35,17.95
475000,5311.18,-244.76,-241.85,42.21,40.89,7.8,30.81,1.42,37.29,18.02
475100,5314.1,-244.06,-241.94,41.88,41.09,7.66,30.62,1.23,36.52,17.91
475200,5318.67,-242.27,-242.6,42.14,40.81,7.58,30.65,1.27,41.51,17.91
475300,5314.1,-244.26,-242.6,42.15,40.89,7.62,30.53,1.15,41.31,18.65
475400,5310.77,-243.02,-242.35,42.15,40.87,7.56,30.75,1.36,43.4,17.71
475500,5311.6,-243.85,-242.23,41.78,41.17,7.72,30.71,1.32,41.01,17.08
475600,5314.1,-242.43,-241.94,41.96,41.09,7.94,30.84,1.46,34.93,18.18
475700,5311.18,-243.18,-242.31,42.23,40.89,7.6,30.52,1.13,42.74,17.79
475800,5314.93,-243.18,-242.48,42.06,41.03,7.52,30.79,1.4,37.33,17.91
475900,5311.6,-244.64,-242.48,42.1,40.81,7.84,30.45,1.06,42.09,18.14
476000,5311.6,-243.47,-242.39,42.14,41.05,7.58,30.53,1.14,35.82,17.39
476100,5314.51,-243.72,-242.39,42.27,40.85,7.74,30.64,1.25,42.24,18.14
476200,5313.26,-244.35,-242.02,41.94,41.09,7.62,30.65,1.27,40.81,18.77
476300,5313.68,-243.64,-242.18,42.04,41.05,7.7,30.46,1.07,41.66,19.32
476400,5308.27,-243.39,-241.89,41.98,40.89,7.68,30.44,1.05,44.17,18.14
476500,5314.51,-243.47,-242.35,42.06,41.11,7.66,30.46,1.08,36.75,17.79
476600,5313.68,-243.97,-242.23,42.31,40.95,7.56,30.63,1.25,43.36,17.79
476700,5307.85,-243.02,-242.14,42.25,41.05,7.58,30.38,0.99,33.76,17.75
476800,5310.35,-243.68,-242.14,42.08,40.89,7.72,30.46,1.07,40.73,18.18
476900,5314.1,-244.14,-242.64,42.08,40.81,7.56,30.57,1.19,38.11,17.55
477000,5321.17,-243.97,-242.39,42.06,40.91,7.7,30.53,1.15,42.51,17.83
477100,5312.43,-243.14,-242.06,42.04,40.95,7.86,30.63,1.24,36.52,18.1
477200,5312.85,-243.68,-242.18,41.86,40.99,7.66,30.56,1.17,38.92,17.28
477300,5312.85,-243.47,-242.6,42,40.97,7.6,30.63,1.25,42.7,18.46
477400,5313.26,-243.18,-242.1,41.9,40.77,7.64,30.54,1.15,37.14,18.22
477500,5314.93,-243.06,-242.18,42.04,40.85,7.52,30.63,1.25,40.35,18.1
477600,5317.84,-243.06,-242.02,42.19,41.15,7.58,30.42,1.04,37.76,17.99
477700,5309.94,-244.56,-242.64,42,40.81,7.82,30.46,1.08,42.09,17.63
477800,5318.67,-243.97,-242.52,42.21,41.09,7.8,30.37,0.98,37.18,19.44
477900,5316.18,-244.06,-242.48,42.08,40.91,7.52,30.67,1.29,38.42,17.87
478000,5312.43,-242.81,-242.39,42.08,40.83,7.8,30.5,1.11,36.83,17.95
478100,5303.69,-242.77,-242.18,42.12,40.83,7.7,30.57,1.19,31.74,17.47
478200,5309.94,-243.18,-242.64,42.21,40.99,7.76,30.36,0.98,42.9,18.26
478300,5309.94,-243.35,-242.64,42.1,40.91,7.64,30.44,1.05,41.43,18.93
478400,5314.51,-244.26,-242.81,42.1,40.93,7.58,30.56,1.17,33.92,17.95
478500,5315.76,-244.1,-242.48,41.94,40.79,7.6,30.57,1.18,46.78,17.59
478600,5302.86,-243.81,-242.39,42.33,41.27,7.62,30.38,1,35.47,18.73
478700,5314.51,-243.27,-242.48,41.98,40.87,7.64,30.61,1.22,36.9,17.28
478800,5319.92,-243.56,-242.48,41.94,41.01,7.7,30.69,1.31,39.27,18.89
478900,5314.51,-243.89,-242.43,42.02,40.87,7.8,30.55,1.17,42.59,17.91
479000,5308.69,-243.77,-242.77,41.88,40.83,7.7,30.42,1.03,38.65,17.83
479100,5309.94,-243.43,-242.56,42.12,40.87,7.7,30.61,1.23,36.75,17.83
479200,5312.85,-244.01,-242.35,42.14,41.05,7.64,30.46,1.07,42.59,17.16
479300,5310.77,-243.93,-242.27,42.12,40.85,7.8,30.59,1.2,34.54,18.38
479400,5312.02,-243.43,-242.81,42,40.69,7.54,30.65,1.26,38.69,17.47
479500,5318.26,-243.77,-242.85,42.06,40.97,7.58,30.69,1.3,39.88,17.99
479600,5313.26,-244.1,-242.31,42.06,40.95,7.72,30.63,1.25,39.58,18.34
479700,5310.77,-243.1,-242.89,42.39,40.87,7.7,30.41,1.02,40.7,18.18
479800,5306.19,-242.52,-242.73,41.98,40.87,7.58,30.52,1.13,40.7,17.79
479900,5314.1,-242.68,-241.89,42.17,41.13,7.84,30.57,1.19,42.86,17.83
480000,5314.1,-243.72,-242.48,42.06,40.83,7.68,30.59,1.21,36.75,18.3
480100,5312.02,-243.77,-241.85,42.06,41.03,7.74,30.61,1.23,37.45,17.51
480200,5307.85,-243.52,-242.56,42.19,40.81,7.38,30.75,1.36,38.84,17.24
480300,5313.26,-244.22,-242.02,41.94,40.93,7.74,30.48,1.09,39.85,17.67
480400,5320.34,-242.73,-242.31,42.43,40.89,7.76,30.71,1.32,43.36,18.02
480500,5320.75,-243.85,-242.35,41.82,40.89,7.66,30.6,1.21,38.22,17.79
480600,5315.76,-244.1,-242.18,42.06,40.95,7.72,30.71,1.32,42.74,17.83
480700,5320.75,-242.48,-242.56,42.31,40.97,7.62,30.82,1.44,45.82,18.5
480800,5322.42,-243.64,-242.48,41.94,41.13,7.32,30.84,1.46,42.82,18.02
480900,5323.66,-244.01,-242.52,41.98,40.89,7.72,30.5,1.11,43.67,17.63
481000,5321.58,-244.1,-242.56,42.06,40.97,7.56,30.8,1.41,38.14,17.87
481100,5315.76,-243.85,-242.14,42.02,40.95,7.76,30.51,1.12,36.63,18.02
481200,5322.83,-243.1,-242.73,42.47,40.73,7.66,30.95,1.56,44.44,17.63
481300,5326.16,-244.51,-242.73,42.17,41.09,7.58,30.75,1.36,43.36,17.91
481400,5324.91,-244.01,-242.39,42.04,41.07,7.64,30.92,1.53,40.46,17.47
481500,5308.69,-244.43,-242.68,41.98,41.05,7.5,30.81,1.42,40.58,17.75
481600,5311.6,-242.81,-242.81,42.17,40.69,7.88,30.82,1.43,41.66,17.79
481700,5316.18,-243.97,-242.93,42.39,40.87,7.64,30.92,1.54,33.14,17.95
481800,5314.51,-243.68,-242.56,42.14,40.83,7.6,30.57,1.18,39.03,17.99
481900,5313.26,-243.68,-242.89,41.94,40.87,7.6,30.83,1.44,45.36,18.22
482000,5316.59,-244.8,-242.6,42.08,41.07,7.72,30.81,1.42,36.79,17.39
482100,5310.77,-243.97,-242.23,42.12,41.13,7.68,30.62,1.23,43.47,17.31
482200,5317.42,-243.43,-242.77,42.08,40.95,7.92,30.92,1.54,38.69,17.83
482300,5319.09,-244.56,-242.97,42.19,40.89,7.42,30.86,1.48,39,18.89
482400,5318.67,-244.14,-242.23,42.08,41.15,7.7,30.9,1.51,41.35,18.1
482500,5315.76,-244.51,-242.31,42.19,40.91,7.6,30.91,1.52,38.34,17.71
482600,5309.94,-242.56,-241.85,42,40.95,7.7,30.68,1.29,40.08,17.79
482700,5311.18,-245.18,-242.27,42.06,40.93,7.44,30.9,1.51,44.67,18.58
482800,5314.51,-243.39,-242.31,42.23,41.03,7.6,30.86,1.47,46.21,17.95
482900,5315.34,-243.68,-242.35,42.23,41.07,7.7,30.89,1.5,36.98,17.99
483000,5315.76,-242.6,-242.18,41.92,40.97,7.9,30.84,1.45,37.99,17.95
483100,5315.76,-243.93,-242.43,42.21,41.19,7.82,30.86,1.48,37.8,17.59
483200,5314.1,-245.35,-242.43,42.12,40.15,7.58,30.74,1.35,38.57,18.65
483300,5310.77,-243.6,-242.23,42.19,40.99,7.7,30.92,1.53,37.8,18.18
483400,5320.34,-243.68,-242.68,42.35,40.93,7.68,30.59,1.21,39.96,18.18
483500,5313.68,-243.64,-242.97,42.06,40.89,7.78,30.67,1.29,39.96,18.22
483600,5314.51,-244.47,-242.56,42.04,40.85,7.64,30.73,1.35,37.14,17.31
483700,5321.58,-243.47,-242.93,42.08,40.69,7.78,30.88,1.5,41.93,17.75
483800,5316.18,-242.52,-242.48,42.08,41.05,8.4,30.48,1.09,43.74,17.95
483900,5320.75,-242.89,-242.35,42.04,40.91,7.54,31.1,1.71,38.07,17.08
484000,5310.35,-243.81,-242.35,42.35,40.99,7.52,30.65,1.27,39.19,18.02
484100,5308.69,-244.01,-242.97,42.04,40.71,7.62,30.72,1.33,40.12,18.73
484200,5315.76,-244.14,-242.27,41.94,40.87,7.3,30.67,1.29,40.81,18.06
484300,5317.84,-243.27,-242.56,42.04,41.03,7.68,30.97,1.58,37.02,17.79
484400,5307.44,-244.76,-242.14,42.19,40.79,7.46,30.86,1.48,39.92,18.1
484500,5311.18,-243.97,-242.48,41.9,40.85,7.46,30.75,1.36,42.74,18.26
484600,5316.59,-243.56,-242.27,42.1,41.19,7.72,30.63,1.25,35.82,17.51
484700,5320.75,-242.35,-242.14,42.14,41.15,7.34,30.69,1.3,38.18,17.79
484800,5314.51,-242.48,-242.23,41.92,41.17,7.68,30.49,1.1,32.83,17.67
484900,5311.6,-244.43,-242.39,42.04,40.97,7.72,30.84,1.45,44.24,17.99
485000,5311.18,-245.55,-242.97,42.04,41.31,7.78,30.53,1.15,37.25,18.18
485100,5314.93,-243.52,-242.27,42.08,40.73,7.52,30.72,1.33,39.96,17.87
485200,5314.51,-244.06,-242.64,42.06,41.09,7.66,30.48,1.09,37.52,17.59
485300,5308.27,-243.56,-242.02,41.84,40.91,7.56,30.5,1.11,35.78,17.75
485400,5317.42,-242.27,-242.31,42.25,40.71,7.82,30.9,1.52,37.6,17.91
485500,5310.35,-244.8,-241.89,42.02,40.93,7.38,30.25,0.86,39.65,18.02
485600,5316.18,-241.81,-242.14,42.08,40.93,7.64,30.67,1.29,39.96,18.14
485700,5311.6,-243.31,-243.02,42.02,41.11,7.94,30.34,0.96,44.21,17.79
485800,5312.02,-244.18,-242.06,42,40.79,7.54,30.55,1.16,40.27,17.95
485900,5311.18,-242.73,-242.1,42.21,40.87,7.66,30.53,1.15,39.11,17.63
486000,5313.68,-243.93,-242.06,42.04,41.27,7.68,30.53,1.15,42.16,18.26
486100,5312.43,-244.93,-242.35,42.14,40.77,7.28,30.15,0.77,39.07,17.47
486200,5311.6,-243.97,-242.18,42.08,41.13,7.72,30.5,1.11,38.53,17.35
486300,5322.83,-243.22,-242.89,42.27,40.85,7.46,30.43,1.04,40.12,17.87
486400,5316.59,-243.6,-242.93,42,41.01,7.92,30.73,1.34,41.01,17.31
486500,5312.02,-242.93,-242.68,42.04,40.85,7.88,30.28,0.9,44.09,17.83
486600,5318.67,-243.77,-242.6,42.04,40.83,7.82,30.84,1.46,38.96,17.51
486700,5320.34,-243.72,-242.35,42.06,40.83,7.8,30.48,1.09,39.34,17.71
486800,5315.34,-242.52,-242.56,42.21,41.19,7.86,30.56,1.17,36.21,17.91
486900,5309.94,-243.35,-242.18,42.23,40.85,7.82,30.29,0.9,41.97,17.75
487000,5310.35,-242.43,-242.27,41.9,40.67,7.66,30.69,1.31,37.76,17.99
487100,5317.42,-243.64,-242.93,42.19,41.05,7.7,30.19,0.8,38.3,17.67
487200,5318.67,-245.43,-242.39,42.12,40.79,7.68,30.57,1.19,37.06,17.79
487300,5315.34,-244.85,-242.48,42.21,41.11,7.74,30.34,0.95,35.97,18.22
487400,5318.26,-244.43,-242.1,41.82,40.75,7.6,30.56,1.17,44.63,17.99
487500,5305.36,-242.93,-242.52,41.92,40.99,7.8,30.44,1.05,46.28,17.59
487600,5308.27,-243.72,-241.89,42.15,40.79,7.84,30.71,1.33,40.43,17.99
487700,5312.43,-244.85,-242.48,41.94,40.73,7.76,30.39,1,42.2,17.91
487800,5312.02,-242.23,-242.52,42.06,40.83,7.7,30.48,1.09,43.63,17.31
487900,5312.43,-242.35,-242.52,42.17,40.89,7.6,30.36,0.97,41.78,17.55
488000,5307.02,-242.64,-242.77,42.17,41.15,7.88,30.58,1.19,37.14,17.75
488100,5318.67,-242.39,-242.48,42.14,40.93,7.44,30.41,1.02,41.85,18.18
488200,5312.02,-243.52,-242.52,42.12,40.97,7.82,30.79,1.4,37.21,18.26
488300,5311.6,-246.51,-241.69,42.19,40.93,7.66,30.53,1.15,42.12,18.46
488400,5313.68,-243.97,-242.52,42.29,40.37,7.74,30.71,1.32,37.18,17.75
488500,5307.44,-243.72,-242.81,42.12,41.15,7.82,30.48,1.09,33.3,17.99
488600,5320.34,-244.14,-242.14,42.08,40.89,7.56,30.71,1.32,40.81,17.83
488700,5311.6,-242.89,-242.68,42.04,41.15,7.8,30.4,1.01,36.67,17.99
488800,5319.92,-244.85,-242.02,42.17,40.55,7.44,30.61,1.22,39.88,18.26
488900,5312.85,-241.52,-242.23,42.1,40.99,7.7,30.61,1.23,37.18,17.59
489000,5317.84,-244.89,-241.89,41.96,40.93,7.76,30.75,1.37,38.53,17.59
489100,5314.51,-244.14,-242.23,42.31,40.73,7.42,30.58,1.19,36.87,18.18
489200,5313.68,-244.97,-243.02,42.06,40.89,7.86,30.48,1.09,34.5,18.1
489300,5332.4,-244.8,-242.31,42.12,41.29,8.02,30.59,1.2,39,17.75
489400,5322,-245.3,-243.22,42.19,40.75,8.16,30.58,1.19,40.35,17.83
489500,5319.92,-243.56,-242.48,41.98,41.09,7.42,30.55,1.16,35.74,17.67
489600,5308.27,-242.56,-242.64,42.02,40.81,7.94,30.55,1.17,42.74,18.18
489700,5309.52,-242.6,-242.73,42.17,40.85,7.94,30.71,1.32,36.9,18.42
489800,5321.17,-244.56,-242.23,41.94,40.95,7.88,30.47,1.08,38.61,17.28
489900,5318.67,-243.18,-242.31,42.27,40.69,7.86,30.5,1.11,34.62,17.91
490000,5316.18,-242.64,-242.31,42.19,40.85,7.68,30.58,1.19,32.44,17.35
490100,5312.85,-245.64,-242.06,42.23,40.87,7.9,30.45,1.06,42.2,18.02
490200,5313.26,-244.14,-242.27,42.1,40.89,7.88,30.54,1.15,44.17,17.75
490300,5314.1,-245.14,-241.81,42.31,40.91,7.86,30.51,1.12,38.18,17.39
490400,5325.33,-243.52,-242.85,42.06,40.89,8,30.28,0.9,40.58,17.75
490500,5311.6,-243.81,-242.35,42.1,40.83,7.7,30.65,1.27,39.88,17.75
490600,5308.69,-241.23,-241.89,41.92,40.81,7.78,30.69,1.31,40.85,17.99
490700,5313.68,-244.8,-242.73,42.04,40.91,7.78,30.98,1.6,40.54,17.39
490800,5306.19,-243.02,-242.93,41.9,40.97,7.66,30.73,1.34,41.16,17.91
490900,5326.99,-244.93,-242.43,42,40.91,7.7,30.86,1.48,40.81,18.02
491000,5318.26,-244.43,-242.31,41.96,41.19,7.64,30.45,1.06,38.61,18.18
491100,5313.26,-242.35,-242.31,42.39,40.89,7.9,30.81,1.42,37.91,17.91
491200,5312.02,-242.89,-242.23,42,40.95,7.56,30.61,1.23,35.59,17.35
491300,5316.59,-242.6,-241.6,42.17,41.05,7.82,30.65,1.26,44.28,18.54
491400,5315.34,-242.35,-242.56,42.15,41.07,7.66,30.52,1.13,39.19,18.85
491500,5313.68,-243.35,-243.14,42.39,40.97,7.88,30.75,1.36,37.99,17.75
491600,5305.36,-244.1,-242.48,42.12,41.15,7.92,30.8,1.41,37.95,18.06
491700,5321.58,-244.18,-242.39,41.96,41.09,7.36,30.58,1.19,45.32,17.99
491800,5309.52,-243.72,-242.39,42.27,40.99,7.54,30.8,1.41,44.82,17.79
491900,5307.85,-242.64,-242.23,42.06,40.91,7.76,30.79,1.4,35.16,18.06
492000,5314.51,-244.22,-242.31,42.17,40.61,7.86,30.69,1.3,38.65,18.18
492100,5308.27,-243.77,-242.14,42.04,41.17,7.44,30.88,1.49,39.15,17.39
492200,5318.26,-243.85,-242.06,41.98,40.89,7.7,30.62,1.23,35.2,17.75
492300,5321.17,-242.85,-242.18,42.1,40.89,7.66,30.73,1.35,40,17.51
492400,5311.6,-244.72,-242.31,42.02,40.93,7.46,30.66,1.27,42.05,17.51
492500,5312.02,-244.39,-242.85,42.41,41.07,7.74,30.77,1.38,35.51,18.18
492600,5314.1,-243.93,-242.93,42.17,40.85,7.72,30.83,1.44,39.03,17.51
492700,5318.26,-245.26,-241.73,41.96,40.85,7.8,30.66,1.27,39.38,18.06
492800,5327.41,-243.85,-242.77,41.9,40.93,7.22,30.54,1.15,40.31,18.06
492900,5297.87,-243.35,-243.02,42.23,40.93,7.6,30.86,1.48,34.34,17.87
493000,5305.77,-244.85,-242.06,41.88,40.91,7.52,30.72,1.33,39.34,17.79
493100,5308.69,-243.22,-242.31,42.15,41.03,7.84,30.71,1.32,35.74,18.02
493200,5306.61,-243.89,-241.94,41.88,40.87,7.58,30.91,1.52,33.57,18.22
493300,5317.01,-241.56,-242.77,41.86,41.11,7.78,30.71,1.32,41.93,17.91
493400,5325.33,-244.6,-242.73,42.25,40.95,7.62,30.77,1.38,40.16,17.95
493500,5319.5,-243.43,-242.93,42.33,41.07,7.82,30.85,1.46,41.74,18.14
493600,5307.44,-242.43,-242.48,42.04,40.83,7.56,31.09,1.7,38.42,17.71
493700,5312.85,-243.85,-241.85,42.1,40.93,7.5,30.9,1.51,39.42,17.55
493800,5315.76,-243.39,-242.48,42.02,40.79,7.72,30.89,1.5,38.8,18.58
493900,5319.5,-243.39,-242.43,42.23,40.87,7.94,30.83,1.44,41.93,17.67
494000,5317.01,-242.35,-242.14,42.08,40.95,7.5,30.98,1.6,37.91,18.02
494100,5323.25,-244.31,-243.18,42.35,40.95,7.7,30.72,1.33,37.45,17.55
494200,5319.09,-244.06,-243.27,42.02,41.25,7.9,30.91,1.52,43.74,18.26
494300,5317.42,-243.06,-242.43,41.94,40.93,7.68,30.62,1.23,38.57,18.1
494400,5324.91,-244.31,-242.6,42.08,41.19,7.72,30.98,1.59,39.81,17.83
494500,5312.02,-244.76,-242.43,42.35,40.67,7.34,30.79,1.4,35.55,18.3
494600,5318.67,-242.77,-242.43,41.88,40.85,7.58,30.79,1.4,40.93,17.59
494700,5315.34,-242.52,-242.43,42.08,41.17,7.66,30.51,1.12,42.78,18.34
494800,5312.02,-242.97,-242.1,41.94,40.97,7.82,30.81,1.42,40.93,17.75
494900,5316.59,-242.81,-242.73,42.12,40.83,7.62,30.55,1.17,37.8,17.95
495000,5309.52,-244.72,-242.31,42.14,41.05,7.74,30.87,1.48,44.21,18.06
495100,5326.16,-243.1,-242.97,42.06,41.01,7.8,30.46,1.08,44.28,17.83
495200,5321.17,-244.72,-242.52,42.08,40.99,7.76,30.71,1.32,35.97,18.22
495300,5321.58,-242.43,-242.68,42.02,40.95,7.62,30.5,1.11,37.87,17.83
495400,5320.34,-243.81,-243.06,41.78,40.79,7.88,30.57,1.18,32.09,18.26
495500,5308.69,-245.43,-241.81,42.08,41.15,7.78,30.71,1.33,38.69,17.16
495600,5318.26,-244.8,-241.94,42.02,40.79,7.64,30.69,1.3,44.51,18.1
495700,5310.77,-245.3,-241.94,42.02,40.95,7.32,30.44,1.05,39.73,17.87
495800,5317.42,-243.72,-242.23,42.12,40.91,7.54,30.4,1.01,40.35,17.87
495900,5309.1,-242.77,-242.68,42.06,40.79,7.72,30.47,1.08,39.3,17.63
496000,5315.34,-243.22,-242.06,41.96,40.91,6.96,30.5,1.11,39.23,17.83
496100,5310.77,-245.05,-242.56,42.1,40.93,7.68,30.47,1.08,33.88,17.43
496200,5317.84,-242.93,-243.02,42.1,40.95,7.72,30.48,1.09,42.36,18.14
496300,5311.18,-243.6,-242.31,42.1,40.97,7.58,30.71,1.33,37.99,17.39
496400,5312.43,-245.18,-242.18,42.14,41.13,7.66,30.55,1.17,39.27,17.59
496500,5324.5,-244.06,-242.56,41.96,40.91,7.78,30.56,1.17,46.98,18.14
496600,5312.02,-243.64,-242.6,42.04,40.93,7.62,30.49,1.1,41.2,17.79
496700,5318.26,-243.6,-242.77,42.23,40.89,8.06,30.68,1.29,39.19,17.95
496800,5316.18,-243.81,-243.1,41.92,40.91,8.02,30.48,1.09,43.47,18.06
496900,5318.26,-245.35,-242.14,42.06,40.87,7.82,30.53,1.14,43.44,18.02
497000,5319.5,-243.06,-242.43,42.1,40.79,7.44,30.52,1.13,35.31,17.51
497100,5314.51,-244.01,-242.18,42.19,40.87,7.44,30.9,1.51,42.93,17.2
497200,5307.85,-244.35,-242.48,41.96,41.15,7.64,30.45,1.06,36.59,17.43
497300,5314.1,-243.93,-241.77,41.98,40.85,7.48,30.58,1.19,44.24,17.51
497400,5318.67,-244.6,-242.02,42.1,40.93,7.62,30.55,1.17,34.89,18.18
497500,5308.69,-242.52,-242.56,42.14,41.01,7.56,30.58,1.19,36.87,17.79
497600,5312.02,-242.02,-242.1,42.04,40.97,7.62,30.42,1.03,39.58,18.22
497700,5312.85,-245.39,-243.02,42.17,41.19,7.8,30.54,1.15,37.72,18.06
497800,5318.67,-242.14,-242.35,42,40.81,7.7,30.29,0.9,37.41,18.02
497900,5305.36,-242.97,-242.85,42.12,40.97,7.66,30.61,1.23,35.59,17.71
498000,5319.09,-242.39,-242.14,42.02,40.89,7.64,30.49,1.1,41.74,18.06
498100,5316.59,-243.39,-242.89,42.25,41.09,7.94,30.57,1.18,35.86,17.79
498200,5310.77,-242.81,-242.18,41.98,40.91,7.8,30.48,1.09,35.39,17.91
498300,5307.85,-242.64,-242.39,41.92,40.93,7.64,30.65,1.27,42.09,18.54
498400,5309.52,-243.06,-242.73,42.17,40.91,7.84,30.28,0.9,41.58,17.47
498500,5318.67,-245.01,-242.52,42.35,40.99,7.9,30.61,1.23,42.16,18.02
498600,5320.34,-244.01,-242.68,42.06,41.13,7.7,30.4,1.01,41.97,17.35
498700,5321.58,-242.81,-242.27,42.04,40.77,7.66,30.53,1.15,40.16,17.39
498800,5315.34,-243.6,-242.35,41.96,40.95,7.84,30.51,1.12,43.05,18.1
498900,5318.26,-242.93,-241.85,41.98,41.13,7.7,30.58,1.19,42.12,18.06
499000,5323.66,-243.97,-242.43,41.94,41.09,7.6,30.35,0.96,41.51,17.91
499100,5312.02,-243.31,-242.56,42.17,41.01,7.56,30.57,1.18,39.92,17.39
499200,5306.19,-242.97,-242.1,42.31,40.87,7.56,30.5,1.11,42.66,18.1
499300,5308.69,-243.6,-241.89,41.94,40.95,7.4,30.59,1.21,41.12,17.43
499400,5313.68,-242.85,-242.6,42.17,40.93,7.9,30.4,1.02,35.78,19.29
499500,5314.1,-244.6,-242.68,42.1,41.03,7.66,30.82,1.44,41.89,17.24
499600,5326.99,-242.77,-242.39,42.21,41.03,7.76,30.69,1.3,36.48,18.5
499700,5311.6,-244.8,-242.39,42.08,41.39,7.76,30.49,1.1,40.58,17.79
499800,5315.76,-243.64,-242.52,41.98,40.91,7.58,30.79,1.4,43.01,18.18
499900,5312.85,-245.14,-243.18,41.84,41.09,7.52,30.51,1.12,42.7,17.87
500000,5307.44,-244.56,-242.85,42.14,40.69,7.62,30.67,1.29,45.63,17.75
500100,5318.67,-244.06,-242.27,42.37,40.69,7.64,30.49,1.1,45.21,18.3
500200,5307.85,-244.56,-242.68,42.06,41.07,7.62,30.67,1.29,44.51,18.26
500300,5315.34,-244.39,-242.85,41.98,41.11,7.36,30.67,1.29,35.7,17.75
500400,5311.18,-244.01,-242.56,42.15,40.79,7.86,30.67,1.28,40.7,17.83
500500,5313.26,-244.35,-243.27,42.06,41.03,7.72,30.71,1.33,40.77,18.14
500600,5322.83,-243.14,-242.14,42.02,40.97,7.76,30.66,1.27,40.81,17.87
500700,5312.43,-243.14,-242.89,42.17,40.93,7.62,30.67,1.29,38.69,18.26
500800,5311.6,-244.68,-242.77,42,40.99,7.7,30.77,1.39,39.65,17.63
500900,5309.52,-244.18,-242.89,41.92,40.89,7.44,30.62,1.23,39.42,18.06
501000,5324.91,-243.52,-242.6,42.21,40.85,7.6,30.9,1.52,39.5,17.43
501100,5318.26,-244.76,-242.52,42.04,40.81,7.74,30.59,1.2,42.47,18.34
501200,5319.92,-242.77,-242.64,42.15,41.17,7.72,30.79,1.4,40.46,17.43
501300,5310.35,-244.51,-242.35,42.04,41.07,7.84,30.59,1.2,38.57,17.39
501400,5311.18,-243.18,-242.35,42.29,40.73,7.64,30.95,1.56,41.51,18.46
501500,5321.17,-243.1,-242.23,42.29,40.99,7.76,30.63,1.24,45.17,17.75
501600,5315.34,-244.43,-242.48,42.1,40.93,7.66,30.94,1.55,38.61,17.95
501700,5317.84,-244.35,-242.31,42.17,41.03,7.78,30.81,1.42,39.85,17.79
501800,5313.68,-244.26,-242.35,42.06,40.87,7.68,30.88,1.49,44.13,18.5
501900,5313.68,-243.18,-242.35,42.02,41.11,7.62,31.01,1.62,38.8,18.3
502000,5324.91,-242.31,-242.56,42.12,41.09,7.76,30.88,1.5,40,17.55
502100,5313.26,-244.47,-242.14,42.17,40.81,7.7,30.75,1.37,35.12,17.75
502200,5313.68,-243.85,-242.1,42.04,40.95,7.62,30.96,1.57,44.48,17.71
502300,5318.26,-243.35,-242.43,42.06,40.87,7.66,30.73,1.35,38.92,18.58
502400,5313.68,-243.6,-242.52,42.29,40.95,7.5,31.02,1.64,40.58,17.75
502500,5312.85,-243.1,-242.31,42.02,40.67,7.88,30.91,1.52,43.09,17.71
502600,5314.93,-244.64,-242.27,42.45,41.11,7.54,30.87,1.48,38.34,17.63
502700,5314.93,-244.56,-242.48,42.15,40.91,7.74,30.84,1.46,42.66,17.83
502800,5320.34,-242.68,-242.64,42.06,41.05,7.58,30.93,1.54,40.58,17.67
502900,5317.01,-244.35,-241.89,42.02,40.97,7.92,30.92,1.53,40.81,17.95
503000,5314.93,-243.72,-242.31,42.1,40.89,7.8,30.86,1.48,41.16,17.67
503100,5315.76,-243.27,-242.31,41.94,40.89,7.66,30.88,1.5,44.21,17.87
503200,5312.02,-243.89,-242.48,42.17,40.81,7.66,30.79,1.4,38.69,18.42
503300,5316.59,-244.01,-242.18,42.29,41.05,7.7,30.89,1.5,39.03,18.54
503400,5319.5,-243.43,-242.14,42.04,40.99,7.7,30.96,1.58,34.97,17.75
503500,5319.09,-243.52,-242.56,41.92,40.95,7.74,31.08,1.69,49.4,18.26
503600,5312.43,-243.14,-242.39,42.23,40.95,7.58,30.65,1.26,33.49,18.42
503700,5311.18,-243.68,-242.6,42.04,40.87,7.54,30.86,1.48,42.86,17.99
503800,5316.59,-243.1,-242.48,42,40.97,7.78,30.88,1.5,37.87,17.75
503900,5317.42,-243.22,-242.43,42.19,41.05,7.54,30.85,1.46,36.01,17.67
504000,5319.09,-244.8,-242.48,42.31,40.91,7.52,30.77,1.39,41.35,17.91
504100,5311.6,-244.18,-242.1,42.21,41.17,7.4,30.87,1.48,41.16,17.63
504200,5307.44,-243.77,-242.06,42.02,40.89,7.6,30.98,1.59,45.94,17.79
504300,5319.09,-244.51,-242.18,41.9,41.15,7.78,30.96,1.58,36.01,18.62
504400,5316.18,-242.81,-242.14,42.17,41.15,7.44,30.7,1.31,37.14,17.75
504500,5316.59,-243.68,-242.39,42.04,40.87,7.88,30.98,1.6,42.82,18.1
504600,5308.69,-244.14,-242.23,42.27,41.19,7.6,30.73,1.35,37.83,17.91
504700,5318.67,-245.05,-242.35,42.14,40.89,7.52,31.05,1.66,40.27,17.87
504800,5314.51,-243.43,-242.39,42.15,40.99,7.64,30.65,1.27,42.9,17.95
504900,5310.77,-244.14,-242.27,41.96,40.89,7.44,30.97,1.58,39.46,17.59
505000,5309.94,-243.39,-242.56,42.02,40.83,7.66,30.67,1.29,40.19,18.1
505100,5313.68,-243.22,-242.48,41.8,40.79,7.6,30.88,1.5,38.41,18.18
505200,5310.77,-243.31,-242.1,42.14,41.03,7.8,30.62,1.23,34.93,18.34
505300,5314.51,-243.64,-242.18,42.08,40.91,7.8,31.1,1.71,43.01,17.67
505400,5318.26,-243.85,-242.6,42.02,40.89,7.6,30.53,1.15,39.34,18.1
505500,5318.67,-243.97,-242.39,42.08,40.91,7.7,31.03,1.64,38.34,17.79
505600,5314.1,-242.52,-242.48,42.21,41.03,7.68,30.49,1.1,38.26,18.18
505700,5324.08,-242.81,-242.56,42.06,40.81,7.7,30.94,1.55,32.05,17.31
505800,5328.24,-244.06,-242.43,42.23,40.89,7.8,30.5,1.11,38.26,17.67
505900,5318.67,-244.01,-242.31,42.12,41.05,7.72,30.98,1.6,41.2,17.47
506000,5320.34,-243.22,-242.43,41.96,40.95,7.52,30.5,1.11,40.89,18.22
506100,5311.6,-243.64,-242.02,42.15,40.87,7.8,30.77,1.39,41.85,17.83
506200,5315.76,-243.31,-242.56,42,40.75,7.58,30.69,1.31,34.85,17.99
506300,5312.43,-243.06,-242.23,42.1,41.01,7.72,30.8,1.41,41.31,17.67
506400,5315.76,-244.22,-242.73,42.04,40.81,7.58,30.49,1.1,39.3,17.87
506500,5318.26,-242.97,-242.31,42.27,41.03,7.8,30.79,1.4,38.14,17.35
506600,5314.1,-243.52,-242.39,42,41.05,7.38,30.66,1.27,43.82,18.14
506700,5314.51,-243.77,-242.39,41.98,40.91,7.56,30.71,1.33,42.36,17.47
506800,5308.69,-243.22,-242.06,42.57,41.23,7.66,30.65,1.26,39.73,17.87
506900,5317.84,-243.81,-242.43,41.94,40.67,7.9,30.6,1.21,35.16,18.3
507000,5326.58,-243.64,-242.52,42.08,40.81,7.66,30.61,1.22,37.37,17.35
507100,5317.42,-244.56,-242.6,42.08,40.91,7.88,30.57,1.18,44.36,18.38
507200,5314.93,-243.89,-242.23,42,40.85,7.5,30.61,1.23,36.71,18.1
507300,5312.85,-243.43,-242.6,42,40.97,7.46,30.58,1.19,42.2,18.06
507400,5316.59,-243.1,-243.06,42.12,41.09,7.42,30.71,1.33,40.7,17.59
507500,5319.92,-243.47,-242.6,41.66,40.91,7.76,30.45,1.06,36.13,17.71
507600,5314.1,-244.89,-242.35,41.88,40.77,7.72,30.56,1.17,44.21,17.39
507700,5319.09,-244.64,-242.31,42.06,40.91,7.76,30.45,1.06,37.52,17.95
507800,5322,-243.81,-242.68,42.15,41.11,7.56,30.57,1.18,42.78,18.3
507900,5314.93,-243.77,-242.23,41.82,41.05,7.76,30.36,0.98,39.34,17.83
508000,5323.25,-244.47,-242.81,42.31,40.91,7.32,30.75,1.36,42.59,17.83
508100,5314.93,-243.56,-242.39,42.15,41.01,7.86,30.35,0.96,38.92,18.06
508200,5320.75,-243.64,-242.77,41.92,41.11,7.72,30.72,1.33,40.62,17.43
508300,5319.5,-243.77,-242.89,42.25,40.79,7.64,30.56,1.17,37.64,17.87
508400,5316.59,-244.01,-242.23,42.04,40.81,7.78,30.71,1.32,39.07,17.51
508500,5322.42,-244.47,-242.31,42.15,40.73,7.58,30.4,1.01,41.7,18.5
508600,5314.93,-243.1,-242.43,42.06,41.19,7.64,30.65,1.27,39.03,18.14
508700,5317.01,-243.22,-242.56,41.98,40.75,7.8,30.38,0.99,41.31,17.79
508800,5316.18,-242.64,-243.02,41.88,40.85,7.9,30.37,0.98,37.72,17.95
508900,5320.75,-244.85,-242.93,42.02,40.99,7.64,30.24,0.86,35.28,18.62
509000,5321.58,-244.97,-242.6,42.19,40.89,7.72,30.58,1.19,40.5,18.02
509100,5316.18,-244.72,-242.56,41.94,41.21,7.8,30.26,0.88,38.22,17.91
509200,5309.94,-243.56,-242.35,42.19,40.99,7.6,30.62,1.23,37.6,18.34
509300,5315.34,-244.68,-242.85,42.06,40.83,7.54,30.31,0.92,38.45,17.87
509400,5316.59,-242.77,-242.14,42.12,40.97,7.8,30.64,1.25,36.28,17.79
509500,5317.01,-243.93,-242.73,41.96,41.17,8.02,30.23,0.84,33.64,17.12
509600,5316.59,-244.85,-243.06,41.98,41.07,7.98,30.55,1.17,37.25,17.28
509700,5322,-244.56,-243.06,41.9,40.73,8.1,30.28,0.89,36.13,19.01
509800,5318.26,-243.97,-242.93,42.27,40.85,7.74,30.48,1.09,41.62,18.54
509900,5323.66,-243.68,-242.64,42,41.03,7.86,30.47,1.08,42.82,17.39
510000,5322.83,-244.85,-242.93,41.92,40.81,7.52,30.41,1.02,36.48,17.35
510100,5317.84,-244.64,-242.43,42.06,40.91,7.54,30.76,1.37,35.9,17.31
510200,5315.76,-244.76,-242.93,41.82,40.85,7.54,30.33,0.94,40.54,17.39
510300,5320.75,-243.64,-242.73,42.29,40.75,7.68,30.51,1.12,38.96,18.06
510400,5319.09,-243.52,-242.77,42.12,40.95,7.7,30.65,1.27,40.35,17.75
510500,5314.93,-242.97,-242.1,42.19,40.71,7.6,30.53,1.15,36.67,18.18
510600,5313.26,-244.89,-243.14,41.92,41.03,7.82,30.71,1.33,40.81,17.51
510700,5316.18,-243.97,-242.06,42.21,40.73,7.38,30.77,1.39,31.23,17.79
510800,5322.83,-243.6,-242.77,42.02,41.21,7.78,30.5,1.11,41.85,17.75
510900,5323.25,-241.27,-242.1,42.23,40.85,7.54,30.78,1.39,41.39,17.63
511000,5314.93,-243.56,-242.77,42.19,41.03,7.7,30.8,1.41,37.64,17.75
511100,5317.42,-242.89,-242.35,41.96,40.83,7.58,30.77,1.38,40.39,17.87
511200,5312.02,-245.22,-243.31,41.94,41.19,7.82,30.48,1.09,34.27,17.91
511300,5316.18,-243.72,-242.18,42.04,40.91,7.54,30.72,1.33,38.18,17.31
511400,5319.92,-242.39,-242.73,42.12,41.17,7.72,30.44,1.05,42.78,18.14
511500,5325.74,-243.52,-242.43,42.06,40.99,7.82,30.89,1.5,34.07,17.67
511600,5323.66,-242.77,-242.1,42.35,40.79,7.68,30.53,1.14,37.14,17.39
511700,5317.84,-243.64,-242.43,41.98,40.89,7.46,30.84,1.46,38.65,17.71
511800,5311.6,-243.14,-242.14,42.41,40.95,7.88,30.82,1.44,38.8,17.51
511900,5317.01,-243.93,-242.93,42.04,41.03,7.62,30.64,1.25,35.55,17.91
512000,5313.68,-242.52,-241.81,42.15,41.03,7.8,30.73,1.35,36.36,17.55
512100,5314.1,-244.31,-242.48,41.88,40.87,7.5,30.92,1.53,36.9,17.83
512200,5321.17,-242.35,-242.64,42,41.15,7.62,30.57,1.18,39.77,17.55
512300,5322.42,-243.02,-241.94,42.23,41.11,7.7,30.94,1.55,40.39,17.71
512400,5319.92,-243.52,-243.47,42.14,40.83,8.12,30.52,1.13,45.01,18.34
512500,5320.34,-244.51,-242.93,41.9,41.23,7.58,30.59,1.2,38.57,18.02
512600,5322,-243.77,-242.48,42.14,41.05,7.8,30.9,1.51,41.2,17.2
512700,5318.67,-244.1,-242.77,42.15,41.15,7.52,30.33,0.94,40.43,18.22
512800,5317.42,-242.64,-242.81,41.88,41.11,7.8,30.75,1.36,42.51,17.95
512900,5320.34,-242.6,-243.35,42.08,41.05,7.76,30.52,1.13,41.16,18.85
513000,5311.18,-243.06,-242.31,42,40.93,7.56,30.96,1.57,35.59,17.28
513100,5318.26,-243.77,-242.97,42.12,40.95,7.5,30.68,1.29,45.25,18.14
513200,5317.42,-243.93,-242.64,42.17,40.97,7.7,30.81,1.42,43.2,18.22
513300,5326.58,-242.02,-242.85,41.98,41.05,7.48,30.49,1.1,38.88,17.71
513400,5311.18,-243.22,-242.43,42.21,40.87,7.68,30.81,1.42,43.97,18.22
513500,5317.42,-244.8,-242.43,42.21,41.03,7.72,30.56,1.17,39.07,18.18
513600,5323.66,-242.68,-242.85,42.08,40.97,7.38,30.59,1.21,39.3,17.71
513700,5314.1,-243.02,-243.43,42.59,40.83,7.86,30.34,0.96,40.73,17.75
513800,5323.66,-244.43,-242.14,42,40.85,7.8,30.73,1.35,37.14,18.42
513900,5312.85,-242.64,-242.68,42.1,41.09,7.7,30.53,1.15,39.34,17.67
514000,5311.18,-244.31,-242.97,42.23,40.91,7.68,30.39,1,41.28,17.95
514100,5314.51,-242.73,-242.68,42.25,41.03,7.26,30.44,1.05,39.15,18.22
514200,5317.42,-243.43,-242.39,42.02,41.13,7.46,30.65,1.26,40.73,17.75
514300,5317.84,-244.51,-242.48,42.37,40.89,7.44,30.34,0.95,36.4,18.69
514400,5322.42,-244.72,-241.69,42.33,41.21,7.48,30.44,1.05,39.07,18.1
514500,5311.6,-242.52,-243.1,42.12,40.87,7.86,30.46,1.07,45.51,17.51
514600,5307.02,-243.18,-242.73,42.35,40.83,7.78,30.38,0.99,40.27,18.3
514700,5312.02,-243.18,-242.56,42,41.05,7.62,30.61,1.22,46.51,17.51
514800,5322.83,-244.89,-242.39,42.12,41.11,7.78,30.38,1,39.11,18.26
514900,5319.5,-244.89,-242.06,42.14,41.05,7.9,30.7,1.31,35.2,17.99
515000,5313.68,-241.44,-242.39,42.02,41.17,7.62,30.47,1.08,36.36,17.71
515100,5318.26,-242.89,-242.73,41.94,41.27,7.66,30.66,1.27,39.19,17.63
515200,5323.66,-245.68,-242.39,42.12,41.15,7.74,30.59,1.21,41.35,18.02
515300,5316.59,-242.31,-242.48,42.15,41.19,7.56,30.44,1.06,37.52,17.99
515400,5313.68,-243.52,-242.77,42.21,40.89,7.76,30.23,0.84,38.26,17.35
515500,5327.82,-244.89,-242.52,42.17,41.15,7.96,30.63,1.25,34.34,17.39
515600,5326.16,-245.22,-242.35,42.21,40.99,7.7,30.3,0.91,42.39,17.95
515700,5326.16,-245.55,-242.43,41.98,40.99,7.82,30.89,1.5,43.67,18.58
515800,5314.93,-242.39,-242.52,42.27,41.25,7.5,30.39,1,44.55,17.79
515900,5319.5,-244.51,-242.81,42.51,40.75,7.8,30.27,0.88,40.77,17.91
516000,5314.1,-245.43,-242.52,42.08,41.05,7.46,30.24,0.85,40.77,17.95
516100,5322.42,-245.72,-242.64,42.27,39.63,7.5,30.52,1.13,41.2,17.99
516200,5320.75,-242.68,-242.85,42.14,39.95,7.74,30.61,1.22,40.46,17.67
516300,5315.76,-243.31,-243.27,42.1,39.79,7.34,30.72,1.33,41.93,18.18
516400,5329.49,-244.93,-243.06,42.35,39.77,7.44,30.5,1.11,36.9,17.99
516500,5326.58,-244.06,-242.68,42.14,39.75,7.6,30.48,1.09,40.46,18.5
516600,5319.5,-245.43,-242.64,42.02,38.4,7.56,30.59,1.2,46.55,17.83
516700,5313.26,-243.77,-242.06,42.19,38.64,7.56,30.69,1.31,34.54,18.18
516800,5321.58,-245.8,-242.73,42.21,38.5,7.7,30.61,1.22,40.12,17.87
516900,5316.18,-244.14,-242.77,42.17,38.5,7.54,30.75,1.37,44.17,18.38
517000,5312.02,-242.85,-243.14,42.21,38.48,7.2,30.65,1.27,42.12,17.83
517100,5319.5,-243.39,-242.97,42,38.72,7.86,30.76,1.37,38.8,18.3
517200,5336.56,-245.6,-242.81,42.12,38.46,7.7,30.75,1.36,35.9,17.75
517300,5319.5,-242.73,-243.47,42.39,38.32,7.6,30.61,1.23,44.09,18.89
517400,5317.84,-244.06,-242.77,41.96,38.92,7.62,30.88,1.5,44.51,18.1
517500,5316.59,-246.43,-242.64,42.25,38.32,7.52,30.82,1.43,33.84,17.75
517600,5326.16,-245.51,-243.31,42.17,38.38,7.68,30.63,1.24,43.24,18.06
517700,5319.5,-244.1,-243.14,42.06,38.68,7.6,30.68,1.29,36.71,17.71
517800,5317.42,-245.89,-242.64,42.59,38.5,7.68,30.81,1.42,41.04,18.65
517900,5318.26,-244.97,-242.93,42,38.52,7.68,30.82,1.44,36.87,18.02
518000,5323.66,-246.01,-242.77,42.14,38.68,7.34,30.67,1.29,38.57,17.71
518100,5319.92,-242.48,-243.06,41.96,39.2,7.58,31.02,1.64,38.3,18.77
518200,5319.92,-243.68,-242.77,42.35,38.88,7.6,30.72,1.33,37.1,18.69
518300,5326.58,-243.81,-242.97,41.96,39.16,7.44,30.94,1.56,35.12,17.63
518400,5314.1,-246.05,-242.23,42.17,39.12,7.5,30.93,1.54,41.78,18.85
518500,5318.67,-245.6,-242.48,42.14,39.08,7.3,30.85,1.46,42.7,18.81
518600,5333.23,-242.81,-242.85,42.47,38.9,7.44,30.77,1.39,38.61,17.83
518700,5322,-242.39,-242.73,41.88,39.31,7.6,30.79,1.4,39,17.99
518800,5314.1,-244.89,-242.81,42.14,39.04,7.52,30.76,1.37,48.24,18.65
518900,5314.51,-243.47,-242.27,42.12,39.06,7.48,31.06,1.68,35.28,17.55
519000,5322.42,-244.43,-243.14,42.31,39.1,7.7,30.77,1.39,38.65,18.06
519100,5318.67,-244.97,-242.93,42.12,39,7.28,30.61,1.22,36.98,18.1
519200,5332.82,-246.55,-243.35,42.06,39.1,7.48,30.79,1.4,40.97,18.3
519300,5319.5,-245.05,-242.56,42.08,39.08,7.34,30.81,1.42,38.69,18.22
519400,5322.83,-242.73,-242.85,42.23,39.02,7.42,30.78,1.39,38.11,18.06
519500,5326.99,-245.26,-243.27,42.06,39.21,7.38,30.77,1.39,38.07,18.1
519600,5313.68,-244.51,-242.81,42.55,39.04,7.44,30.83,1.44,36.56,18.06
519700,5311.18,-243.06,-243.14,42.15,39.02,7.48,30.92,1.54,42.93,18.34
519800,5314.51,-242.68,-242.93,42.25,39.14,7.34,30.52,1.13,40.23,18.5
519900,5314.51,-242.23,-242.64,42.19,39.06,7.68,30.69,1.3,37.68,18.18
520000,5315.34,-244.76,-242.48,42.12,39.04,7.38,30.65,1.26,41.39,17.75
520100,5321.17,-244.6,-242.89,42.23,39.23,7.42,30.64,1.25,46.21,19.32
520200,5321.17,-242.56,-242.89,42.08,39.02,7.68,30.64,1.25,38.57,17.95
520300,5318.67,-244.35,-242.39,42.25,39.06,7.54,30.57,1.19,40.81,18.62
520400,5316.59,-245.35,-242.52,42.1,38.78,7.34,30.82,1.44,42.59,17.71
520500,5317.01,-244.39,-242.93,42.12,39.16,7.66,30.73,1.34,41.89,18.18
520600,5319.09,-244.1,-242.18,42.06,38.98,7.9,30.77,1.38,42.12,18.81
520700,5324.91,-245.39,-242.35,42.08,39.29,7.54,30.66,1.27,41.12,18.69
520800,5326.58,-245.47,-243.22,41.98,39.04,7.68,30.45,1.06,34.38,17.87
520900,5326.99,-246.59,-241.89,42.35,38.98,7.32,30.67,1.28,43.24,18.18
521000,5322,-245.39,-242.64,42.17,39,7.68,30.55,1.16,37.87,17.83
521100,5314.1,-244.22,-243.27,42.14,39.21,7.52,30.43,1.04,44.09,17.99
521200,5311.6,-242.43,-243.02,42.08,39.08,7.62,30.36,0.98,38.26,18.06
521300,5324.08,-245.47,-242.56,42.33,38.96,7.38,30.63,1.24,40.58,18.02
521400,5317.84,-246.51,-242.89,42.43,39.31,7.62,30.77,1.38,43.97,18.38
521500,5319.5,-243.64,-243.06,41.94,39.2,7.08,30.28,0.9,41.16,18.26
521600,5320.34,-243.77,-242.64,42.08,39.21,7.34,30.51,1.12,43.44,18.77
521700,5311.6,-244.56,-242.48,42.1,39.18,7.36,30.48,1.09,42.9,18.93
521800,5330.74,-243.97,-243.64,42.19,39.23,7.34,30.59,1.2,37.45,17.47
521900,5317.01,-243.89,-242.73,41.52,40.29,5.31,30.42,1.04,38.03,17.71
522000,5323.25,-242.97,-242.81,41.64,40.83,6.98,30.69,1.31,33.64,17.71
522100,5323.25,-244.72,-242.43,41.82,40.77,6.93,30.65,1.27,41.82,18.77
522200,5328.66,-243.6,-243.27,41.56,40.85,7.24,30.73,1.34,43.78,17.47
522300,5320.34,-244.8,-243.1,41.44,40.89,7.08,30.31,0.92,42.28,17.91
522400,5315.34,-243.68,-242.89,41.82,40.79,6.51,30.75,1.37,34.31,17.2
522500,5317.84,-244.64,-242.48,41.64,40.95,6.91,30.55,1.16,42.2,18.34
522600,5322.83,-242.73,-243.97,41.64,40.75,7,30.84,1.45,36.36,17.75
522700,5328.66,-244.6,-242.68,41.52,40.79,6.75,30.31,0.92,37.68,17.79
522800,5329.07,-245.51,-242.93,41.6,40.73,6.96,30.63,1.24,41.89,17.43
522900,5329.49,-243.52,-243.35,41.6,40.85,6.98,30.59,1.21,39.19,17.2
523000,5324.91,-245.84,-242.6,41.62,41.21,6.87,30.55,1.17,43.13,17.43
523100,5314.1,-243.27,-243.93,41.52,40.71,7.08,30.53,1.15,35.94,17.91
523200,5325.33,-245.93,-242.77,41.54,40.69,6.79,30.55,1.16,38.3,17.59
523300,5322,-243.1,-242.85,41.7,40.79,6.83,30.61,1.23,42.59,17.55
523400,5319.09,-243.06,-243.81,41.58,40.85,7.3,30.68,1.29,39.27,17.67
523500,5318.26,-243.27,-243.14,41.46,40.77,6.73,30.66,1.27,40.66,17.91
523600,5325.33,-245.01,-242.6,41.74,40.97,6.98,30.69,1.31,41.97,17.51
523700,5318.26,-245.3,-242.97,41.44,40.83,7,30.68,1.29,40.89,17.43
523800,5320.34,-243.35,-243.22,41.66,40.65,6.71,30.96,1.57,42.01,17.79
523900,5313.26,-244.93,-243.06,41.6,40.95,6.91,30.75,1.36,43.63,17.47
524000,5324.91,-245.1,-242.93,41.7,40.99,6.77,30.61,1.23,36.9,18.34
524100,5322.42,-246.43,-242.31,41.48,40.85,6.63,30.59,1.21,39.5,17.31
524200,5323.25,-245.18,-242.73,41.82,40.99,6.65,30.75,1.37,38.42,17.08
524300,5321.17,-244.1,-243.56,41.82,40.91,6.98,30.66,1.27,41.82,17.83
524400,5314.51,-244.56,-243.97,41.74,40.97,7.26,30.71,1.32,39,18.06
524500,5322.83,-245.68,-243.43,41.62,40.97,7,30.76,1.37,36.21,18.02
524600,5328.24,-243.35,-242.52,41.56,40.73,6.69,30.74,1.35,40.89,17.79
524700,5322.42,-243.43,-243.31,41.7,40.91,6.96,30.73,1.35,41.24,17.16
524800,5322.83,-242.6,-243.52,41.66,40.93,6.85,30.59,1.21,37.8,17.51
524900,5322,-245.72,-242.81,41.62,40.87,6.85,30.73,1.35,40.31,17.59
525000,5322.42,-244.68,-242.64,41.64,40.91,6.93,30.73,1.35,41.58,16.84
525100,5318.67,-242.93,-242.77,41.5,40.75,6.87,30.69,1.3,41.43,17.83
525200,5324.5,-242.97,-243.31,41.66,40.93,6.95,30.69,1.31,38.53,17.63
525300,5325.33,-244.43,-242.89,41.5,40.95,6.75,30.77,1.38,36.21,17.12
525400,5322.42,-246.09,-242.89,41.86,41.01,7.12,30.75,1.36,35.28,17.79
525500,5314.93,-242.73,-243.06,41.4,41.01,6.79,30.67,1.28,38.61,17.28
525600,5323.25,-244.39,-242.89,41.64,40.81,6.93,30.73,1.35,36.13,18.02
525700,5316.59,-243.85,-243.06,41.6,40.77,6.98,30.71,1.32,37.64,17.16
525800,5317.42,-244.76,-242.97,41.54,40.93,6.69,30.79,1.4,40.31,17.31
525900,5319.5,-246.59,-243.64,41.6,40.77,7.22,30.59,1.21,42.09,17.59
526000,5324.5,-244.18,-243.18,41.6,40.97,6.93,30.75,1.36,36.44,17.87
526100,5309.94,-245.14,-242.77,41.6,40.89,6.77,30.65,1.26,39.46,17.67
526200,5314.93,-243.1,-242.6,41.44,40.99,6.67,30.76,1.37,41.2,17.87
526300,5319.92,-244.97,-242.81,41.54,41.07,6.79,30.65,1.27,36.01,17.63
526400,5319.92,-244.26,-242.81,41.58,40.87,6.67,30.68,1.29,33.76,17.67
526500,5316.18,-245.76,-243.43,41.7,40.97,7.04,30.59,1.21,40.97,17.43
526600,5326.58,-245.3,-243.43,41.64,40.81,6.71,30.67,1.29,39.23,17.99
526700,5331.15,-244.35,-242.89,41.68,40.89,6.69,30.58,1.19,43.05,17.47
526800,5322,-245.14,-243.47,41.46,40.91,6.93,30.72,1.33,42.78,17.39
526900,5327.82,-244.97,-243.39,41.44,40.95,6.69,30.57,1.18,37.37,17.79
527000,5326.58,-243.77,-242.89,41.78,40.97,6.81,30.58,1.19,41.7,17.79
527100,5315.76,-244.56,-243.02,41.66,40.83,6.91,30.59,1.21,39.19,17.24
527200,5332.82,-242.97,-242.93,41.66,40.79,6.85,30.53,1.15,37.95,17.55
527300,5322.83,-245.3,-243.6,41.6,40.93,6.93,30.63,1.25,42.66,17.75
527400,5326.58,-244.26,-243.14,41.66,40.83,6.83,30.46,1.07,34.11,17.63
527500,5324.91,-242.02,-242.68,41.54,40.73,7,30.66,1.27,37.87,17.99
527600,5322.42,-243.85,-242.93,41.62,40.83,6.87,30.54,1.15,39.19,17.28
527700,5315.76,-245.3,-243.47,41.66,40.91,6.81,30.54,1.15,40.16,17.95
527800,5324.08,-245.01,-243.02,41.62,41.01,7,30.57,1.18,38.88,17.55
527900,5329.07,-244.56,-242.89,41.5,40.83,6.69,30.46,1.08,39.46,17.12
528000,5322.83,-244.14,-243.1,41.58,40.91,7.1,30.71,1.32,36.32,17.67
528100,5325.33,-244.01,-242.81,41.64,40.89,6.69,30.65,1.27,40.66,17.35
528200,5316.18,-244.76,-243.18,41.66,40.87,6.71,30.61,1.22,36.94,17.91
528300,5326.58,-243.77,-243.31,41.62,40.81,6.77,30.53,1.15,37.64,17.12
528400,5325.33,-244.1,-243.14,41.6,40.81,7.06,30.45,1.06,44.9,17.67
528500,5326.99,-243.85,-243.02,41.36,40.85,6.69,30.73,1.35,35.43,17.95
528600,5328.24,-243.85,-243.27,41.56,40.69,6.98,30.44,1.05,35,17.43
528700,5317.42,-245.1,-243.1,41.52,40.79,7.02,30.67,1.29,41.74,17.87
528800,5322.42,-244.26,-242.93,41.52,40.91,6.83,30.56,1.17,42.59,17.35
528900,5322.83,-244.89,-243.35,41.48,40.83,6.87,30.49,1.1,38.34,17.28
529000,5318.67,-245.3,-243.02,41.44,40.91,6.98,30.58,1.19,41.85,17.91
529100,5317.84,-244.14,-242.93,41.46,40.79,6.71,30.69,1.31,36.09,17.71
529200,5325.74,-245.14,-242.93,41.7,40.97,6.93,30.47,1.08,42.97,17.71
529300,5332.82,-243.85,-243.43,41.46,40.97,6.71,30.71,1.32,34.77,18.06
529400,5315.34,-243.89,-243.02,41.58,40.75,6.85,30.6,1.21,37.49,17.63
529500,5319.92,-244.97,-243.06,41.54,40.93,6.79,30.68,1.29,42.05,17.31
529600,5315.76,-244.85,-243.02,41.72,40.73,6.81,30.63,1.25,36.36,17.67
529700,5322.83,-244.26,-243.02,41.64,40.77,7.58,30.63,1.25,39.61,17.47
529800,5324.91,-244.47,-243.1,41.54,40.91,6.87,30.66,1.27,39.96,17.63
529900,5327.41,-243.6,-243.52,41.7,41.01,6.73,30.61,1.23,35.59,17.28
530000,5327.41,-244.8,-243.39,41.56,41.15,6.47,30.78,1.39,38.34,17.47
530100,5331.57,-243.81,-243.35,41.5,40.87,6.57,30.77,1.38,37.18,17.43
530200,5325.33,-244.01,-243.39,41.48,40.89,6.77,30.88,1.49,38.45,17.16
530300,5327.41,-244.1,-242.93,41.46,40.91,6.91,30.68,1.29,37.21,18.42
530400,5322.42,-244.8,-242.81,41.68,40.79,6.98,30.78,1.39,35.82,17.39
530500,5322,-244.72,-243.1,41.68,40.75,6.57,30.48,1.09,33.41,17.08
530600,5322.83,-245.1,-242.93,41.58,40.85,7.1,30.86,1.48,34.69,17.28
530700,5322,-244.39,-243.14,41.5,40.75,6.77,30.76,1.37,45.25,18.38
530800,5321.17,-244.31,-243.14,41.68,40.97,6.57,30.89,1.5,35.97,16.96
530900,5331.57,-244.1,-243.31,41.76,40.81,6.98,30.79,1.4,37.49,17.43
531000,5320.75,-245.01,-242.56,41.62,40.85,6.95,31.02,1.64,39.65,17.28
531100,5324.08,-244.14,-242.81,41.58,40.71,6.98,30.84,1.45,43.2,17.39
531200,5324.5,-244.64,-242.89,41.66,40.73,6.83,30.84,1.46,38.69,17.47
531300,5320.75,-244.22,-243.1,41.64,41.01,7.04,30.69,1.3,33.1,18.02
531400,5328.24,-244.93,-243.06,41.68,40.87,6.96,30.9,1.51,40.5,17.24
531500,5328.66,-243.93,-243.1,41.52,40.87,6.89,30.74,1.35,43.59,17.16
531600,5324.5,-244.35,-242.97,41.64,40.65,7.02,30.86,1.48,36.63,17.71
531700,5315.76,-244.39,-242.89,41.56,40.83,6.89,30.82,1.43,37.68,17.39
531800,5321.58,-243.6,-242.48,41.56,40.93,6.77,30.89,1.5,38.57,17.91
531900,5320.75,-244.06,-242.85,41.44,40.47,6.95,30.9,1.51,44.78,17.99
532000,5317.42,-245.1,-242.85,41.44,40.87,6.83,30.82,1.43,37.45,17.91
532100,5318.67,-243.35,-242.81,41.66,41.01,6.71,30.81,1.42,42.05,17.08
532200,5328.24,-243.43,-243.06,41.62,40.69,6.96,30.9,1.52,40.04,18.38
532300,5328.66,-245.22,-243.27,41.76,40.91,6.69,30.81,1.42,36.52,17.47
532400,5317.01,-244.06,-242.85,41.74,40.87,6.93,30.77,1.38,42.43,17.67
532500,5322,-244.56,-242.97,41.6,40.55,6.91,30.89,1.5,39.5,18.14
532600,5323.66,-244.22,-243.02,41.66,40.77,6.91,30.75,1.37,39.03,17.24
532700,5319.5,-243.56,-242.68,41.6,40.95,6.96,31.16,1.77,40.23,18.06
532800,5317.42,-245.01,-243.31,41.68,40.81,6.81,30.82,1.43,35.24,17.51
532900,5320.75,-244.93,-243.14,41.4,40.89,6.71,30.95,1.56,40.89,17.55
533000,5317.42,-243.97,-242.85,41.58,41.09,7.1,30.79,1.4,35.74,17.87
533100,5317.01,-244.18,-243.22,41.66,40.83,6.89,31.06,1.68,37.02,17.28
533200,5325.74,-244.39,-242.85,41.66,40.87,6.98,30.77,1.38,39.85,18.38
533300,5324.08,-244.26,-243.18,41.6,40.99,6.67,31.05,1.66,41.12,17.35
533400,5328.24,-243.97,-243.18,41.56,40.75,6.71,30.74,1.35,30.65,17.87
533500,5326.16,-243.93,-243.22,41.8,40.87,6.93,30.83,1.44,40.89,16.84
533600,5319.5,-244.35,-242.93,41.6,41.07,6.87,30.76,1.37,38.18,18.1
533700,5319.09,-244.89,-242.73,41.84,40.99,6.81,30.93,1.54,33.06,17.59
533800,5314.93,-243.72,-243.02,41.54,40.77,6.83,30.48,1.09,40.16,17.83
533900,5324.5,-244.14,-242.52,41.74,40.99,7.02,31.02,1.63,46.05,17.67
534000,5328.66,-244.39,-243.47,41.56,40.85,6.79,30.5,1.11,36.36,18.22
534100,5322.42,-244.22,-242.93,41.74,41.09,6.91,31.11,1.73,36.71,17.24
534200,5320.34,-243.81,-243.43,41.74,40.87,6.87,30.64,1.25,44.4,17.75
534300,5323.25,-245.39,-242.89,41.5,40.63,6.83,30.8,1.41,38.92,17.95
534400,5316.18,-244.31,-243.18,41.44,40.99,6.87,30.72,1.33,38.3,17.67
534500,5318.67,-244.18,-242.77,41.6,40.77,6.93,30.92,1.53,37.29,17.67
534600,5319.09,-243.27,-242.97,41.56,40.75,6.87,30.7,1.31,37.49,17.51
534700,5329.49,-244.31,-242.68,41.78,40.85,6.95,30.88,1.49,34.62,17.31
534800,5319.5,-244.56,-242.64,41.76,40.75,6.85,30.57,1.19,40.31,17.87
534900,5322.42,-243.64,-243.14,41.8,40.87,6.67,31,1.62,40.46,17.39
535000,5322,-243.64,-243.18,41.66,40.81,6.87,30.67,1.29,36.4,17.47
535100,5319.09,-244.26,-242.85,41.52,40.95,6.96,30.75,1.37,41.55,17.39
535200,5315.76,-243.27,-243.18,41.58,40.91,6.73,30.88,1.5,36.28,17.51
535300,5326.58,-243.97,-243.1,41.64,40.71,6.65,30.93,1.54,37.33,17.59
535400,5322.42,-244.43,-243.22,41.78,40.99,6.75,30.68,1.29,34.27,17.51
535500,5318.67,-243.35,-242.81,41.46,40.69,7.06,30.69,1.31,41.82,17.59
535600,5326.99,-244.22,-243.18,41.54,41.15,6.49,30.65,1.26,32.75,17.67
535700,5318.67,-244.51,-242.97,41.48,40.93,7.08,30.75,1.37,42.66,17.67
535800,5324.91,-245.3,-242.93,41.44,41.01,6.35,30.53,1.14,37.76,17.59
535900,5313.68,-243.56,-242.64,41.62,40.87,6.79,30.78,1.39,38.92,17.55
536000,5320.34,-243.02,-243.56,41.52,40.79,6.87,30.49,1.1,40.31,17.51
536100,5319.92,-243.64,-242.93,41.64,41.11,6.95,30.79,1.4,38.41,17.55
536200,5316.18,-243.18,-243.1,41.56,40.89,7.08,30.44,1.05,37.49,17.2
536300,5327.41,-244.56,-242.56,41.58,41.05,7.02,30.49,1.1,40.23,17.47
536400,5318.26,-243.64,-243.06,41.56,40.69,6.93,30.61,1.22,41.74,17.59
536500,5320.34,-244.35,-242.97,41.56,40.91,6.81,30.46,1.08,39.38,17.75
536600,5322.83,-243.93,-242.85,41.6,41.03,7,30.51,1.12,35.31,17.75
536700,5327.82,-244.51,-243.06,41.94,40.85,6.57,30.81,1.42,41.58,17.67
536800,5324.5,-245.01,-243.06,41.72,41.05,6.95,30.6,1.21,36.79,17.28
536900,5326.99,-244.6,-243.18,41.52,40.73,6.91,30.52,1.13,47.05,17.55
537000,5329.49,-244.06,-243.43,41.32,40.79,7.06,30.57,1.19,36.94,17.51
537100,5317.01,-243.47,-243.06,41.64,40.97,6.45,30.42,1.04,36.56,17.12
537200,5323.66,-244.76,-243.56,41.6,40.79,6.87,30.81,1.42,34.42,18.06
537300,5321.17,-244.14,-243.35,41.48,40.79,6.95,30.22,0.83,40.81,17.31
537400,5326.16,-243.6,-243.14,41.56,40.67,6.95,30.67,1.29,40.27,17.55
537500,5324.08,-244.47,-242.77,41.86,40.87,6.89,30.69,1.31,40.39,18.3
537600,5327.41,-243.6,-242.81,41.64,40.91,7.26,30.55,1.16,40.5,17.55
537700,5322.83,-245.1,-243.52,41.46,40.87,7.28,30.45,1.06,38.34,17.71
537800,5319.5,-244.22,-242.52,41.66,40.69,6.65,30.88,1.49,34.46,18.18
537900,5321.17,-244.43,-242.56,41.7,40.81,6.77,30.91,1.52,36.71,17.63
538000,5320.34,-244.35,-242.85,41.98,40.81,6.81,30.6,1.21,39.42,17.2
538100,5322.83,-243.06,-242.23,41.56,40.99,6.69,30.46,1.08,39.54,17.75
538200,5326.99,-243.64,-242.64,41.36,40.65,6.51,30.68,1.29,43.63,17.43
538300,5323.66,-243.52,-242.6,41.52,40.83,6.67,30.48,1.09,37.33,18.1
538400,5326.16,-243.72,-242.97,41.78,40.71,6.89,30.86,1.48,37.02,17.63
538500,5324.5,-243.68,-242.43,41.62,40.67,6.95,30.52,1.13,37.02,18.42
538600,5313.68,-245.18,-243.39,41.54,40.97,7.16,30.64,1.25,37.37,17.95
538700,5327.41,-242.93,-242.85,41.44,40.89,6.89,30.59,1.2,41.55,17
538800,5319.92,-245.14,-243.35,41.52,41.03,6.98,30.58,1.19,35.59,17.75
538900,5315.34,-245.3,-242.56,41.6,40.71,6.61,30.43,1.04,39.5,17.91
539000,5319.09,-244.14,-243.06,41.84,40.77,6.65,30.6,1.21,33.88,17.2
539100,5322.83,-244.31,-242.68,41.64,40.89,6.63,30.62,1.23,42.28,17.63
539200,5325.33,-243.27,-243.39,41.46,40.99,6.87,30.85,1.46,40.23,17.24
539300,5329.07,-243.06,-242.48,41.8,40.91,6.69,30.31,0.92,31.54,17.55
539400,5321.58,-243.85,-242.97,41.46,40.99,6.73,30.6,1.21,32.21,17.31
539500,5316.59,-244.64,-242.43,41.56,40.99,6.57,30.54,1.15,39.65,17.75
539600,5320.34,-244.01,-242.85,41.64,40.83,6.83,30.75,1.36,35.78,17.12
539700,5321.17,-243.97,-242.93,41.66,40.93,6.85,30.57,1.19,45.98,17.67
539800,5319.92,-244.43,-242.77,41.54,40.85,6.55,30.55,1.17,36.52,17.75
539900,5319.92,-245.14,-242.52,41.8,40.85,6.87,30.33,0.94,37.99,17.39
540000,5320.34,-245.55,-243.14,41.72,40.71,6.61,30.92,1.54,37.02,17.28
540100,5313.26,-244.39,-242.6,40.86,40.73,6.65,30.75,1.36,38.26,18.69
540200,5322,-245.97,-243.14,41.58,40.99,6.91,30.7,1.31,42.47,17
540300,5310.77,-245.05,-242.97,41.48,40.81,6.57,30.36,0.97,42.24,18.22
540400,5322.42,-242.31,-242.35,41.72,41.01,6.81,30.96,1.58,40.39,17.99
540500,5315.76,-245.35,-243.27,41.8,40.89,6.85,30.52,1.13,37.29,17.43
540600,5314.93,-244.26,-242.77,41.66,41.13,6.67,30.63,1.24,42.97,17.67
540700,5320.75,-243.31,-242.52,41.6,41.03,6.89,30.46,1.07,35.86,17.31
540800,5324.5,-245.14,-242.64,41.36,40.67,6.87,30.66,1.27,36.32,17.71
540900,5318.26,-243.47,-242.97,41.66,40.85,6.77,30.46,1.08,39.5,17.47
541000,5329.49,-243.06,-242.97,41.48,40.69,6.93,30.96,1.58,38.07,17.83
541100,5320.34,-243.39,-243.47,41.6,40.95,7.14,30.65,1.26,39.11,17.39
541200,5327.41,-244.18,-243.22,41.56,40.81,6.71,30.79,1.4,40.16,17.24
541300,5323.25,-246.05,-243.14,41.68,41.01,6.87,30.71,1.32,36.63,17.95
541400,5325.74,-244.18,-242.97,41.42,40.95,6.49,30.48,1.09,40.31,17.39
541500,5321.17,-243.47,-242.89,41.72,40.59,6.67,30.67,1.28,34.54,18.1
541600,5318.26,-244.72,-243.47,41.44,40.85,6.91,30.71,1.33,35.12,17.39
541700,5326.16,-241.64,-242.85,41.78,40.71,6.87,30.71,1.32,39.73,17.12
541800,5331.57,-242.73,-243.27,41.6,40.63,6.75,30.93,1.54,37.68,17.75
541900,5331.98,-244.89,-242.93,41.68,40.85,6.65,30.67,1.28,39.73,17.67
542000,5318.26,-245.1,-243.18,41.64,41.13,6.71,30.72,1.33,42.93,17.71
542100,5321.17,-244.06,-243.06,41.78,40.67,6.95,30.81,1.42,34.23,17.59
542200,5320.75,-245.43,-242.73,41.54,40.69,6.75,30.78,1.39,41.08,18.06
542300,5328.66,-246.47,-242.93,41.68,40.79,6.57,30.95,1.56,35.9,17.43
542400,5327.41,-243.68,-243.1,41.58,40.73,6.81,30.76,1.37,47.71,17.95
542500,5318.67,-244.01,-243.68,41.46,41.17,6.95,30.7,1.31,41.78,17.31
542600,5319.5,-242.1,-242.73,41.76,40.63,6.75,30.75,1.36,38.11,18.54
542700,5324.5,-245.47,-243.22,41.56,40.99,7.18,30.86,1.47,34.73,17.16
542800,5321.17,-243.31,-243.18,41.36,40.93,6.53,30.85,1.46,41.55,17.28
542900,5314.51,-244.01,-243.47,41.48,40.87,6.79,30.85,1.46,40.12,18.62
543000,5328.24,-243.81,-242.56,41.4,40.97,6.77,30.75,1.36,38.69,17.67
543100,5321.58,-243.89,-243.89,41.5,40.91,6.73,31.11,1.72,36.63,18.3
543200,5326.58,-245.14,-243.02,41.48,41.11,6.91,30.58,1.19,35.47,17
543300,5322,-245.1,-242.89,41.66,40.85,6.57,30.98,1.59,35.47,17.31
543400,5316.59,-244.51,-243.68,41.56,40.85,7.32,30.79,1.4,37.06,17.47
543500,5325.33,-245.1,-243.22,41.74,40.67,6.89,30.87,1.48,41.47,17.59
543600,5319.92,-244.85,-242.97,41.56,40.91,7.42,30.72,1.33,44.28,17.67
543700,5317.42,-243.22,-243.64,41.72,40.93,7.04,31.15,1.76,35.74,18.02
543800,5320.34,-244.43,-242.77,41.54,40.99,6.71,30.76,1.37,34.03,17.79
543900,5335.31,-245.26,-242.6,41.56,40.81,6.81,31.15,1.77,41.35,17.39
544000,5324.5,-245.64,-243.1,41.4,40.77,6.89,30.82,1.43,39.85,17.24
544100,5319.92,-242.81,-243.35,41.54,40.65,6.87,31.19,1.8,39.54,17.55
544200,5318.67,-243.6,-243.1,41.7,40.85,6.73,30.76,1.37,38.88,18.02
544300,5319.5,-243.18,-242.89,41.6,40.97,6.75,30.96,1.58,37.21,17.47
544400,5319.5,-243.56,-243.43,41.34,40.71,6.83,30.75,1.36,43.9,17.47
544500,5317.42,-244.47,-243.56,41.7,40.89,6.77,30.96,1.58,37.45,17.59
544600,5334.07,-244.8,-243.47,41.62,40.81,6.69,30.73,1.35,40.77,18.02
544700,5323.66,-244.06,-242.93,41.58,40.89,6.81,31.03,1.64,39.19,17.63
544800,5318.26,-244.47,-242.68,41.56,40.79,6.83,30.75,1.37,39,17.71
544900,5319.09,-242.77,-243.22,41.54,40.71,6.83,31.33,1.95,36.09,17.67
545000,5317.42,-244.14,-242.23,41.48,40.89,6.79,30.83,1.44,39.03,17.83
545100,5320.34,-243.06,-242.73,41.48,41.11,6.77,30.86,1.47,33.72,17.24
545200,5319.09,-243.93,-243.35,41.52,40.83,6.95,30.8,1.41,40,17.75
545300,5327.41,-243.81,-243.56,41.58,40.89,6.83,30.94,1.56,39.54,17.63
545400,5325.74,-244.93,-242.64,41.5,40.97,6.87,30.69,1.3,38.41,18.14
545500,5314.51,-243.35,-243.22,41.76,40.89,6.93,30.83,1.44,46.32,17.75
545600,5317.01,-243.14,-244.06,41.84,40.83,6.61,30.94,1.55,37.25,17.28
545700,5329.9,-244.18,-243.31,41.54,41.19,6.67,30.94,1.56,43.4,17.67
545800,5314.1,-245.64,-243.02,41.86,40.89,6.85,30.73,1.34,38.18,17.16
545900,5315.76,-243.47,-243.06,41.6,40.83,6.73,30.94,1.55,37.33,17.35
546000,5317.42,-243.97,-242.93,41.8,40.73,6.83,30.73,1.35,37.49,17.67
546100,5329.07,-244.35,-242.97,41.58,40.53,6.93,31.21,1.82,38.49,17.75
546200,5340.72,-242.77,-242.93,41.58,40.93,6.81,31,1.61,42.7,17.63
546300,5320.34,-245.55,-242.77,41.56,40.75,6.83,30.83,1.44,42.32,17.39
546400,5323.66,-244.64,-243.22,41.66,40.69,6.89,31.32,1.93,33.33,18.22
546500,5321.58,-245.22,-243.31,41.76,40.75,6.81,30.63,1.24,38.07,17.71
546600,5322.83,-244.85,-243.06,41.6,40.81,6.61,31,1.61,40.46,17.2
546700,5316.59,-244.89,-242.77,41.68,40.93,7.12,30.88,1.49,45.94,17.35
546800,5323.66,-245.55,-242.52,41.5,40.93,6.89,31.08,1.69,37.49,18.18
546900,5312.02,-244.39,-242.89,41.58,40.75,6.91,30.98,1.6,40.27,17.83
547000,5316.59,-244.6,-242.85,41.52,40.79,6.49,30.62,1.23,36.94,17.75
547100,5310.35,-245.01,-242.6,41.64,41.09,6.93,30.82,1.43,45.82,17.2
547200,5328.24,-245.51,-242.68,41.6,40.95,6.98,30.85,1.46,38.07,17.79
547300,5319.5,-244.35,-242.73,41.58,40.81,6.61,30.58,1.19,32.87,17.55
547400,5320.34,-245.84,-243.06,41.76,41.01,7.04,31.04,1.65,37.37,17.51
547500,5315.34,-245.39,-242.73,41.64,40.73,6.63,30.59,1.2,37.72,17.31
547600,5327.82,-245.26,-243.52,41.42,41.11,7.06,30.84,1.45,40.04,18.02
547700,5319.92,-245.22,-242.64,41.88,40.71,6.85,31,1.62,42.93,17.2
547800,5319.92,-243.72,-243.02,41.48,40.89,6.75,31,1.61,40.89,17.16
547900,5312.85,-243.97,-242.73,41.68,40.81,7.06,30.86,1.47,37.72,17.79
548000,5322.83,-245.18,-243.18,41.82,40.93,6.73,30.95,1.56,43.09,17.28
548100,5318.26,-243.22,-243.06,41.48,40.95,6.83,30.61,1.22,41.51,17.75
548200,5316.59,-243.77,-242.6,41.76,40.97,6.98,30.98,1.6,42.93,17.51
548300,5317.01,-244.1,-242.48,41.48,40.77,7.02,30.81,1.42,39.3,18.42
548400,5323.25,-244.06,-242.77,41.52,40.79,7.08,30.9,1.52,36.67,18.02
548500,5321.58,-244.8,-242.97,41.54,40.67,6.45,30.54,1.15,41.35,17.55
548600,5325.33,-244.47,-242.89,41.52,40.99,6.96,31.04,1.66,41.82,17.59
548700,5311.18,-242.73,-242.56,41.68,40.87,7.06,30.63,1.25,37.14,17.71
548800,5319.09,-245.05,-243.02,41.54,40.75,7.14,30.9,1.52,36.87,17.75
548900,5325.74,-243.56,-243.27,41.48,40.85,6.96,30.79,1.4,37.37,17.95
549000,5326.99,-244.51,-243.1,41.64,40.71,6.77,30.75,1.37,38.07,17.87
549100,5320.34,-245.05,-242.97,41.92,41.17,6.79,30.97,1.58,40.27,17.67
549200,5328.66,-244.85,-243.72,41.4,40.83,7.16,30.57,1.18,42.47,17.12
549300,5319.92,-245.01,-242.89,41.5,40.89,6.75,30.86,1.47,36.05,18.02
549400,5323.25,-245.05,-242.89,41.84,40.97,6.89,30.87,1.48,43.09,17.51
549500,5319.92,-243.47,-243.18,41.56,40.79,6.85,30.78,1.39,38.26,17.31
549600,5331.15,-244.6,-243.27,41.42,40.67,6.83,30.69,1.31,38.53,18.26
549700,5322.83,-244.1,-242.89,41.72,41.09,6.69,30.86,1.48,37.06,17.51
549800,5321.17,-245.43,-242.93,41.52,40.75,6.67,30.62,1.23,38.53,17.79
549900,5323.66,-245.3,-243.02,41.5,40.83,6.93,30.53,1.14,35.97,17.67
550000,5317.42,-243.77,-243.22,41.48,40.77,6.71,30.63,1.25,40.81,17.79
550100,5313.26,-242.18,-243.14,41.76,41.13,6.77,30.89,1.5,36.59,17.55
550200,5326.16,-245.18,-242.64,41.58,40.81,6.79,30.48,1.09,41.7,17.35
550300,5316.18,-243.64,-242.64,41.74,40.67,6.93,30.81,1.42,36.52,18.26
550400,5317.42,-243.72,-242.85,41.62,40.91,6.75,30.8,1.41,37.29,17.63
550500,5319.5,-244.97,-242.89,41.64,40.93,6.73,30.82,1.43,35.78,17.95
550600,5317.01,-243.1,-243.35,41.5,40.79,6.77,30.57,1.18,37.37,17.79
550700,5324.91,-243.81,-242.97,41.62,41.03,6.61,30.79,1.4,33.84,17.99
550800,5322.83,-244.01,-242.81,41.74,41.01,6.95,30.77,1.38,37.33,17.16
550900,5323.25,-245.72,-242.73,41.44,40.81,6.79,30.72,1.33,39.69,17.95
551000,5326.99,-243.93,-242.81,41.68,40.93,7.06,30.46,1.08,35,17.71
551100,5329.49,-244.89,-242.85,41.64,40.93,6.51,30.96,1.58,41.01,17
551200,5327.41,-245.39,-243.02,41.58,40.79,6.93,30.73,1.35,40.43,17.51
551300,5331.98,-244.35,-242.73,41.76,40.95,6.63,31.02,1.64,39.46,17.43
551400,5317.42,-244.56,-243.43,41.72,41.03,6.85,30.71,1.32,39.07,17.67
551500,5318.26,-245.35,-243.02,41.34,40.81,7.02,30.72,1.33,40.93,17.83
551600,5321.58,-244.31,-243.14,41.5,40.87,6.79,30.92,1.53,38.88,18.54
551700,5318.67,-243.18,-242.93,41.62,40.83,6.53,30.88,1.49,39.92,17.91
551800,5320.34,-243.77,-242.73,41.54,40.71,6.83,30.91,1.52,37.6,17.91
551900,5314.51,-244.43,-242.68,41.54,40.89,6.87,30.89,1.5,36.59,17.47
552000,5323.66,-246.8,-243.02,41.4,40.99,7.06,30.86,1.47,40,17.91
552100,5317.01,-243.18,-243.52,41.62,41.03,6.91,30.69,1.3,42.39,17.47
552200,5326.99,-243.68,-242.85,41.12,40.75,6.91,30.84,1.45,37.14,17.87
552300,5323.25,-244.31,-242.93,41.7,40.89,6.65,30.9,1.52,37.6,17.28
552400,5331.57,-243.89,-243.02,41.4,41.03,6.89,30.73,1.34,38.14,18.1
552500,5328.66,-245.26,-243.22,41.4,40.85,6.83,30.84,1.45,29.91,17.75
552600,5322.42,-245.35,-242.81,41.56,40.73,6.75,31.17,1.78,45.48,17.31
552700,5317.84,-243.68,-243.1,41.62,40.83,6.85,30.82,1.43,41.85,18.62
552800,5319.5,-244.47,-243.31,41.54,40.85,6.85,30.94,1.55,37.25,17.95
552900,5330.74,-244.47,-243.1,41.48,40.85,6.91,30.88,1.49,39,17.95
553000,5323.25,-243.77,-243.35,41.26,40.77,6.59,31.06,1.68,39.88,16.84
553100,5319.5,-242.18,-242.85,41.6,40.79,6.93,30.69,1.3,34.34,17.55
553200,5324.5,-243.97,-242.93,41.46,40.97,7.1,30.95,1.56,40.66,17.47
553300,5324.5,-245.3,-242.81,41.36,40.93,6.89,30.75,1.37,40.27,17.31
553400,5317.84,-244.43,-242.81,41.42,41.03,6.75,30.97,1.58,38.57,18.38
553500,5316.18,-244.43,-242.93,41.38,41.05,6.73,30.94,1.55,38.69,17.75
553600,5315.34,-244.76,-242.77,41.54,40.93,6.75,30.88,1.5,34.11,17.75
553700,5321.17,-243.68,-242.89,41.38,41.03,7,30.89,1.5,35.86,17.24
553800,5323.25,-245.01,-243.27,41.28,40.85,6.61,30.97,1.58,36.63,17.16
553900,5329.07,-244.1,-243.1,41.68,40.67,6.89,30.88,1.5,40.08,18.02
554000,5323.25,-245.18,-243.1,41.32,40.85,6.65,31.1,1.71,37.8,17.67
554100,5325.33,-245.22,-243.06,41.66,40.83,6.91,30.86,1.47,38.84,17.51
554200,5316.18,-245.97,-243.56,41.3,41.03,6.67,31.16,1.77,40.43,17.55
554300,5329.07,-243.85,-242.77,41.5,40.81,6.89,31.14,1.75,39.03,17.31
554400,5320.75,-244.18,-242.68,41.52,40.89,6.89,30.86,1.47,38.3,17.67
554500,5325.33,-242.89,-243.18,41.46,40.91,6.96,31.08,1.69,36.75,17.39
554600,5323.66,-245.1,-242.85,41.58,40.79,6.85,30.85,1.46,38.45,17.51
554700,5317.01,-244.43,-242.85,41.4,40.85,6.93,30.95,1.56,37.25,17.87
554800,5313.26,-244.64,-242.97,41.5,40.77,6.79,30.65,1.26,38.92,17.87
554900,5323.66,-244.64,-242.97,41.62,40.85,6.83,30.97,1.58,43.17,17.31
555000,5322.83,-244.35,-242.89,41.52,40.85,6.87,30.71,1.33,40.77,17.43
555100,5324.91,-243.31,-242.81,41.68,40.77,6.95,30.88,1.49,36.67,17.39
555200,5326.58,-242.97,-242.6,41.38,40.89,7.08,30.94,1.56,39.19,17.51
555300,5320.75,-243.81,-242.64,41.52,40.73,6.83,30.95,1.56,37.45,18.06
555400,5319.5,-244.26,-243.14,41.64,40.77,6.79,30.79,1.4,35,17.55
555500,5320.75,-244.18,-242.27,41.42,40.95,6.85,30.9,1.52,34.58,17.39
555600,5318.67,-244.56,-242.6,41.58,40.83,6.71,30.6,1.21,39.85,17.83
555700,5325.33,-243.6,-242.56,41.58,41.03,6.71,30.89,1.5,38.8,17.24
555800,5319.09,-243.68,-242.56,41.42,40.91,6.93,30.78,1.39,37.6,17.59
555900,5329.07,-242.93,-243.02,41.8,40.65,6.71,30.77,1.39,37.49,17.63
556000,5322.42,-243.97,-242.64,41.52,40.99,6.96,30.76,1.37,34.77,17.43
556100,5317.01,-243.97,-242.52,41.4,40.75,6.93,30.86,1.47,40.58,17.79
556200,5319.92,-244.26,-242.93,41.64,40.49,6.96,30.69,1.3,39.61,18.14
556300,5317.01,-244.22,-242.1,41.34,40.99,6.79,30.67,1.28,43.97,17.43
556400,5325.33,-243.27,-243.02,41.52,40.67,6.53,30.82,1.44,42.32,18.02
556500,5314.93,-244.22,-242.18,41.54,40.83,6.69,30.7,1.31,34.5,17.55
556600,5316.59,-244.06,-242.64,41.44,40.87,6.81,30.79,1.4,41.85,17.71
556700,5319.92,-243.72,-242.56,41.6,40.83,6.67,30.77,1.38,36.01,17.79
556800,5323.25,-243.14,-242.97,41.5,40.75,6.75,30.81,1.42,40.08,17.43
556900,5324.91,-242.73,-242.68,41.44,40.75,6.93,30.82,1.44,42.59,17.2
557000,5320.34,-243.97,-242.52,41.44,40.79,6.79,30.79,1.4,40.58,17.16
557100,5320.34,-244.68,-242.56,41.6,40.79,7.04,30.63,1.25,38.8,17.63
557200,5322.42,-244.01,-242.39,41.36,40.87,6.67,30.79,1.4,42.39,17.12
557300,5320.75,-243.6,-242.68,41.5,40.91,6.81,30.79,1.4,38.45,17.35
557400,5319.5,-243.6,-242.73,41.66,40.67,6.71,30.81,1.42,37.72,17.91
557500,5315.76,-244.43,-242.14,41.5,40.85,6.87,30.62,1.23,44.63,18.3
557600,5317.42,-243.85,-242.23,41.48,40.87,6.59,30.73,1.34,39.54,17.79
557700,5314.51,-242.27,-242.6,41.48,40.87,7.16,30.76,1.37,44.32,17.51
557800,5316.18,-244.26,-242.35,41.64,40.93,6.85,30.83,1.44,39.38,17.71
557900,5317.01,-243.64,-242.1,41.3,40.89,6.91,30.92,1.53,38.61,17.47
558000,5320.75,-242.97,-242.39,41.52,40.75,6.85,30.71,1.33,39.65,17.63
558100,5323.66,-243.43,-242.31,41.34,40.67,6.98,30.75,1.37,35.35,17.67
558200,5312.02,-244.51,-242.14,41.66,40.83,6.85,30.79,1.4,36.44,17.16
558300,5317.42,-243.77,-242.43,41.42,40.91,6.73,30.76,1.37,32.79,18.06
558400,5322,-243.02,-242.48,41.48,40.83,6.77,30.88,1.49,41.66,18.42
558500,5322.42,-243.77,-242.23,41.76,41.03,6.93,30.67,1.28,38.14,17.35
558600,5313.68,-244.06,-242.64,41.36,40.55,6.81,30.94,1.55,42.32,18.14
558700,5320.34,-243.47,-242.52,41.58,40.75,6.75,30.74,1.35,32.48,17.47
558800,5316.18,-243.97,-242.43,41.6,40.85,6.85,30.78,1.39,40.5,17.67
558900,5312.43,-243.14,-242.18,41.44,40.69,7.06,31,1.62,37.6,17.51
559000,5310.35,-242.85,-242.18,41.78,40.93,6.79,30.86,1.47,41.93,17.71
559100,5319.5,-243.64,-242.35,41.44,40.83,6.85,30.79,1.4,36.52,17.47
559200,5316.59,-244.01,-242.23,41.46,40.67,6.89,30.95,1.56,38.3,17.79
559300,5319.5,-243.27,-242.14,41.36,40.71,6.75,30.88,1.49,35.24,17.31
559400,5312.85,-242.77,-241.64,41.7,41.05,7.04,31.08,1.69,31.12,17.67
559500,5317.01,-243.06,-242.18,41.42,40.75,6.63,30.87,1.48,38.07,17.87
559600,5324.08,-242.97,-241.73,41.6,40.97,6.95,30.91,1.52,38.14,17.79
559700,5314.93,-243.97,-242.06,41.28,40.85,6.93,31.07,1.68,36.01,17.28
559800,5322.83,-244.22,-241.69,41.54,40.93,6.87,30.95,1.56,37.14,17.39
559900,5328.66,-243.22,-241.77,41.78,40.93,6.81,30.98,1.6,39.38,17.63
560000,5314.1,-243.6,-242.14,41.46,40.77,6.85,30.93,1.54,39.27,17.63
560100,5315.34,-243.06,-241.89,41.42,40.65,6.85,30.91,1.52,32.87,18.14
560200,5316.18,-242.52,-241.89,41.34,40.81,6.69,30.9,1.51,35.43,17.99
560300,5312.43,-243.27,-242.06,41.48,40.93,6.83,30.96,1.58,36.13,17.43
560400,5314.93,-244.43,-241.73,41.44,40.79,6.96,30.86,1.47,34.42,18.1
560500,5314.93,-243.56,-242.23,41.56,40.69,6.95,30.76,1.37,40.39,17.24
560600,5311.18,-243.43,-242.23,41.52,41.13,6.81,31.01,1.62,40.7,17.71
560700,5322.42,-243.56,-242.39,41.48,40.83,6.83,30.73,1.35,44.78,18.46
560800,5320.34,-243.35,-242.1,41.62,40.87,6.83,31.04,1.65,38.38,18.18
560900,5319.5,-242.06,-242.06,41.28,40.83,6.75,30.71,1.32,38.96,17.43
561000,5317.84,-244.18,-242.48,41.38,40.77,6.79,30.79,1.4,42.51,17.59
561100,5319.09,-243.68,-242.14,41.56,40.67,6.85,30.91,1.52,40.16,18.06
561200,5314.93,-243.77,-242.1,41.4,41.17,6.67,30.89,1.5,43.32,17.79
561300,5319.09,-243.93,-242.18,41.4,40.77,6.91,30.84,1.46,40.54,17.63
561400,5312.02,-242.06,-242.64,41.94,40.95,6.33,31,1.62,36.25,17.59
561500,5315.76,-243.1,-241.64,41.38,40.77,6.87,30.75,1.36,37.1,17.59
561600,5317.42,-242.77,-241.85,41.6,40.73,6.95,30.61,1.23,37.21,17.28
561700,5313.68,-243.64,-241.52,41.54,40.77,6.81,30.77,1.38,39,17.59
561800,5317.84,-242.93,-242.43,41.72,40.77,6.69,31.06,1.68,41.01,16.88
561900,5317.01,-242.56,-241.44,41.44,40.91,6.96,30.62,1.23,46.44,18.18
562000,5319.09,-243.81,-241.85,41.52,40.83,6.87,30.89,1.5,36.59,17.31
562100,5310.35,-243.64,-241.44,41.34,40.81,6.87,30.73,1.34,42.93,17.47
562200,5316.18,-243.02,-241.6,41.34,41.13,6.89,30.59,1.21,41.08,18.38
562300,5316.59,-243.93,-242.1,41.58,40.65,6.67,30.85,1.46,38.34,17.2
562400,5312.43,-242.93,-242.06,41.56,40.75,6.79,30.68,1.29,39.88,17.63
562500,5321.17,-243.22,-241.98,41.8,40.81,6.67,31.09,1.7,32.91,17.47
562600,5317.01,-243.31,-242.35,41.66,40.81,6.71,30.98,1.6,37.14,17.2
562700,5320.34,-244.35,-242.68,41.6,40.69,6.63,30.85,1.46,37.6,17.63
562800,5312.85,-243.39,-241.35,41.54,40.85,6.87,30.68,1.29,44.71,17.71
562900,5318.67,-244.93,-242.35,41.48,40.81,6.73,30.88,1.49,39.85,18.06
563000,5313.26,-243.77,-242.48,41.44,40.99,6.87,30.79,1.4,40.66,17
563100,5309.94,-242.14,-241.35,41.58,40.93,6.85,30.97,1.58,42.74,17.24
563200,5310.77,-242.27,-241.94,41.28,40.73,6.37,30.77,1.38,42.47,17.55
563300,5312.85,-242.52,-241.48,41.66,40.75,6.75,31.06,1.67,39.92,18.5
563400,5313.26,-242.89,-242.35,41.54,40.81,6.96,30.94,1.56,31.58,17.79
563500,5317.84,-244.22,-242.43,41.58,40.81,6.39,30.86,1.47,36.48,17.47
563600,5317.84,-242.39,-241.85,41.42,40.73,5.57,30.95,1.56,38.84,17.47
563700,5313.26,-243.81,-241.89,41.8,40.65,6.73,31.21,1.82,38.8,17.91
563800,5317.01,-243.64,-241.89,41.42,40.79,6.89,30.79,1.4,37.37,17.87
563900,5314.93,-243.14,-241.94,41.42,40.91,6.89,30.75,1.36,36.87,17.43
564000,5313.26,-243.85,-241.98,41.66,40.73,6.83,31.26,1.87,38.76,17.51
564100,5306.61,-243.52,-242.06,41.52,40.93,6.63,30.9,1.51,42.32,18.5
564200,5315.76,-244.51,-242.23,41.66,40.81,7,31.1,1.71,38.92,17.59
564300,5322.83,-241.56,-241.48,41.46,40.97,6.85,30.65,1.26,38.92,17.12
564400,5311.6,-243.85,-241.31,41.22,40.83,6.77,30.79,1.4,42.24,17.51
564500,5319.92,-243.85,-241.85,41.92,40.75,6.67,31.23,1.84,36.01,17.28
564600,5314.93,-242.81,-242.23,41.58,40.87,6.85,31.03,1.64,46.78,17.87
564700,5321.58,-242.23,-242.1,41.58,40.83,6.98,31.21,1.82,35.78,17.71
564800,5310.77,-244.76,-242.31,41.46,40.77,6.73,31.02,1.63,34.89,18.06
564900,5320.75,-242.31,-241.81,41.42,40.93,6.65,30.94,1.56,41.24,18.02
565000,5312.43,-242.73,-242.35,41.54,40.95,7.06,30.93,1.54,39.34,17.51
565100,5317.42,-243.68,-242.06,41.54,40.61,6.98,30.77,1.39,38.03,17.55
565200,5315.76,-240.81,-241.1,41.64,40.73,6.73,31,1.62,39.46,17.39
565300,5315.34,-242.85,-241.77,41.62,40.77,6.95,31.3,1.91,38.41,17.83
565400,5319.92,-243.43,-241.69,41.52,40.99,6.71,30.81,1.42,41.82,17.75
565500,5328.24,-241.81,-241.89,41.62,40.67,6.93,31.23,1.84,37.99,17.2
565600,5315.76,-243.52,-242.06,41.52,41.01,6.93,30.84,1.46,34.23,17.71
565700,5317.01,-243.43,-242.23,41.48,41.03,7.04,31.14,1.75,39.34,17.79
565800,5316.18,-243.06,-242.02,41.4,41.01,7.06,31.1,1.71,38.84,17.83
565900,5320.34,-243.39,-242.14,41.52,41.01,7,31.35,1.97,38.18,17.87
566000,5318.26,-244.14,-242.02,41.32,40.83,7.14,30.81,1.42,36.79,17.75
566100,5319.92,-241.94,-242.39,41.22,40.79,6.91,31.23,1.85,36.83,17.28
566200,5313.68,-242.81,-242.43,41.3,41.27,6.75,30.86,1.48,34.07,17.08
566300,5319.92,-244.68,-242.02,41.42,40.67,6.85,30.92,1.54,38.26,16.84
566400,5317.84,-243.68,-241.48,41.46,40.89,6.65,30.87,1.48,37.8,17.24
566500,5312.43,-243.68,-241.77,41.5,40.75,6.95,31.17,1.79,39.42,17.55
566600,5321.17,-241.98,-242.64,41.4,40.99,6.79,30.81,1.42,38.03,17.91
566700,5314.93,-244.76,-241.77,41.36,40.67,6.96,31.08,1.69,39.15,18.38
566800,5314.51,-242.73,-243.02,41.62,40.85,7.5,30.59,1.21,44.44,17.59
566900,5317.42,-245.35,-241.73,41.4,40.73,6.89,30.82,1.43,35.82,17.71
567000,5328.24,-243.31,-242.27,41.46,40.91,6.85,30.81,1.42,35.9,18.06
567100,5309.94,-243.52,-241.98,41.32,40.89,6.81,30.87,1.48,38.45,17.43
567200,5320.75,-244.85,-242.02,41.5,40.95,6.59,30.56,1.17,36.28,18.26
567300,5315.34,-245.22,-241.98,41.42,40.69,6.71,30.86,1.48,37.8,17.35
567400,5319.5,-243.56,-241.98,41.42,40.79,6.79,30.73,1.34,43.09,17.71
567500,5317.01,-242.02,-242.81,41.44,41.01,6.59,30.75,1.36,37.76,17.91
567600,5314.1,-243.35,-242.14,41.48,40.75,6.93,30.84,1.46,43.36,17.08
567700,5321.58,-245.72,-242.27,41.44,40.71,6.65,30.9,1.51,39.69,16.92
567800,5329.07,-244.43,-242.27,41.54,40.73,6.95,30.9,1.52,41.78,17.67
567900,5316.18,-243.77,-242.31,41.56,40.67,6.75,30.73,1.35,38.07,17.83
568000,5318.67,-243.56,-242.02,41.22,41.21,6.65,30.69,1.31,40.08,17.39
568100,5312.43,-243.6,-243.02,41.54,40.79,6.98,30.69,1.31,40.23,17.39
568200,5329.9,-244.76,-241.85,41.5,41.03,7.16,30.84,1.46,34.42,17.67
568300,5314.1,-244.06,-242.31,41.48,40.85,6.79,30.7,1.31,38.57,17.51
568400,5317.01,-242.56,-243.06,41.6,41.01,6.61,30.79,1.4,37.14,17.63
568500,5321.17,-245.05,-242.18,41.34,40.97,7.12,30.75,1.37,31.7,16.92
568600,5314.51,-243.02,-242.52,41.32,40.87,7,30.82,1.44,36.98,17.95
568700,5310.35,-243.35,-243.02,41.48,40.73,6.83,30.41,1.02,40.43,18.14
568800,5317.84,-243.64,-242.27,41.68,40.81,6.89,30.82,1.43,36.32,17.63
568900,5314.51,-245.35,-242.1,41.44,40.69,7.1,30.63,1.25,43.59,17.55
569000,5315.76,-243.27,-242.97,41.86,40.73,6.95,30.93,1.54,33.18,17.87
569100,5323.66,-244.01,-242.81,41.74,40.67,6.87,30.67,1.29,41.82,17.35
569200,5314.93,-242.77,-242.64,41.4,41.07,6.91,30.89,1.5,36.09,17.75
569300,5315.34,-243.47,-242.89,41.52,40.99,6.69,30.57,1.18,30.38,17.87
569400,5329.9,-244.89,-242.14,41.5,41.01,6.71,30.39,1,32.67,17.47
569500,5321.17,-243.85,-243.1,41.38,40.85,6.85,30.88,1.49,42.47,17.75
569600,5316.59,-243.97,-242.06,41.62,40.75,7.06,30.84,1.45,33.92,17.87
569700,5314.93,-243.64,-242.31,41.58,40.57,6.75,30.52,1.13,31.54,18.54
569800,5308.27,-242.39,-242.48,41.46,40.69,7.1,30.74,1.35,36.63,18.5
569900,5326.58,-244.68,-242.68,41.64,40.81,7.06,30.65,1.27,33.14,17.39
570000,5325.74,-243.31,-242.64,41.38,40.95,6.67,30.71,1.32,32.71,17.91
570100,5316.59,-243.31,-242.23,41.48,40.61,6.83,30.65,1.27,40,17.2
570200,5320.34,-245.14,-242.64,41.46,40.95,6.93,30.94,1.56,38.18,17.31
570300,5323.66,-244.01,-242.56,41.52,41.01,6.45,30.4,1.02,39.03,17.75
570400,5321.58,-245.55,-242.68,41.38,40.75,6.75,30.75,1.37,37.8,17.08
570500,5324.91,-245.01,-242.68,41.5,40.75,6.98,30.59,1.2,36.17,17.71
570600,5329.49,-245.18,-242.89,41.44,40.99,7,30.87,1.48,41.82,18.22
570700,5316.59,-246.22,-242.81,41.76,40.79,7.08,30.59,1.2,39.58,18.85
570800,5324.5,-242.39,-242.64,41.52,40.81,6.77,30.88,1.49,38.07,18.18
570900,5329.49,-242.6,-242.31,41.58,40.79,6.95,30.77,1.38,38.11,17.79
571000,5323.25,-246.47,-243.18,41.42,41.15,6.71,30.71,1.32,41.31,17.35
571100,5327.82,-244.64,-243.35,41.72,40.83,6.83,30.71,1.32,33.06,18.5
571200,5312.85,-243.85,-242.48,41.5,40.91,6.67,30.87,1.48,36.4,18.3
571300,5325.33,-245.64,-242.85,41.54,41.03,6.55,30.81,1.42,35.28,17.51
571400,5319.5,-246.18,-243.02,41.44,40.91,6.65,30.71,1.32,32.63,17.51
571500,5324.91,-244.39,-243.39,41.32,41.29,6.51,31.02,1.64,37.06,17.43
571600,5326.16,-244.06,-243.27,41.52,40.95,6.69,30.9,1.52,40.19,17.39
571700,5333.23,-245.35,-243.6,41.64,40.79,6.67,31.08,1.69,43.74,17.63
571800,5331.98,-245.68,-244.06,41.74,40.75,6.71,30.73,1.35,40.46,17.87
571900,5327.41,-243.35,-243.35,41.62,40.57,6.71,31.19,1.81,37.91,17.95
572000,5327.41,-243.77,-242.64,41.66,40.83,6.93,30.74,1.35,32.32,17.39
572100,5331.57,-243.77,-243.14,41.38,40.99,6.85,30.97,1.58,39.65,17.24
572200,5326.16,-245.55,-242.64,41.4,40.79,6.75,30.77,1.39,46.78,17.79
572300,5319.92,-246.34,-242.52,41.3,40.87,7.16,31.14,1.75,38.34,17.67
572400,5324.91,-246.18,-243.47,41.58,40.87,6.95,30.57,1.19,34.89,18.1
572500,5331.98,-245.64,-243.47,41.68,40.63,7.02,31.08,1.69,39.23,17.51
572600,5322.83,-244.31,-242.81,41.42,40.91,6.93,30.72,1.33,37.49,17.91
572700,5323.25,-243.89,-242.77,41.48,40.91,6.89,30.94,1.55,37.87,18.85
572800,5320.75,-245.76,-242.68,41.44,40.75,6.61,30.77,1.39,43.36,17.35
572900,5317.01,-243.72,-243.22,41.72,40.73,6.91,31.48,2.1,34.85,17.55
573000,5321.58,-244.97,-242.68,41.46,40.77,6.91,31.02,1.63,40.97,17.51
573100,5320.34,-243.89,-242.81,41.54,40.91,6.67,31.27,1.89,35.59,17.67
573200,5321.58,-245.1,-242.56,41.48,40.79,7.02,31.11,1.73,42.28,17.28
573300,5319.92,-243.18,-243.1,41.38,40.93,6.65,31.35,1.96,36.17,18.34
573400,5323.25,-243.06,-243.1,41.36,40.73,6.73,30.86,1.47,35.24,17.39
573500,5318.67,-245.39,-242.64,41.64,40.61,6.77,31.54,2.16,36.09,17.12
573600,5337.81,-244.43,-243.35,41.48,41.03,6.89,30.79,1.4,39.92,17.47
573700,5319.92,-243.31,-242.27,41.58,40.87,6.75,31.04,1.66,38.96,17.87
573800,5316.59,-243.85,-243.02,41.7,40.63,6.87,31.23,1.84,37.45,17.08
573900,5312.85,-243.81,-243.02,41.54,40.67,6.69,30.96,1.58,42.2,17.95
574000,5331.57,-243.35,-243.85,41.54,41.01,6.67,31.11,1.73,36.98,18.02
574100,5322.83,-242.48,-242.77,41.36,40.75,6.49,31.1,1.71,38.76,17
574200,5331.15,-246.05,-242.97,41.58,40.77,6.81,31.39,2,39.58,17.59
574300,5337.81,-245.43,-243.43,41.4,40.91,6.93,31.38,1.99,41.35,17.59
574400,5316.59,-242.97,-243.89,41.4,41.17,6.79,30.99,1.6,38.57,18.1
574500,5317.42,-242.73,-243.14,41.44,40.79,6.79,31.21,1.82,41.74,17.59
574600,5317.01,-243.6,-242.64,41.46,41.03,6.61,31.13,1.74,44.13,17.75
574700,5331.15,-246.84,-242.39,41.32,40.99,7.02,31.24,1.85,38.18,17.75
574800,5333.65,-245.18,-243.64,41.5,40.65,6.93,31.23,1.84,34.23,17.99
574900,5325.33,-243.1,-242.6,41.5,40.71,6.85,31.35,1.96,33.76,17.51
575000,5322,-242.31,-243.85,41.52,40.87,6.95,31.21,1.83,36.52,17.71
575100,5327.41,-244.64,-242.97,41.74,40.69,6.77,31.54,2.15,36.67,17.31
575200,5336.56,-245.14,-242.68,41.52,40.77,7.04,31.39,2,39.42,18.97
575300,5319.09,-244.56,-242.81,41.42,40.85,6.81,31.14,1.75,42.55,18.14
575400,5323.66,-242.93,-242.85,41.5,40.69,6.57,31.29,1.9,38.34,17
575500,5332.4,-244.14,-243.18,41.48,40.79,6.91,31.36,1.97,45.48,17.51
575600,5336.56,-245.6,-242.93,41.58,40.91,6.98,31.42,2.03,36.67,18.06
575700,5317.42,-243.06,-242.93,41.5,40.83,6.67,31.24,1.85,38.61,17.47
575800,5318.67,-245.22,-243.27,41.36,40.73,6.75,31.37,1.98,37.25,17.51
575900,5328.24,-245.43,-242.31,41.18,40.85,6.77,31.07,1.68,37.76,17.87
576000,5313.68,-242.23,-242.93,41.5,40.81,6.75,31.37,1.98,37.91,17.47
576100,5320.34,-242.48,-243.14,41.66,41.13,6.65,31.34,1.95,43.01,17.51
576200,5325.74,-243.47,-243.35,41.4,40.67,6.89,31.25,1.87,44.01,17.47
576300,5329.07,-245.93,-243.18,41.68,40.77,6.87,31.21,1.82,37.8,17.55
576400,5322,-243.43,-242.97,41.72,41.01,6.61,31.48,2.09,38.38,17.28
576500,5331.57,-244.22,-242.43,41.54,40.75,6.79,31.21,1.82,39.27,17.31
576600,5332.4,-245.05,-242.93,41.38,40.75,7.12,31.41,2.02,41.62,18.22
576700,5324.5,-243.02,-243.06,41.48,41.01,7.04,31.19,1.8,36.9,17.87
576800,5312.02,-243.35,-243.18,41.22,40.91,6.77,31.34,1.95,36.56,17.2
576900,5331.15,-244.39,-242.52,41.68,40.99,6.85,31.09,1.7,39.92,17.31
577000,5317.84,-245.35,-242.35,41.54,41.03,6.95,31.47,2.08,42.09,17.31
577100,5323.25,-246.55,-242.68,41.38,40.81,6.93,30.99,1.6,39.3,17.59
577200,5322.83,-244.93,-243.22,41.52,40.83,6.87,31.38,1.99,37.6,17.59
577300,5340.31,-244.76,-242.97,41.56,41.05,6.67,31.02,1.64,37.37,17.55
577400,5321.58,-243.81,-243.93,41.5,40.77,6.98,31.17,1.78,38.45,17.75
577500,5322.42,-243.89,-243.18,41.64,40.81,6.73,31.11,1.73,37.83,17.79
577600,5323.25,-246.09,-243.47,41.4,40.79,6.96,31.3,1.91,42.93,17.75
577700,5325.74,-245.47,-242.48,41.68,40.91,6.85,30.85,1.46,38.49,17.87
577800,5329.07,-246.14,-242.6,41.46,40.73,6.71,31.18,1.79,35.51,17.47
577900,5328.24,-244.06,-243.35,41.5,40.81,6.95,30.84,1.46,36.71,17.31
578000,5325.74,-245.43,-243.14,41.4,41.01,7,31.15,1.76,40.35,17.67
578100,5316.18,-243.47,-244.14,41.74,41.09,7.1,30.75,1.36,36.83,17.08
578200,5325.33,-243.97,-242.81,41.44,40.57,6.67,31.29,1.9,41.08,17.59
578300,5318.67,-244.68,-243.43,41.54,41.01,7,30.82,1.44,41.78,17.71
578400,5323.25,-244.64,-242.93,41.44,40.61,7.06,31.22,1.83,39.46,17.43
578500,5323.66,-244.76,-243.89,41.64,40.97,7,30.98,1.59,38.65,17.91
578600,5327.41,-243.43,-242.93,41.52,40.75,7,31.19,1.81,44.21,17.51
578700,5330.32,-245.8,-242.89,41.48,40.65,6.73,31.02,1.64,38.38,17.43
578800,5327.41,-245.97,-242.73,41.52,40.69,6.75,31.53,2.14,38.72,17.67
578900,5321.17,-244.51,-243.31,41.62,41.05,7,30.94,1.55,41.28,17.31
579000,5322.83,-244.22,-243.31,41.52,40.83,6.75,31.4,2.01,40.27,17.83
579100,5326.16,-246.3,-242.93,41.66,40.87,6.79,30.88,1.5,38.41,16.88
579200,5320.75,-246.18,-243.22,41.74,40.95,7.58,31.34,1.95,36.94,18.22
579300,5328.66,-244.97,-243.89,41.5,40.97,6.87,30.92,1.53,36.05,18.54
579400,5333.23,-245.3,-243.43,41.2,40.81,6.71,31.34,1.95,43.28,18.65
579500,5327.41,-244.26,-242.93,41.6,40.79,6.81,31.02,1.63,36.36,18.81
579600,5320.34,-243.72,-243.35,41.58,40.81,6.63,31.25,1.87,36.79,17.35
579700,5327.82,-245.43,-243.56,41.58,40.39,6.95,31.06,1.67,34.77,18.02
579800,5324.08,-244.56,-242.85,41.36,40.91,6.67,31.12,1.73,36.52,17.43
579900,5322,-245.01,-243.1,41.56,41.01,6.85,31.06,1.68,44.71,17.95
580000,5331.98,-244.56,-243.22,41.74,40.83,6.87,31.08,1.69,37.37,17.16
580100,5320.34,-244.1,-243.43,41.48,40.87,6.61,31.01,1.62,35.97,17.43
580200,5328.66,-245.97,-243.39,41.56,40.71,6.87,31.31,1.92,40.12,18.1
580300,5327.41,-243.85,-242.89,41.44,40.95,6.87,31.04,1.65,37.83,17.51
580400,5332.4,-245.93,-243.81,41.54,40.81,6.87,31.13,1.75,39.88,17.87
580500,5318.26,-244.14,-242.68,41.6,40.93,6.73,30.98,1.59,37.72,17.31
580600,5333.23,-244.8,-243.1,41.52,40.89,6.89,30.97,1.58,41.08,17.35
580700,5329.07,-243.35,-242.85,41.56,40.77,7,31,1.61,42.12,18.38
580800,5329.07,-245.64,-243.56,41.46,40.79,7,31.1,1.71,35,17.31
580900,5328.24,-245.18,-242.97,41.44,41.01,6.77,31,1.61,38.38,17.75
581000,5321.17,-245.6,-243.6,41.5,40.99,6.79,30.95,1.56,40.23,18.22
581100,5317.42,-244.97,-242.97,41.68,40.75,6.83,31.06,1.68,33.99,17.08
581200,5334.07,-242.89,-242.85,41.36,41.03,7.06,31.09,1.7,35.39,17.71
581300,5330.74,-245.35,-243.14,41.68,40.73,6.75,31.08,1.69,46.21,17.2
581400,5327.41,-244.89,-242.93,41.56,40.93,6.77,30.93,1.54,42.01,17.51
581500,5319.5,-245.14,-243.22,41.42,40.81,6.87,31.06,1.68,44.86,17.47
581600,5324.08,-244.31,-243.02,41.36,40.93,7.24,30.94,1.56,36.67,17.31
581700,5326.99,-244.56,-243.14,41.56,40.65,6.83,31.02,1.64,41.31,17.04
581800,5321.58,-245.55,-242.93,41.36,40.89,6.93,30.94,1.56,38.65,17.04
581900,5323.25,-244.64,-243.02,41.46,40.83,7.04,31.08,1.69,33.8,17.28
582000,5322.42,-245.43,-243.14,41.6,40.91,7.04,30.95,1.56,41.55,17.71
582100,5320.75,-245.39,-243.1,41.42,40.71,6.89,30.85,1.46,38.22,17.87
582200,5326.16,-243.43,-243.1,41.54,40.79,6.75,30.98,1.59,42.12,16.92
582300,5322.42,-244.89,-242.85,41.34,41.07,6.93,31.13,1.74,40.43,17.99
582400,5326.58,-243.72,-243.18,41.76,40.67,6.81,30.72,1.33,34.69,17.43
582500,5324.08,-244.26,-242.89,41.48,40.99,6.89,31.1,1.71,40.85,17.63
582600,5319.09,-245.51,-243.31,41.62,40.75,6.31,30.96,1.57,37.45,17.63
582700,5323.25,-244.8,-242.64,41.58,40.91,6.87,31.08,1.69,42.01,17.31
582800,5324.5,-243.47,-243.56,41.44,40.91,6.81,30.79,1.4,42.82,17.91
582900,5329.49,-243.97,-243.52,41.56,40.81,6.91,31.25,1.86,35.55,18.06
583000,5321.17,-245.72,-243.02,41.58,40.93,6.93,30.78,1.39,37.33,17.2
583100,5324.08,-243.81,-243.31,41.56,40.91,6.93,31.19,1.8,41.16,17.39
583200,5330.74,-243.77,-243.18,41.48,41.03,6.67,30.82,1.43,33.8,17.87
583300,5325.33,-244.72,-242.68,41.54,40.87,6.83,31.04,1.65,41.82,17.75
583400,5329.07,-244.26,-243.47,41.28,40.95,7.12,30.76,1.37,37.49,17.24
583500,5326.16,-243.68,-243.31,41.6,40.85,6.83,31.08,1.69,40.31,17.55
583600,5320.75,-243.56,-243.47,41.28,40.91,6.81,30.79,1.4,36.32,17.59
583700,5326.99,-243.43,-243.1,41.58,40.89,6.91,30.94,1.55,37.99,17.55
583800,5327.82,-244.76,-243.27,41.44,40.75,7.12,30.86,1.47,36.98,17.95
583900,5324.5,-243.93,-243.06,41.36,40.91,6.85,31.08,1.69,37.18,18.22
584000,5332.82,-243.89,-243.39,41.62,40.89,6.83,30.73,1.34,37.76,17.63
584100,5329.9,-243.68,-243.14,41.32,40.87,6.73,31.25,1.86,40.62,18.1
584200,5325.33,-244.47,-243.18,41.64,40.93,6.69,30.79,1.4,36.83,17.63
584300,5321.58,-243.72,-243.6,41.46,40.69,6.96,31.1,1.71,35.94,18.26
584400,5327.82,-245.01,-242.77,41.58,40.97,6.79,30.7,1.31,42.7,17.16
584500,5330.32,-244.18,-243.22,41.36,40.55,6.79,31.13,1.75,35.12,17.99
584600,5327.82,-244.8,-243.39,41.52,40.77,6.73,30.89,1.5,37.8,17.55
584700,5329.07,-244.56,-242.93,41.52,40.97,6.93,31.17,1.78,32.63,17.99
584800,5319.09,-244.39,-243.39,41.36,40.91,6.96,30.92,1.54,42.2,17.91
584900,5329.07,-245.64,-243.31,41.62,41.03,6.79,30.97,1.58,37.37,17.71
585000,5324.08,-244.22,-242.89,41.48,40.69,6.95,30.88,1.5,38.61,17.35
585100,5326.58,-244.31,-242.89,41.4,40.87,6.77,31.04,1.66,36.36,17.91
585200,5326.58,-244.68,-242.81,41.56,40.67,6.75,30.9,1.51,38.45,17.39
585300,5329.07,-244.6,-243.35,41.7,40.95,6.85,30.94,1.56,34.31,17.43
585400,5329.49,-244.56,-242.89,41.4,40.69,6.89,30.96,1.57,40.5,17.87
585500,5323.25,-244.76,-243.14,41.58,41.07,6.73,30.88,1.49,38.65,17.67
585600,5325.33,-244.06,-242.81,41.52,41.05,7.02,30.91,1.52,43.32,17.39
585700,5326.99,-244.26,-243.52,41.58,40.83,6.75,31.01,1.62,32.13,17.63
585800,5329.07,-244.85,-242.97,41.36,40.75,6.91,31.09,1.7,41.89,17.71
585900,5322,-244.72,-243.22,41.68,40.97,7.16,31.09,1.7,34.77,18.14
586000,5323.25,-244.8,-243.18,41.46,40.89,6.83,30.91,1.52,43.59,17.39
586100,5326.99,-244.14,-243.35,41.56,40.87,6.79,31.13,1.74,37.95,18.06
586200,5325.33,-244.68,-243.22,41.4,40.73,6.71,31.03,1.64,33.53,17.63
586300,5328.66,-244.6,-243.06,41.66,40.89,6.85,31.05,1.66,38.18,17.71
586400,5327.82,-243.93,-243.52,41.32,40.63,6.96,31.06,1.67,35.97,17.71
586500,5329.49,-243.89,-243.6,41.34,40.63,6.91,31.02,1.63,38.11,17.31
586600,5329.07,-244.8,-243.35,41.58,40.91,6.98,31.17,1.78,40.04,17.91
586700,5326.58,-244.31,-243.52,41.38,40.79,6.83,30.9,1.52,40.23,17.87
586800,5326.16,-244.47,-243.31,41.56,40.85,6.67,31,1.61,43.78,17.67
586900,5326.58,-244.18,-243.43,41.46,40.83,6.81,31.03,1.64,41.66,18.54
587000,5327.41,-244.76,-243.06,41.32,40.81,6.85,31.26,1.87,33.45,17.63
587100,5331.15,-244.56,-243.31,41.64,41.13,6.98,31.04,1.66,37.02,16.88
587200,5327.82,-243.77,-243.56,41.4,40.77,6.71,31.3,1.91,42.55,17.47
587300,5320.75,-244.14,-242.97,41.5,40.95,6.75,31.09,1.7,36.32,17.59
587400,5324.91,-245.01,-243.39,41.52,40.65,6.81,31.3,1.91,35.08,18.1
587500,5324.08,-245.55,-242.85,41.74,41.15,6.93,31.12,1.73,37.83,18.26
587600,5326.58,-245.14,-243.22,41.52,41.09,6.79,31.4,2.01,41.55,17.51
587700,5337.39,-244.8,-243.1,41.28,40.91,6.67,31.04,1.65,39,17.79
587800,5321.17,-244.18,-242.97,41.72,40.91,6.85,31.3,1.91,33.14,17.79
587900,5323.25,-243.14,-243.31,41.46,40.95,6.85,31.03,1.64,36.25,16.96
588000,5329.07,-244.89,-243.06,41.44,40.71,6.83,31.12,1.73,37.68,17.39
588100,5319.5,-245.6,-242.73,41.48,41.03,7.06,30.8,1.41,40.85,17.91
588200,5323.66,-245.01,-243.47,41.68,40.79,6.77,31.43,2.04,39.81,16.92
588300,5326.58,-244.06,-243.47,41.48,41.05,6.67,31,1.61,36.21,17.71
588400,5328.66,-244.43,-243.31,41.72,40.99,6.87,31.23,1.84,40.04,17.28
588500,5329.07,-243.89,-243.02,41.38,40.75,6.77,31.2,1.81,38.34,18.18
588600,5319.92,-244.35,-243.56,41.68,40.89,6.93,31.33,1.94,40.31,17.16
588700,5330.32,-244.31,-243.14,41.54,41.29,6.77,30.92,1.54,37.41,17.59
588800,5331.98,-245.22,-243.02,41.48,40.43,6.87,31.35,1.96,43.13,17.28
588900,5325.33,-245.47,-242.93,41.32,40.73,7.02,31.01,1.62,38.07,17.51
589000,5327.82,-244.06,-243.22,41.56,41.13,6.67,31.24,1.85,39.61,17.51
589100,5323.25,-244.14,-243.35,41.56,40.97,6.85,31.1,1.71,40.04,17.24
589200,5329.49,-244.56,-243.56,41.72,40.83,6.71,31.6,2.21,38.38,17.43
589300,5328.66,-244.85,-243.56,41.7,40.89,6.59,31.21,1.83,38.53,17.99
589400,5322.83,-244.47,-243.72,41.36,40.67,7.06,31.13,1.75,40.54,17.55
589500,5331.98,-244.97,-243.43,41.58,40.73,6.77,31.2,1.81,46.82,17.95
589600,5332.82,-245.26,-243.02,41.52,40.95,6.71,31.36,1.97,32.95,17.67
589700,5330.74,-244.56,-242.85,41.62,40.87,6.83,31.08,1.69,43.63,17.95
589800,5326.99,-245.01,-242.97,41.44,40.87,6.81,31.36,1.97,40.77,17.87
589900,5331.98,-244.97,-242.85,41.84,40.81,6.69,31.23,1.84,40.16,17.43
590000,5326.99,-244.68,-243.06,41.36,41.09,6.79,31.42,2.04,37.41,17.55
590100,5326.58,-244.01,-243.52,41.3,40.83,6.87,31.1,1.71,36.52,17.87
590200,5330.32,-245.05,-243.68,41.46,40.85,6.69,31.52,2.14,37.18,18.5
590300,5324.91,-244.35,-242.68,41.64,41.23,6.83,31.33,1.94,38.92,17.47
590400,5329.07,-243.81,-243.22,41.34,40.83,6.93,31.52,2.14,32.01,17.55
590500,5331.57,-244.51,-243.64,41.44,40.67,6.98,31.23,1.85,38.42,17.31
590600,5330.74,-244.26,-243.31,41.48,40.87,6.71,31.32,1.93,43.71,18.34
590700,5327.82,-243.1,-243.02,41.44,40.81,6.95,31.31,1.93,35.9,17.24
590800,5326.16,-244.64,-242.85,41.76,40.77,6.57,31.72,2.33,39.96,18.18
590900,5334.48,-244.06,-243.72,41.52,40.83,6.79,31.39,2,41.2,17.87
591000,5323.66,-246.22,-243.43,41.44,40.97,6.79,31.39,2,37.87,18.26
591100,5326.99,-244.56,-243.22,41.28,40.97,6.98,31.28,1.89,36.98,17.51
591200,5322.83,-244.76,-243.56,41.38,41.01,6.87,31.41,2.02,36.52,17.95
591300,5328.66,-245.3,-243.56,41.34,40.79,6.35,31.15,1.76,41.47,17.63
591400,5324.91,-243.72,-243.06,41.62,40.97,6.69,31.28,1.89,34.58,17.99
591500,5326.99,-244.43,-243.56,41.54,40.79,6.85,31.42,2.04,36.44,17.31
591600,5324.08,-244.51,-243.35,41.54,40.71,6.83,31.27,1.89,40.16,18.54
591700,5331.15,-245.6,-243.43,41.48,40.95,6.87,31.5,2.11,41.24,17.28
591800,5329.49,-245.84,-243.85,41.34,40.81,6.79,31.29,1.9,41.28,18.02
591900,5326.99,-245.43,-243.02,41.56,40.79,6.95,31.35,1.97,37.68,17.83
592000,5331.57,-244.18,-242.89,41.38,40.83,6.77,31.43,2.04,39.11,17.63
592100,5321.17,-244.89,-243.6,41.22,40.85,7.02,31.36,1.97,37.95,17.31
592200,5332.4,-243.81,-243.35,41.44,41.09,6.93,31.13,1.74,41.28,17.99
592300,5327.41,-245.39,-243.64,41.62,40.83,6.75,31.31,1.92,31.27,17.75
592400,5331.15,-244.64,-243.31,41.48,40.99,6.87,31.19,1.8,41.04,17.55
592500,5331.15,-244.68,-243.39,41.68,40.53,7.16,31.7,2.31,36.44,17.12
592600,5325.33,-245.47,-243.72,41.42,40.79,7.04,31.44,2.05,43.4,17.67
592700,5331.15,-243.64,-242.56,41.74,40.77,6.75,31.29,1.9,40.93,17.12
592800,5331.15,-245.18,-243.89,41.44,41.63,7,31.25,1.87,35.94,17
592900,5334.48,-244.43,-243.02,41.44,41.01,6.67,31.31,1.93,46.51,18.1
593000,5330.74,-246.18,-243.6,41.56,41.03,6.96,31.04,1.66,37.21,17.43
593100,5334.48,-242.93,-243.06,41.48,40.81,6.93,31.71,2.33,39.38,18.06
593200,5323.25,-245.72,-243.56,41.5,40.83,6.95,31.04,1.66,37.72,17.47
593300,5325.33,-245.72,-243.31,41.54,40.83,6.71,31.48,2.09,43.63,17.79
593400,5321.17,-244.76,-243.39,41.4,41.05,6.79,30.85,1.46,40.81,17.75
593500,5332.82,-245.14,-244.1,41.44,41.05,7,31.48,2.1,42.47,17.47
593600,5331.98,-244.51,-243.35,41.66,40.79,6.81,31.35,1.97,35.08,17.67
593700,5325.74,-245.84,-243.22,41.6,40.81,6.61,31.5,2.12,44.98,17.87
593800,5326.16,-244.47,-243.6,41.42,40.85,7.12,30.92,1.53,37.33,17.12
593900,5329.49,-244.47,-243.14,41.32,40.77,6.79,31.24,1.85,37.18,18.14
594000,5328.24,-244.72,-243.68,41.46,40.71,6.83,31,1.62,37.1,17.39
594100,5325.33,-245.89,-242.77,41.6,40.91,7.02,31.26,1.87,39.5,17.35
594200,5332.82,-243.14,-242.81,41.3,40.75,6.63,31.25,1.86,30.76,17.31
594300,5326.99,-245.47,-243.35,41.66,40.99,6.77,31.26,1.87,45.51,17.95
594400,5328.66,-244.76,-243.52,41.74,40.85,6.95,31.05,1.66,37.87,18.14
594500,5336.98,-243.81,-243.52,41.32,40.71,6.91,31.23,1.85,35,17.31
594600,5329.07,-246.47,-242.85,41.66,41.03,6.51,31.21,1.82,44.59,18.81
594700,5325.33,-244.72,-243.77,41.48,40.99,7,30.91,1.52,36.9,18.5
594800,5326.58,-243.64,-243.27,41.68,40.91,6.81,31.08,1.69,41.85,18.38
594900,5322.42,-243.43,-243.56,41.52,41.07,6.96,30.98,1.6,37.02,17.67
595000,5323.66,-245.72,-243.1,41.46,41.03,7.02,30.94,1.55,39.58,18.22
595100,5324.5,-243.35,-243.68,41.48,40.75,6.79,31.09,1.7,40.16,18.02
595200,5331.15,-245.76,-243.43,41.48,41.01,7.1,31,1.61,38.49,17
595300,5335.73,-245.35,-243.27,41.56,41.07,6.81,31.09,1.7,33.41,17.59
595400,5330.74,-243.77,-243.56,41.46,40.83,6.79,30.86,1.47,37.14,17.67
595500,5334.07,-245.35,-243.27,41.5,40.75,6.95,30.99,1.6,29.83,17.95
595600,5324.5,-245.84,-243.1,41.56,40.95,6.69,31.02,1.63,37.06,17.83
595700,5329.07,-243.22,-243.06,41.36,41.03,6.65,30.82,1.43,43.47,17.31
595800,5325.33,-244.51,-243.35,41.6,41.11,6.75,30.9,1.52,37.49,17.75
595900,5334.48,-245.47,-243.31,41.38,40.83,6.69,31.1,1.71,49.01,17.2
596000,5326.58,-245.1,-243.22,41.68,40.61,6.98,31.11,1.72,35.78,17.51
596100,5319.09,-242.97,-243.47,41.4,40.79,6.43,30.84,1.46,43.05,18.18
596200,5342.8,-246.64,-243.14,41.46,41.07,7.04,31.15,1.76,40.73,17.28
596300,5322.83,-243.6,-243.56,41.46,40.77,6.41,31.04,1.65,48.01,17.71
596400,5324.5,-245.1,-243.6,41.8,40.79,6.71,30.92,1.53,32.87,17.47
596500,5330.74,-244.1,-243.52,41.42,40.95,6.98,30.95,1.56,41.31,17.71
596600,5335.31,-245.43,-243.14,41.56,40.97,7.08,30.87,1.48,33.53,17.12
596700,5327.82,-242.89,-243.39,41.46,40.95,6.61,31.15,1.77,42.55,17.47
596800,5328.66,-244.22,-243.47,41.42,40.81,6.65,31.09,1.7,39.96,17.71
596900,5324.91,-245.6,-243.72,41.36,40.89,6.61,30.83,1.44,42.24,17.47
597000,5334.9,-243.93,-242.73,41.86,40.71,6.69,31.04,1.66,31.66,18.22
597100,5324.91,-246.51,-243.22,41.68,40.69,6.51,30.59,1.2,37.52,17.47
597200,5327.41,-243.22,-243.35,41.62,40.91,7.82,31.37,1.98,44.51,18.06
597300,5330.74,-244.72,-243.72,41.46,41.21,6.89,30.81,1.42,40.43,18.42
597400,5341.55,-246.14,-242.93,41.56,40.95,7.16,31.06,1.68,31.12,17.51
597500,5335.31,-246.76,-243.35,41.42,41.09,6.67,30.7,1.31,34.69,17.63
597600,5321.17,-244.1,-243.68,41.42,40.57,6.85,31.39,2,41.62,17.51
597700,5329.07,-244.8,-243.06,41.66,40.89,6.95,31.07,1.68,40.04,17.2
597800,5329.49,-245.35,-243.02,41.76,40.77,6.77,31.29,1.9,33.3,17.79
597900,5332.4,-244.6,-243.97,41.54,41.03,6.77,30.94,1.56,44.05,17.47
598000,5329.9,-243.97,-243.56,41.72,40.77,6.98,31.23,1.84,42.24,17.87
598100,5324.08,-245.84,-243.43,41.88,40.65,6.96,30.8,1.41,42.51,17.51
598200,5323.66,-244.31,-243.68,41.66,41.15,7.28,31.5,2.11,40.97,17.12
598300,5322,-244.56,-242.52,41.34,40.79,6.96,31,1.62,39.73,18.1
598400,5332.82,-244.8,-244.01,41.68,40.63,6.87,31.33,1.94,34.62,17.87
598500,5334.48,-244.64,-243.27,41.32,41.19,6.51,30.94,1.55,41.93,17.63
598600,5323.25,-243.22,-242.97,41.54,40.73,6.83,31.08,1.69,43.09,17.31
598700,5329.07,-244.1,-243.22,41.5,40.77,6.87,31.09,1.7,36.01,17.79
598800,5319.09,-244.76,-243.02,41.38,40.95,6.81,31.4,2.01,37.25,17
598900,5326.58,-244.93,-243.68,41.58,41.03,7.34,30.96,1.57,40.31,18.34
599000,5334.9,-243.68,-242.6,41.4,40.79,6.69,31.17,1.79,35.47,16.96
599100,5340.31,-244.39,-243.18,41.2,40.99,6.47,30.64,1.25,36.56,17.39
599200,5326.58,-244.8,-243.31,41.4,41.05,6.81,31.07,1.68,40.39,17.99
599300,5328.66,-244.31,-243.64,41.46,40.73,6.93,31.09,1.7,35.35,17.87
599400,5336.56,-243.64,-243.18,41.48,41.15,6.87,31.08,1.69,38.76,17.79
599500,5331.15,-244.89,-243.14,41.5,40.87,6.83,30.97,1.58,38.38,17.43
599600,5322.42,-244.43,-243.27,41.7,40.81,6.79,31.15,1.77,38.07,17.47
599700,5319.5,-244.6,-243.77,41.76,40.79,6.93,30.94,1.55,37.64,17.79
599800,5326.16,-245.8,-242.93,41.44,40.91,6.71,31.08,1.69,37.14,17.24
599900,5334.07,-245.1,-243.14,41.4,40.69,6.85,30.9,1.52,38.72,17.28
600000,5334.48,-244.56,-242.93,41.6,41.03,7.28,31.27,1.88,38.76,17.63
600100,5331.15,-245.14,-243.68,41.34,40.89,6.83,31,1.62,39.23,17.47
600200,5332.4,-244.06,-243.22,41.44,40.79,7.08,31.32,1.93,43.01,17.39
600300,5322.42,-245.6,-243.56,41.44,41.13,6.87,30.7,1.31,38.61,18.14
600400,5315.34,-244.8,-243.52,41.46,40.83,7,31.42,2.04,37.29,17.95
600500,5330.74,-243.77,-243.1,41.46,40.87,6.89,30.94,1.56,37.72,17.28
600600,5334.9,-244.64,-243.27,41.5,40.65,6.98,31.55,2.16,35.28,17.16
600700,5325.33,-244.76,-243.02,41.5,40.87,6.93,30.94,1.56,37.49,17.75
600800,5334.9,-244.01,-243.31,41.44,40.67,7.46,31.32,1.93,39.19,17.47
600900,5331.15,-244.85,-243.18,41.56,40.87,6.57,31.1,1.71,36.4,17.08
601000,5329.07,-245.51,-243.6,41.48,41.13,6.95,31.04,1.65,40.35,18.1
601100,5322.42,-244.64,-243.22,41.38,40.81,6.81,31.11,1.72,36.98,17.28
601200,5319.92,-245.22,-242.85,41.44,41.15,6.87,31.22,1.83,35.51,18.38
601300,5329.49,-243.22,-243.85,41.76,41.03,6.81,31.06,1.67,35,17.67
601400,5319.5,-243.39,-242.89,41.44,40.65,6.65,31.24,1.85,33.02,17.55
601500,5342.8,-246.14,-243.72,41.6,40.91,6.95,30.97,1.58,44.55,17.67
601600,5330.32,-243.64,-243.31,41.28,40.57,6.73,31.04,1.65,35.2,17.67
601700,5332.82,-245.47,-242.93,41.64,41.07,7.04,30.95,1.56,43.36,17.63
601800,5327.82,-246.43,-243.35,41.72,40.57,6.83,31.41,2.02,34.65,17.08
601900,5327.41,-245.64,-243.64,41.44,40.67,7.08,30.97,1.58,36.4,17.51
602000,5330.32,-243.39,-243.97,41.54,40.99,6.75,31.13,1.75,41.2,18.06
602100,5332.82,-243.31,-243.22,41.32,40.75,6.67,30.88,1.49,42.01,17.12
602200,5331.98,-244.8,-242.81,41.58,40.87,6.67,31.39,2,41.51,17.39
602300,5326.16,-244.56,-243.27,41.56,41.03,6.77,30.98,1.6,38.61,17.47
602400,5331.98,-243.22,-243.35,41.48,40.85,6.51,31.06,1.68,36.79,17.31
602500,5332.82,-243.89,-243.64,41.5,40.87,6.73,30.79,1.4,42.09,17.55
602600,5326.16,-243.72,-243.43,41.28,40.83,6.91,31.05,1.66,37.29,17.55
602700,5321.58,-246.76,-243.14,41.58,41.15,6.95,31.21,1.82,39.15,17.47
602800,5332.4,-245.68,-243.27,41.34,40.59,6.93,31.27,1.88,34.38,17.87
602900,5329.07,-244.35,-243.27,41.58,40.91,6.65,31.19,1.8,40.43,17.71
603000,5326.16,-243.47,-243.93,41.48,40.79,6.63,31.1,1.71,35.04,17.28
603100,5330.74,-244.89,-243.14,41.66,41.15,6.77,31.1,1.71,43.94,18.06
603200,5324.91,-243.97,-243.31,41.62,40.97,6.77,31.28,1.89,31.93,17.47
603300,5327.41,-245.05,-243.14,41.66,41.11,6.73,31.04,1.65,36.94,17.99
603400,5322,-243.97,-243.35,41.64,40.93,6.71,31.26,1.87,40.89,17.67
603500,5322.83,-244.93,-243.06,41.68,41.01,6.59,31.17,1.79,35.24,17.51
603600,5322.42,-244.22,-243.72,41.5,40.49,6.73,31.29,1.9,37.95,18.02
603700,5336.15,-244.26,-243.43,41.38,40.57,7,31.13,1.74,38.96,17.24
603800,5341.14,-244.76,-243.43,41.62,41.03,6.85,31.06,1.68,45.78,17.79
603900,5333.65,-245.26,-243.27,41.48,40.73,6.81,31.13,1.75,37.41,17.35
604000,5337.39,-245.22,-243.31,41.56,40.99,6.77,31.03,1.64,43.94,18.26
604100,5334.9,-245.05,-243.27,41.66,40.89,6.75,31.13,1.75,36.9,17.55
604200,5324.08,-244.01,-244.01,41.3,40.69,6.91,31.02,1.63,38.49,17.79
604300,5329.9,-243.81,-242.89,41.58,40.83,6.77,31.16,1.77,37.29,16.84
604400,5326.16,-244.64,-244.01,41.54,40.83,7.14,31.16,1.77,42.28,17.55
604500,5330.74,-244.1,-243.64,41.36,40.85,6.81,31.15,1.77,39.23,18.06
604600,5340.72,-245.8,-243.39,41.7,41.01,6.57,31.29,1.91,32.91,17.35
604700,5323.25,-243.31,-244.1,41.74,40.83,7.14,31.09,1.7,37.25,17.87
604800,5325.74,-244.14,-243.6,41.48,40.83,6.95,31.01,1.62,37.95,17.91
604900,5326.58,-245.55,-243.56,41.58,41.09,6.89,31.14,1.75,36.01,17.55
605000,5331.98,-244.89,-243.14,41.5,40.75,6.81,31.17,1.79,39.69,17.67
605100,5336.15,-246.55,-243.47,41.52,41.03,7.04,31.13,1.75,37.87,17.63
605200,5322.42,-243.85,-244.22,41.5,41.01,6.93,30.9,1.51,35.47,18.26
605300,5323.66,-244.72,-244.06,41.68,40.97,6.89,31.23,1.85,35.82,17.24
605400,5332.82,-244.43,-243.52,41.34,40.63,6.75,31.15,1.77,41.08,17.95
605500,5335.73,-246.05,-244.06,41.72,40.99,6.95,31.3,1.91,36.9,17.55
605600,5331.98,-244.6,-243.64,41.4,40.91,7.1,31.07,1.68,39.07,17.79
605700,5322,-245.18,-243.43,41.66,40.79,6.81,31.34,1.95,39.42,18.18
605800,5329.07,-245.64,-244.1,41.6,40.93,7,31.02,1.63,40.77,17.43
605900,5324.08,-244.26,-243.77,41.64,40.95,6.93,31.23,1.84,34.03,18.1
606000,5341.97,-245.47,-243.52,41.36,40.75,7.04,31.06,1.68,38.22,17.83
606100,5337.39,-245.18,-244.47,41.52,40.69,6.91,31.43,2.04,42.86,17.79
606200,5330.32,-244.89,-243.52,41.44,40.93,6.81,31.15,1.77,41.7,17.75
606300,5331.57,-246.09,-243.31,41.42,40.95,6.81,31.29,1.9,39.42,17.91
606400,5332.82,-245.35,-244.14,41.6,40.77,6.71,31.13,1.75,39.54,17.47
606500,5337.39,-245.43,-243.6,41.5,41.05,6.89,31.26,1.87,38.11,18.58
606600,5329.9,-244.51,-243.39,41.38,40.89,6.81,31.09,1.7,39.23,17.28
606700,5319.5,-243.89,-243.06,41.6,40.93,7.06,31.31,1.93,39.34,18.62
606800,5333.23,-246.51,-244.14,41.3,40.83,6.69,31.25,1.87,38.18,17.51
606900,5327.82,-244.35,-243.14,41.4,40.87,7.4,31.47,2.08,34.62,17.16
607000,5329.49,-245.68,-243.56,41.58,40.89,6.91,31.02,1.64,41.39,17.71
607100,5328.24,-246.51,-243.81,41.48,40.79,6.69,31.63,2.24,39.23,17.71
607200,5326.16,-244.85,-243.68,41.48,40.89,7.02,31.33,1.94,33.92,17.43
607300,5335.31,-244.51,-243.56,41.48,40.25,6.77,31.32,1.93,37.68,17.31
607400,5322.83,-245.05,-243.27,41.6,40.95,6.91,31.25,1.87,36.17,16.96
607500,5332.82,-244.64,-243.52,41.54,40.89,6.59,31.58,2.2,41.7,17.83
607600,5332.82,-245.35,-243.72,41.5,40.73,6.89,31.31,1.93,34.5,17.35
607700,5324.91,-245.39,-243.97,41.54,40.81,6.79,31.46,2.08,40.5,17.79
607800,5332.4,-244.56,-243.68,41.62,40.99,6.79,31.1,1.71,41.2,17.12
607900,5328.66,-246.26,-243.64,41.42,40.91,6.57,31.58,2.19,35.31,17.63
608000,5328.66,-245.51,-243.47,41.64,40.93,6.55,31.27,1.88,43.55,17.28
608100,5327.41,-246.18,-243.89,41.3,41.13,6.79,31.54,2.15,37.87,18.3
608200,5331.15,-245.3,-243.47,41.72,40.85,6.69,31.31,1.92,37.56,17.51
608300,5328.66,-245.43,-243.52,41.54,40.67,6.91,31.5,2.11,42.93,17.75
608400,5333.23,-245.1,-243.6,41.64,40.71,6.95,31.21,1.82,37.14,17.79
608500,5338.64,-244.22,-243.72,41.38,40.93,6.85,31.64,2.26,41.08,18.18
608600,5332.4,-244.8,-243.97,41.42,40.95,6.81,31.42,2.03,39.11,17.35
608700,5331.15,-245.89,-243.77,41.7,40.95,6.93,31.46,2.07,39.27,17.24
608800,5333.23,-245.01,-243.81,41.52,40.85,6.75,31.32,1.93,39.81,18.14
608900,5326.58,-246.18,-243.81,41.3,40.85,6.96,31.54,2.15,34.54,17.35
609000,5324.08,-245.6,-243.77,41.36,40.59,6.91,31.19,1.81,37.49,17.75
609100,5339.89,-245.05,-243.64,41.64,40.77,6.73,31.46,2.07,37.8,17.24
609200,5328.66,-245.84,-243.39,41.4,41.05,6.79,31.51,2.12,39.38,18.06
609300,5329.07,-245.68,-243.39,41.68,40.97,6.89,31.53,2.14,37.91,17.75
609400,5328.66,-245.14,-243.52,41.42,40.75,7.32,31.47,2.08,43.36,18.02
609500,5341.55,-244.43,-243.64,41.36,40.87,6.91,31.5,2.12,41.31,17.75
609600,5340.31,-244.85,-243.81,41.52,40.91,6.91,31.56,2.17,45.82,17.28
609700,5334.48,-244.72,-243.72,41.44,40.93,6.81,31.42,2.04,42.39,17.59
609800,5331.57,-244.85,-243.35,41.74,40.91,6.95,31.57,2.18,39.65,17.24
609900,5335.73,-245.6,-244.14,41.66,40.73,7,31.15,1.77,36.28,17.83
610000,5328.66,-244.64,-243.52,41.6,40.89,6.95,31.79,2.41,43.28,17.79
610100,5332.4,-244.8,-243.68,41.38,40.75,6.85,31.48,2.09,38.61,17.75
610200,5335.31,-244.72,-243.89,41.5,41.01,6.55,31.48,2.09,33.64,17.2
610300,5334.48,-244.56,-243.77,41.6,40.97,6.71,31.17,1.79,40.39,17.2
610400,5335.73,-245.26,-244.01,41.66,40.89,6.57,31.29,1.91,41.58,17.12
610500,5329.49,-245.1,-243.64,41.36,40.79,6.81,31.35,1.96,38.65,18.14
610600,5331.98,-244.64,-243.77,41.46,40.77,6.69,31.51,2.12,43.55,17.47
610700,5332.4,-245.47,-243.72,41.58,40.73,6.85,31.33,1.94,34.97,17.79
610800,5326.99,-245.76,-243.43,41.5,41.03,6.91,31.49,2.1,43.74,17.91
610900,5330.32,-245.01,-243.93,41.36,40.89,6.87,31.31,1.93,40.27,17.55
611000,5335.31,-244.26,-243.81,41.04,40.87,6.85,31.42,2.04,42.2,17.31
611100,5333.23,-245.97,-243.6,41.64,40.73,6.95,31.43,2.04,40.85,17.16
611200,5328.66,-244.47,-243.35,41.6,40.63,6.73,31.47,2.08,39.85,16.96
611300,5334.48,-244.6,-243.27,41.52,40.83,6.79,31.18,1.79,38.11,17.79
611400,5331.98,-245.22,-243.56,41.52,40.93,6.81,31.27,1.88,43.24,18.73
611500,5333.23,-244.85,-243.93,41.5,40.91,6.93,31.32,1.93,36.17,18.85
611600,5336.56,-245.01,-243.81,41.52,40.85,6.93,31.25,1.86,36.17,17.95
611700,5333.23,-245.6,-243.18,41.56,40.91,6.81,31.23,1.85,43.4,17.08
611800,5331.98,-245.1,-243.81,41.48,40.85,6.75,31.31,1.92,38.72,18.34
611900,5331.15,-245.18,-243.68,41.72,40.97,6.79,31.19,1.81,42.51,17.95
612000,5336.15,-245.43,-243.35,41.62,41.11,6.83,31.13,1.75,37.37,17.87
612100,5338.23,-245.84,-243.43,41.32,40.79,7,31.23,1.85,37.1,17.63
612200,5334.48,-244.6,-243.93,41.44,40.75,6.79,31.16,1.77,46.44,17.63
612300,5331.57,-244.93,-243.39,41.6,40.89,6.87,31.11,1.72,38.72,17.47
612400,5329.49,-244.6,-243.93,41.46,40.75,6.89,31.13,1.74,38.34,17.35
612500,5325.33,-244.47,-243.72,41.72,41.15,6.89,31.31,1.92,45.05,17.59
612600,5334.07,-245.84,-243.56,41.44,40.75,6.75,31.21,1.83,36.67,17.31
612700,5332.82,-246.05,-243.39,41.58,40.79,6.91,31.22,1.83,45.17,17.75
612800,5334.07,-245.47,-243.64,41.8,40.87,6.69,31.05,1.66,38.49,17.91
612900,5333.65,-245.22,-243.35,41.54,40.83,6.85,31.48,2.1,42.12,17.47
613000,5330.74,-244.85,-243.72,41.58,40.95,6.85,31.06,1.68,36.56,17.35
613100,5331.57,-244.89,-243.52,41.58,40.81,6.96,31.41,2.02,38.8,17.67
613200,5326.58,-244.8,-243.31,41.44,40.71,7.06,31.16,1.77,36.9,17.83
613300,5327.41,-244.51,-243.22,41.48,40.83,6.79,31.39,2,42.16,17.35
613400,5328.24,-244.8,-243.43,41.16,40.69,6.98,31.17,1.79,39.81,17.31
613500,5332.4,-244.64,-243.68,41.64,40.91,6.96,31.25,1.86,40.97,17.24
613600,5325.74,-244.22,-243.77,41.5,40.77,6.91,31.06,1.67,38.8,18.3
613700,5325.33,-245.14,-243.18,41.66,40.73,7,31.11,1.72,42.74,17.75
613800,5326.99,-245.05,-243.64,41.42,40.55,6.93,31.01,1.62,37.83,18.1
613900,5328.66,-244.93,-243.02,41.6,40.79,6.95,31.21,1.82,35.7,17.39
614000,5325.74,-245.14,-243.85,41.48,40.83,6.71,31.06,1.67,39.5,17.75
614100,5331.98,-246.01,-243.81,41.24,40.85,6.71,31.14,1.75,43.78,17.51
614200,5336.15,-245.05,-243.56,41.56,40.67,6.85,30.97,1.58,38.92,17.35
614300,5331.98,-245.22,-243.93,41.68,41.11,6.89,31.29,1.9,44.78,18.02
614400,5331.15,-245.55,-243.43,41.42,40.83,6.79,30.96,1.57,31.7,17.71
614500,5334.9,-245.05,-243.27,41.4,40.77,6.81,31.1,1.71,41.2,17.75
614600,5337.81,-245.05,-243.52,41.44,40.61,6.95,31.02,1.63,43.24,17.67
614700,5334.48,-244.01,-243.77,41.56,40.79,6.85,31.27,1.88,37.37,17.55
614800,5330.32,-245.89,-243.27,41.5,40.87,6.71,31.1,1.71,40.39,17.12
614900,5331.57,-244.22,-243.89,41.7,40.83,6.85,31.29,1.9,39.65,17.04
615000,5322.83,-244.89,-243.47,41.58,40.71,6.81,31.07,1.68,37.14,17.24
615100,5323.66,-244.35,-243.64,41.7,40.89,6.83,31.21,1.82,39.85,17.91
615200,5329.07,-244.89,-243.47,41.7,40.95,6.63,31.3,1.91,41.04,17.63
615300,5331.57,-244.6,-243.52,41.52,41.13,6.73,31.04,1.65,36.17,17.87
615400,5333.65,-245.01,-243.39,41.7,40.97,6.75,31.32,1.93,38.96,17.51
615500,5323.66,-244.6,-243.6,41.54,40.83,6.79,31.13,1.75,36.25,17.43
615600,5330.32,-245.1,-243.18,41.16,40.89,6.77,31.27,1.88,41.01,17
615700,5326.58,-244.31,-243.27,41.48,40.83,6.93,31.04,1.66,42.78,17.43
615800,5327.41,-245.18,-243.68,41.52,40.93,6.89,31.15,1.77,37.02,17.83
615900,5336.56,-245.43,-243.6,41.72,41.09,6.55,31.33,1.94,39,17.39
616000,5328.66,-244.31,-243.77,41.54,40.73,6.89,31.11,1.72,33.99,17.39
616100,5333.65,-246.09,-243.47,41.52,40.69,6.77,31.35,1.96,43.67,17.75
616200,5333.23,-244.56,-243.22,41.28,40.91,6.98,31.4,2.01,35.78,16.76
616300,5335.31,-244.56,-244.01,41.46,40.75,7.2,31.13,1.74,35.97,17.95
616400,5329.9,-245.6,-243.43,41.62,40.77,6.75,31.48,2.09,45.48,18.58
616500,5334.48,-245.64,-243.52,41.52,40.95,6.89,31.1,1.71,37.87,17.75
616600,5331.15,-244.06,-243.47,41.44,41.19,6.69,31.33,1.95,38.57,17.2
616700,5336.56,-244.97,-243.89,40.7,40.81,6.87,31.15,1.76,45.36,17.24
616800,5334.07,-245.35,-243.68,41.32,40.87,6.59,31.38,1.99,43.86,17.24
616900,5335.73,-246.14,-243.72,41.38,40.75,7.02,31.15,1.77,41.51,17.24
617000,5326.58,-244.97,-243.6,41.44,40.81,6.89,31.31,1.92,41.35,17.87
617100,5329.49,-246.3,-243.93,41.36,40.73,6.96,31.15,1.76,35.55,17.83
617200,5324.08,-246.18,-243.27,41.88,40.61,6.65,31.68,2.29,35.94,17.31
617300,5336.56,-245.43,-244.1,41.7,40.95,6.91,31.33,1.95,41.62,17.2
617400,5330.74,-246.39,-243.93,41.8,40.79,6.93,31.69,2.3,35.66,18.3
617500,5326.58,-245.68,-243.52,41.66,40.73,6.77,31.19,1.81,41.66,17.2
617600,5330.74,-244.26,-243.27,41.46,40.71,6.73,31.53,2.14,42.47,17.63
617700,5329.07,-244.8,-243.27,41.82,40.65,6.79,31.33,1.95,36.71,17.83
617800,5334.9,-244.43,-243.52,41.42,40.97,6.96,31.57,2.18,37.76,17.71
617900,5330.32,-245.05,-243.22,41.38,40.81,6.67,31.33,1.94,37.91,17.31
618000,5328.24,-244.47,-243.35,41.26,41.13,7.1,31.37,1.98,38.11,17.63
618100,5324.08,-245.43,-244.1,41.48,40.99,7.12,31.39,2,34.19,17.08
618200,5332.4,-243.97,-243.6,41.58,40.95,6.89,31.67,2.28,46.05,17.43
618300,5326.16,-246.05,-243.64,41.16,40.81,7.02,31.37,1.98,36.28,17.79
618400,5341.14,-244.06,-243.47,41.6,40.91,6.65,31.52,2.14,36.67,17.63
618500,5325.74,-245.6,-243.56,41.56,40.79,6.67,31.59,2.2,38.92,17.31
618600,5330.32,-244.51,-243.1,41.52,40.67,6.69,31.61,2.22,43.67,17.71
618700,5333.65,-245.8,-243.27,41.36,40.75,6.39,31.19,1.8,42.2,17.59
618800,5334.48,-244.72,-243.52,41.22,41.17,6.83,31.41,2.02,37.33,17.59
618900,5339.06,-244.51,-243.06,41.78,40.67,7.02,31.39,2,36.48,17.99
619000,5331.15,-246.01,-244.43,41.4,41.11,7.08,31.46,2.08,41.08,17.12
619100,5331.98,-244.26,-243.56,41.36,40.87,7.02,31.5,2.11,41.97,17.51
619200,5334.9,-244.89,-243.6,41.36,40.91,7.06,31.61,2.22,38.53,17.47
619300,5327.82,-245.14,-243.22,41.4,41.15,6.77,31.41,2.02,39.07,17.16
619400,5335.73,-244.51,-243.39,41.26,40.71,6.47,31.51,2.12,43.94,17.59
619500,5337.81,-245.22,-243.77,41.34,40.93,6.67,31.54,2.16,39.96,17
619600,5336.98,-244.56,-243.64,41.44,40.77,6.31,31.4,2.01,37.64,18.02
619700,5334.07,-244.51,-243.85,41.44,40.81,7.1,31.72,2.33,42.66,17.83
619800,5329.49,-247.09,-243.43,41.62,40.73,6.95,31.46,2.07,37.72,17.24
619900,5334.07,-242.89,-243.6,41.24,40.85,6.87,31.6,2.21,39.5,17.31
620000,5326.16,-245.64,-243.06,41.24,41.11,6.89,31.54,2.16,37.99,18.1
620100,5331.15,-244.85,-243.22,41.5,40.87,7.14,31.85,2.46,39.54,16.96
620200,5332.82,-245.6,-243.22,41.48,41.11,6.95,31.23,1.84,38.84,18.46
620300,5332.82,-244.14,-243.68,41.34,40.61,6.65,31.7,2.31,37.76,17.24
620400,5326.16,-246.05,-243.22,41.34,40.75,6.87,31.53,2.14,41.47,17.87
620500,5328.66,-245.72,-243.52,41.58,40.77,6.93,31.51,2.12,38.84,17.47
620600,5334.07,-246.09,-243.39,42.83,40.79,7,31.25,1.87,36.36,17.91
620700,5339.89,-246.59,-243.22,41.38,40.93,6.91,31.54,2.16,39.73,18.18
620800,5329.49,-244.35,-243.43,41.46,40.83,6.69,31.42,2.03,39.61,17.39
620900,5335.73,-246.76,-243.35,41.54,40.97,6.59,31.43,2.04,35.28,17.43
621000,5336.15,-247.51,-243.93,41.62,40.85,6.83,31.33,1.95,41.16,17.16
621100,5344.47,-245.68,-243.31,41.48,40.93,6.87,31.49,2.1,37.18,17.99
621200,5330.32,-245.6,-243.72,41.48,40.97,6.71,31.13,1.75,37.02,17.55
621300,5334.07,-246.22,-243.93,41.4,40.75,6.35,31.39,2,46.32,17.24
621400,5330.74,-246.22,-244.14,41.46,40.75,6.95,31.15,1.77,38.61,18.02
621500,5327.41,-245.14,-243.35,41.46,40.83,6.29,31.59,2.2,42.51,17.12
621600,5333.65,-245.22,-243.85,41.58,40.77,6.91,31.27,1.89,45.71,17.43
621700,5329.49,-244.47,-243.97,41.5,40.97,6.69,31.31,1.93,31.78,17.63
621800,5332.4,-245.55,-244.51,41.72,40.71,7.22,31.02,1.64,39.77,17.51
621900,5329.49,-244.56,-243.6,41.48,41.05,6.55,31.4,2.01,37.76,18.02
622000,5336.15,-246.09,-243.47,41.5,40.89,6.87,31.02,1.64,44.48,18.18
622100,5331.15,-245.97,-243.77,41.32,40.91,7.04,31.27,1.89,41.66,17.39
622200,5325.33,-245.01,-244.26,41.66,40.77,6.73,31.36,1.97,34.93,17.2
622300,5336.56,-246.55,-242.93,41.44,40.85,7.02,31.44,2.06,38.72,17.63
622400,5324.5,-244.64,-243.81,41.44,41.17,6.55,30.99,1.6,38.96,17.95
622500,5328.24,-245.05,-243.81,41.38,40.79,6.65,31.27,1.89,39.88,17.2
622600,5339.47,-246.8,-243.56,41.62,40.75,7.06,31.11,1.72,37.6,17.12
622700,5332.4,-244.01,-243.72,41.36,41.25,6.75,31.24,1.85,36.05,17.55
622800,5331.98,-245.55,-243.72,41.82,40.81,6.89,31.01,1.62,39.73,17.55
622900,5330.74,-243.81,-243.68,41.38,40.99,6.65,30.94,1.55,37.76,17.95
623000,5326.58,-243.56,-243.56,41.48,41.11,5.47,31.13,1.74,36.36,17.79
623100,5333.65,-248.05,-243.22,41.32,40.79,6.89,31.23,1.84,39.65,17.43
623200,5343.63,-246.34,-244.31,41.58,40.75,6.81,31.33,1.95,42.86,17.91
623300,5336.98,-244.8,-243.97,41.54,41.11,6.65,30.94,1.56,38.38,17.24
623400,5323.25,-245.26,-243.6,41.44,40.79,6.89,31.53,2.14,40.23,17.87
623500,5335.31,-246.59,-243.56,41.66,40.93,6.89,31.07,1.68,38.53,17.43
623600,5330.32,-242.93,-243.52,41.38,40.75,6.65,31.16,1.77,35.39,17.75
623700,5336.56,-246.39,-243.64,41.4,40.69,6.91,30.96,1.58,37.95,18.3
623800,5329.07,-245.47,-243.31,41.34,40.73,6.87,31.4,2.01,40.73,17.28
623900,5344.88,-246.55,-243.89,41.74,40.71,6.93,30.8,1.41,36.17,16.92
624000,5332.4,-245.6,-243.35,41.62,40.93,6.57,31,1.62,39.77,17.63
624100,5330.74,-243.52,-243.43,41.7,40.79,6.79,31.19,1.81,39.88,17.28
624200,5332.82,-245.76,-243.39,41.5,40.69,7.06,31.1,1.71,39.92,18.22
624300,5331.98,-245.26,-243.56,41.44,40.75,6.67,31.02,1.64,39.23,17.47
624400,5331.15,-243.97,-244.01,41.64,40.91,6.87,31.33,1.94,43.01,17.63
624500,5330.32,-246.59,-242.97,41.38,41.27,7.16,31.12,1.73,37.21,17.39
624600,5329.49,-245.01,-243.39,41.46,40.87,5.97,31.46,2.08,38.65,17.39
624700,5329.07,-242.56,-243.72,41.5,41.07,6.75,31.03,1.64,38.07,18.06
624800,5339.06,-246.97,-243.35,41.54,40.83,7.04,31.08,1.69,41.31,17.75
624900,5329.49,-246.47,-243.31,41.4,40.67,7.1,31.14,1.75,37.56,17.35
625000,5338.64,-245.64,-243.02,41.58,41.01,6.87,31.11,1.72,35.24,17.59
625100,5341.97,-245.51,-243.1,41.58,40.81,6.87,31.06,1.67,38.88,17.51
625200,5337.81,-245.68,-243.35,41.48,41.07,7,31.22,1.83,40.5,17.91
625300,5336.56,-245.89,-244.39,41.74,40.87,6.89,31.19,1.81,39.3,17.55
625400,5334.07,-245.55,-243.39,41.4,40.75,6.53,31.23,1.84,42.01,17.28
625500,5337.81,-244.72,-244.39,41.86,40.55,6.83,30.98,1.59,38.18,17.87
625600,5334.48,-244.51,-243.52,41.6,40.75,6.63,31.22,1.83,39.85,17.51
625700,5334.07,-243.47,-242.93,41.44,40.83,6.91,31.31,1.92,41.31,17.87
625800,5336.98,-246.97,-244.68,41.66,40.73,6.67,31.24,1.85,39.27,17.55
625900,5325.33,-245.1,-243.35,41.38,40.97,7.04,31.27,1.88,34.97,16.72
626000,5327.41,-246.68,-243.47,41.5,40.73,6.69,31.2,1.81,42.59,18.22
626100,5339.47,-244.35,-244.18,41.52,40.75,6.85,31.43,2.04,38.11,17.99
626200,5325.33,-243.52,-243.27,41.52,40.89,6.91,31.14,1.75,36.63,17.08
626300,5324.91,-244.1,-243.64,41.64,40.73,6.89,31.46,2.07,42.9,17.35
626400,5333.65,-244.26,-243.77,41.46,40.75,7.16,31.04,1.66,33.53,17.63
626500,5342.39,-245.01,-243.93,41.56,40.93,6.73,31.23,1.84,39.58,17.47
626600,5339.06,-244.89,-244.01,41.44,40.75,6.67,31.18,1.79,43.47,17.83
626700,5338.64,-244.85,-244.18,41.76,40.81,6.91,31.37,1.98,36.28,17.35
626800,5328.24,-246.47,-243.31,41.54,41.05,6.85,31.32,1.93,39.23,18.06
626900,5329.9,-245.18,-243.81,41.44,40.85,6.69,31.36,1.97,39.11,17.43
627000,5326.58,-245.22,-243.39,41.8,40.77,6.63,31.21,1.82,40.04,18.02
627100,5328.66,-244.1,-243.81,41.48,40.79,6.53,31.43,2.04,36.32,17.75
627200,5329.49,-244.93,-244.01,41.8,40.77,6.83,31.27,1.89,38.69,17.63
627300,5331.98,-243.56,-243.39,41.4,40.79,6.69,31.46,2.08,35.2,17.35
627400,5338.23,-246.05,-244.35,41.5,41.05,7.14,31.25,1.86,37.87,18.1
627500,5325.74,-245.8,-243.35,41.76,40.83,6.81,31.58,2.19,40.73,16.92
627600,5339.89,-246.64,-243.64,41.56,40.73,7.06,31.24,1.85,41.24,18.5
627700,5337.39,-246.18,-243.52,41.4,40.85,7.12,31.69,2.3,41.2,18.97
627800,5334.9,-246.59,-243.35,41.48,40.85,7.2,31.51,2.12,37.6,18.97
627900,5335.73,-246.14,-243.97,41.36,40.87,6.65,31.41,2.02,34.46,17.79
628000,5330.74,-246.26,-243.77,41.56,40.81,6.81,31.55,2.16,47.55,17.51
628100,5328.66,-246.51,-243.14,41.54,40.85,6.79,31.67,2.28,52.31,16.88
628200,5331.98,-247.09,-242.6,41.7,40.73,6.95,31.37,1.98,37.76,17.87
628300,5334.9,-244.22,-243.47,41.28,40.81,6.67,31.6,2.22,37.87,17.35
628400,5336.15,-245.93,-243.77,41.4,41.01,6.71,31.33,1.94,34.58,17.79
628500,5333.65,-245.43,-243.43,41.6,40.87,6.87,31.63,2.24,43.2,17.24
628600,5343.22,-245.35,-243.72,41.44,40.73,7.22,31.55,2.16,34.19,17.59
628700,5331.98,-246.93,-243.47,41.6,41.01,6.96,31.61,2.22,41.51,17.2
628800,5337.39,-245.6,-243.68,41.36,40.85,6.89,31.5,2.11,37.68,18.18
628900,5338.23,-246.39,-243.18,41.56,40.95,6.89,31.52,2.13,34.69,17
629000,5329.9,-245.97,-243.39,41.58,41.13,7.34,31.77,2.39,43.67,18.26
629100,5329.49,-245.35,-243.35,41.46,40.79,6.57,31.31,1.92,42.74,17.47
629200,5342.8,-247.8,-243.89,41.54,40.87,6.09,31.48,2.09,36.98,17.83
629300,5337.81,-246.26,-243.18,41.86,41.11,6.87,31.65,2.26,37.29,17.99
629400,5342.8,-245.05,-244.39,41.32,40.89,6.75,31.29,1.9,35.43,17.28
629500,5341.55,-245.47,-243.89,41.46,40.73,7,31.48,2.09,42.74,17.59
629600,5330.32,-245.97,-243.81,41.5,41.01,7,31.39,2,40.19,17.67
629700,5349.87,-247.01,-243.43,41.42,40.83,5.55,31.31,1.93,37.49,17.63
629800,5334.48,-245.3,-243.6,41.78,41.19,6.71,31.79,2.41,44.13,17.51
629900,5334.9,-246.55,-244.18,41.48,40.73,7.04,31.33,1.95,41.28,17.04
630000,5335.31,-244.85,-243.52,41.62,40.83,6.69,31.49,2.1,37.29,17.87
630100,5340.72,-245.1,-243.52,41.6,41.07,6.77,31.41,2.02,41.04,17.79
630200,5342.39,-247.51,-243.22,41.38,40.77,6.85,31.27,1.88,40.39,17.47
630300,5334.9,-245.18,-244.31,41.54,40.83,6.89,31.21,1.83,32.67,18.06
630400,5335.73,-245.76,-243.56,41.52,41.07,6.85,31.35,1.97,33.45,17.55
630500,5339.47,-245.43,-243.77,41.54,40.83,6.63,31.11,1.73,33.99,17.79
630600,5344.05,-246.3,-243.97,41.36,40.83,6.96,31.44,2.05,39.73,17.75
630700,5342.39,-245.76,-243.81,41.46,40.65,7.26,31.1,1.71,46.82,17.51
630800,5339.06,-244.72,-244.6,41.3,40.83,7.2,31.45,2.06,44.55,17.51
630900,5342.39,-246.43,-243.31,41.74,41.09,6.67,31.19,1.8,38.22,17.59
631000,5332.4,-243.56,-244.01,41.52,40.87,6.96,31.29,1.91,37.76,17.08
631100,5325.33,-244.26,-244.47,41.48,40.59,6.91,31.14,1.75,34.73,17.24
631200,5328.66,-243.56,-243.93,41.4,40.79,6.69,31.54,2.16,39.5,18.5
631300,5331.98,-244.6,-243.64,41.68,41.01,6.69,31.31,1.93,36.83,17.16
631400,5325.74,-245.18,-244.26,41.74,40.89,6.98,31.29,1.9,39.69,17.51
631500,5336.15,-246.93,-244.22,41.42,40.95,6.98,31.27,1.89,40.35,17.47
631600,5321.58,-245.01,-243.77,41.54,40.87,6.98,31.09,1.7,39.11,18.22
631700,5324.91,-244.8,-243.89,41.56,40.79,6.69,31.33,1.95,42.7,17.28
631800,5340.72,-244.64,-244.06,41.4,40.77,7.48,31.23,1.84,33.57,16.72
631900,5326.99,-245.35,-243.6,41.34,40.93,7.06,31.15,1.76,39.85,17.28
632000,5341.97,-247.09,-244.01,41.56,40.77,6.83,31.15,1.77,41.39,17.31
632100,5323.25,-244.72,-244.35,41.48,40.91,6.95,31.23,1.85,38.03,17.67
632200,5343.22,-245.55,-243.93,41.52,40.65,6.65,31.19,1.8,40,17.59
632300,5337.81,-245.18,-244.22,41.6,40.99,7.14,31.11,1.73,32.28,17.71
632400,5326.99,-244.47,-244.06,41.64,40.67,6.81,31.07,1.68,40.27,17.83
632500,5340.31,-246.64,-243.64,41.38,40.83,6.71,31.22,1.83,41.62,17.28
632600,5324.91,-246.97,-243.39,41.66,40.79,6.77,31.02,1.64,37.95,18.06
632700,5331.15,-244.51,-243.77,41.44,40.77,7.1,31.12,1.73,35.82,17.71
632800,5329.49,-245.97,-243.97,41.76,40.89,6.91,31.17,1.78,38.22,17.79
632900,5334.07,-244.1,-242.97,41.44,40.89,6.69,31.27,1.88,42.86,17.91
633000,5329.07,-244.18,-244.18,41.38,40.83,6.83,31.27,1.88,38.65,17.35
633100,5328.66,-245.43,-243.52,41.6,40.91,6.96,31.24,1.85,40.73,18.34
633200,5323.25,-247.09,-243.52,41.2,40.89,6.81,31.07,1.68,36.83,17.55
633300,5331.98,-243.52,-243.31,41.74,40.85,6.71,31.13,1.75,39.46,17.67
633400,5340.72,-247.05,-244.26,41.5,40.77,6.87,31.23,1.85,39.34,17.63
633500,5334.48,-246.01,-243.64,41.54,40.79,6.67,31.17,1.79,33.37,17.43
633600,5328.66,-243.18,-243.06,41.66,40.81,6.91,31.1,1.71,35.97,17.35
633700,5335.31,-246.26,-243.64,41.48,40.99,6.69,31.19,1.81,38.22,17.87
633800,5334.07,-244.89,-244.1,41.42,40.87,6.29,31.21,1.83,39.23,17.55
633900,5324.5,-246.72,-243.93,41.6,40.73,6.79,31.42,2.03,36.87,17.51
634000,5327.82,-245.1,-243.52,41.52,40.99,6.71,31.16,1.77,40.81,17.91
634100,5331.15,-246.47,-244.01,41.36,40.89,6.73,31.39,2,38.38,17.47
634200,5332.4,-245.97,-243.6,41.64,40.83,6.85,31.17,1.78,37.33,17.67
634300,5331.57,-244.39,-243.77,41.54,40.95,6.83,31.23,1.84,36.25,17.75
634400,5341.55,-244.47,-243.56,41.46,41.13,6.89,31.33,1.94,36.28,16.88
634500,5333.65,-244.26,-243.77,41.58,40.79,6.83,31.41,2.02,40,17.55
634600,5339.47,-246.47,-243.97,41.48,40.83,6.71,31.33,1.94,38.57,17.43
634700,5339.47,-244.43,-243.72,41.42,40.93,6.59,31.22,1.83,35.51,17.91
634800,5336.15,-245.3,-243.72,41.82,40.89,6.71,31.37,1.98,38.03,17.79
634900,5326.16,-246.51,-243.97,41.36,40.87,6.69,31.37,1.98,41.35,18.14
635000,5331.57,-245.35,-243.64,41.5,40.77,6.85,31.42,2.03,34.73,17.24
635100,5339.47,-243.97,-243.72,41.42,40.83,7.04,31.35,1.96,36.36,16.72
635200,5332.82,-246.34,-243.89,41.42,41.15,6.89,31.34,1.95,39.3,17.95
635300,5339.06,-244.76,-243.68,41.64,40.85,6.93,31.27,1.88,39.69,17.95
635400,5334.07,-245.18,-243.97,41.48,40.97,6.89,31.46,2.08,36.63,17.04
635500,5333.65,-245.3,-243.93,41.6,40.81,7.16,31.2,1.81,38.26,18.22
635600,5340.31,-245.1,-243.81,41.38,40.85,6.79,31.39,2,36.71,17.24
635700,5339.89,-245.3,-243.81,41.46,40.91,6.85,31.35,1.96,38.34,18.14
635800,5342.8,-245.05,-244.14,41.42,40.75,6.85,31.46,2.08,38.53,17.24
635900,5344.88,-243.56,-243.52,41.6,40.75,6.91,31.5,2.11,41.58,17.75
636000,5332.82,-245.68,-244.06,41.52,40.99,6.79,31.54,2.16,36.83,17.43
636100,5331.98,-245.55,-243.35,41.5,40.83,6.85,31.36,1.97,39.07,17.67
636200,5344.05,-243.85,-244.1,41.56,40.65,6.85,31.52,2.14,37.18,17.55
636300,5331.98,-244.51,-243.35,41.56,40.89,6.75,31.41,2.02,44.67,17
636400,5330.74,-245.93,-243.81,41.54,41.11,7,31.7,2.31,36.75,17.12
636500,5328.66,-245.55,-243.47,41.26,40.83,6.85,31.43,2.04,42.51,18.14
636600,5334.48,-244.93,-243.72,41.6,40.67,6.55,31.39,2,39.15,17.08
636700,5334.48,-245.72,-243.64,41.6,40.87,6.87,31.46,2.08,40.93,17
636800,5341.55,-245.55,-243.81,41.38,41.05,6.75,31.68,2.29,35.47,17.87
636900,5325.74,-245.43,-243.35,41.46,40.79,6.85,31.49,2.1,38.61,17.95
637000,5334.07,-244.85,-243.64,41.46,40.79,6.73,31.51,2.12,36.83,17.63
637100,5337.39,-245.89,-243.97,41.64,40.91,6.79,31.52,2.14,40.93,17.28
637200,5333.65,-245.43,-243.72,41.58,40.95,6.85,31.28,1.89,43.36,18.3
637300,5332.82,-244.06,-244.1,41.58,40.99,6.71,31.59,2.2,37.91,17.08
637400,5331.98,-246.14,-243.85,41.46,40.81,6.79,31.32,1.93,37.18,17.87
637500,5330.74,-245.6,-243.97,41.44,40.83,6.85,31.62,2.24,40.43,17.71
637600,5334.9,-245.55,-243.81,41.66,40.83,6.75,31.48,2.1,37.33,17.47
637700,5328.24,-246.22,-243.47,41.46,41.05,6.89,31.55,2.16,40.23,18.14
637800,5333.65,-244.51,-243.93,41.38,40.89,6.85,31.41,2.02,42.9,17.47
637900,5331.15,-245.47,-243.97,41.48,40.95,6.61,31.54,2.15,41.2,17.83
638000,5338.64,-245.72,-243.77,41.56,40.99,6.89,31.25,1.87,42.82,17.24
638100,5335.73,-245.14,-244.06,41.44,40.81,6.75,31.56,2.18,37.1,18.54
638200,5340.72,-246.8,-243.68,41.76,40.97,6.69,31.27,1.88,41.43,17.51
638300,5334.9,-245.72,-243.68,41.36,40.83,6.65,31.64,2.25,42.2,17.2
638400,5337.81,-246.05,-244.01,41.8,40.93,7.12,31.23,1.84,30.18,17.31
638500,5339.47,-245.55,-243.93,41.5,40.85,6.87,31.5,2.12,37.64,17.35
638600,5331.98,-245.6,-243.85,41.28,40.85,6.81,31.4,2.01,39.27,17.08
638700,5333.23,-245.8,-244.06,41.52,41.11,6.77,31.47,2.08,37.52,17.16
638800,5337.81,-245.55,-243.89,41.58,40.85,6.81,31.22,1.83,35.86,18.3
638900,5343.63,-245.97,-243.97,41.46,40.73,6.96,31.38,1.99,40.7,17.83
639000,5337.81,-245.64,-243.89,41.4,40.61,6.91,31.24,1.85,39.81,17.39
639100,5334.48,-246.01,-244.18,41.56,40.93,6.79,31.36,1.97,37.49,17.51
639200,5333.65,-244.72,-243.6,41.48,40.77,6.93,31.31,1.93,42.39,17.75
639300,5333.65,-245.68,-243.77,41.72,40.93,7.02,31.25,1.86,36.36,17.79
639400,5343.63,-245.55,-243.64,41.38,40.81,7,31.19,1.81,41.51,17.59
639500,5338.64,-246.93,-243.81,41.4,40.79,6.73,31.22,1.83,42.05,17.43
639600,5329.9,-245.68,-243.85,41.7,41.07,6.85,31.21,1.82,41.47,17.87
639700,5338.64,-246.14,-243.85,41.34,40.67,6.91,31.2,1.81,33.88,17.67
639800,5339.47,-245.39,-243.68,41.54,40.85,6.49,31.1,1.71,39,17.08
639900,5336.98,-244.89,-243.56,41.36,40.53,6.71,31.17,1.79,38.92,18.1
640000,5336.15,-245.05,-244.14,41.6,40.69,6.87,31.34,1.95,38.14,17.04
640100,5332.82,-246.05,-243.97,41.4,40.81,6.87,31.15,1.76,37.1,18.18
640200,5337.81,-245.97,-243.93,41.54,40.91,6.59,31.36,1.97,37.18,17.35
640300,5337.81,-246.47,-244.01,41.6,41.01,6.96,31.06,1.67,42.86,17.08
640400,5332.4,-245.51,-243.89,41.44,40.75,6.96,31.29,1.9,40.7,18.02
640500,5332.82,-245.3,-243.93,41.6,40.61,6.81,30.96,1.58,44.51,17.47
640600,5333.65,-246.18,-243.97,41.58,40.95,6.81,31.41,2.02,40.81,17.55
640700,5333.23,-245.1,-243.97,41.56,40.79,6.65,30.99,1.6,38.88,17.63
640800,5339.47,-246.3,-244.22,41.36,40.85,6.81,31.3,1.91,32.75,18.02
640900,5339.47,-245.1,-244.06,41.32,40.65,6.67,30.94,1.56,31.35,17.59
641000,5339.06,-244.68,-244.01,41.42,40.73,6.81,31.17,1.79,33.68,17.79
641100,5336.98,-245.01,-244.18,41.36,40.73,6.67,31.03,1.64,35.74,17.71
641200,5331.98,-246.18,-243.72,41.5,40.71,7.04,31.23,1.85,39.96,17.43
641300,5332.82,-244.64,-243.81,41.58,40.81,7.04,30.96,1.57,37.21,17.31
641400,5329.9,-245.84,-243.85,41.3,40.75,6.53,31.13,1.75,40.19,18.06
641500,5332.82,-245.1,-243.93,41.32,40.95,5.69,31.17,1.79,38.34,17.47
641600,5339.06,-245.51,-243.56,41.34,40.73,7.08,31.22,1.83,36.56,17.67
641700,5336.56,-246.14,-243.77,41.68,40.91,6.89,31.32,1.93,37.8,17.59
641800,5334.48,-245.35,-244.18,41.66,41.03,6.87,31.24,1.85,39.77,17.16
641900,5334.9,-245.35,-243.93,41.36,40.75,6.67,31.08,1.69,39.07,17.55
642000,5336.15,-244.93,-244.1,41.6,40.93,6.71,31.44,2.05,40.93,17.55
642100,5339.06,-245.84,-243.72,41.46,40.85,6.75,31.1,1.71,37.56,17.63
642200,5341.97,-244.68,-243.72,41.4,41.29,6.67,31.33,1.95,37.72,17.31
642300,5337.81,-246.68,-243.27,41.5,40.67,6.98,31.23,1.84,35.2,17.39
642400,5331.15,-246.01,-243.6,41.3,40.77,6.87,31.08,1.69,47.32,17.55
642500,5328.66,-246.05,-243.72,41.52,40.83,6.95,31.17,1.79,42.36,17.63
642600,5334.48,-244.97,-244.18,41.5,41.07,6.79,31.23,1.85,39.23,17.79
642700,5341.14,-244.56,-244.01,41.82,40.81,6.77,31.6,2.21,38.92,17.79
642800,5333.23,-245.72,-243.68,41.44,40.77,6.73,31.12,1.73,33.22,17.87
642900,5331.15,-244.6,-243.97,41.6,40.83,6.83,31.33,1.95,44.4,17.47
643000,5337.81,-245.97,-243.72,41.46,40.93,6.95,31.29,1.91,38.14,17.16
643100,5333.65,-245.43,-243.93,41.78,40.93,6.67,31.44,2.05,37.91,17.04
643200,5336.56,-245.93,-244.01,41.44,40.79,7,31.21,1.82,42.16,17.55
643300,5340.72,-246.05,-244.01,41.66,41.03,6.98,31.5,2.11,34.03,17.75
643400,5336.15,-245.72,-243.43,41.54,40.67,6.96,31.07,1.68,40.58,17.91
643500,5332.82,-245.26,-243.81,41.42,41.13,6.98,31.23,1.84,41.47,17.35
643600,5332.4,-245.8,-243.68,41.38,40.67,6.93,31.18,1.79,34.19,17.67
643700,5336.98,-245.18,-244.06,41.34,40.75,6.85,31.32,1.93,39.54,17.87
643800,5336.15,-246.14,-243.64,41.56,41.09,6.83,31.31,1.92,40.23,17.16
643900,5339.06,-245.93,-244.06,41.38,40.67,6.98,31.42,2.03,37.49,17.63
644000,5330.32,-245.05,-243.47,41.84,40.71,6.93,31.39,2,40.23,18.3
644100,5330.32,-246.09,-243.72,41.48,40.85,6.89,31.56,2.18,40.97,17.55
644200,5327.41,-246.47,-243.52,41.46,41.19,6.81,31.17,1.78,38.34,17.2
644300,5334.9,-246.64,-243.81,41.72,40.73,6.49,31.73,2.34,41.01,17.79
644400,5340.72,-245.35,-244.22,41.36,40.97,6.85,31.41,2.02,44.21,17.95
644500,5333.23,-245.1,-243.81,41.46,41.13,6.49,31.59,2.2,34.73,17.71
644600,5331.15,-244.85,-243.56,41.7,40.67,6.71,31.6,2.21,41.74,17.55
644700,5331.98,-244.8,-243.64,41.46,40.67,6.89,31.68,2.29,38.11,17.47
644800,5336.56,-244.85,-243.43,41.7,40.73,6.81,31.61,2.22,39.19,17.87
644900,5338.23,-245.47,-243.85,41.46,40.79,6.95,31.58,2.2,36.98,17.83
645000,5334.48,-245.8,-243.56,41.52,40.75,6.63,31.7,2.31,40.85,17.28
645100,5333.65,-244.89,-243.27,41.56,40.95,6.67,31.48,2.09,36.94,18.02
645200,5331.98,-245.35,-243.47,41.7,40.67,6.57,31.69,2.3,38.22,17.91
645300,5331.57,-245.39,-243.85,41.64,40.95,6.93,31.19,1.8,36.75,17.63
645400,5333.65,-245.51,-243.85,41.62,40.73,6.59,31.58,2.2,36.48,17.2
645500,5330.74,-246.64,-244.22,41.36,40.87,7.04,31.16,1.77,39.38,18.02
645600,5339.89,-246.64,-244.31,41.34,40.85,6.95,31.58,2.19,38.76,17.47
645700,5333.65,-245.93,-243.68,41.88,40.73,7.08,31.28,1.89,38.14,17.67
645800,5332.4,-245.47,-243.77,41.46,40.71,6.43,31.55,2.16,36.98,17.83
645900,5332.82,-247.3,-244.56,41.28,40.93,7.12,31.48,2.09,38.03,17.16
646000,5331.15,-245.51,-243.85,41.52,40.89,6.83,31.85,2.46,38.18,18.1
646100,5332.82,-245.26,-243.97,41.62,40.77,6.91,31.45,2.06,43.78,18.5
646200,5344.05,-244.8,-243.35,41.52,41.13,6.98,31.5,2.12,38.07,16.72
646300,5337.81,-245.55,-244.35,41.36,41.15,6.93,31.47,2.08,38.45,17.24
646400,5332.4,-246.05,-243.68,41.44,40.79,6.59,31.37,1.98,43.55,17.91
646500,5335.31,-245.47,-243.64,41.7,40.77,6.83,31.29,1.9,36.32,17.47
646600,5330.74,-245.22,-244.1,41.58,40.69,7.12,31.44,2.05,43.59,17.83
646700,5341.97,-246.47,-244.18,41.36,40.87,6.59,31.19,1.8,39.88,17.87
646800,5342.8,-244.72,-244.06,41.54,40.55,6.96,31.74,2.35,37.95,17.99
646900,5340.31,-244.22,-243.93,41.62,40.53,7.4,31.26,1.87,38.96,17.31
647000,5333.23,-246.3,-243.43,41.58,40.99,6.59,31.23,1.84,41.47,17.99
647100,5336.15,-245.47,-243.97,41.82,40.71,6.73,31.19,1.8,41.2,16.88
647200,5339.06,-245.64,-244.47,41.46,40.95,7.14,31.16,1.77,39.73,17.91
647300,5339.06,-245.68,-243.97,41.48,40.89,6.81,31.29,1.91,37.6,17.31
647400,5342.8,-243.39,-243.27,41.66,40.89,6.75,31.1,1.71,37.21,17.91
647500,5329.07,-246.59,-243.77,41.42,40.81,6.59,31.15,1.77,40.85,17.31
647600,5334.9,-245.93,-243.64,41.66,40.67,6.83,30.98,1.6,36.17,17.39
647700,5346.96,-244.18,-243.81,41.68,41.31,6.71,31.24,1.85,33.26,17.28
647800,5334.07,-245.14,-243.81,41.3,40.63,6.73,31.03,1.64,43.9,17.31
647900,5342.39,-246.59,-243.77,41.66,41.13,6.89,31.55,2.16,38.76,18.06
648000,5337.39,-247.01,-244.35,41.58,40.67,7,31.27,1.88,32.98,17.24
648100,5331.98,-246.59,-244.68,41.66,40.87,6.96,31.17,1.78,35.47,17.16
648200,5335.73,-245.64,-243.93,41.4,40.75,6.89,31.35,1.97,36.75,17.51
648300,5332.82,-245.97,-244.06,41.48,40.87,6.75,31.38,1.99,42.12,17.59
648400,5347.38,-245.6,-244.18,41.3,40.91,6.59,31,1.61,35.35,17.35
648500,5327.82,-245.3,-243.35,41.46,40.79,6.79,31.56,2.18,36.44,18.14
648600,5333.23,-244.64,-244.43,41.56,41.03,6.95,30.99,1.6,37.06,18.26
648700,5340.31,-245.93,-243.72,41.22,40.89,6.69,31.16,1.77,38.18,17.31
648800,5345.71,-246.14,-243.85,41.5,40.79,6.53,31.17,1.79,44.75,17.55
648900,5335.73,-245.6,-243.64,41.9,41.09,6.93,31.35,1.96,40.81,17.63
649000,5348.63,-246.14,-244.1,41.66,40.91,6.89,30.81,1.42,37.25,17.24
649100,5327.82,-244.93,-243.85,41.7,40.77,6.79,31.46,2.08,36.79,17.2
649200,5339.06,-246.84,-243.64,41.58,40.93,6.91,31.17,1.78,40.35,18.22
649300,5345.3,-246.76,-243.6,41.4,40.87,7.38,31.31,1.92,41.55,17.04
649400,5334.07,-244.93,-243.85,41.72,40.83,6.75,31.27,1.89,36.79,17.51
649500,5334.48,-245.76,-244.31,41.48,41.29,6.79,31.22,1.83,37.29,17.39
649600,5343.22,-245.89,-243.81,41.44,40.85,6.73,31.29,1.91,43.94,17.63
649700,5326.58,-246.93,-243.31,41.4,40.95,6.55,31.4,2.01,33.02,17.04
649800,5338.64,-245.64,-243.47,41.14,40.99,6.91,31.33,1.94,44.28,17.59
649900,5335.31,-247.18,-243.93,41.52,40.71,6.87,31.11,1.72,38.69,17.59
650000,5331.98,-244.43,-244.18,41.42,40.67,6.83,31.46,2.08,35.39,17.87
650100,5337.39,-245.64,-244.22,41.34,40.81,6.85,31.32,1.93,35.16,17
650200,5332.4,-245.1,-243.72,41.46,41.01,6.81,31.69,2.3,41.2,17.16
650300,5333.23,-246.97,-244.06,41.46,40.83,6.77,31.23,1.85,40.19,17.35
650400,5338.64,-246.18,-243.68,41.72,40.73,6.67,31.46,2.08,35.51,18.18
650500,5331.98,-244.39,-243.72,41.46,40.79,6.65,31.29,1.9,33.14,17.79
650600,5331.98,-246.88,-243.18,41.66,40.81,6.51,31.51,2.12,38.61,17.99
650700,5332.82,-245.76,-243.81,41.62,40.63,6.53,31.42,2.04,43.67,17
650800,5331.98,-244.8,-243.77,41.64,40.81,6.96,31.46,2.07,37.91,17.04
650900,5334.07,-244.6,-244.1,41.62,40.83,6.93,31.17,1.78,34.34,16.8
651000,5333.65,-244.56,-243.93,41.56,40.69,6.91,31.45,2.06,40.27,18.54
651100,5336.15,-245.35,-243.68,41.34,41.05,6.63,31.24,1.85,36.17,17.39
651200,5331.98,-244.06,-243.85,41.48,40.77,6.89,31.78,2.39,39.73,17.59
651300,5333.65,-245.51,-244.06,41.46,40.93,6.63,31.42,2.04,41.7,17.24
651400,5338.64,-244.6,-244.1,41.44,40.81,6.77,31.5,2.12,40.5,17.31
651500,5338.23,-244.47,-243.93,41.44,41.09,5.89,31.56,2.17,38.72,16.96
651600,5329.49,-244.1,-243.43,41.56,40.71,6.93,31.49,2.1,46.67,17.91
651700,5338.23,-246.18,-243.68,41.54,40.73,6.67,31.65,2.26,42.97,17.67
651800,5343.63,-245.3,-243.72,41.48,40.81,6.85,31.46,2.07,43.67,17.47
651900,5343.63,-245.84,-243.77,41.34,40.97,6.79,31.56,2.17,39.61,18.14
652000,5333.23,-243.81,-244.18,41.42,40.97,6.77,31.32,1.93,36.59,17.79
652100,5332.82,-243.6,-243.89,41.4,40.91,6.83,31.27,1.89,46.21,18.18
652200,5331.98,-244.6,-243.81,41.64,40.63,7.04,31.23,1.84,44.75,17.12
652300,5338.64,-246.01,-244.39,41.32,40.77,6.77,31.52,2.13,36.05,17.31
652400,5346.96,-246.88,-243.85,41.4,40.91,6.85,31.27,1.89,44.71,17.63
652500,5339.47,-244.89,-244.26,41.72,40.87,6.81,31.33,1.95,33.57,17.79
652600,5343.22,-244.68,-243.93,41.34,41.11,6.47,31,1.61,43.36,16.88
652700,5327.82,-245.8,-243.56,41.48,40.95,6.87,31.15,1.77,44.24,18.1
652800,5336.98,-244.6,-243.43,41.48,40.95,6.77,31.14,1.75,39.19,17.35
652900,5331.57,-246.34,-243.93,41.6,40.45,6.61,31.44,2.05,37.14,17.79
653000,5339.06,-245.93,-243.77,41.46,40.75,6.81,31.58,2.2,40.35,17.67
653100,5349.04,-245.39,-243.77,41.48,40.71,6.87,31.14,1.75,31.27,18.06
653200,5352.79,-245.3,-243.72,41.46,41.01,6.69,31.11,1.73,40.08,17.99
653300,5327.41,-247.01,-243.56,41.42,40.79,6.83,31.16,1.77,32.6,17.87
653400,5330.74,-246.8,-243.81,41.42,40.75,6.77,31.17,1.79,33.68,17.67
653500,5340.31,-245.97,-243.93,41.44,40.99,7.04,31.42,2.04,42.78,18.06
653600,5335.31,-245.93,-244.47,41.7,40.65,6.67,31.25,1.86,36.71,17.2
653700,5332.4,-246.68,-243.85,41.44,40.87,6.85,31.02,1.63,36.05,17.67
653800,5331.98,-243.72,-244.26,41.6,40.95,6.89,31.56,2.17,36.05,17.55
653900,5345.71,-246.05,-244.14,41.28,40.77,6.69,30.86,1.47,37.02,17.31
654000,5339.47,-246.26,-243.43,41.26,41.01,7,31.22,1.83,40.31,17.87
654100,5345.3,-244.8,-243.97,41.48,40.81,6.71,31.1,1.71,40.77,17.39
654200,5340.31,-246.59,-244.01,41.68,40.89,6.77,31.29,1.9,33.45,17.79
654300,5333.23,-245.68,-243.89,41.38,40.71,6.57,31.03,1.64,42.97,17.71
654400,5336.98,-246.26,-244.43,41.76,40.95,6.91,31.37,1.98,39.03,17.55
654500,5330.32,-246.59,-244.01,41.44,41.15,6.81,31.06,1.68,37.8,17.79
654600,5337.81,-244.76,-243.77,41.36,40.87,6.59,31.11,1.72,36.56,18.02
654700,5336.15,-245.3,-243.6,41.66,40.97,6.79,31.52,2.14,40.93,16.72
654800,5331.15,-245.97,-243.68,41.64,40.87,6.71,31.42,2.04,39.3,17.51
654900,5339.89,-246.72,-244.56,41.5,40.99,6.87,31.29,1.9,34.89,17.67
655000,5333.23,-244.35,-243.85,41.42,40.81,6.83,31.21,1.82,38.11,17.28
655100,5344.47,-246.64,-244.31,41.46,40.97,6.75,31.37,1.98,37.06,17.55
655200,5338.64,-244.85,-243.97,41.38,40.75,6.41,31.17,1.79,41.74,17.24
655300,5334.48,-244.56,-243.52,41.34,40.73,7,31.39,2,39.73,18.02
655400,5332.4,-245.35,-244.01,41.76,40.79,7,31.43,2.04,38.45,17.31
655500,5334.9,-246.47,-244.01,41.38,40.83,7,31.27,1.89,40,17.79
655600,5336.56,-243.35,-244.22,41.48,40.77,6.73,31.21,1.83,42.09,16.6
655700,5339.06,-245.3,-243.68,41.44,40.65,6.95,31.16,1.77,35.28,17.12
655800,5345.3,-247.59,-244.39,41.48,40.85,6.87,31.31,1.93,41.47,17.51
655900,5339.47,-244.97,-243.52,41.56,40.71,6.79,31.42,2.04,37.95,17.63
656000,5338.23,-246.14,-243.93,41.34,40.81,7.06,31.52,2.13,39.58,18.22
656100,5342.8,-247.01,-244.47,41.36,40.85,6.91,31.37,1.98,35.12,17.08
656200,5342.8,-246.22,-244.1,41.78,40.91,6.55,31.5,2.11,38.41,17.51
656300,5331.57,-245.8,-243.43,41.46,40.81,7.08,31.31,1.92,43.24,17.47
656400,5343.63,-245.47,-244.39,41.54,40.91,6.81,31.35,1.97,39.19,17.55
656500,5334.9,-245.26,-243.97,41.8,41.15,6.83,31.4,2.01,38.92,17.2
656600,5340.31,-246.39,-243.81,41.34,40.73,6.75,31.29,1.91,40.81,17.79
656700,5329.07,-245.55,-243.64,41.52,40.85,7.14,31.18,1.79,36.36,17.55
656800,5340.72,-246.34,-243.72,41.42,40.79,6.96,31.33,1.94,33.3,17.87
656900,5348.63,-246.09,-244.22,41.42,40.81,6.77,31.2,1.81,41.55,17.43
657000,5329.9,-246.39,-243.89,41.34,40.85,6.77,31.29,1.91,41.78,17.2
657100,5343.22,-246.93,-243.89,41.44,40.87,7.1,31.22,1.83,42.86,18.14
657200,5344.47,-246.84,-244.14,41.32,40.83,6.89,31.29,1.91,34.54,17.16
657300,5343.22,-245.97,-243.89,41.64,40.95,6.69,31.1,1.71,47.59,18.26
657400,5341.97,-246.22,-244.68,41.52,40.79,6.87,31.14,1.75,40.93,17.59
657500,5342.39,-248.09,-243.56,41.56,40.89,6.65,31.25,1.86,41.24,17.12
657600,5342.8,-246.84,-243.43,41.52,41.05,6.59,31.16,1.77,42.82,17.79
657700,5329.49,-245.93,-244.47,41.4,40.85,6.81,31.33,1.94,37.18,17.71
657800,5346.13,-245.97,-243.43,41.54,40.63,6.69,31.13,1.74,36.79,17.63
657900,5331.57,-245.1,-243.47,41.58,40.75,6.98,31.07,1.68,38.61,18.18
658000,5332.82,-245.6,-244.06,41.62,40.99,6.83,31.28,1.89,40.04,17.31
658100,5330.32,-244.35,-243.97,41.44,40.65,6.87,31.15,1.77,33.18,17.79
658200,5334.07,-245.8,-243.81,41.74,40.93,6.91,31.21,1.83,42.12,17.12
658300,5333.23,-245.97,-244.51,41.48,40.91,6.98,31.17,1.78,36.56,17.71
658400,5336.15,-244.31,-244.01,41.46,40.97,6.93,31.15,1.77,44.17,17.87
658500,5339.06,-245.51,-243.85,41.76,40.39,6.61,31.42,2.04,36.01,17.2
658600,5337.81,-247.22,-244.06,41.44,40.75,6.67,31.23,1.85,40.39,17.67
658700,5337.39,-246.8,-243.85,41.58,40.93,6.77,31.35,1.97,37.91,17.12
658800,5340.72,-245.64,-244.06,41.66,40.69,6.71,31.29,1.91,39,17.2
658900,5338.64,-244.39,-243.93,41.48,40.69,6.81,31.24,1.85,42.93,18.1
659000,5331.98,-244.97,-244.06,41.64,40.87,6.71,31.23,1.84,38.76,17.04
659100,5341.14,-246.68,-243.68,41.56,40.73,6.75,31.33,1.95,41.24,17.75
659200,5333.65,-247.92,-244.06,41.66,41.11,6.96,31.17,1.79,39.85,17.39
659300,5348.21,-245.8,-243.89,41.36,40.67,6.75,31.23,1.85,45.55,18.5
659400,5332.82,-246.09,-244.1,41.48,40.85,6.59,31.32,1.93,44.24,17.75
659500,5339.06,-247.84,-244.26,41.72,40.99,6.93,31.16,1.77,41.24,17.39
659600,5340.72,-245.84,-243.93,41.46,40.83,6.85,31.21,1.83,35.08,17.16
659700,5335.31,-246.43,-244.31,41.46,40.99,6.95,31.21,1.83,39.85,18.73
659800,5334.07,-245.47,-243.68,41.54,40.71,6.77,31.38,1.99,41.58,17.55
659900,5332.82,-244.76,-243.89,41.76,41.03,6.87,31.35,1.97,42.16,17.51
660000,5336.98,-246.72,-244.01,41.72,40.95,6.83,31.28,1.89,42.2,18.38
660100,5331.15,-246.97,-244.26,41.2,40.91,6.89,31.25,1.87,40.54,17.43
660200,5332.4,-243.93,-243.68,41.64,40.95,6.85,31.24,1.85,39.46,17.83
660300,5338.64,-246.22,-243.77,41.58,40.95,6.81,31.4,2.01,40.58,17.99
660400,5339.89,-245.84,-244.22,41.32,40.79,6.41,31.37,1.98,36.25,17
660500,5347.79,-245.22,-243.81,41.8,40.91,6.81,31.24,1.85,44.21,17.59
660600,5345.3,-244.1,-243.85,41.7,40.83,6.93,31.31,1.92,36.25,18.14
660700,5338.64,-247.09,-244.22,41.46,40.75,6.89,31.27,1.89,37.99,17.91
660800,5339.89,-246.34,-244.35,41.54,40.81,6.81,31.48,2.1,34.85,17.67
660900,5333.65,-246.72,-244.06,41.56,40.89,6.85,31.2,1.81,46.9,17.16
661000,5337.39,-246.76,-244.72,41.36,40.99,6.55,31.35,1.96,34.42,17.83
661100,5340.72,-246.3,-243.97,41.62,40.87,6.83,31.29,1.9,46.48,17.39
661200,5338.64,-245.47,-244.26,41.38,40.89,6.61,31.42,2.04,31.35,17.2
661300,5335.31,-245.68,-244.56,41.5,40.75,6.77,31.18,1.79,36.17,17.79
661400,5336.15,-247.67,-244.51,41.46,40.87,6.73,31.27,1.89,36.67,17.67
661500,5342.8,-245.26,-244.31,41.32,40.87,6.89,31.37,1.98,35.9,17.79
661600,5338.64,-245.64,-243.93,41.84,40.91,6.81,31.18,1.79,38.69,17.91
661700,5347.38,-244.06,-243.93,41.5,40.89,6.93,31.35,1.96,41.12,17.12
661800,5326.58,-247.01,-244.68,41.44,40.83,6.89,31.28,1.89,37.6,17.51
661900,5334.9,-246.59,-244.18,41.52,40.93,6.93,31.17,1.79,39.5,17.51
662000,5341.55,-245.6,-244.06,41.5,40.85,6.73,31.28,1.89,41.31,17.67
662100,5336.56,-246.76,-244.26,41.56,40.95,6.89,31.23,1.85,41.78,16.68
662200,5336.56,-245.93,-244.06,41.42,40.77,6.71,31.23,1.84,35.28,17.39
662300,5338.23,-246.8,-244.26,41.38,40.89,6.96,31.12,1.73,40,17.63
662400,5345.3,-244.1,-244.43,41.68,40.71,6.59,31.18,1.79,39.3,17.35
662500,5332.4,-247.01,-244.47,41.62,40.77,6.73,31.29,1.91,45.55,17.59
662600,5341.97,-246.05,-243.93,41.62,40.85,6.95,31.1,1.71,40.66,17.59
662700,5332.4,-246.14,-244.01,41.56,40.75,6.79,31.33,1.95,38.96,17.24
662800,5339.47,-246.88,-244.47,41.42,40.85,6.73,31.25,1.86,37.95,17.55
662900,5332.82,-246.22,-243.81,41.56,40.97,6.95,31.27,1.89,42.86,17.75
663000,5344.88,-246.09,-244.22,41.54,40.89,6.81,31.2,1.81,36.56,17.75
663100,5339.47,-247.09,-244.26,41.58,40.79,6.77,31.24,1.85,38.61,17.87
663200,5335.31,-245.43,-243.97,41.48,40.73,6.83,31.22,1.83,40.66,17.43
663300,5336.56,-246.59,-243.77,41.4,41.03,7.02,31.38,1.99,40,17.16
663400,5341.55,-246.05,-244.51,41.68,40.71,6.65,31.05,1.66,39.58,18.42
663500,5343.63,-245.89,-244.47,41.66,40.61,6.71,31.21,1.82,35,17.28
663600,5338.23,-246.72,-244.18,41.54,40.79,7.06,31.42,2.03,36.09,17.83
663700,5339.89,-246.09,-243.81,41.2,40.97,6.93,31.39,2,41.66,18.26
663800,5336.56,-246.76,-243.68,41.64,41.01,6.87,31.31,1.92,35.9,18.18
663900,5339.89,-246.51,-244.1,41.36,40.75,6.71,31.35,1.97,41.74,17.47
664000,5333.65,-245.8,-244.26,41.6,41.13,6.79,31.32,1.93,36.48,17.87
664100,5337.81,-246.14,-243.89,41.48,40.79,6.85,31.41,2.02,45.78,17.08
664200,5338.23,-246.01,-244.26,41.78,40.71,6.73,31.33,1.94,37.06,17.47
664300,5340.31,-246.39,-243.72,41.48,41.25,6.87,31.38,1.99,43.94,17.43
664400,5338.23,-245.84,-244.22,41.56,40.63,6.07,31.3,1.91,39.65,17.75
664500,5336.56,-245.43,-244.06,41.4,40.63,6.91,31.25,1.87,33.61,17.59
664600,5343.22,-245.64,-244.35,41.38,41.03,6.73,31.3,1.91,39.96,17.24
664700,5339.06,-246.59,-244.06,41.64,40.99,6.85,31.35,1.96,37.76,17.67
664800,5335.73,-245.76,-244.35,41.42,40.89,6.49,31.29,1.91,37.49,17.67
664900,5336.15,-245.47,-244.35,41.7,40.97,6.79,31.32,1.93,39.15,17.63
665000,5334.07,-246.55,-243.93,41.4,40.83,6.75,31.33,1.95,42.16,17.47
665100,5341.14,-245.89,-244.1,41.42,40.75,7.04,31.39,2,44.55,18.54
665200,5340.31,-247.22,-244.26,41.46,40.81,6.91,31.16,1.77,39.03,17.75
665300,5338.23,-245.97,-243.93,41.52,40.83,6.67,31.28,1.89,40.81,17.35
665400,5335.73,-245.93,-244.1,41.5,40.75,6.79,31.44,2.06,35.39,18.06
665500,5340.72,-246.55,-244.26,41.46,40.73,6.63,31.25,1.86,39.92,16.96
665600,5337.39,-245.76,-244.01,41.52,40.67,6.73,31.19,1.81,38.69,17.35
665700,5338.23,-245.76,-244.1,41.48,40.71,7.18,31.43,2.04,40.39,17.28
665800,5341.97,-246.76,-244.01,41.44,40.87,6.75,31.15,1.77,36.71,17.2
665900,5337.81,-246.18,-244.18,41.44,40.89,6.71,31.35,1.96,37.68,17.51
666000,5334.07,-247.09,-244.18,41.58,40.89,6.96,31.27,1.89,40.93,17.28
666100,5341.97,-247.43,-244.26,41.58,40.75,6.95,31.36,1.97,37.99,17.39
666200,5340.72,-245.97,-244.06,41.54,40.89,6.91,31.34,1.95,44.59,17.39
666300,5336.56,-246.68,-244.51,41.46,40.65,6.65,31.25,1.87,40,17.24
666400,5338.23,-246.47,-243.68,41.44,40.77,6.79,31.5,2.11,32.98,17.2
666500,5339.89,-245.6,-244.1,41.66,41.11,7.06,31.41,2.02,41.35,17.51
666600,5334.07,-246.93,-244.18,41.62,40.91,6.41,31.17,1.78,42.09,17.67
666700,5336.98,-245.55,-243.97,41.68,41.05,6.93,31.21,1.83,40.31,17.71
666800,5339.89,-245.35,-244.47,41.8,40.73,6.75,31.28,1.89,33.53,18.18
666900,5336.15,-245.64,-244.1,41.6,41.15,7.7,31.34,1.95,42.32,17.35
667000,5336.98,-246.01,-244.26,41.78,40.85,7.56,31.2,1.81,37.33,17.91
667100,5347.38,-246.26,-244.31,41.52,41.01,7.44,31.19,1.81,38.92,17.51
667200,5340.31,-246.43,-244.22,41.62,40.83,7.56,31.37,1.98,34.97,17.63
667300,5337.81,-247.09,-243.97,41.9,41.17,7.5,31.46,2.08,40.12,17.08
667400,5335.73,-245.72,-244.47,41.58,40.65,7.64,31.21,1.82,42.7,17.28
667500,5332.4,-245.47,-244.8,41.7,40.85,7.4,31.19,1.81,36.79,17.28
667600,5342.39,-246.68,-244.01,41.88,40.93,7.64,31.28,1.89,38.38,18.1
667700,5338.64,-245.72,-244.35,41.72,41.01,7.98,31.24,1.85,37.64,17.43
667800,5342.39,-247.13,-244.22,42.04,41.19,7.64,31.35,1.97,38.41,18.1
667900,5339.06,-245.89,-244.68,41.66,40.95,7.22,31.33,1.94,38.34,17.95
668000,5342.8,-245.76,-244.26,41.64,40.73,7.76,31.28,1.89,39.61,17.35
668100,5345.71,-246.05,-244.35,41.86,40.87,7.58,31.32,1.93,31.86,17.59
668200,5342.8,-246.55,-244.56,41.82,41.31,7.36,31.29,1.9,39.23,17.83
668300,5341.97,-246.05,-244.14,41.58,40.97,7.46,31.29,1.9,38.11,17.59
668400,5338.23,-246.68,-244.18,41.86,40.85,7.62,31.35,1.96,42.51,17.99
668500,5338.64,-246.22,-243.97,41.66,41.07,7.58,31.23,1.85,38.3,17.43
668600,5344.88,-246.43,-244.18,41.68,41.11,7.4,31.19,1.81,36.48,17.2
668700,5349.04,-247.47,-244.14,41.62,41.07,7.6,31.29,1.9,41.89,17.55
668800,5334.07,-245.93,-244.51,41.92,40.03,7.32,31.46,2.08,36.05,18.18
668900,5335.31,-245.51,-244.31,42.06,39.77,7.94,31.35,1.96,37.99,16.92
669000,5338.23,-245.55,-244.31,41.84,39.67,7.64,31.21,1.82,39.23,17.39
669100,5341.97,-245.97,-244.39,41.7,40.11,7.4,31.26,1.87,36.28,17.71
669200,5331.57,-245.76,-244.35,41.88,39.79,7.76,31.27,1.88,41.58,17.43
669300,5337.39,-246.88,-244.31,41.96,39.45,7.32,31.48,2.09,34.58,17.55
669400,5334.07,-245.76,-244.31,41.84,39.31,7.44,31.35,1.96,42.82,17.71
669500,5337.39,-246.47,-244.01,41.6,39.37,7.64,31.35,1.96,39.23,17.31
669600,5345.3,-245.3,-244.8,41.72,39.21,7.5,31.35,1.96,34.62,18.06
669700,5345.3,-247.09,-244.35,42.04,39.27,7.3,31.48,2.1,34.65,18.3
669800,5344.47,-246.55,-244.64,41.86,39.29,7.32,31.5,2.11,35.04,17
669900,5339.47,-245.68,-244.56,41.86,39,7.72,31.21,1.83,39.19,17.43
670000,5340.31,-245.93,-244.22,41.58,38.66,7.52,31.24,1.85,37.41,17.24
670100,5346.96,-244.68,-244.35,41.74,38.58,7.7,31.26,1.87,34.07,17.43
670200,5340.31,-246.3,-244.18,41.92,38.42,7.24,31.64,2.25,40.16,17.95
670300,5336.15,-246.14,-244.18,41.8,38.74,7.48,31.38,1.99,41.31,18.3
670400,5342.8,-247.01,-244.39,41.66,38.98,7.38,31.27,1.89,38.26,17.91
670500,5339.06,-246.34,-244.56,41.9,39.16,7.34,31.46,2.07,36.48,17.16
670600,5338.64,-246.72,-244.26,41.92,39.21,7.38,31.46,2.08,41.04,18.54
670700,5341.14,-244.89,-243.93,41.64,39.35,7.32,31.24,1.85,40.5,16.84
670800,5345.3,-246.84,-244.6,41.92,39.08,7.5,31.35,1.97,38.8,17.99
670900,5340.31,-246.76,-244.56,41.96,39.18,7.46,31.31,1.92,40.7,17.59
671000,5342.39,-245.18,-243.81,41.82,39.47,7.32,31.35,1.97,38.8,17.55
671100,5339.47,-247.13,-243.93,41.82,39.23,7.2,31.53,2.14,40.12,17.79
671200,5341.14,-246.64,-244.18,41.86,39.35,7.24,31.08,1.69,37.25,17.59
671300,5343.63,-245.72,-244.43,41.78,39.41,7.68,31.25,1.87,41.85,17.83
671400,5340.72,-246.43,-244.1,41.76,39.31,7.34,31.21,1.83,37.87,17.79
671500,5341.14,-246.43,-244.68,41.66,39.61,7.72,31.3,1.91,39.23,17.67
671600,5338.23,-246.01,-244.6,41.78,39.21,7.52,31.15,1.76,37.99,18.1
671700,5336.98,-245.97,-244.35,41.88,39.21,7.44,31.5,2.12,33.3,17.95
671800,5340.72,-247.51,-244.18,41.6,39.25,7.6,31.25,1.86,35.97,17.55
671900,5342.8,-247.47,-244.56,41.84,39.39,7.6,31.37,1.98,44.4,17.79
672000,5332.82,-246.8,-243.97,41.6,39.1,7.38,31.41,2.02,39.61,17.95
672100,5336.15,-246.88,-244.35,41.72,39.23,7.52,31.38,1.99,35.82,18.02
672200,5343.63,-245.51,-243.93,42.08,39.25,7.34,31.33,1.94,38.61,17.79
672300,5340.31,-244.68,-243.47,41.94,39.31,7.24,31.25,1.87,35.55,18.02
672400,5341.55,-245.89,-244.35,41.88,39.18,7.44,31.11,1.72,34.11,18.73
672500,5339.06,-247.22,-245.01,41.7,39.27,7.78,31.22,1.83,36.01,17.51
672600,5340.72,-246.72,-244.89,41.7,39.71,7.42,31.35,1.96,41.24,18.06
672700,5335.73,-247.13,-244.06,41.82,39.16,7.48,31.21,1.83,39.46,18.1
672800,5347.79,-245.43,-243.97,41.94,39.12,7.68,31.39,2,39.65,17.59
672900,5340.72,-247.18,-244.56,41.86,39.27,7.42,31.09,1.7,39.42,17.16
673000,5336.15,-247.13,-244.31,41.72,39.23,7.3,31.5,2.12,36.25,17.79
673100,5336.98,-246.39,-244.47,41.86,39.49,7.66,31.35,1.96,37.56,18.22
673200,5346.96,-244.85,-243.68,42.21,39.25,7.32,31.48,2.1,32.52,17.59
673300,5342.8,-244.47,-244.85,41.66,39.51,8.02,31.29,1.9,43.2,17.24
673400,5336.15,-247.18,-244.22,41.92,39.31,7.2,31.12,1.73,43.05,17.87
673500,5339.47,-247.18,-244.26,41.7,39.23,7.34,31.13,1.75,33.72,17.83
673600,5341.55,-246.18,-245.22,41.82,39.39,7.84,31.4,2.01,42.86,17.75
673700,5344.88,-245.8,-244.14,41.68,39.27,7.26,31.41,2.02,39.85,18.02
673800,5338.64,-247.01,-244.06,41.64,39.45,7.66,31.29,1.9,37.49,17.83
673900,5340.72,-247.76,-243.93,41.8,39.37,7.54,31.46,2.08,41.85,17.83
674000,5336.15,-248.09,-244.56,41.96,39.04,7.22,31.03,1.64,41.12,17.83
674100,5336.56,-244.93,-244.68,42.15,39.16,7.56,31.06,1.67,41.43,17.51
674200,5344.88,-247.13,-243.89,41.86,39.2,7.84,31.38,1.99,43.44,17.24
674300,5342.8,-246.09,-244.35,41.5,40.89,7.02,31.13,1.74,40.08,17.75
674400,5342.39,-244.76,-244.26,41.32,40.75,6.91,31.33,1.95,37.33,17.31
674500,5335.73,-247.76,-244.01,41.48,40.83,7.18,31.42,2.03,41.47,17.63
674600,5341.97,-247.18,-243.72,41.28,41.09,7.18,31.43,2.04,37.72,17.79
674700,5337.39,-246.09,-244.35,41.22,40.67,6.98,31.31,1.93,38.8,17.47
674800,5333.65,-244.76,-244.6,41.58,40.63,7.18,31.31,1.92,37.06,17.75
674900,5350.29,-246.93,-244.26,41.44,41.09,6.91,31.26,1.87,39.3,17.31
675000,5341.55,-246.51,-244.14,41.4,40.69,7.06,31.41,2.02,41.7,17.63
675100,5331.15,-246.34,-244.14,41.54,40.65,6.96,31.25,1.87,35.12,17.83
675200,5346.96,-245.6,-244.1,41.48,40.99,6.89,30.96,1.57,37.14,17.55
675300,5332.82,-243.68,-244.1,41.4,40.65,7.1,31.36,1.97,39.42,17.08
675400,5344.05,-247.63,-244.06,41.38,40.63,7.04,31.21,1.82,35.16,17.2
675500,5333.23,-245.84,-244.06,41.46,40.83,6.69,31.09,1.7,45.78,17.31
675600,5339.89,-247.13,-244.01,41.34,40.63,6.65,31.31,1.93,37.21,17.63
675700,5328.66,-244.6,-245.18,41.46,40.77,6.87,31.23,1.84,35,17.75
675800,5343.63,-245.72,-244.06,41.62,41.07,7.16,31.41,2.02,35.97,17.87
675900,5338.64,-245.68,-244.22,41.46,40.75,6.73,31.25,1.87,40.16,17.71
676000,5336.98,-246.43,-243.81,41.48,40.61,7.24,31.1,1.71,45.82,17.43
676100,5336.56,-245.93,-245.05,41.7,40.51,6.91,31.25,1.87,37.6,17.47
676200,5334.48,-247.13,-244.31,41.06,40.67,6.83,31.29,1.91,41.2,18.38
676300,5345.71,-245.47,-244.47,41.4,40.93,6.89,31.4,2.01,34.89,17.08
676400,5341.97,-247.47,-244.06,41.44,40.89,6.73,31.56,2.17,35.2,17.59
676500,5350.29,-248.13,-244.18,41.26,40.85,7.04,31.5,2.11,38.45,18.26
676600,5340.72,-246.88,-244.1,41.44,40.55,7.04,31.37,1.98,40,16.96
676700,5327.82,-245.39,-244.01,41.46,40.69,6.79,31.39,2,40.66,17.43
676800,5350.71,-247.51,-244.76,41.56,40.73,7.1,31.29,1.91,37.37,18.3
676900,5344.88,-247.09,-244.22,41.66,40.73,7.22,31.11,1.73,45.13,17.79
677000,5340.72,-245.18,-244.26,41.52,40.85,6.95,31.6,2.22,31.12,17.71
677100,5337.81,-245.3,-244.22,41.5,40.65,6.85,31.1,1.71,45.44,17.79
677200,5352.79,-248.22,-244.22,41.6,40.83,7.08,31.3,1.91,40.12,17.95
677300,5343.63,-247.59,-243.93,41.34,40.87,6.89,31.53,2.14,37.02,17.31
677400,5336.56,-245.43,-244.68,41.66,40.53,6.89,31.3,1.91,35.63,17.67
677500,5344.47,-247.34,-244.06,41.4,40.55,6.96,31.46,2.08,41.01,17.91
677600,5338.64,-245.93,-244.01,41.26,40.87,7.18,31.26,1.87,33.64,17.71
677700,5338.64,-244.89,-244.8,41.7,40.63,6.85,31.31,1.93,43.28,17.67
677800,5349.46,-247.8,-243.77,41.44,40.67,6.87,31.27,1.89,34.77,17.59
677900,5335.73,-245.35,-244.47,41.64,40.81,6.65,31.21,1.82,37.21,17.71
678000,5336.98,-245.22,-244.6,41.5,40.77,6.73,31.27,1.89,37.56,17.24
678100,5332.4,-246.22,-244.97,41.6,40.61,6.93,31.11,1.72,40.66,17.51
678200,5344.05,-246.22,-244.6,41.48,40.75,6.91,31.08,1.69,41.55,17.95
678300,5331.98,-245.22,-243.85,41.3,40.81,7.28,31.39,2,40.43,17.35
678400,5341.14,-248.01,-244.18,41.36,40.73,6.75,31.29,1.91,38.38,17.31
678500,5341.14,-245.89,-244.47,41.54,40.69,6.79,31.33,1.95,37.87,17.28
678600,5331.57,-245.64,-243.93,41.3,40.85,7.16,31.18,1.79,36.83,17.67
678700,5331.15,-246.68,-243.93,41.4,40.79,7.18,31.5,2.12,38.07,17.28
678800,5332.82,-244.85,-243.93,41.38,40.93,7.28,31.41,2.02,39.85,17.63
678900,5338.64,-245.6,-244.6,41.44,40.61,6.65,31.05,1.66,40.46,17.16
679000,5350.71,-247.18,-244.85,41.84,40.71,6.77,31.37,1.98,39.42,17.47
679100,5340.31,-244.56,-244.85,41.26,40.93,7.08,31.39,2,35.16,16.96
679200,5341.14,-246.01,-244.06,41.36,40.67,6.81,31.1,1.71,38.65,17.47
679300,5342.39,-245.8,-245.05,41.68,40.49,6.87,31.06,1.68,37.76,17.51
679400,5340.72,-244.76,-243.89,41.5,40.83,7.04,31.15,1.77,40.35,17.59
679500,5344.05,-246.76,-244.31,41.54,40.77,6.81,31.34,1.95,37.21,16.68
679600,5345.3,-247.8,-244.35,41.7,40.93,6.73,31.27,1.88,40.81,17.31
679700,5340.72,-246.14,-244.43,41.42,40.79,6.59,31.18,1.79,42.86,17.12
679800,5339.06,-244.51,-244.43,41.46,40.97,6.93,31.53,2.14,37.14,17.24
679900,5339.06,-245.3,-244.1,41.42,41.13,6.81,31.52,2.14,40.81,17.55
680000,5342.8,-245.51,-244.64,41.56,40.77,6.79,31.39,2,45.4,17.59
680100,5342.39,-246.01,-244.31,41.36,40.77,6.87,31.41,2.02,42.7,17.87
680200,5353.2,-245.93,-244.56,41.66,40.59,6.85,31.38,1.99,41.01,18.3
680300,5340.31,-246.55,-244.51,41.24,40.59,6.85,31.21,1.83,39.58,17.16
680400,5333.23,-244.18,-244.43,41.36,40.71,6.83,31.35,1.96,41.28,17.67
680500,5334.07,-246.93,-243.77,41.44,40.85,6.91,31.33,1.94,36.98,17.24
680600,5337.81,-247.38,-243.85,41.44,40.73,7.12,31.36,1.97,41.43,18.26
680700,5343.63,-243.47,-244.14,41.38,40.87,6.87,31.15,1.76,44.32,17.08
680800,5338.64,-245.26,-244.93,41.6,40.93,6.75,31.07,1.68,37.02,17.59
680900,5340.72,-245.97,-244.43,41.54,40.69,6.67,31.25,1.86,36.67,17.28
681000,5346.13,-246.51,-244.56,41.32,40.69,6.73,31.28,1.89,36.67,17.28
681100,5346.13,-245.3,-244.47,41.36,40.81,6.85,31.26,1.87,37.56,17.99
681200,5344.05,-246.72,-243.97,41.46,40.77,6.63,31.23,1.85,41.01,18.3
681300,5341.97,-245.39,-244.72,41.26,40.69,6.51,31.15,1.76,38.92,17.31
681400,5340.31,-245.76,-244.39,41.52,40.71,6.98,31.17,1.78,41.51,17.67
681500,5339.06,-246.26,-243.85,41.52,40.91,6.96,31.34,1.95,37.02,17.55
681600,5336.56,-246.14,-243.72,41.48,40.99,6.75,31.13,1.75,36.75,16.96
681700,5338.23,-245.72,-243.93,41.44,40.73,6.71,31.16,1.77,41.93,17.47
681800,5334.9,-245.84,-243.68,41.22,40.61,7.02,31.24,1.85,33.18,17.31
681900,5331.98,-245.6,-244.72,41.26,40.91,7.12,31.23,1.85,40.46,17.59
682000,5338.23,-247.84,-244.51,41.48,40.79,7.16,31.2,1.81,37.91,18.34
682100,5338.64,-243.52,-244.18,41.2,40.65,6.71,31.13,1.75,37.14,16.92
682200,5344.05,-247.22,-244.31,41.76,40.75,6.95,31.52,2.13,36.36,17.59
682300,5340.72,-247.18,-244.31,41.36,40.79,6.95,31.17,1.79,36.94,16.96
682400,5353.62,-247.67,-244.6,41.42,40.81,7.2,31.49,2.1,35.16,17.99
682500,5332.82,-245.26,-244.47,41.32,40.69,6.61,31.11,1.73,41.2,16.92
682600,5338.23,-246.93,-244.14,41.32,40.55,6.98,31.02,1.63,36.4,18.14
682700,5334.07,-245.43,-244.43,41.38,40.71,7.22,31.32,1.93,35.2,17.59
682800,5326.16,-245.3,-244.06,41.82,40.93,6.75,31.5,2.11,42.97,17.59
682900,5336.56,-244.97,-244.76,41.36,40.55,7,31.15,1.77,32.63,17.51
683000,5336.56,-245.51,-244.22,41.44,40.77,6.77,31.28,1.89,42.28,17.08
683100,5330.74,-245.8,-243.93,41.3,40.89,7,31.19,1.81,39.07,17.47
683200,5353.62,-246.39,-244.64,41.28,40.65,7.3,31.36,1.97,35.43,16.96
683300,5346.13,-245.22,-244.85,41.44,40.63,7.18,31.44,2.06,39.54,17.31
683400,5340.31,-247.22,-243.97,41.42,40.69,7.08,31.26,1.87,39.88,17.43
683500,5341.55,-245.35,-244.18,41.7,40.91,6.93,31.52,2.14,42.05,17.31
683600,5339.89,-246.59,-244.22,41.6,40.79,7,31.3,1.91,43.32,17.31
683700,5341.55,-246.93,-244.14,41.44,40.69,6.85,31.15,1.77,36.09,16.84
683800,5340.31,-245.8,-244.01,41.72,40.63,6.87,31.31,1.93,39.03,17.2
683900,5345.71,-246.39,-243.89,41.28,40.59,6.77,31.39,2,38.42,17.51
684000,5349.04,-247.72,-244.35,41.3,40.81,6.98,31.26,1.87,38.84,17.04
684100,5334.07,-245.3,-244.85,41.34,40.71,7,31.46,2.07,39.73,17.95
684200,5339.47,-246.14,-244.01,41.44,40.99,6.71,31.46,2.08,32.87,17.28
684300,5335.73,-244.47,-244.43,41.48,40.81,6.93,31.18,1.79,36.13,17.35
684400,5330.74,-245.8,-244.18,41.44,40.85,6.85,31.19,1.8,32.67,18.22
684500,5342.39,-247.88,-244.14,41.32,40.81,6.89,31.19,1.8,40.39,17.87
684600,5339.47,-245.84,-244.68,41.24,40.69,7.18,31.35,1.97,36.36,17.43
684700,5346.55,-246.88,-243.93,41.22,40.77,7,31.1,1.71,41.47,17.31
684800,5329.49,-244.47,-244.89,41.32,40.59,6.98,31.13,1.75,38.96,18.06
684900,5348.21,-246.97,-243.89,41.66,40.91,6.83,31.15,1.76,39.81,17.43
685000,5344.88,-247.18,-244.06,41.18,40.65,6.98,31.21,1.82,40.62,17.24
685100,5331.57,-245.47,-244.68,41.62,40.91,7,31.1,1.71,37.18,17.12
685200,5330.32,-243.31,-244.14,41.42,40.77,6.71,31.23,1.84,43.4,18.38
685300,5339.89,-245.89,-243.93,41.52,40.81,6.93,31.3,1.91,40.23,17.63
685400,5334.48,-244.97,-244.18,41.38,40.71,6.91,31.14,1.75,43.36,17.04
685500,5338.64,-248.59,-244.14,41.4,40.79,7.02,31.23,1.85,35.51,17.55
685600,5348.63,-248.13,-244.1,41.44,40.85,6.91,31.27,1.88,41.97,17.24
685700,5336.56,-244.76,-244.51,41.52,40.59,6.96,31.29,1.9,43.13,17.39
685800,5348.21,-245.55,-244.35,41.24,40.63,6.75,31.29,1.91,41.55,17.39
685900,5338.64,-245.18,-244.43,41.4,40.69,6.96,31.06,1.67,39,17.43
686000,5339.89,-245.89,-244.26,41.48,40.81,6.63,31.33,1.94,40.81,17.43
686100,5335.31,-246.14,-244.31,41.58,40.73,6.96,31.37,1.98,39.58,17.24
686200,5329.9,-245.64,-243.85,41.24,40.81,6.95,31.34,1.95,36.98,17.08
686300,5341.97,-246.39,-244.22,41.52,40.63,6.77,31.27,1.89,43.09,17.24
686400,5344.05,-247.3,-244.68,41.42,40.79,7.04,31.19,1.81,32.95,17.95
686500,5341.97,-248.71,-244.47,41.6,40.83,7.1,31.16,1.77,38.41,17.99
686600,5346.55,-246.01,-244.56,41.36,40.93,6.93,31.33,1.94,38.92,17.83
686700,5342.8,-247.55,-244.39,41.46,40.71,6.98,31.31,1.93,35.97,17.2
686800,5336.98,-246.64,-244.06,41.24,40.81,6.77,31.25,1.87,41.08,17.35
686900,5345.71,-245.97,-244.06,41.44,40.79,6.89,31.39,2,40.93,17.83
687000,5334.48,-244.39,-244.26,41.4,40.79,6.95,31.14,1.75,41.16,17.63
687100,5340.31,-247.18,-244.26,41.5,40.77,7.1,31.41,2.02,35.39,17.59
687200,5342.39,-246.26,-244.6,41.34,40.81,6.85,31.38,1.99,36.87,17.91
687300,5347.38,-247.22,-244.97,41.24,40.79,7.14,31.52,2.13,35.12,17.51
687400,5346.13,-245.72,-244.26,41.4,40.59,6.95,31.36,1.97,40.31,17.47
687500,5342.39,-247.76,-244.89,41.38,40.79,7,31.44,2.06,38.45,17.16
687600,5344.05,-243.97,-243.93,41.52,40.63,7.18,31.21,1.82,40.93,17.39
687700,5339.89,-246.14,-244.22,41.24,40.99,6.75,31.21,1.83,35.78,17.47
687800,5336.98,-245.93,-244.35,41.36,40.85,6.87,31.49,2.1,43.44,17.51
687900,5336.56,-246.43,-244.01,41.4,40.65,6.96,31.27,1.88,39.27,17.08
688000,5340.72,-247.88,-244.97,41.22,40.85,6.85,31.39,2,36.01,17.79
688100,5346.13,-245.76,-244.51,41.36,40.69,7.02,31.44,2.06,38.07,17.39
688200,5341.97,-246.59,-244.01,41.46,40.75,6.89,31.24,1.85,36.79,17.24
688300,5338.64,-247.22,-244.22,41.5,40.75,6.93,31.31,1.93,33.68,17.51
688400,5341.55,-247.38,-244.43,41.52,40.77,6.85,31.33,1.95,43.09,17.71
688500,5346.55,-245.6,-244.43,41.32,40.61,6.91,31.25,1.87,40.27,17.51
688600,5341.55,-247.43,-244.22,41.32,40.73,6.81,31.25,1.86,43.71,17.79
688700,5344.05,-247.09,-244.06,41.42,40.81,6.83,31.18,1.79,35.47,17.31
688800,5337.39,-246.05,-244.26,41.56,40.63,6.81,31.14,1.75,47.55,17.71
688900,5344.05,-245.68,-244.18,41.32,40.91,6.96,31.29,1.91,39.03,17.51
689000,5336.56,-246.34,-244.26,41.64,40.65,6.96,31.19,1.81,33.49,17.75
689100,5344.88,-245.51,-244.06,41.28,40.87,6.75,31.25,1.86,38.26,17.2
689200,5351.95,-245.22,-244.01,41.4,40.65,7.12,31.18,1.79,28.81,17.71
689300,5346.13,-245.72,-244.18,41.56,40.75,6.96,31.23,1.84,47.13,18.06
689400,5343.63,-245.76,-244.35,41.42,40.75,6.89,31.3,1.91,39.5,17.31
689500,5341.97,-245.64,-244.35,41.4,40.71,6.87,31.26,1.87,37.8,17
689600,5342.8,-245.22,-244.43,41.5,40.65,6.83,31.21,1.82,41.35,17.35
689700,5332.4,-246.68,-244.01,41.4,40.87,7.1,31.39,2,43.82,18.54
689800,5339.06,-247.18,-244.22,41.36,40.99,6.87,31.43,2.04,40.16,18.5
689900,5342.39,-246.93,-244.18,41.36,40.69,7.1,31.46,2.07,34.07,18.26
690000,5349.87,-245.76,-244.64,41.58,40.75,6.85,31.4,2.01,35.51,17.24
690100,5336.15,-246.72,-244.1,41.42,40.83,6.95,31.37,1.98,36.56,17.2
690200,5346.13,-246.14,-244.6,41.3,40.79,6.67,31.19,1.8,38.45,17.55
690300,5336.56,-245.39,-244.26,41.5,40.73,6.83,31.4,2.01,37.76,16.6
690400,5338.64,-245.6,-244.39,41.46,40.77,6.69,31.35,1.96,44.09,17.47
690500,5344.47,-246.26,-244.1,41.42,40.81,6.85,31.38,1.99,37.29,17.2
690600,5341.55,-245.72,-244.47,41.4,40.77,6.83,31.41,2.02,42.36,18.02
690700,5342.39,-245.22,-244.72,41.28,40.91,6.85,31.48,2.1,39.3,17.87
690800,5344.05,-245.64,-244.43,41.32,40.81,6.85,31.33,1.94,37.02,16.33
690900,5338.23,-245.93,-244.31,41.32,40.63,6.81,31.39,2,37.14,16.33
691000,5342.39,-246.01,-244.56,41.54,40.71,6.87,31.33,1.95,41.2,17.04
691100,5339.06,-246.68,-244.31,41.56,40.81,6.79,31.15,1.76,40.54,17.04
691200,5344.47,-246.26,-244.72,41.46,40.69,6.69,31.27,1.88,37.06,17.35
691300,5348.21,-246.39,-244.39,41.42,40.71,6.71,31.28,1.89,41.74,16.92
691400,5337.39,-246.01,-244.31,41.56,40.87,6.91,31.31,1.93,40.08,17.63
691500,5336.15,-245.97,-244.22,41.36,40.69,7.08,31.33,1.94,42.12,17.16
691600,5336.56,-246.34,-243.64,41.52,40.81,6.93,31.26,1.87,40.31,17.12
691700,5340.72,-245.26,-244.56,41.36,40.81,6.96,31.21,1.83,38.3,17.16
691800,5340.31,-246.47,-244.22,41.28,40.59,6.93,31.46,2.08,39.19,17.24
691900,5342.39,-245.55,-244.43,41.3,40.85,6.77,31.25,1.87,37.68,17.51
692000,5338.23,-246.72,-244.35,41.46,40.73,6.85,31.2,1.81,39.58,17.55
692100,5344.47,-246.64,-244.18,41.44,40.77,6.91,31.06,1.67,39.96,17.2
692200,5344.05,-246.3,-244.31,41.56,40.75,7.02,31.23,1.84,41.74,17.28
692300,5342.8,-246.64,-244.39,41.38,40.63,7.06,31.15,1.76,39.58,16.8
692400,5336.15,-245.97,-244.18,41.46,40.93,6.79,31.2,1.81,37.6,17.75
692500,5345.71,-245.76,-244.39,41.62,40.83,7,31.23,1.84,37.87,18.54
692600,5338.64,-246.55,-244.6,41.26,40.71,6.95,31.33,1.95,36.87,17.35
692700,5344.05,-245.89,-244.31,41.42,40.71,7.08,31.27,1.88,40.19,17.59
692800,5339.89,-245.47,-244.68,41.6,40.83,6.79,31.27,1.89,48.36,17.71
692900,5341.97,-247.59,-244.43,41.38,40.65,6.81,31.13,1.75,40.93,17.39
693000,5338.23,-246.55,-244.64,41.46,40.87,6.93,31.12,1.73,34.65,17.51
693100,5339.89,-245.76,-243.97,41.28,40.55,6.89,31.35,1.97,35.78,17.39
693200,5337.39,-244.93,-244.14,41.72,40.85,7.02,31.17,1.79,39.38,17.12
693300,5341.97,-246.51,-244.72,41.58,40.79,6.75,31.35,1.97,37.76,17.83
693400,5344.88,-247.3,-244.31,41.32,40.73,6.98,31.32,1.93,36.36,17.24
693500,5342.39,-245.89,-244.43,41.54,40.93,7.1,31.36,1.97,33.72,17.99
693600,5347.38,-246.64,-244.56,41.4,40.77,6.67,31.25,1.87,42.24,17.08
693700,5340.31,-246.22,-244.56,41.5,40.85,6.65,31.38,1.99,41.04,17.28
693800,5339.47,-247.09,-244.8,41.42,40.87,7.08,31.34,1.95,41.16,17.31
693900,5341.14,-247.09,-244.35,41.68,40.93,7,31.36,1.97,35.63,17.39
694000,5346.55,-246.18,-244.47,41.44,40.69,6.81,31.42,2.04,44.36,17.04
694100,5344.47,-246.51,-243.93,41.32,40.79,7.06,31.5,2.12,40.12,18.06
694200,5345.3,-246.09,-244.56,41.4,40.79,6.98,31.37,1.98,36.28,17.75
694300,5332.4,-246.55,-244.56,41.6,40.81,6.83,31.3,1.91,38.14,16.72
694400,5341.97,-246.51,-244.8,41.32,40.87,6.93,31.41,2.02,38.69,17.55
694500,5341.97,-246.43,-244.47,41.28,40.59,6.93,31.34,1.95,43.2,17.24
694600,5341.97,-245.47,-244.64,41.56,40.69,6.89,31.27,1.89,41.89,17.55
694700,5343.63,-247.01,-244.01,41.78,40.95,7,31.28,1.89,37.56,16.6
694800,5340.72,-246.59,-244.47,41.22,40.67,6.87,31.33,1.94,37.29,18.06
694900,5338.64,-245.89,-244.14,41.5,40.93,7,31.25,1.87,39.42,17
695000,5342.39,-245.76,-244.43,41.36,40.61,6.89,31.21,1.82,36.71,17.51
695100,5337.81,-246.84,-243.97,41.46,40.59,6.89,31.14,1.75,35.9,17.16
695200,5350.71,-246.8,-244.35,41.5,40.89,6.83,31.32,1.93,39.58,17.16
695300,5342.39,-245.89,-244.64,41.34,40.59,7.04,31.16,1.77,34.42,17.59
695400,5348.21,-246.26,-244.35,41.48,40.93,6.81,31.21,1.83,33.3,17.43
695500,5346.13,-246.3,-244.01,41.2,40.53,7.54,31.12,1.73,39.5,17.28
695600,5337.81,-246.3,-244.56,41.36,40.75,6.71,31.42,2.04,38.61,17.35
695700,5342.8,-246.22,-244.39,41.46,40.89,7.04,31.13,1.75,36.98,16.8
695800,5344.05,-247.38,-244.72,41.44,40.85,6.85,31.17,1.79,33.96,17.39
695900,5343.22,-246.51,-244.56,41.68,40.97,7.04,31.33,1.95,41.24,17.47
696000,5347.38,-247.63,-244.31,41.3,40.63,6.79,31.13,1.75,37.1,17.39
696100,5341.97,-246.39,-244.51,41.38,40.87,6.98,31.33,1.95,39.19,17.63
696200,5345.71,-247.88,-244.26,41.28,40.75,6.83,31.23,1.85,38.57,17.67
696300,5338.64,-246.55,-244.43,41.8,41.01,7.22,31.19,1.8,41.39,17.39
696400,5345.3,-246.43,-244.22,41.34,40.71,7.14,31.08,1.69,36.25,17.71
696500,5337.81,-246.55,-244.1,41.36,40.65,7.18,31.11,1.73,42.63,17.28
696600,5337.39,-245.05,-244.47,41.5,40.59,7.02,31.17,1.78,35.63,17.87
696700,5335.73,-246.39,-244.68,41.58,40.65,6.93,31.39,2,40.19,16.96
696800,5344.05,-247.34,-244.68,41.4,40.77,6.81,31.33,1.94,38.34,17.67
696900,5350.29,-246.34,-244.26,41.48,40.75,6.93,31.35,1.96,43.47,17.47
697000,5345.3,-247.13,-244.01,41.38,40.77,6.91,31.29,1.91,36.94,17.59
697100,5343.22,-245.76,-244.01,41.4,40.71,6.98,31.31,1.93,40.19,17.31
697200,5340.72,-246.51,-244.06,41.34,40.85,6.81,31.32,1.93,42.59,17.28
697300,5338.23,-245.89,-244.26,41.42,40.81,6.96,31.25,1.86,40.97,17.47
697400,5347.38,-246.39,-244.56,41.28,40.83,7.14,31.21,1.83,42.9,17.39
697500,5346.96,-247.38,-244.8,41.3,40.85,6.69,31.25,1.87,40.85,17.63
697600,5337.81,-246.34,-244.26,41.32,40.93,6.95,31.43,2.04,40.81,17.47
697700,5336.56,-246.72,-244.47,41.24,40.89,6.87,31.11,1.72,38.45,17.55
697800,5339.06,-245.84,-244.18,41.32,40.91,7.02,31.23,1.85,35.2,17.99
697900,5344.05,-245.76,-244.56,41.52,40.65,7.08,31.31,1.93,36.59,16.96
698000,5340.31,-247.84,-244.64,41.42,40.71,6.89,31.24,1.85,40.58,17.71
698100,5338.23,-247.13,-244.56,41.6,40.83,6.89,31.47,2.08,39.69,17.31
698200,5340.72,-244.93,-244.26,41.48,40.79,7.24,31.44,2.05,31.04,17.31
698300,5342.8,-246.43,-244.85,41.42,40.61,7.42,31.27,1.88,34.34,16.68
698400,5340.31,-246.34,-244.18,41.18,40.85,6.89,31.13,1.75,39.58,17.83
698500,5346.55,-247.47,-244.68,41.46,40.77,7.12,31.27,1.88,39.3,17.43
698600,5344.88,-247.22,-245.1,41.48,40.71,7.18,31.02,1.63,43.71,17.28
698700,5347.38,-246.3,-244.89,41.46,40.81,7.32,31.38,1.99,40.19,17.35
698800,5342.8,-247.09,-245.01,41.36,40.91,7.12,31.25,1.86,35.86,17.08
698900,5347.79,-246.59,-244.47,41.12,40.95,7.02,31.06,1.68,40.5,17.55
699000,5346.55,-245.39,-244.47,41.24,40.79,7.08,31.2,1.81,41.74,17.75
699100,5337.39,-247.76,-244.6,41.38,40.61,7.26,31.32,1.93,37.99,17.47
699200,5344.47,-246.26,-244.51,41.36,40.71,6.89,30.97,1.58,40.46,17.63
699300,5342.39,-245.39,-244.31,41.34,40.57,6.93,30.96,1.58,39.69,17.39
699400,5349.04,-246.14,-244.22,41.5,40.89,6.69,31.02,1.64,41.62,17.71
699500,5344.47,-246.09,-244.51,41.28,41.07,6.89,31.21,1.82,37.8,17.71
699600,5339.47,-247.84,-245.26,41.52,40.65,6.83,31.06,1.67,37.02,17.39
699700,5336.15,-246.43,-245.05,41.38,40.85,7.06,31.13,1.75,35.35,17.59
699800,5336.15,-246.39,-244.51,41.42,40.69,6.89,31.38,1.99,43.67,17.63
699900,5344.47,-247.34,-244.51,41.4,40.79,6.95,31.03,1.64,39.96,17.24
700000,5344.47,-245.26,-244.1,41.48,40.61,7.02,31.17,1.78,37.49,17.47
700100,5341.97,-246.8,-244.14,41.5,40.85,5.93,31.57,2.18,38.22,17.79
700200,5346.55,-244.68,-244.1,41.36,40.73,6.91,31.26,1.87,39.77,17.67
700300,5338.23,-246.8,-244.01,41.26,40.67,6.55,31.23,1.84,37.52,17.43
700400,5341.14,-245.6,-244.68,41.6,40.77,6.83,31.57,2.18,40.39,17.59
700500,5341.97,-247.13,-244.22,41.5,40.73,6.79,31.21,1.83,37.68,17.04
700600,5337.81,-246.39,-244.64,41.44,41.03,7.08,31.46,2.07,43.94,17.51
700700,5341.14,-247.92,-245.1,41.42,40.93,6.93,31.3,1.91,37.37,17.43
700800,5346.55,-244.97,-244.43,41.48,40.89,6.95,31.71,2.33,36.13,17.2
700900,5343.22,-246.64,-244.76,41.38,40.69,7.22,31.42,2.03,39.77,16.88
701000,5340.31,-246.51,-244.35,41.56,40.75,7.08,31.13,1.75,35.9,16.96
701100,5337.39,-245.6,-244.72,41.32,40.73,7.02,31.31,1.92,36.63,16.84
701200,5342.8,-248.22,-244.93,41.74,40.61,7.08,31.15,1.76,37.06,17.35
701300,5341.55,-244.93,-244.72,41.28,40.85,7.16,31.13,1.75,41.31,17.79
701400,5342.39,-246.51,-244.39,41.4,40.71,6.69,31.31,1.93,35.35,17.24
701500,5337.81,-248.26,-244.31,41.52,40.59,6.79,31.02,1.64,37.02,17.43
701600,5337.81,-245.97,-244.51,41.36,40.65,7.12,31.24,1.85,38.65,18.1
701700,5340.31,-247.55,-244.6,41.36,40.59,6.75,30.97,1.58,39.88,17.12
701800,5346.13,-245.68,-244.89,41.38,40.73,6.79,31.39,2,42.24,17.67
701900,5336.15,-247.92,-244.93,41.48,40.79,7.18,31.37,1.98,38.84,17.12
702000,5339.06,-246.93,-243.97,41.44,40.77,7.02,31.24,1.85,35.2,17.51
702100,5340.31,-244.68,-244.76,41.4,40.75,6.93,31.24,1.85,36.83,17.2
702200,5336.98,-246.14,-244.01,41.38,40.59,6.89,31.34,1.95,37.41,17.79
702300,5334.07,-247.09,-244.14,41.64,40.71,6.98,31.46,2.08,37.52,17.35
702400,5336.56,-244.18,-244.47,41.32,40.79,6.53,31.02,1.64,42.86,17.31
702500,5341.14,-247.59,-244.01,41.6,39.91,7.1,31.4,2.01,35.51,16.84
702600,5339.47,-245.43,-244.31,41.62,40.79,6.96,31.44,2.06,33.14,16.49
702700,5334.9,-245.14,-244.14,41.66,40.81,6.93,31.45,2.06,33.68,16.88
702800,5334.9,-246.93,-244.01,41.42,40.85,7.04,31.35,1.97,41.31,18.34
702900,5341.55,-246.64,-245.22,41.66,40.87,7.02,31.3,1.91,37.18,16.88
703000,5345.3,-245.22,-244.47,41.74,40.63,6.81,31.19,1.8,33.33,17.55
703100,5336.56,-247.09,-244.1,41.46,40.61,6.91,31.11,1.73,39.11,17.79
703200,5330.32,-245.18,-244.68,41.26,40.87,7.2,31.17,1.78,38.92,17.43
703300,5340.72,-247.67,-244.6,41.3,40.85,6.96,31.18,1.79,34.85,17.59
703400,5339.47,-247.72,-244.43,41.32,40.59,6.75,31.4,2.01,45.01,17.67
703500,5336.15,-246.43,-243.81,41.72,40.67,6.98,31.19,1.81,35.08,17.51
703600,5347.79,-246.8,-244.22,41.42,40.71,6.79,31.5,2.12,37.83,17.16
703700,5340.72,-246.68,-244.56,41.38,41.03,7.02,31.21,1.82,31.97,17.35
703800,5343.22,-246.97,-243.85,41.36,40.73,7.18,31.39,2,40.08,17.79
703900,5338.64,-245.51,-244.85,41.52,40.67,6.63,31.41,2.02,44.21,16.84
704000,5336.98,-244.6,-244.51,41.5,40.55,6.83,31.41,2.02,41.08,17.43
704100,5347.79,-246.47,-244.06,41.44,40.77,6.75,31.06,1.68,28.31,17
704200,5343.22,-247.22,-244.1,41.52,40.73,6.87,31.13,1.75,35.74,17.12
704300,5341.97,-247.47,-244.8,41.54,40.51,6.83,31.25,1.86,41.01,17.2
704400,5354.45,-248.88,-244.31,41.44,40.75,7.02,31.26,1.87,41.35,17
704500,5339.06,-246.26,-244.85,41.3,40.69,7.1,31.21,1.83,39.11,17.67
704600,5336.56,-245.84,-244.06,41.58,40.91,6.83,31.31,1.92,39.42,18.1
704700,5347.79,-246.39,-244.51,41.9,40.67,6.98,31.28,1.89,36.01,17.28
704800,5336.15,-245.51,-244.31,41.24,40.67,6.91,31.32,1.93,41.35,17.35
704900,5345.71,-245.8,-244.1,41.22,40.69,7.08,31.45,2.06,41.58,17.55
705000,5344.88,-246.51,-244.35,41.36,40.73,6.83,31.2,1.81,41.74,17.87
705100,5341.14,-245.14,-244.51,41.28,40.73,6.87,31.35,1.96,42.16,17.75
705200,5347.79,-247.43,-244.56,41.5,40.99,6.69,31.19,1.8,37.21,17.47
705300,5341.97,-245.1,-244.51,41.3,40.83,7.04,31.27,1.89,41.35,18.1
705400,5334.48,-245.68,-244.22,41.36,40.65,6.83,31.22,1.83,46.48,17.39
705500,5343.22,-247.01,-244.68,41.46,40.77,7.28,31.24,1.85,31.08,16.92
705600,5338.64,-246.68,-244.51,41.52,40.69,7.1,31.29,1.9,33.1,17.16
705700,5349.87,-246.01,-244.14,41.12,40.95,6.95,31.46,2.07,37.76,17.35
705800,5349.87,-247.22,-244.56,41.4,40.71,6.81,31.39,2,42.09,17.35
705900,5348.21,-247.63,-244.43,41.24,40.89,6.98,31.47,2.08,33.99,17.39
706000,5342.39,-244.26,-244.6,41.34,40.75,6.81,31.5,2.11,37.99,17.95
706100,5342.39,-247.88,-244.97,41.42,40.75,6.79,31.29,1.9,36.09,17.59
706200,5348.21,-245.55,-244.89,41.3,40.57,7.34,31.48,2.1,38.26,17.87
706300,5339.47,-245.51,-244.26,41.38,40.61,7.04,31.41,2.02,39.38,17.67
706400,5337.81,-248.51,-244.64,41.42,40.85,6.71,31.29,1.9,38.92,17.59
706500,5343.22,-247.84,-244.76,41.46,40.73,7,31.27,1.89,40.12,16.96
706600,5345.71,-245.8,-244.14,41.36,40.81,6.83,31.33,1.94,35.12,17.71
706700,5342.8,-247.01,-244.6,41.4,40.85,7.1,31.16,1.77,36.13,17.47
706800,5340.72,-247.01,-244.6,41.34,40.89,6.69,31.21,1.82,35.31,17.95
706900,5338.64,-247.67,-244.64,41.52,40.97,6.73,31.18,1.79,42.09,17.43
707000,5341.55,-247.67,-244.43,41.4,40.83,6.93,31.11,1.72,39.3,17.83
707100,5346.96,-245.26,-244.22,41.42,40.83,6.85,31.27,1.89,39.85,17.75
707200,5343.63,-247.51,-244.31,41.36,40.91,6.89,31.25,1.86,41.28,18.06
707300,5345.71,-245.89,-243.97,41.5,40.71,6.77,31.3,1.91,43.44,17.51
707400,5344.05,-245.76,-244.14,41.1,40.71,6.96,31.2,1.81,33.84,17.71
707500,5335.73,-247.51,-245.14,41.48,40.75,6.79,31.41,2.02,40.73,17.51
707600,5338.23,-246.01,-244.14,41.34,40.65,6.98,31.17,1.79,29.48,18.1
707700,5339.89,-246.8,-244.35,41.36,40.65,7.16,31.14,1.75,32.98,17.79
707800,5341.97,-245.89,-244.22,41.3,40.83,6.85,31.23,1.84,40.08,17.71
707900,5341.97,-247.18,-244.64,41.6,40.83,6.96,31.2,1.81,37.6,17.43
708000,5338.64,-246.3,-244.31,41.58,41.01,7.02,31.13,1.75,40.66,17.35
708100,5340.72,-245.97,-244.6,41.26,40.65,6.65,31.11,1.73,39.15,17.55
708200,5338.64,-246.97,-244.14,41.44,40.69,6.85,31.23,1.84,40.7,17.59
708300,5332.82,-247.55,-244.1,41.42,40.75,6.83,31.23,1.84,41.89,17.43
708400,5348.63,-244.97,-244.64,41.48,40.95,6.91,31.25,1.87,41.58,17.51
708500,5339.89,-245.68,-244.31,41.44,40.63,6.96,31.25,1.87,36.63,16.96
708600,5340.31,-247.59,-244.31,41.38,39.25,6.89,31.21,1.82,39.85,18.14
708700,5344.47,-247.92,-244.35,41.44,40.83,7.2,31.1,1.71,36.52,17.71
708800,5342.8,-245.51,-244.51,41.32,40.75,6.77,31.12,1.73,37.76,18.26
708900,5340.31,-246.84,-244.64,41.62,40.65,6.93,31.39,2,37.56,17.12
709000,5341.97,-247.01,-244.35,41.42,40.71,6.79,31.38,1.99,35.74,17.91
709100,5340.31,-245.89,-244.1,41.4,40.77,7.12,31.35,1.96,37.6,17.79
709200,5337.39,-247.34,-244.47,41.32,40.67,7,31.23,1.85,34.19,17.47
709300,5345.3,-245.01,-244.14,41.26,40.73,6.89,31.2,1.81,33.64,17.43
709400,5341.14,-246.39,-244.6,41.44,40.95,6.81,31.26,1.87,40.16,17.67
709500,5347.79,-246.39,-244.64,41.32,40.79,6.95,31.3,1.91,38.11,17.59
709600,5349.04,-246.64,-244.97,41.54,40.65,6.87,31.22,1.83,39.07,17.55
709700,5336.98,-245.93,-244.26,41.36,40.75,6.98,31.27,1.88,36.17,17.16
709800,5342.8,-245.26,-244.97,41.34,40.67,7.12,31.21,1.83,33.99,17.51
709900,5340.31,-246.72,-244.26,41.54,40.91,6.95,31.57,2.18,37.49,17.87
710000,5356.53,-247.3,-244.89,41.56,40.73,7.04,31.46,2.08,41.24,17.63
710100,5346.96,-245.14,-244.18,41.34,40.85,6.59,31.42,2.03,38.03,17
710200,5337.39,-246.3,-244.18,41.5,40.73,6.91,31.29,1.91,41.89,17.16
710300,5337.39,-244.39,-244.39,41.4,40.77,6.77,31.34,1.95,36.71,17.79
710400,5344.47,-247.18,-244.47,41.58,40.69,7.12,31.33,1.94,41.35,17.59
710500,5341.97,-245.6,-244.64,41.7,40.85,6.67,31.6,2.22,37.99,17.2
710600,5340.31,-245.43,-244.39,41.4,40.71,6.93,31.19,1.81,38.72,16.88
710700,5338.64,-245.72,-244.6,41.46,40.67,6.79,31.15,1.77,35.7,17.47
710800,5340.72,-246.68,-244.47,41.26,40.71,7,31.22,1.83,37.33,17.67
710900,5337.81,-246.64,-244.01,41.36,40.83,7.06,31.02,1.64,39.03,17.79
711000,5338.64,-245.84,-244.26,41.52,40.83,6.77,31.15,1.77,37.72,17.16
711100,5339.06,-246.18,-244.35,41.46,40.75,6.83,31.09,1.7,31.89,17.47
711200,5341.14,-246.43,-244.6,41.5,40.97,6.91,31.16,1.77,35.12,17.24
711300,5339.06,-246.22,-244.85,41.32,40.63,7.24,31.17,1.79,32.36,17.99
711400,5338.23,-248.22,-244.18,41.26,40.63,6.98,31.04,1.66,38.38,17.51
711500,5344.05,-246.47,-244.26,41.28,40.67,6.79,31.14,1.75,41.93,17.04
711600,5344.05,-247.05,-243.81,41.52,40.83,6.53,31.33,1.95,38.88,17.47
711700,5336.98,-244.93,-244.85,41.4,40.91,7.06,31.17,1.79,40.62,17.75
711800,5349.87,-246.76,-244.35,41.46,40.85,6.75,31.4,2.01,33.84,17.99
711900,5341.97,-245.26,-244.01,41.34,40.67,6.77,31.26,1.87,39.65,17.91
712000,5339.47,-245.68,-244.22,41.3,40.87,6.77,31.17,1.79,37.37,17.55
712100,5343.22,-248.22,-244.31,41.58,40.79,7.08,31.3,1.91,35.63,17.79
712200,5348.21,-246.72,-244.47,41.38,40.73,6.85,31.29,1.91,36.83,18.18
712300,5338.23,-245.72,-243.89,41.44,40.73,6.95,31.24,1.85,42.97,17.67
712400,5340.31,-246.34,-244.26,41.74,40.93,6.95,31.23,1.85,41.2,17.79
712500,5332.4,-244.85,-244.76,41.3,40.77,6.98,31.15,1.77,42.55,17.2
712600,5340.31,-245.84,-244.39,41.32,40.81,6.91,31.51,2.12,38.22,17.28
712700,5354.04,-246.84,-244.43,41.22,40.65,7.1,31.35,1.96,43.2,16.76
712800,5346.13,-247.13,-245.26,41.6,40.85,7.18,31.35,1.96,36.87,17.63
712900,5348.21,-247.84,-244.64,41.3,40.71,6.81,31.42,2.04,39.46,17.2
713000,5349.04,-247.51,-244.43,41.46,41.05,7.96,31.32,1.93,35.43,17.39
713100,5344.05,-246.97,-244.39,41.4,40.71,7.02,31.64,2.25,38.22,16.88
713200,5346.13,-246.47,-244.85,41.16,40.91,7,31.33,1.95,44.21,17.43
713300,5341.14,-246.26,-244.35,41.42,40.79,7.04,31.42,2.04,41.85,17.28
713400,5346.13,-246.09,-244.47,41.2,40.89,7.1,31.39,2,29.17,16.8
713500,5344.88,-246.76,-244.47,41.54,40.69,7.94,31.38,1.99,43.09,17.79
713600,5337.39,-246.43,-244.64,41.46,40.79,6.89,31.47,2.08,35.43,17.08
713700,5351.95,-248.13,-244.56,41.44,40.73,6.91,31.41,2.02,33.1,17
713800,5346.13,-245.76,-244.68,41.48,40.91,7.02,31.36,1.97,39.85,18.22
713900,5342.8,-248.13,-244.89,41.58,40.83,6.93,31.35,1.96,40.81,17.59
714000,5347.38,-247.84,-244.6,41.2,40.83,6.79,31.33,1.94,42.63,17.39
714100,5343.63,-247.22,-245.26,41.42,40.65,6.96,31.54,2.16,36.21,17.47
714200,5349.46,-246.47,-244.56,41.26,40.77,7.02,31.31,1.93,39.73,17.28
714300,5344.47,-246.14,-244.68,41.28,40.69,6.95,31.39,2,40.85,17.28
714400,5347.79,-247.43,-244.56,41.56,40.79,7,31.24,1.85,44.05,17.79
714500,5338.23,-248.01,-244.85,41.4,40.83,6.81,31.33,1.95,35.55,16.92
714600,5342.39,-246.8,-244.56,41.38,40.83,6.93,31.25,1.87,38.14,17.04
714700,5350.29,-246.55,-244.56,41.42,40.65,6.85,31.2,1.81,45.98,17.16
714800,5347.79,-244.39,-244.35,41.44,40.75,7.2,31.32,1.93,35.35,17.91
714900,5342.8,-247.13,-244.93,41.4,40.65,6.63,31.21,1.82,37.49,17.99
715000,5347.79,-246.84,-244.43,41.26,40.71,6.95,31.12,1.73,32.09,16.64
715100,5339.47,-246.68,-244.6,41.34,40.79,6.85,31.22,1.83,38.41,17.04
715200,5346.96,-245.97,-244.47,41.64,40.73,6.89,31.2,1.81,46.36,17.28
715300,5345.3,-245.51,-244.56,41.42,40.81,7.12,31.19,1.8,45.05,18.18
715400,5342.8,-246.59,-244.93,41.44,40.61,7,31.21,1.82,43.86,18.38
715500,5351.95,-245.26,-244.64,41.42,40.67,7.04,31.29,1.91,43.97,17.75
715600,5349.87,-246.05,-244.31,41.44,40.77,6.87,31.28,1.89,41.08,17.59
715700,5341.14,-246.88,-244.76,41.56,40.81,6.89,31.15,1.76,35.16,17.59
715800,5336.15,-247.55,-244.8,41.66,40.57,6.87,31.25,1.86,45.36,17.79
715900,5352.79,-245.64,-244.6,41.26,40.85,7.22,31.15,1.77,37.8,17.55
716000,5346.55,-246.55,-244.26,41.34,40.71,6.98,31.35,1.97,38.45,17.67
716100,5338.23,-247.76,-244.85,41.28,40.75,6.69,31.3,1.91,37.99,17.51
716200,5338.23,-246.88,-244.39,41.46,40.71,7.06,31.3,1.91,44.13,17.99
716300,5345.3,-247.26,-245.01,41.42,40.71,6.85,31.21,1.83,38.34,17.39
716400,5339.89,-246.8,-244.43,41.6,40.91,6.96,31.22,1.83,35.51,17.75
716500,5341.14,-246.01,-244.43,41.36,40.75,7.06,31.27,1.88,32.98,17.63
716600,5338.64,-246.76,-244.56,41.38,40.69,6.98,31.3,1.91,36.67,17.2
716700,5341.14,-247.13,-244.31,41.2,40.83,6.83,31.35,1.97,36.01,17.55
716800,5344.05,-247.63,-244.47,41.4,40.63,7.04,31.42,2.03,39,17.67
716900,5337.39,-248.09,-244.6,41.18,40.67,7.14,31.55,2.16,38.84,17.75
717000,5341.97,-247.09,-244.26,41.18,40.79,7,31.57,2.18,43.13,17.75
717100,5349.46,-246.47,-244.68,41.58,40.85,6.95,31.23,1.85,36.17,17.35
717200,5340.31,-247.05,-244.26,41.34,40.87,6.81,31.23,1.85,34.54,17.31
717300,5343.22,-246.3,-244.51,41.4,40.83,6.91,31.5,2.11,39.58,17.2
717400,5349.46,-246.68,-244.72,41.32,40.79,6.89,31.33,1.94,38.42,17.47
717500,5336.98,-245.76,-243.97,41.5,41.05,6.96,31.39,2,38.45,17.12
717600,5340.31,-246.51,-244.51,41.58,40.67,6.39,31.36,1.97,37.83,17.16
717700,5338.64,-246.76,-244.56,41.42,40.81,6.89,31.37,1.98,41.58,17.55
717800,5340.72,-246.51,-244.26,41.7,40.85,6.81,31.2,1.81,36.13,17.47
717900,5349.46,-245.72,-244.85,41.38,40.85,7.02,31.33,1.95,39.61,17.47
718000,5346.96,-247.47,-244.26,41.22,40.95,6.87,31.37,1.98,39.73,17.16
718100,5340.72,-246.97,-244.93,41.64,40.83,7,31.35,1.96,36.4,18.06
718200,5347.38,-247.3,-244.51,41.58,40.65,6.96,31.39,2,37.41,17.43
718300,5345.3,-246.59,-244.64,41.4,40.71,7.06,31.45,2.06,38.26,17.2
718400,5347.79,-247.3,-244.76,41.62,40.97,6.83,31.19,1.8,36.48,17.67
718500,5344.05,-246.93,-244.97,41.42,40.93,6.96,31.42,2.04,40.04,17.83
718600,5341.55,-247.47,-244.47,41.38,40.63,7,31.33,1.95,39.03,16.92
718700,5339.47,-247.01,-244.68,41.32,41.03,6.93,31.07,1.68,36.36,17.71
718800,5336.15,-247.47,-244.39,41.32,40.49,6.98,31.39,2,41.04,16.92
718900,5344.05,-246.68,-245.05,41.28,40.95,6.71,31.21,1.82,32.56,17.79
719000,5337.81,-246.14,-245.05,41.42,40.63,6.96,31.45,2.06,41.66,17.55
719100,5345.3,-247.01,-244.6,41.52,40.91,6.65,31.04,1.66,39.34,17.2
719200,5341.97,-246.51,-244.8,41.46,40.77,7,31.26,1.87,36.59,17.35
719300,5339.06,-246.72,-244.85,41.5,40.69,6.85,31.23,1.85,37.14,17.35
719400,5340.72,-247.05,-244.64,41.56,40.85,7.06,31.18,1.79,36.94,17.16
719500,5345.71,-246.59,-244.35,41.4,40.81,7,31.33,1.94,36.44,17.83
719600,5346.55,-247.3,-244.51,41.4,40.73,7.04,31.29,1.9,35.43,18.81
719700,5352.79,-246.64,-244.18,41.48,40.87,7.04,31.23,1.84,39.38,18.69
719800,5348.63,-248.05,-244.51,41.32,40.67,7.22,31.23,1.84,34.58,18.22
719900,5349.87,-246.26,-244.43,41.34,40.75,7.06,31.25,1.87,31.15,17.79
720000,5348.21,-246.34,-244.72,41.44,40.97,7.04,31.38,1.99,32.71,17.39
720100,5349.46,-246.72,-244.85,41.36,40.67,6.89,31.27,1.88,37.02,17.2
720200,5344.05,-246.72,-244.8,41.52,40.85,7.04,31.25,1.87,32.67,18.65
720300,5352.37,-246.72,-244.39,41.44,40.93,6.95,31.35,1.97,39.19,17.99
720400,5349.04,-246.51,-245.14,41.26,40.63,6.77,31.17,1.78,36.75,17.63
720500,5356.11,-247.13,-244.8,41.28,40.73,6.79,31.39,2,46.48,16.72
720600,5351.54,-247.13,-244.43,41.48,40.93,6.85,31.37,1.98,33.72,17.24
720700,5346.55,-246.14,-245.01,41.38,40.73,7,31.33,1.95,42.39,17.39
720800,5347.38,-246.22,-244.89,41.36,40.85,6.67,31.3,1.91,34.97,17.08
720900,5352.79,-246.68,-244.97,41.34,40.79,6.96,31.31,1.92,40.66,17.55
721000,5353.62,-246.22,-244.68,41.5,41.05,6.93,31.38,1.99,36.21,17.39
721100,5344.05,-246.26,-244.68,41.26,40.61,6.77,31.33,1.95,33.18,18.38
721200,5346.13,-246.97,-244.6,41.36,40.75,6.93,31.4,2.01,34.85,17.95
721300,5339.47,-246.18,-244.68,41.42,40.85,6.85,31.48,2.1,31.51,17.12
721400,5344.88,-246.05,-244.8,41.5,40.99,6.79,31.62,2.24,34.81,17.04
721500,5350.29,-246.51,-244.89,41.34,40.65,6.89,31.38,1.99,41.43,17.63
721600,5340.72,-246.22,-244.43,41.24,40.65,6.89,31.36,1.97,38.61,17.71
721700,5346.96,-246.88,-244.76,41.66,40.79,7.08,31.36,1.97,37.56,17.35
721800,5341.55,-245.51,-244.47,41.5,40.81,6.85,31.49,2.1,42.36,16.88
721900,5347.38,-246.97,-244.56,41.26,40.61,6.83,31.48,2.09,38.42,17.51
722000,5345.3,-245.97,-244.89,41.36,40.81,6.87,31.62,2.23,36.63,17.43
722100,5346.96,-246.8,-244.51,41.46,40.77,6.89,31.33,1.95,39.03,17.71
722200,5341.97,-246.76,-244.8,41.24,40.77,6.85,31.58,2.2,40.77,17.55
722300,5339.47,-246.59,-245.05,41.72,40.59,6.93,31.6,2.22,37.1,17.35
722400,5345.3,-246.72,-244.35,41.32,40.95,6.89,31.41,2.02,43.24,17.28
722500,5347.79,-245.93,-244.47,41.34,40.95,7,31.35,1.97,47.44,17.31
722600,5345.71,-246.8,-244.72,41.4,40.95,6.87,31.41,2.02,42.12,17.87
722700,5350.29,-246.97,-244.72,41.6,40.93,7.08,31.34,1.95,41.12,17.47
722800,5345.71,-246.43,-244.43,41.4,41.03,6.91,31.27,1.88,46.75,17.47
722900,5347.38,-246.84,-244.39,41.42,41.21,6.79,31.37,1.98,38.61,18.26
723000,5342.8,-246.76,-244.93,41.36,40.81,7.08,31.21,1.83,36.59,17.63
723100,5339.89,-246.72,-244.39,41.46,40.77,7,31.44,2.05,35.59,17.55
723200,5339.06,-246.09,-244.43,41.18,40.77,6.98,31.23,1.84,39.96,17.67
723300,5340.72,-246.43,-244.26,41.34,41.09,6.81,31.24,1.85,43.9,17.47
723400,5349.87,-247.09,-245.05,41.3,40.61,7.02,31.24,1.85,33.49,17.51
723500,5344.47,-246.72,-244.43,41.46,40.65,6.89,31.35,1.96,37.1,18.46
723600,5337.39,-246.47,-244.39,41.54,40.71,6.93,31.17,1.79,36.52,17.79
723700,5339.06,-246.72,-244.18,41.52,40.77,6.69,31.33,1.95,37.83,17.24
723800,5344.47,-246.3,-245.47,41.14,40.59,7.1,31.02,1.63,44.01,17.55
723900,5346.13,-246.88,-244.8,41.46,40.73,7.06,31.11,1.73,40.85,18.73
724000,5338.64,-246.18,-244.64,41.56,40.71,6.83,31.48,2.1,39,18.02
724100,5343.63,-246.22,-244.51,41.52,40.47,6.93,31.33,1.94,40.81,17.59
724200,5345.3,-247.59,-244.64,41.68,40.71,6.75,31.5,2.12,39.42,17.51
724300,5346.55,-246.8,-245.05,41.18,40.71,6.85,30.94,1.55,42.01,17.31
724400,5345.3,-246.55,-244.76,41.52,40.87,7.04,31.32,1.93,43.05,17.31
724500,5342.8,-246.72,-244.39,41.26,40.81,6.61,31.15,1.76,43.78,17
724600,5341.55,-247.13,-244.97,41.6,40.75,7.1,31.42,2.03,33.18,18.69
724700,5350.71,-247.09,-244.6,41.58,40.77,6.79,31.5,2.12,39.23,17.04
724800,5350.71,-245.43,-244.56,41.36,41.03,7.1,31.29,1.91,36.09,17.47
724900,5349.46,-245.72,-244.18,41.26,40.61,6.61,31.31,1.92,44.13,17.04
725000,5346.55,-245.93,-244.68,41.3,40.73,6.87,31.48,2.1,38.69,17.59
725100,5344.05,-247.67,-244.51,41.44,40.67,7,31.42,2.04,35.78,17.35
725200,5340.31,-247.59,-244.64,41.36,40.71,6.96,31.48,2.1,32.67,17.31
725300,5341.55,-247.92,-244.76,41.56,40.73,6.95,31.41,2.02,30.18,16.88
725400,5345.71,-246.64,-244.56,41.5,40.81,6.69,31.68,2.29,40.27,17.63
725500,5342.39,-246.72,-244.93,41.3,40.81,7.04,31.44,2.05,38.45,16.96
725600,5339.47,-246.8,-244.6,41.36,40.61,6.85,31.5,2.12,36.87,17.39
725700,5345.3,-245.39,-243.85,41.66,40.77,6.71,31.61,2.22,41.08,17.2
725800,5344.05,-247.09,-244.6,41.46,40.81,7.1,31.45,2.06,33.88,17.12
725900,5353.62,-246.51,-244.8,41.28,40.71,6.91,31.67,2.28,40.16,17.12
726000,5341.55,-246.88,-245.18,41.34,40.89,7.14,31.28,1.89,38.61,17.28
726100,5342.39,-246.34,-244.51,41.52,40.95,6.75,31.52,2.14,40.62,17.28
726200,5337.39,-248.3,-244.68,41.34,40.67,6.98,31.27,1.88,38.53,18.3
726300,5346.55,-245.8,-244.31,41.72,40.59,6.96,31.58,2.19,35.08,17.71
726400,5344.05,-246.88,-244.56,41.48,40.57,6.57,31.11,1.73,43.47,17.87
726500,5347.79,-246.09,-244.6,41.58,40.69,7.02,31.39,2,35.39,17.39
726600,5335.73,-248.01,-245.22,41.3,40.93,7.14,31.49,2.1,36.75,17.12
726700,5346.13,-245.97,-244.68,41.18,40.77,6.81,31.69,2.3,38.49,17.35
726800,5344.47,-247.97,-244.8,41.5,40.79,7.06,31.53,2.14,40.77,16.84
726900,5335.31,-248.22,-244.26,41.4,40.81,6.83,31.49,2.1,39.81,17.51
727000,5341.97,-248.47,-244.51,41.22,40.71,6.77,31.41,2.02,41.47,18.14
727100,5341.97,-249.09,-245.01,41.62,40.71,6.75,31.35,1.97,36.63,17.31
727200,5345.71,-246.76,-244.56,41.38,40.95,7.12,31.66,2.27,35.43,17.79
727300,5346.13,-247.01,-244.39,41.5,40.55,7.08,31.51,2.12,39.81,16.72
727400,5349.04,-247.63,-244.6,41.38,40.89,6.89,31.43,2.04,35.97,18.42
727500,5347.38,-245.72,-244.64,41.24,40.71,6.67,31.33,1.95,41.85,17.16
727600,5341.14,-247.76,-244.97,41.6,40.81,7.02,31.45,2.06,32.21,16.68
727700,5340.31,-247.3,-244.56,41.52,40.75,7,31.33,1.94,37.8,17.04
727800,5346.13,-246.84,-245.26,41.42,40.85,6.96,31.34,1.95,39.96,17.79
727900,5343.22,-244.31,-245.3,41.3,40.57,6.85,31.23,1.85,36.25,17.43
728000,5349.04,-246.34,-245.01,41.56,40.61,7.14,31.11,1.73,36.17,17.16
728100,5351.54,-247.26,-244.64,41.18,41.09,7.1,31.41,2.02,35.97,17.79
728200,5339.06,-245.6,-245.01,41.46,40.81,6.85,31.21,1.83,34.85,17.71
728300,5332.82,-245.39,-245.05,41.78,40.81,6.96,31.3,1.91,39.54,17.67
728400,5346.96,-248.84,-244.8,41.3,40.83,7.02,31.42,2.04,38.07,17.35
728500,5341.97,-244.68,-245.05,41.46,40.69,6.69,31.27,1.88,38.8,16.92
728600,5338.64,-244.97,-245.26,41.62,40.67,6.91,31.14,1.75,36.17,17.59
728700,5348.21,-245.3,-245.18,41.46,41.07,6.89,31.25,1.86,36.87,17.51
728800,5339.06,-245.47,-244.85,41.18,40.51,6.89,31.33,1.94,34.65,17.75
728900,5344.47,-246.72,-244.39,41.36,40.75,7.78,31.42,2.04,34.77,17.67
729000,5345.71,-245.22,-244.89,41.52,40.91,6.65,31.1,1.71,44.48,17.24
729100,5344.47,-247.18,-244.1,41.4,40.77,7.02,31.62,2.24,39.54,17.47
729200,5344.88,-247.84,-244.39,41.36,40.87,6.87,31.19,1.8,41.24,17.35
729300,5346.13,-247.59,-244.68,41.28,40.73,6.87,31.38,1.99,37.14,17.08
729400,5351.54,-247.51,-244.47,41.52,40.59,7.1,31.27,1.89,39.61,17.24
729500,5339.47,-247.13,-245.22,41.5,40.59,6.93,31.33,1.95,36.32,17.75
729600,5333.23,-244.47,-244.97,41.28,40.87,6.43,31.16,1.77,37.06,17.87
729700,5351.54,-248.88,-244.26,41.3,40.71,7.18,31.55,2.16,40.12,17.79
729800,5341.55,-245.64,-245.3,41.7,40.57,6.79,31.08,1.69,40.97,17
729900,5341.14,-248.38,-244.01,41.3,40.63,7.02,31.4,2.01,37.68,16.96
730000,5347.79,-245.89,-244.39,41.38,40.89,7,31.53,2.14,41.82,18.02
730100,5347.79,-248.55,-244.51,41.32,40.77,7.08,31.6,2.21,39.46,18.34
730200,5337.39,-246.3,-245.18,41.7,40.63,6.75,31.21,1.82,36.9,16.96
730300,5339.06,-247.84,-245.14,41.56,40.71,6.87,31.19,1.81,38.49,17.08
730400,5332.82,-244.18,-244.8,41.48,40.93,6.87,31.38,1.99,40.19,17.47
730500,5351.12,-246.14,-244.1,41.32,40.71,7.18,31.37,1.98,37.1,17.55
730600,5337.81,-246.47,-244.97,41.54,40.95,6.75,31.46,2.07,35.74,17.47
730700,5338.23,-246.59,-245.01,41.46,40.83,6.85,31.58,2.2,39.58,17.95
730800,5355.7,-247.55,-244.76,41.52,40.69,6.95,31.23,1.84,41.66,17.75
730900,5343.22,-244.22,-244.89,41.22,40.83,6.69,31.3,1.91,39.81,17.39
731000,5347.38,-246.88,-244.6,41.38,40.69,7.12,31.74,2.35,39.27,17.79
731100,5346.96,-246.14,-244.47,41.32,41.03,7.02,31.43,2.04,35.31,16.92
731200,5339.06,-245.22,-244.6,41.4,40.91,6.96,31.43,2.04,35.16,17.83
731300,5342.39,-246.59,-244.93,41.52,40.99,6.67,31.5,2.11,36.09,17.39
731400,5351.54,-248.09,-244.72,41.22,40.63,6.77,31.13,1.75,35.16,17
731500,5348.21,-248.3,-244.39,41.3,40.81,6.69,31.1,1.71,35.86,17.31
731600,5347.38,-248.67,-244.97,41.24,40.91,6.61,31.19,1.8,38.57,17.35
731700,5346.55,-247.22,-244.6,41.58,40.57,7.08,31.25,1.87,43.17,18.3
731800,5346.55,-246.55,-244.56,41.58,40.57,7,31,1.62,37.68,18.1
731900,5350.71,-248.22,-244.8,41.5,40.63,7.12,31.21,1.83,37.83,18.06
732000,5344.88,-245.89,-244.14,41.5,40.81,7.12,31.26,1.87,39.77,18.1
732100,5341.55,-245.39,-244.89,41.32,40.91,6.89,31.13,1.75,37.02,17.47
732200,5349.46,-246.93,-244.72,41.16,40.71,6.81,31.02,1.64,33.33,17.24
732300,5345.71,-246.88,-245.01,41.48,40.75,6.95,31.15,1.76,32.48,17.51
732400,5359.44,-247.43,-245.05,41.72,40.55,6.96,31.11,1.72,41.7,17.83
732500,5350.29,-244.85,-244.51,41.48,40.97,6.67,31.11,1.72,39.19,17.04
732600,5343.22,-245.68,-244.47,41.06,40.77,7.44,31.52,2.13,39.85,17.79
732700,5344.88,-245.39,-244.43,41.62,40.71,6.93,31.44,2.05,37.91,17.71
732800,5343.22,-245.39,-244.8,41.56,40.85,7.14,31.51,2.12,41.55,17.43
732900,5356.11,-246.88,-245.22,41.64,40.69,6.91,31.3,1.91,43.01,17.67
733000,5347.79,-245.35,-244.26,41.52,40.51,6.91,31.47,2.08,40.5,17.31
733100,5350.71,-247.18,-245.35,41.5,40.81,6.96,31.48,2.1,40.5,17.12
733200,5348.21,-247.55,-245.3,41.6,40.71,7.34,31.25,1.87,39.07,17.31
733300,5348.63,-246.43,-245.1,41.6,40.67,6.98,31.56,2.17,35.63,17.63
733400,5352.37,-246.55,-244.97,41.5,40.95,6.77,31.42,2.04,40.77,17.35
733500,5353.62,-245.47,-244.97,41.46,40.79,6.83,31.22,1.83,46.94,17.75
733600,5345.71,-247.38,-244.39,41.44,40.73,6.93,31.41,2.02,35.86,17.35
733700,5343.22,-248.34,-244.56,41.28,40.73,6.85,31.36,1.97,41.31,17.47
733800,5348.63,-247.88,-244.72,41.16,40.77,6.93,31.3,1.91,36.09,17.35
733900,5349.46,-246.72,-244.97,41.18,40.75,6.91,31.32,1.93,38.8,17.2
734000,5338.64,-247.55,-244.31,41.48,40.69,6.95,31.66,2.27,44.51,17.47
734100,5353.2,-246.09,-245.1,41.62,40.67,6.95,31.41,2.02,35.78,17.55
734200,5336.56,-246.88,-244.35,41.34,40.83,7.32,31.56,2.17,39.46,17.99
734300,5346.96,-244.97,-244.43,41.36,41.03,6.57,31.23,1.85,38.18,17.2
734400,5342.8,-248.8,-244.72,41.48,40.55,7.04,31.83,2.44,42.97,17
734500,5338.23,-245.22,-245.01,41.46,40.95,6.89,31.35,1.97,34.11,16.6
734600,5339.89,-245.26,-245.05,41.52,40.59,6.89,31.26,1.87,36.25,16.72
734700,5354.87,-248.01,-245.3,41.36,40.91,6.95,31.54,2.16,43.01,17.75
734800,5351.54,-247.55,-244.26,41.34,40.79,7.1,31.52,2.13,36.75,18.42
734900,5339.89,-246.55,-244.39,41.3,40.77,6.91,31.4,2.01,37.95,17.35
735000,5355.28,-246.72,-244.64,41.22,40.79,6.95,31.48,2.1,41.62,17.16
735100,5356.11,-246.47,-244.64,41.46,40.85,6.65,31.22,1.83,40.5,17
735200,5338.64,-248.13,-244.18,41.46,40.63,7.06,31.63,2.24,35.74,16.92
735300,5341.14,-247.72,-244.64,41.6,40.77,6.96,31.5,2.12,45.05,17.31
735400,5336.98,-245.93,-245.43,41.36,40.91,6.95,31.29,1.9,40.7,17.83
735500,5342.8,-245.3,-245.05,41.42,40.77,6.81,31.46,2.07,39.19,17.87
735600,5336.98,-246.39,-245.51,41.42,40.31,6.81,31.19,1.8,33.37,17.28
735700,5347.79,-247.43,-244.43,41.78,41.09,6.98,31.47,2.08,41.16,17.55
735800,5346.13,-247.55,-245.05,41.28,40.83,7.16,31.5,2.11,37.45,17.95
735900,5346.96,-247.88,-244.35,41.34,40.75,6.89,31.17,1.79,34.03,18.26
736000,5350.71,-245.26,-244.76,41.5,40.67,6.87,31.36,1.97,35.9,17.59
736100,5354.04,-247.97,-244.35,41.46,40.65,7.14,31.22,1.83,36.56,17.83
736200,5351.54,-247.01,-244.39,41.38,40.73,6.77,31.35,1.97,33.33,16.96
736300,5336.98,-245.55,-244.72,41.28,40.65,6.55,31.08,1.69,31.82,17.35
736400,5353.62,-247.8,-244.97,41.38,40.75,7.12,31.31,1.93,41.62,18.3
736500,5349.46,-246.68,-244.89,41.4,40.69,6.96,31.13,1.74,37.18,17.39
736600,5355.28,-247.97,-244.89,41.28,40.77,7,31.21,1.83,37.14,16.92
736700,5335.31,-243.56,-244.43,41.56,40.77,6.81,31.46,2.07,41.35,17.39
736800,5337.81,-245.72,-245.39,41.34,40.63,6.96,31.22,1.83,37.29,17.59
736900,5345.3,-246.51,-245.01,41.24,40.75,7.04,31.31,1.92,40.66,17.99
737000,5340.72,-246.76,-244.72,41.76,40.83,6.79,31.44,2.05,35.28,17.35
737100,5346.13,-245.47,-245.6,41.34,40.75,7.1,31.26,1.87,41.58,17.35
737200,5350.29,-247.63,-244.76,41.62,40.99,6.47,31.42,2.03,38.38,17.95
737300,5349.46,-246.72,-244.47,41.18,40.85,6.83,31.25,1.87,38.03,17
737400,5345.71,-247.59,-244.64,41.5,40.75,7.04,31.25,1.87,32.79,16.6
737500,5351.95,-247.47,-244.72,41.36,40.79,6.81,31.27,1.88,37.99,16.84
737600,5339.89,-244.68,-245.05,41.58,40.91,6.93,31.39,2,40.16,17.31
737700,5349.04,-246.8,-244.56,41.34,40.69,6.87,31.59,2.2,35.43,17.04
737800,5344.05,-245.3,-245.26,41.28,40.67,7.08,31.5,2.11,43.47,17.55
737900,5341.97,-246.26,-245.14,41.26,40.71,6.98,31.31,1.92,34.5,17.2
738000,5346.55,-246.22,-245.01,41.28,40.67,7.18,31.45,2.06,35.74,17.2
738100,5341.14,-246.72,-245.26,41.26,40.63,6.96,31.46,2.08,35.78,17.28
738200,5354.45,-247.26,-244.97,41.54,40.91,6.93,31.41,2.02,38.72,17.12
738300,5339.89,-246.01,-244.85,41.42,40.81,7.04,31.21,1.82,43.94,17.63
738400,5338.64,-247.55,-245.01,41.2,40.79,7,31.47,2.08,35.82,17.91
738500,5351.12,-247.92,-244.68,41.36,40.71,6.93,31.5,2.12,41.55,17.51
738600,5348.63,-249.13,-244.8,41.34,40.73,6.98,31.56,2.17,42.05,17.35
738700,5346.55,-247.3,-245.01,41.62,40.83,7.16,31.37,1.98,33.06,17.2
738800,5343.63,-245.97,-245.01,41.32,40.77,7.1,31.48,2.1,38.42,18.14
738900,5341.55,-245.76,-244.8,41.34,40.65,6.91,31.45,2.06,44.09,17.31
739000,5340.31,-246.05,-245.43,41.44,40.93,7.18,31.41,2.02,29.44,17.95
739100,5347.79,-248.13,-245.35,41.54,41.03,7.24,31.45,2.06,36.09,17.63
739200,5344.05,-245.39,-244.97,41.6,40.71,6.77,31.61,2.22,38.11,17.39
739300,5337.81,-245.22,-245.18,41.4,40.71,6.98,31.46,2.08,41.97,17.31
739400,5338.23,-245.35,-244.47,41.28,40.83,6.87,31.52,2.14,40.04,17.55
739500,5339.47,-247.72,-244.22,41.38,40.85,6.98,31.58,2.19,37.95,17.47
739600,5354.45,-248.55,-244.51,41.3,40.89,6.87,31.52,2.13,39.3,17.39
739700,5343.22,-246.47,-244.64,41.38,40.75,6.77,31.5,2.12,38.11,17.35
739800,5351.12,-247.72,-245.05,41.58,40.75,6.93,31.35,1.97,43.01,17.47
739900,5336.98,-243.89,-244.35,41.48,40.89,7.06,31.46,2.08,43.13,18.26
740000,5349.46,-248.92,-245.39,41.44,40.81,7,31.5,2.11,40.35,17.79
740100,5343.63,-246.51,-244.8,41.42,40.55,6.85,31.55,2.16,39.38,17.43
740200,5344.88,-247.26,-245.14,41.48,40.57,6.85,31.5,2.12,34.93,17.31
740300,5340.72,-245.84,-244.47,41.44,40.83,7.08,31.48,2.1,38.3,17.63
740400,5344.05,-248.26,-245.26,41.58,40.67,6.96,31.29,1.91,41.12,17.31
740500,5345.71,-246.88,-245.01,41.26,40.79,6.63,31.44,2.05,37.29,17.12
740600,5348.21,-246.26,-245.18,41.36,40.77,7.06,31.39,2,34.81,17.91
740700,5352.79,-247.09,-245.47,41.42,40.71,7.04,31.52,2.13,37.56,17.67
740800,5342.39,-246.22,-244.8,41.14,40.83,6.65,31.33,1.95,39.15,17.43
740900,5348.21,-247.3,-245.05,41.44,40.83,6.95,31.33,1.94,35.63,17.35
741000,5347.38,-245.68,-244.39,41.48,40.71,6.73,31.16,1.77,42.9,17.59
741100,5339.89,-246.51,-244.85,41.6,40.79,6.73,31.29,1.9,36.21,17.47
741200,5344.05,-246.8,-244.68,41.34,40.69,7.32,31.35,1.97,45.4,17.47
741300,5343.63,-247.51,-245.14,41.42,40.89,6.79,31.25,1.86,32.24,17.47
741400,5347.79,-246.39,-244.8,41.52,40.93,6.91,31.39,2,39.88,17.59
741500,5339.06,-246.97,-244.56,41.5,40.77,6.96,31.17,1.79,40.93,16.84
741600,5344.47,-247.09,-245.18,41.46,40.73,6.85,31.27,1.89,37.1,16.92
741700,5346.13,-247.55,-244.68,41.46,40.73,6.91,31.12,1.73,36.13,16.72
741800,5342.8,-246.97,-244.68,41.54,40.71,7.06,31.35,1.96,38.03,17.35
741900,5347.38,-247.01,-245.1,41.46,40.69,7.06,31.14,1.75,39.19,17.2
742000,5344.47,-247.55,-245.22,41.46,40.77,6.81,31.29,1.9,42.7,17.67
742100,5336.15,-247.63,-244.8,41.38,40.83,6.85,31.26,1.87,37.33,17.59
742200,5350.29,-246.09,-244.72,41.6,40.73,6.73,31.23,1.85,41.31,18.02
742300,5345.3,-246.18,-244.64,41.5,40.63,6.89,31.18,1.79,38.88,17.43
742400,5352.79,-246.55,-245.39,41.46,40.79,6.93,31.41,2.02,40,17.24
742500,5349.87,-246.22,-244.56,41.44,40.83,6.89,31.42,2.03,38.8,17.24
742600,5342.8,-247.13,-245.22,41.46,40.89,6.85,31.37,1.98,42.59,17.75
742700,5346.13,-247.59,-245.14,41.46,40.73,6.93,31.38,1.99,38.53,18.18
742800,5345.3,-247.97,-244.76,41.36,40.69,7.02,31.47,2.08,45.25,18.5
742900,5343.22,-247.47,-244.64,41.36,40.85,7.02,31.46,2.07,41.28,18.1
743000,5343.63,-246.76,-244.6,41.2,40.87,7.08,31.35,1.96,37.1,17.16
743100,5342.8,-248.09,-244.64,41.52,40.61,7.02,31.51,2.12,38.3,16.84
743200,5343.63,-246.97,-244.43,41.42,40.81,6.95,31.27,1.89,38.61,16.92
743300,5341.97,-246.22,-244.56,41.44,40.65,6.95,31.42,2.03,46.36,17.63
743400,5350.29,-245.14,-245.05,41.26,40.81,6.96,31.44,2.05,36.63,18.06
743500,5347.38,-247.13,-245.1,41.42,40.99,6.87,31.49,2.1,31.78,17.67
743600,5354.04,-246.01,-244.89,41.34,40.77,6.91,31.42,2.03,38.84,17.12
743700,5346.55,-246.34,-244.6,41.48,40.81,6.87,31.6,2.21,35.43,17.51
743800,5351.12,-246.51,-245.05,41.4,40.99,6.87,31.54,2.16,37.45,17.31
743900,5346.13,-245.8,-245.1,41.5,40.89,7,31.61,2.22,43.17,17.47
744000,5351.54,-245.76,-244.51,41.42,40.89,6.91,31.34,1.95,31.74,17.16
744100,5342.8,-247.3,-244.72,41.48,40.71,6.83,31.68,2.29,37.33,17.08
744200,5353.62,-247.13,-244.6,41.44,40.95,7.04,31.46,2.07,38.72,16.57
744300,5351.12,-246.93,-244.97,41.5,40.73,6.75,31.59,2.2,35.74,17.79
744400,5345.3,-247.43,-244.8,41.36,40.65,6.81,31.48,2.09,36.48,16.76
744500,5354.87,-246.72,-244.76,41.12,40.89,6.98,31.79,2.41,40.77,17.87
744600,5341.55,-246.76,-244.8,42.02,40.85,6.85,31.49,2.1,35.04,17.59
744700,5345.3,-245.97,-244.93,41.42,40.45,7.02,31.4,2.01,38.49,16.84
744800,5346.55,-246.3,-245.01,41.38,40.81,6.77,31.69,2.3,38.49,17.04
744900,5339.47,-247.26,-244.47,41.42,40.79,6.91,31.38,1.99,38.92,18.06
745000,5344.88,-246.84,-244.56,41.6,40.89,6.79,31.43,2.04,42.78,17.95
745100,5349.46,-246.3,-244.72,41.42,40.51,6.96,31.52,2.14,39.85,16.64
745200,5349.04,-246.34,-245.18,41.14,40.79,6.89,31.64,2.25,36.4,18.5
745300,5354.04,-247.47,-244.56,41.38,40.79,6.79,31.38,1.99,37.52,18.1
745400,5347.38,-247.55,-244.93,41.52,40.95,7.04,31.41,2.02,38.3,17.12
745500,5352.37,-246.84,-244.89,41.32,40.85,6.95,31.25,1.86,42.05,17.35
745600,5342.8,-246.55,-244.68,41.26,40.55,6.85,31.6,2.21,40.27,17.04
745700,5341.97,-247.01,-244.93,41.34,40.71,6.95,31.48,2.1,44.21,17.24
745800,5345.3,-246.64,-244.89,41.5,40.65,6.79,31.35,1.97,38.34,16.72
745900,5345.71,-246.8,-244.93,41.46,40.85,6.98,31.23,1.84,39.03,17.91
746000,5349.46,-246.97,-245.14,41.52,40.99,6.79,31.31,1.93,37.72,16.64
746100,5346.96,-247.55,-244.56,41.4,40.63,6.95,31.34,1.95,43.82,17.43
746200,5345.71,-246.59,-245.14,41.52,40.83,6.89,31.22,1.83,35.04,17.31
746300,5349.46,-248.09,-245.26,41.34,40.67,6.71,31.28,1.89,35.39,17.35
746400,5346.13,-246.22,-244.6,41.38,40.57,7.06,31.29,1.9,42.78,17.28
746500,5347.38,-247.18,-245.3,41.54,40.93,6.77,31.48,2.1,40.19,17.95
746600,5348.63,-247.13,-245.05,41.44,40.59,6.91,31.22,1.83,29.87,17.08
746700,5353.2,-246.39,-244.26,41.34,40.71,6.79,31.23,1.85,47.44,17.16
746800,5346.96,-246.88,-245.18,41.62,40.85,6.79,31.19,1.81,35.63,17.16
746900,5346.96,-246.55,-244.76,41.52,40.79,6.98,31.46,2.07,42.43,18.62
747000,5345.71,-246.39,-244.56,41.34,40.79,6.85,31.23,1.84,42.51,17.83
747100,5342.39,-247.13,-244.68,41.38,40.75,7.02,31.29,1.91,38.34,18.14
747200,5349.04,-246.55,-244.72,41.38,40.69,6.93,31.17,1.78,40.62,16.8
747300,5349.87,-247.43,-244.8,41.7,40.85,7.04,31.31,1.93,40.16,17.67
747400,5344.05,-247.38,-244.64,41.56,40.89,6.81,31.3,1.91,39.61,17.04
747500,5351.54,-246.64,-245.05,41.52,41.01,6.98,31.46,2.08,41.04,17.08
747600,5344.05,-246.8,-244.35,41.48,41.03,7.02,31.54,2.16,41.78,16.96
747700,5344.88,-246.68,-245.18,41.26,40.73,6.96,31.37,1.98,37.72,17.75
747800,5345.3,-246.59,-244.89,41.7,40.95,6.91,31.33,1.94,45.63,17.31
747900,5350.29,-247.38,-244.8,41.44,40.77,6.89,31.32,1.93,38.53,17.08
748000,5345.3,-247.76,-244.89,41.38,40.65,6.79,31.49,2.1,39.3,16.96
748100,5343.22,-247.09,-245.1,41.2,40.63,6.69,31.44,2.05,35.66,18.06
748200,5344.47,-246.72,-244.89,41.44,40.63,6.83,31.5,2.11,42.9,16.76
748300,5342.39,-247.3,-245.43,41.44,40.73,6.89,31.52,2.14,36.63,18.58
748400,5344.88,-245.84,-244.93,41.42,40.73,6.96,31.56,2.17,44.44,17.59
748500,5346.13,-247.01,-244.68,41.64,40.61,6.85,31.52,2.13,37.21,17.31
748600,5341.97,-247.18,-245.14,41.56,40.87,6.87,31.63,2.24,40.73,17.95
748700,5346.96,-246.43,-245.22,41.5,40.73,6.91,31.58,2.19,45.01,18.06
748800,5357.78,-247.09,-244.97,41.34,41.13,7.06,31.56,2.18,40.19,17.79
748900,5354.04,-246.97,-244.64,41.44,40.81,6.96,31.3,1.91,43.78,18.42
749000,5351.54,-247.18,-244.89,41.62,40.99,6.69,31.69,2.3,45.63,18.1
749100,5342.8,-246.8,-245.05,41.56,40.67,6.95,31.65,2.26,44.13,17.47
749200,5349.04,-246.18,-245.1,41.5,40.97,7.04,31.47,2.08,45.4,17.24
749300,5347.38,-246.43,-245.05,41.46,40.91,6.79,31.64,2.26,43.97,17.79
749400,5346.13,-247.43,-244.8,41.28,40.87,6.93,31.21,1.82,42.74,17.67
749500,5343.63,-246.55,-244.93,41.3,40.79,6.73,31.5,2.11,44.59,17.71
749600,5347.38,-247.84,-244.89,41.38,40.61,7.08,31.42,2.04,31.86,17.59
749700,5351.54,-247.22,-244.8,41.34,40.67,6.91,31.44,2.06,31.89,17.83
749800,5346.55,-246.72,-244.76,41.34,40.69,6.85,31.31,1.93,37.1,17.43
749900,5351.54,-247.38,-245.1,41.44,41.05,6.87,31.46,2.07,42.74,18.1
750000,5342.8,-246.39,-244.89,41.42,40.59,7.02,31.25,1.86,39.07,17.28
750100,5341.55,-246.34,-244.89,41.32,40.65,7.06,31.29,1.91,45.25,17.2
750200,5346.13,-247.09,-245.18,41.52,40.65,6.79,31.46,2.07,42.9,17.24
750300,5340.72,-246.76,-244.51,41.3,40.83,7.08,31.02,1.63,37.06,17.83
750400,5350.29,-246.18,-244.93,41.46,40.83,6.89,31.15,1.77,43.09,17.12
750500,5347.79,-247.09,-244.47,41.56,40.93,6.93,31.42,2.04,33.49,17.55
750600,5344.05,-246.43,-244.89,41.34,40.95,7.02,31.08,1.69,44.24,17.24
750700,5344.05,-246.22,-244.56,41.34,40.69,7.28,31.31,1.92,37.37,17.31
750800,5344.88,-246.93,-244.47,41.2,40.75,6.96,31.29,1.9,43.63,17.12
750900,5354.45,-246.59,-244.97,41.38,40.63,7.02,31.17,1.78,37.29,17.59
751000,5352.79,-246.09,-245.22,41.26,40.63,7.1,31.15,1.77,32.52,17.55
751100,5349.87,-246.47,-244.93,41.28,40.67,7.18,31.37,1.98,37.83,17.28
751200,5344.47,-246.14,-244.47,41.6,40.91,7.02,31.49,2.1,40.23,17.75
751300,5339.89,-247.84,-244.47,41.6,40.99,6.91,31.22,1.83,33.49,17.51
751400,5345.71,-245.89,-244.85,41.42,40.77,7.14,31.27,1.89,37.95,17.35
751500,5348.21,-247.18,-244.93,41.56,40.65,6.77,31.39,2,43.9,17.47
751600,5348.63,-247.34,-244.97,41.36,41.05,7,31.2,1.81,38.45,17.75
751700,5345.3,-246.3,-244.93,41.2,40.85,7.02,31.56,2.17,34.97,17.51
751800,5346.55,-247.43,-245.01,41.3,40.67,6.73,31.38,1.99,35.35,17.47
751900,5346.55,-247.18,-244.89,41.9,40.57,6.83,31.64,2.25,38.72,17.16
752000,5349.87,-246.14,-244.8,41.2,40.95,7.1,31.29,1.91,40.66,17.12
752100,5351.12,-246.88,-244.8,41.32,40.93,6.95,31.46,2.08,45.48,17.31
752200,5351.54,-245.68,-244.6,41.28,40.85,6.91,31.28,1.89,39.61,17.95
752300,5344.88,-246.8,-244.68,41.38,40.65,6.87,31.6,2.21,38.03,16.88
752400,5350.29,-246.72,-244.72,41.26,40.53,6.71,31.34,1.95,46.86,17.47
752500,5348.63,-246.47,-245.01,41.62,40.83,6.83,31.33,1.94,34.42,17.35
752600,5350.71,-246.72,-244.8,41.62,40.67,6.89,31.29,1.9,39.07,18.02
752700,5345.71,-247.26,-244.8,41.66,40.67,6.98,31.48,2.09,38.03,18.34
752800,5352.37,-246.26,-244.35,41.46,40.89,6.75,31.3,1.91,41.16,16.72
752900,5342.39,-247.38,-245.1,41.54,40.71,7.96,31.37,1.98,47.36,17.51
753000,5345.3,-247.13,-244.8,41.58,40.83,7.52,31.33,1.95,41.31,17.99
753100,5341.14,-247.13,-244.68,41.74,40.77,7.42,31.58,2.2,39.07,18.42
753200,5352.79,-246.76,-244.6,41.56,40.81,7.48,31.25,1.87,31.93,17.35
753300,5346.13,-247.8,-245.22,41.6,40.89,7.66,31.47,2.08,36.9,17.2
753400,5344.05,-246.09,-244.85,41.54,40.67,7.82,31.41,2.02,43.24,17.75
753500,5347.38,-246.68,-245.01,41.52,40.83,7.54,31.62,2.24,41.82,18.1
753600,5349.46,-247.63,-244.76,41.5,40.85,7.34,31.43,2.04,42.32,17.51
753700,5349.46,-247.18,-244.89,41.52,40.83,7.6,31.42,2.04,37.68,17.51
753800,5354.04,-245.64,-244.89,41.66,40.51,7.78,31.6,2.21,36.44,17.59
753900,5351.12,-247.13,-244.89,41.6,40.65,7.78,31.37,1.98,39.88,17.47
754000,5344.47,-245.76,-244.31,41.7,40.53,7.68,31.51,2.12,43.05,18.26
754100,5356.95,-245.76,-245.05,41.52,40.77,7.56,31.18,1.79,39.81,18.02
754200,5349.87,-246.51,-244.85,41.36,40.73,7.42,31.19,1.8,33.3,17.87
754300,5347.79,-246.18,-245.05,41.96,40.63,7.66,31.19,1.81,39.5,17.91
754400,5346.55,-247.88,-245.39,41.6,41.01,7.8,31.33,1.95,38.96,17.35
754500,5353.62,-247.67,-244.97,41.64,40.65,7.46,31.28,1.89,43.36,17.87
754600,5341.14,-246.43,-245.26,41.4,40.71,8,31.45,2.06,38.57,17.31
754700,5350.29,-248.3,-245.1,41.48,40.89,7.68,31.56,2.17,41.51,17.67
754800,5351.54,-247.8,-244.93,41.76,40.97,7.46,31.37,1.98,36.98,17.28
754900,5341.14,-246.01,-244.72,41.72,40.69,8.02,31.28,1.89,40.04,17.47
755000,5349.04,-245.89,-244.64,41.56,40.61,7.18,31.37,1.98,39.69,16.84
755100,5342.8,-248.59,-244.8,41.7,40.77,7.8,31.51,2.12,39.96,17.83
755200,5352.79,-248.51,-245.05,41.3,40.77,7.5,31.51,2.12,40.27,18.02
755300,5352.79,-248.13,-244.97,41.58,40.87,7.7,31.41,2.02,45.55,18.42
755400,5348.63,-248.22,-244.89,41.68,40.77,7.62,31.52,2.13,41.12,18.02
755500,5344.47,-249.05,-244.89,41.52,40.71,7.76,31.44,2.05,41.47,18.93
755600,5342.8,-245.18,-245.14,41.66,40.87,7.72,31.19,1.8,32.91,17.59
755700,5348.21,-247.26,-244.89,41.34,40.61,7.5,31.21,1.83,46.75,17.43
755800,5352.79,-246.01,-245.1,41.76,40.75,7.96,31.61,2.22,36.44,17.51
755900,5350.71,-247.43,-245.6,41.76,40.67,7.62,31.37,1.98,41.08,17.28
756000,5340.31,-244.93,-245.05,41.72,40.69,7.82,31.68,2.29,38.3,18.26
756100,5340.31,-245.93,-245.35,41.54,40.93,7.74,31.58,2.19,36.94,17.59
756200,5349.46,-248.67,-245.1,41.5,40.65,7.6,31.42,2.04,46.44,16.68
756300,5345.71,-244.85,-244.93,41.82,40.67,7.68,31.6,2.22,41.58,18.18
756400,5352.37,-247.47,-245.1,41.48,40.75,7.72,31.61,2.22,36.36,18.46
756500,5350.71,-248.63,-245.05,41.78,40.75,7.68,31.52,2.14,39.46,18.38
756600,5343.63,-248.38,-245.01,41.86,40.79,8.08,31.61,2.22,36.59,17.83
756700,5339.47,-246.26,-245.3,41.7,40.87,7.5,31.62,2.24,41.16,17.31
756800,5350.71,-245.97,-244.6,41.58,40.73,7.56,31.48,2.09,42.78,17.31
756900,5352.79,-248.51,-244.76,41.72,40.77,7.78,31.63,2.24,30.73,17.67
757000,5351.95,-246.43,-245.3,41.66,40.77,7.24,31.4,2.01,39.38,17.71
757100,5341.55,-246.68,-245.43,41.66,40.95,7.6,31.29,1.9,35.55,17.51
757200,5347.79,-247.01,-244.93,41.48,40.89,7.62,31.5,2.12,44.55,17.39
757300,5356.95,-247.55,-244.76,41.6,40.71,7.7,31.51,2.12,46.78,17.51
757400,5346.55,-245.51,-245.22,41.6,40.69,7.5,31.51,2.12,42.24,17.12
757500,5344.88,-245.35,-245.05,41.54,40.73,7.36,31.62,2.24,38.61,17.31
757600,5357.36,-247.3,-245.01,41.46,41.03,8.62,31.35,1.97,37.25,17.51
757700,5344.88,-245.93,-245.47,41.76,40.63,8.02,31.25,1.87,40.97,17.87
757800,5348.63,-248.26,-245.01,41.44,40.81,7.48,31.4,2.01,41.16,17.51
757900,5354.04,-248.42,-244.93,41.7,40.81,7.84,31.46,2.07,45.75,17.75
758000,5360.69,-246.68,-244.85,41.54,41.01,7.54,31.37,1.98,34.11,17.24
758100,5361.52,-248.88,-245.05,41.64,40.67,7.5,31.27,1.89,36.67,17.04
758200,5349.87,-245.43,-245.43,41.52,40.93,7.9,31.55,2.16,39.38,17.31
758300,5342.8,-245.89,-245.18,41.5,40.75,7.82,31.46,2.08,38.14,18.38
758400,5355.7,-247.51,-245.05,41.98,40.67,7.94,31.39,2,36.44,17.95
758500,5341.14,-247.01,-245.18,41.54,40.69,7.74,31.29,1.91,35.59,17.16
758600,5353.62,-247.63,-245.3,41.54,40.91,7.82,31.45,2.06,46.13,16.8
758700,5359.03,-248.09,-245.97,41.4,40.85,7.54,31.45,2.06,40.5,17.28
758800,5346.55,-245.3,-244.22,41.42,40.75,7.52,31.31,1.93,40.43,17.67
758900,5352.37,-245.64,-244.47,41.46,40.75,7.6,31.27,1.89,43.09,17.43
759000,5349.46,-247.13,-244.8,41.54,40.87,7.42,31.11,1.73,40.04,17.83
759100,5358.2,-247.26,-245.01,41.66,40.55,7.64,31.36,1.97,44.17,17.79
759200,5364.02,-248.55,-245.1,41.58,40.65,7.72,31.52,2.13,40.62,17.99
759300,5354.45,-247.84,-244.97,41.62,40.79,7.44,31.15,1.76,37.18,17.63
759400,5344.47,-247.18,-244.35,41.7,40.63,7.52,31.47,2.08,36.09,18.02
759500,5351.95,-247.43,-244.93,41.56,41.01,7.26,31.1,1.71,45.71,17.79
759600,5349.87,-245.43,-245.3,41.64,40.77,7.74,31.37,1.98,36.83,17.63
759700,5354.87,-245.6,-245.05,41.62,40.77,7.86,31.62,2.24,36.32,17.31
759800,5345.3,-249.5,-245.26,41.82,40.71,7.82,31.31,1.93,46.21,17.99
759900,5354.87,-245.6,-245.18,41.42,40.97,7.56,31.31,1.92,43.32,17
760000,5357.78,-247.38,-245.18,41.42,40.79,7.44,31.56,2.18,39.34,18.02
760100,5352.37,-248.05,-245.47,41.64,40.63,7.74,31.54,2.16,40.46,17.75
760200,5340.72,-248.22,-245.8,41.74,40.79,7.88,31.49,2.1,42.05,17.12
760300,5344.88,-248.71,-244.72,41.48,40.79,7.5,31.36,1.97,33.84,18.18
760400,5347.79,-247.05,-244.93,41.5,40.71,7.8,31.71,2.33,41.51,17.71
760500,5342.39,-247.34,-245.55,41.66,40.71,7.68,31.66,2.27,36.67,17.47
760600,5342.8,-248.17,-245.68,41.94,40.65,7.76,31.37,1.98,38.96,17.08
760700,5345.3,-248.05,-245.43,41.7,40.71,7.72,31.6,2.21,38.14,18.06
760800,5347.38,-246.09,-245.18,41.56,40.63,7.66,31.53,2.14,37.29,18.02
760900,5344.88,-247.88,-245.3,41.6,40.87,7.56,31.53,2.14,41.28,18.06
761000,5346.55,-248.17,-245.3,41.56,40.85,7.88,31.59,2.2,35.82,17.75
761100,5357.36,-248.05,-245.3,41.84,40.81,7.84,31.61,2.22,35.78,17.43
761200,5353.2,-246.05,-244.8,41.52,41.03,7.94,31.5,2.11,39.69,17.79
761300,5343.63,-246.39,-244.97,41.5,40.85,7.48,31.5,2.11,37.56,18.54
761400,5347.79,-246.43,-245.1,41.6,40.73,7.74,31.73,2.34,44.36,17.51
761500,5355.7,-247.88,-245.6,41.7,40.73,7.72,31.48,2.1,34.58,17.43
761600,5353.2,-247.67,-245.64,41.56,40.93,7.9,31.48,2.1,40.04,17.31
761700,5346.96,-246.84,-244.76,41.58,40.71,7.96,31.54,2.16,40.19,18.18
761800,5345.3,-248.22,-245.05,41.84,40.67,7.58,31.55,2.16,39.42,17.83
761900,5344.05,-246.39,-244.85,41.68,40.67,7.56,31.51,2.12,42.86,17.71
762000,5352.79,-246.8,-245.35,41.46,40.63,7.64,31.52,2.13,45.32,17.71
762100,5354.45,-245.76,-245.39,41.44,40.63,7.64,31.23,1.84,41.89,17.79
762200,5353.2,-245.89,-245.6,41.38,40.65,7.48,31.21,1.82,41.47,18.02
762300,5353.2,-247.38,-245.97,41.48,41.19,7.58,31.25,1.86,40.12,16.92
762400,5357.78,-247.09,-245.72,41.58,41.09,7.68,31.26,1.87,36.79,17.39
762500,5349.87,-247.8,-245.39,41.44,40.63,7.7,31.32,1.93,37.83,17.71
762600,5354.87,-247.88,-245.14,41.58,40.73,7.94,31.56,2.17,41.28,18.18
762700,5360.28,-247.26,-245.64,41.62,40.57,7.82,31.19,1.81,40.77,18.22
762800,5351.95,-246.47,-245.1,41.42,40.55,7.82,31.34,1.95,37.6,17.31
762900,5345.71,-248.92,-245.01,41.86,40.85,7.72,31.73,2.34,43.01,17.87
763000,5347.38,-248.17,-245.35,41.72,40.93,7.72,31.31,1.92,41.35,17.16
763100,5354.87,-246.26,-245.35,41.78,40.85,7.56,31.6,2.21,43.13,17.87
763200,5351.54,-248.34,-245.01,41.6,40.77,7.6,31.29,1.91,38.92,17.87
763300,5356.95,-248.22,-245.05,41.64,40.83,7.7,31.46,2.07,36.25,17.47
763400,5346.55,-245.64,-245.22,41.42,40.75,7.66,31.15,1.76,42.2,18.65
763500,5344.88,-246.43,-244.72,41.52,40.65,8.04,31.16,1.77,38.26,17.35
763600,5351.95,-247.8,-245.01,41.74,40.87,7.52,31.26,1.87,35.16,18.73
763700,5351.12,-245.35,-245.39,41.82,41.11,7.78,31.28,1.89,38.88,17.75
763800,5346.55,-247.63,-244.72,41.62,40.75,7.6,31.31,1.92,35.74,17.75
763900,5351.54,-247.43,-245.43,41.56,40.67,8.2,31.22,1.83,43.4,17.43
764000,5344.47,-246.09,-245.68,41.52,40.71,7.84,31.31,1.93,37.18,17.99
764100,5340.72,-247.72,-245.1,41.8,40.69,7.66,31.4,2.01,39,17.51
764200,5354.87,-248.17,-244.76,41.74,41.05,7.86,31.15,1.77,42.16,17.99
764300,5350.29,-246.01,-245.05,41.6,40.75,7.6,31.38,1.99,37.1,17.35
764400,5345.71,-246.39,-245.6,41.52,40.81,7.64,31.47,2.08,41.24,18.62
764500,5349.87,-248.01,-245.3,41.66,40.79,7.58,31.37,1.98,35.04,17.83
764600,5346.55,-245.84,-245.1,41.56,40.79,7.62,31.56,2.17,34.93,17.71
764700,5348.21,-245.47,-244.97,41.48,40.71,7.72,31.52,2.13,33.53,17.91
764800,5354.04,-249.71,-244.97,41.6,40.69,7.7,31.5,2.11,41.89,17.99
764900,5354.04,-247.63,-245.05,41.6,40.77,7.64,31.52,2.14,34.77,17.55
765000,5348.63,-248.51,-244.85,41.64,40.75,7.76,31.52,2.13,42.2,18.34
765100,5351.95,-246.47,-244.93,41.74,40.89,7.32,31.57,2.18,41.08,17.55
765200,5355.7,-248.09,-244.97,41.62,40.63,7.7,31.55,2.16,35.9,17.79
765300,5350.29,-246.8,-245.47,41.68,40.79,7.82,31.41,2.02,34.77,18.02
765400,5354.45,-246.68,-244.97,41.58,40.63,7.54,31.5,2.11,37.25,17.87
765500,5346.13,-248.22,-245.76,41.64,41.09,7.76,31.52,2.13,43.32,17.87
765600,5349.46,-247.55,-244.68,41.5,40.77,7.66,31.54,2.16,33.33,17.87
765700,5348.21,-246.97,-245.26,41.56,40.81,7.56,31.52,2.13,37.52,17.55
765800,5346.96,-246.47,-245.05,41.56,40.67,7.52,31.52,2.13,37.83,17.67
765900,5342.8,-246.72,-245.35,41.8,40.83,7.84,31.36,1.97,37.21,17.39
766000,5356.53,-247.88,-244.85,41.42,40.55,7.38,31.54,2.15,38.45,17.31
766100,5340.31,-245.64,-245.26,41.5,40.79,7.8,31.48,2.1,40.77,18.81
766200,5349.87,-247.76,-244.89,41.54,40.79,7.5,31.52,2.14,34.89,18.65
766300,5354.45,-247.51,-244.89,41.66,40.85,7.92,31.42,2.03,30.3,17.63
766400,5353.62,-249.01,-245.39,41.88,40.75,7.86,31.3,1.91,38.65,17.83
766500,5350.29,-246.97,-245.55,41.6,40.69,7.88,31.62,2.23,37.8,17.83
766600,5350.29,-246.22,-245.26,41.56,40.93,7.72,31.36,1.97,36.28,17.67
766700,5342.8,-246.09,-244.89,41.54,40.85,7.68,31.5,2.11,41.28,19.05
766800,5349.04,-247.09,-245.35,41.82,40.57,7.82,31.37,1.98,36.17,17.24
766900,5354.45,-247.88,-245.05,41.48,40.81,7.58,31.41,2.02,39.81,17.43
767000,5356.11,-246.43,-244.93,41.66,40.81,7.86,31.37,1.98,40.97,17.83
767100,5351.12,-246.26,-244.93,41.66,40.65,7.72,31.39,2,40.08,18.34
767200,5348.63,-247.8,-245.22,41.66,40.69,7.7,31.39,2,37.21,17.51
767300,5354.87,-247.3,-245.05,41.74,40.65,7.34,31.31,1.92,44.63,18.62
767400,5352.79,-245.93,-244.89,41.66,40.71,7.74,31.27,1.89,34.11,18.14
767500,5350.71,-246.22,-244.97,41.56,40.81,7.6,31.25,1.87,36.32,17.91
767600,5349.87,-246.59,-245.05,41.64,40.63,7.74,31.37,1.98,36.56,17.63
767700,5343.63,-247.43,-245.14,41.64,40.75,7.76,31.27,1.88,34.93,17.83
767800,5356.95,-247.34,-244.8,41.6,40.77,7.44,31.31,1.92,47.28,17.59
767900,5355.28,-247.38,-245.22,41.44,40.97,7.46,31.32,1.93,36.98,18.14
768000,5354.45,-246.76,-244.8,41.74,40.57,7.76,31.29,1.9,44.55,17.39
768100,5352.79,-246.8,-245.05,41.4,40.93,7.62,31.28,1.89,32.4,17.59
768200,5349.04,-246.51,-245.1,41.54,40.71,7.7,31.33,1.94,32.21,19.05
768300,5339.47,-248.92,-245.8,41.64,40.69,7.58,31.3,1.91,41.7,18.77
768400,5345.3,-248.38,-245.43,41.6,40.77,7.72,31.4,2.01,34.07,17.51
768500,5353.2,-246.39,-245.1,41.64,40.83,7.56,31.31,1.93,37.91,17.43
768600,5351.95,-246.64,-244.93,41.7,40.83,7.68,31.45,2.06,34.65,17.67
768700,5350.71,-246.64,-245.35,41.58,40.97,7.5,31.4,2.01,35.94,17.24
768800,5343.22,-248.05,-245.6,41.58,40.93,7.64,31.25,1.87,35.7,17.31
768900,5344.05,-247.76,-245.26,41.66,40.83,7.68,31.4,2.01,35.97,17.87
769000,5348.63,-248.01,-245.01,41.62,40.81,7.64,31.45,2.06,44.82,18.34
769100,5355.7,-246.72,-245.22,41.58,40.73,7.64,31.35,1.96,39.11,17.71
769200,5351.12,-246.8,-245.39,41.76,40.65,7.32,31.21,1.83,39.11,18.5
769300,5351.12,-247.34,-245.01,41.58,40.81,7.68,31.54,2.15,37.95,18.02
769400,5354.45,-246.05,-245.22,41.74,40.81,7.86,31.48,2.09,41.16,17.39
769500,5351.12,-247.13,-245.35,41.54,40.77,7.56,31.42,2.04,44.59,17.79
769600,5356.95,-246.76,-245.64,41.38,40.73,7.52,31.51,2.12,35.9,17.83
769700,5346.96,-247.3,-244.85,41.58,40.71,7.8,31.52,2.14,43.74,18.1
769800,5346.96,-247.26,-244.97,41.32,40.79,7.48,31.54,2.16,37.64,18.46
769900,5343.63,-248.22,-244.89,41.5,40.67,7.44,31.56,2.17,34.65,17.99
770000,5354.87,-246.39,-245.35,41.58,40.77,7.62,31.46,2.08,33.06,18.06
770100,5349.04,-247.18,-245.22,41.68,40.83,7.78,31.56,2.17,42.51,18.34
770200,5353.2,-248.34,-245.01,41.82,40.83,7.7,31.44,2.06,43.2,18.42
770300,5347.79,-247.18,-244.89,41.58,41.01,7.8,31.62,2.23,43.86,17.55
770400,5349.04,-247.18,-245.01,41.66,40.81,7.84,31.49,2.1,35.43,17.83
770500,5347.79,-248.34,-245.01,41.6,40.67,7.76,31.47,2.08,48.4,17.39
770600,5349.46,-246.43,-245.22,41.58,40.69,7.36,31.54,2.15,38.69,17.91
770700,5350.29,-247.92,-245.05,41.4,41.01,7.46,31.54,2.15,42.2,17.67
770800,5354.45,-248.13,-245.1,41.58,40.85,7.7,31.41,2.02,33.49,18.14
770900,5349.04,-247.05,-245.14,41.66,40.57,7.84,31.54,2.15,34.42,18.02
771000,5348.21,-247.34,-244.85,41.5,40.63,7.68,31.6,2.22,43.24,18.02
771100,5347.38,-247.55,-244.8,41.66,40.71,7.92,31.58,2.19,44.48,17.47
771200,5344.88,-246.84,-244.93,41.64,40.77,7.82,31.54,2.15,36.28,18.5
771300,5354.04,-247.47,-245.01,41.56,40.73,7.64,31.44,2.05,41.51,17.59
771400,5347.38,-247.34,-245.18,42.51,40.69,7.54,31.6,2.21,38.76,18.5
771500,5353.62,-247.59,-245.22,41.6,40.85,7.76,31.37,1.98,35.2,17.63
771600,5350.71,-247.67,-245.51,41.62,40.95,7.72,31.46,2.07,39.58,18.1
771700,5352.37,-247.13,-245.18,41.72,40.79,7.5,31.34,1.95,43.82,18.18
771800,5351.95,-247.18,-245.35,41.58,40.61,8,31.61,2.22,36.98,17.95
771900,5341.97,-246.76,-245.14,41.7,40.79,7.42,31.31,1.92,40.73,17.87
772000,5343.22,-247.13,-245.14,41.7,40.83,7.74,31.32,1.93,43.63,18.65
772100,5351.95,-247.8,-245.05,41.7,40.65,7.8,31.33,1.94,33.92,18.14
772200,5354.45,-247.22,-245.47,41.28,40.53,6.79,31.5,2.12,39.46,17.67
772300,5354.04,-246.84,-245.1,41.38,40.83,7.16,31.19,1.81,38.49,17.47
772400,5355.28,-247.47,-244.76,41.44,40.51,6.96,31.3,1.91,37.76,18.02
772500,5351.95,-246.76,-245.22,41.26,40.49,6.93,31.21,1.82,41.47,17.71
772600,5347.79,-247.51,-245.14,41.34,40.29,6.96,31.32,1.93,39.77,17.47
772700,5353.2,-247.3,-245.3,41.4,40.37,6.35,31.36,1.97,37.02,18.14
772800,5355.28,-247.43,-245.22,41.28,40.55,6.79,31.19,1.81,37.29,17.79
772900,5354.04,-245.8,-245.14,41.16,40.41,6.93,31.49,2.1,39.73,17.28
773000,5350.29,-246.97,-245.18,41.3,40.27,6.87,31.13,1.74,32.83,18.42
773100,5349.87,-247.63,-245.3,41.52,40.77,7,31.28,1.89,42.24,17.43
773200,5347.38,-247.09,-245.55,41.36,40.25,6.67,31.23,1.85,42.9,17.51
773300,5356.53,-246.97,-244.89,41.6,40.71,6.93,31.37,1.98,46.32,17.75
773400,5356.11,-247.55,-244.89,41.32,40.65,7.02,31.23,1.84,43.51,17.87
773500,5342.8,-247.8,-244.93,41.3,40.53,7.04,31.38,1.99,42.24,17.75
773600,5349.87,-247.59,-245.51,41.3,40.45,5.51,31.27,1.89,38.49,17.12
773700,5353.62,-248.13,-244.76,41.48,40.65,7,31.5,2.11,45.48,17.75
773800,5353.62,-246.59,-245.55,41.36,40.55,6.95,31.41,2.02,36.63,17.91
773900,5350.71,-247.38,-245.3,41.28,40.53,6.93,31.25,1.86,40.12,17.35
774000,5352.79,-246.93,-245.39,41.4,40.41,6.71,31.48,2.1,37.64,17.08
774100,5356.11,-246.39,-245.6,41.44,40.31,6.63,31.31,1.93,43.28,17.83
774200,5356.53,-246.97,-245.39,41.42,40.55,6.91,31.54,2.16,37.68,17.43
774300,5355.28,-247.97,-245.05,41.24,40.55,6.73,31.51,2.12,41.12,16.84
774400,5350.71,-247.84,-244.76,41.5,40.31,6.93,31.64,2.25,35.74,17.28
774500,5346.96,-247.47,-245.3,41.22,40.39,6.85,31.41,2.02,40.81,17.47
774600,5352.79,-247.72,-245.14,41.38,40.51,6.67,31.72,2.33,36.56,17.35
774700,5359.03,-247.55,-245.18,41.52,40.53,6.67,31.46,2.08,38.34,17.75
774800,5356.53,-247.3,-245.39,41.18,40.47,6.61,31.62,2.24,38.03,16.84
774900,5349.46,-247.13,-245.22,41.5,40.57,6.87,31.46,2.07,42.36,17.31
775000,5349.04,-247.51,-245.35,41.32,40.55,6.77,31.68,2.29,40.54,16.84
775100,5352.79,-246.59,-245.43,41.62,40.35,6.77,31.52,2.14,36.56,17.39
775200,5353.62,-246.76,-245.14,41.14,40.63,6.73,31.41,2.02,40.23,17.95
775300,5355.28,-247.67,-245.05,41.06,40.43,6.77,31.5,2.12,45.17,17.83
775400,5354.87,-247.55,-245.35,41.4,40.73,7.1,31.5,2.11,43.32,16.64
775500,5353.2,-247.09,-245.76,41.48,40.33,7,31.66,2.27,37.41,17
775600,5354.04,-247.34,-245.26,41.48,40.65,6.91,31.55,2.16,38.22,17.39
775700,5358.61,-247.47,-245.47,41.42,40.51,6.95,31.52,2.14,37.91,17.55
775800,5359.03,-247.92,-245.68,41.48,40.29,6.98,31.5,2.12,39.03,17.51
775900,5354.87,-247.67,-245.43,41.64,40.17,6.69,31.7,2.31,39.58,17.55
776000,5352.79,-246.55,-245.39,41.42,40.35,7.18,31.27,1.88,41.31,17.67
776100,5348.63,-247.72,-245.3,41.5,40.41,6.61,31.57,2.18,37.99,17.28
776200,5352.37,-247.22,-245.05,41.26,40.61,7.14,31.31,1.93,35.9,17.39
776300,5345.71,-246.64,-245.22,41.74,40.51,7.06,31.5,2.11,39.23,17.2
776400,5350.29,-247.97,-245.05,41.32,40.79,6.71,31.35,1.96,40.27,17.31
776500,5352.79,-247.34,-245.3,41.4,40.15,6.79,31.6,2.21,35.9,17.08
776600,5351.95,-247.43,-245.35,41.3,40.33,6.63,31.52,2.14,40.08,17.39
776700,5347.79,-246.93,-245.05,41.18,40.25,6.89,31.21,1.83,49.55,17.08
776800,5349.04,-246.14,-244.68,41.34,40.39,7,31.27,1.89,36.44,17.35
776900,5346.13,-246.97,-245.05,41.6,40.37,6.89,31.5,2.12,43.05,17.35
777000,5346.96,-247.43,-245.26,40.88,40.67,7.1,31.29,1.9,36.71,17.16
777100,5349.46,-248.01,-245.76,41.34,40.65,7.08,31.1,1.71,40.16,17.91
777200,5349.46,-247.18,-245.01,41.5,40.23,6.53,31.52,2.14,38.8,17.35
777300,5353.2,-247.01,-245.1,41.28,40.79,6.87,31.29,1.91,39.15,16.8
777400,5353.62,-246.51,-245.01,41.28,40.55,6.87,31.35,1.96,41.24,17.16
777500,5355.7,-247.63,-245.51,41.46,40.41,7.08,31.31,1.93,33.96,17.63
777600,5348.21,-248.17,-244.85,41.66,40.27,6.59,31.42,2.04,43.24,17.08
777700,5347.38,-246.97,-244.93,41.46,40.47,6.93,31.13,1.75,42.55,17.87
777800,5351.95,-247.38,-245.22,41.46,40.37,6.83,31.39,2,38.11,17.43
777900,5353.62,-247.76,-245.51,41.6,40.45,7.1,31.17,1.78,43.74,17.47
778000,5347.38,-247.3,-244.93,41.3,40.41,6.61,31.34,1.95,37.68,17.31
778100,5342.8,-248.01,-244.97,41.58,40.47,6.91,31.22,1.83,42.82,17.67
778200,5350.71,-247.47,-245.47,41.3,40.47,7.08,31.37,1.98,41.08,17.12
778300,5346.55,-247.76,-245.39,41.44,40.67,6.75,31.34,1.95,39.34,17.16
778400,5345.71,-247.97,-245.1,41.48,40.43,6.89,31.56,2.18,37.91,17.63
778500,5351.95,-246.84,-245.3,41.68,40.35,6.85,31.54,2.16,43.47,17.12
778600,5350.71,-246.76,-245.1,41.14,40.45,7.06,31.23,1.84,44.67,17
778700,5347.79,-246.51,-244.89,41.48,40.59,6.79,31.53,2.14,41.47,17.59
778800,5356.53,-245.14,-244.26,41.46,40.49,6.71,31.56,2.17,39.23,16.96
778900,5346.96,-247.88,-245.8,41.14,40.61,7.42,31.35,1.97,41.58,17.95
779000,5356.95,-246.3,-245.05,41.62,40.43,6.69,31.34,1.95,37.76,17.08
779100,5344.47,-246.93,-244.89,41.6,40.41,7.04,31.42,2.03,31.54,16.64
779200,5346.96,-247.22,-245.43,41.3,40.41,6.87,31.64,2.26,40.54,17.71
779300,5345.71,-248.3,-245.01,41.54,40.39,6.81,31.31,1.93,36.44,17.71
779400,5358.61,-246.84,-245.22,41.34,40.39,6.63,31.56,2.17,39.92,17.43
779500,5347.79,-246.97,-244.89,41.4,40.53,6.79,31.56,2.18,33.8,17.04
779600,5350.71,-246.59,-245.14,41.2,40.79,7.2,31.78,2.39,42.78,17
779700,5347.79,-247.67,-245.43,41.38,40.37,6.67,31.39,2,42.01,17.83
779800,5349.04,-247.43,-245.22,41.36,40.33,6.59,31.41,2.02,37.64,17.35
779900,5352.79,-245.6,-244.51,41.48,40.35,6.51,31.3,1.91,37.8,17.16
780000,5352.37,-246.93,-245.26,41.6,40.73,6.93,31.49,2.1,48.24,17.55
780100,5350.29,-248.22,-245.01,41.24,40.57,6.77,31.52,2.14,34.34,17.79
780200,5352.37,-247.8,-245.18,41.28,40.33,6.77,31.5,2.12,41.35,17.71
780300,5354.04,-246.05,-244.93,41.26,40.35,6.85,31.43,2.04,42.39,17.95
780400,5353.62,-248.51,-245.72,41.56,40.37,6.73,31.54,2.15,36.4,17.12
780500,5357.36,-246.43,-245.68,41.3,40.27,7.04,31.22,1.83,40.81,17.63
780600,5346.13,-247.88,-244.85,41.4,40.45,6.91,31.35,1.97,42.12,17.24
780700,5345.71,-245.64,-245.84,41.38,40.49,7,31.29,1.9,35.9,17.67
780800,5351.95,-247.72,-244.72,41.36,40.39,6.87,31.5,2.12,39.34,17.51
780900,5359.86,-246.59,-245.39,41.52,40.69,6.71,31.29,1.91,39.73,17.31
781000,5349.87,-245.84,-244.64,41.3,40.53,6.85,31.34,1.95,37.6,17.71
781100,5347.38,-246.05,-244.89,41.28,40.59,6.69,31.41,2.02,42.05,17.43
781200,5346.96,-246.84,-245.43,41.42,40.29,6.89,31.32,1.93,46.17,17.2
781300,5350.29,-247.8,-244.93,41,40.71,6.91,31.5,2.12,37.95,17.59
781400,5356.95,-248.84,-244.72,41.32,40.43,6.69,31.25,1.86,43.2,17.31
781500,5347.79,-247.47,-244.47,41.28,40.43,7.32,31.33,1.95,30.57,17.04
781600,5356.11,-247.3,-244.89,41.5,40.71,6.91,31.47,2.08,37.18,17.55
781700,5353.62,-248.84,-244.89,41.36,40.33,7.02,31.44,2.05,35.82,17.55
781800,5345.71,-246.18,-245.35,41.34,40.65,6.83,31.38,1.99,39.81,17.51
781900,5358.2,-248.88,-245.22,41.36,40.51,7.08,31.42,2.03,35.12,17.39
782000,5361.94,-248.22,-245.01,41.28,40.35,7.24,31.39,2,37.52,17
782100,5355.7,-247.47,-245.39,41.46,40.41,7.34,31.5,2.12,40.89,17.71
782200,5359.86,-247.22,-244.72,41.2,40.73,6.79,31.47,2.08,36.4,17.2
782300,5343.63,-245.76,-245.6,41.42,40.73,6.71,31.51,2.12,38.53,17.16
782400,5347.79,-246.64,-245.6,41.18,40.49,8.32,31.52,2.13,41.89,17.71
782500,5352.37,-246.72,-245.51,41.16,40.77,6.93,31.52,2.14,42.01,17.59
782600,5365.68,-249.3,-245.39,41.58,40.59,6.96,31.48,2.09,37.02,16.72
782700,5350.71,-245.8,-246.05,41.72,40.61,6.83,31.42,2.03,43.36,17.16
782800,5351.95,-247.59,-244.97,41.32,40.55,6.81,31.54,2.16,39.77,16.6
782900,5353.2,-248.09,-245.01,41.36,40.61,6.71,31.41,2.02,33.37,17.47
783000,5356.53,-247.43,-245.1,41.24,40.73,6.59,31.36,1.97,34.42,16.92
783100,5351.12,-247.18,-245.05,41.24,40.55,6.75,31.55,2.16,38.45,17.04
783200,5356.11,-248.34,-244.85,41.28,40.59,6.95,31.42,2.04,36.09,17.59
783300,5351.54,-246.68,-245.35,41.28,40.63,6.91,31.5,2.11,41.08,18.65
783400,5351.95,-247.22,-245.18,41.28,40.35,6.85,31.55,2.16,44.75,17.55
783500,5351.12,-246.47,-245.76,41.4,40.49,6.81,31.51,2.12,42.05,17.99
783600,5351.95,-247.84,-245.6,41.64,40.39,6.77,31.3,1.91,41.2,17.47
783700,5352.37,-246.8,-245.14,41.28,40.29,7.04,31.51,2.12,45.75,17.55
783800,5350.71,-246.64,-245.55,41.52,40.57,6.71,31.35,1.97,41.97,17.59
783900,5359.86,-247.84,-245.6,41.44,40.65,6.81,31.47,2.08,41.97,17.08
784000,5357.36,-248.76,-245.76,41.44,40.39,7,31.48,2.1,40.89,17.51
784100,5358.61,-246.93,-246.14,41.34,40.41,6.75,31.5,2.12,38.49,17.12
784200,5357.78,-248.09,-245.51,41.46,40.31,7.24,31.33,1.94,39.3,17.35
784300,5358.2,-249.13,-245.55,41.68,40.39,6.96,31.32,1.93,37.37,17.16
784400,5359.03,-249.21,-245.64,41.3,40.43,7.14,31.29,1.91,40,17.35
784500,5343.22,-246.51,-245.89,41.62,40.43,7,31.41,2.02,46.13,17.04
784600,5340.31,-244.8,-245.43,41.26,40.59,6.75,31.38,1.99,38.34,17.51
784700,5349.46,-245.47,-246.39,41.6,40.31,6.73,31.48,2.09,39.69,17.67
784800,5356.53,-249.05,-245.18,41.4,40.69,6.95,31.51,2.12,36.32,17.12
784900,5368.18,-249.26,-245.64,41.36,40.45,7.18,31.33,1.95,39.15,17.28
785000,5350.29,-246.76,-245.8,41.26,40.55,6.89,31.36,1.97,41.28,17.39
785100,5348.21,-247.92,-245.01,41.26,40.39,6.89,31.59,2.2,35.12,17.55
785200,5345.3,-247.92,-245.01,41.2,40.21,6.93,31.61,2.22,36.87,17.24
785300,5346.13,-247.05,-245.1,41.36,40.35,6.96,31.54,2.15,33.88,17.2
785400,5358.61,-246.43,-245.64,41.28,40.55,6.83,31.59,2.2,35.82,17.2
785500,5356.53,-245.6,-245.93,41.28,40.61,6.79,31.25,1.86,41.16,16.84
785600,5355.28,-247.51,-245.68,41.32,40.51,6.71,31.29,1.91,39.07,17.04
785700,5355.28,-247.38,-245.68,41.54,40.47,6.53,31.24,1.85,39.07,16.68
785800,5353.62,-246.14,-245.22,41.36,40.57,7.04,31.52,2.13,35.35,17.47
785900,5352.37,-246.76,-245.14,41.24,40.67,7.02,31.49,2.1,34.89,17.28
786000,5352.37,-246.26,-245.47,41.26,40.61,6.75,31.58,2.2,41.47,16.57
786100,5356.95,-246.05,-245.55,41.48,40.49,6.75,31.23,1.84,44.01,16.64
786200,5356.95,-247.34,-245.01,41.42,40.41,6.47,31.19,1.81,42.39,17.2
786300,5357.78,-248.09,-245.84,41.54,40.61,6.85,31.35,1.97,36.94,17.24
786400,5359.44,-248.05,-245.84,41.44,40.43,6.95,31.49,2.1,39.88,16.76
786500,5360.28,-246.59,-245.39,41.3,40.61,6.77,31.48,2.09,36.44,16.84
786600,5358.2,-245.89,-245.6,41.2,40.27,6.67,31.25,1.86,40.04,17.24
786700,5356.95,-245.55,-245.51,41.3,40.61,6.85,31.51,2.12,42.2,17.79
786800,5358.2,-244.76,-245.76,41.44,40.53,6.77,31.39,2,41.93,18.34
786900,5348.63,-246.34,-245.18,41.26,40.49,7.26,31.54,2.16,38.41,18.69
787000,5359.86,-247.34,-245.84,41.56,40.37,6.83,31.6,2.22,41.35,17.99
787100,5352.79,-246.51,-245.51,41.62,40.33,6.77,31.6,2.21,36.67,17.63
787200,5361.52,-246.84,-245.72,41.76,40.39,6.87,31.31,1.92,34.89,16.76
787300,5359.44,-246.39,-245.76,41.44,40.61,6.63,31.46,2.07,34.69,17.2
787400,5347.79,-247.76,-245.14,41.38,40.49,6.96,31.76,2.37,37.68,17.75
787500,5353.62,-246.3,-245.43,41.2,40.39,6.55,31.42,2.04,39.11,16.96
787600,5355.7,-246.26,-245.43,41.24,40.51,6.43,31.21,1.82,31.12,16.92
787700,5351.12,-244.97,-245.26,41.34,40.47,6.63,31.31,1.93,37.29,17.31
787800,5353.62,-248.92,-245.18,41.38,40.39,6.79,31.72,2.33,47.05,17.31
787900,5352.37,-249.17,-244.93,41.46,40.43,6.77,31.66,2.27,47.36,17.39
788000,5350.71,-245.05,-245.6,41.34,40.43,6.85,31.51,2.12,37.95,16.84
788100,5350.71,-246.93,-245.51,41.3,40.35,6.65,31.52,2.13,43.67,17.04
788200,5346.55,-247.09,-245.97,41.6,40.53,6.98,31.42,2.03,45.86,17.16
788300,5349.04,-246.97,-245.72,41.44,40.67,6.91,31.18,1.79,42.63,17.63
788400,5351.12,-248.09,-246.09,41.22,40.61,6.91,31.17,1.78,41.7,17.67
788500,5350.71,-246.22,-245.51,41.18,40.53,6.85,31.5,2.11,39.77,16.8
788600,5348.63,-246.55,-245.8,41.18,40.57,6.85,31.2,1.81,38.61,17.24
788700,5350.71,-248.71,-244.85,41.44,40.71,6.89,31.5,2.11,39.19,16.88
788800,5348.63,-246.8,-245.14,41.28,40.55,6.81,31.14,1.75,39.77,17.31
788900,5354.87,-248.51,-245.93,41.42,40.43,6.95,31.27,1.88,33.88,17.47
789000,5357.78,-247.92,-245.47,41.2,40.33,7.3,31.31,1.93,36.4,17.63
789100,5351.95,-246.18,-245.8,41.54,40.43,6.79,31.32,1.93,39.03,17.83
789200,5346.55,-248.55,-244.97,41.54,40.93,6.83,31.3,1.91,44.13,17.55
789300,5357.36,-247.55,-245.1,41.44,40.59,6.89,31.6,2.22,41.55,17.35
789400,5351.12,-247.55,-245.14,41.4,40.57,6.85,31.41,2.02,43.17,17.35
789500,5356.11,-250.21,-244.64,41.48,40.49,6.96,31.54,2.16,38.96,17.63
789600,5345.71,-246.01,-245.72,41.2,40.51,6.75,31.27,1.88,38.3,17.87
789700,5356.11,-248.42,-245.01,41.26,40.51,7.08,31.47,2.08,38.88,17.39
789800,5348.63,-245.55,-245.47,41.4,40.55,6.98,31.48,2.1,40.81,16.84
789900,5345.3,-244.93,-246.22,41.14,40.45,7.16,31.49,2.1,40.54,17.39
790000,5352.79,-246.68,-245.18,41.16,40.43,6.69,31.63,2.24,37.95,17.47
790100,5347.79,-248.26,-245.35,41.26,40.39,7.08,31.43,2.04,41.78,17
790200,5346.96,-245.89,-245.68,41.38,40.67,6.73,31.62,2.24,42.51,16.84
790300,5349.04,-245.39,-245.93,41.1,40.33,7.32,31.53,2.14,32.24,17.39
790400,5356.11,-246.64,-245.43,41.34,40.45,6.93,31.64,2.26,41.78,17.31
790500,5351.54,-248.38,-245.26,41.16,40.53,6.91,31.62,2.23,36.01,17.35
790600,5354.45,-248.26,-245.3,41.2,40.41,6.81,31.38,1.99,41.39,17.51
790700,5361.94,-249.26,-244.93,41.34,40.57,6.73,31.6,2.22,33.96,17.16
790800,5354.87,-247.05,-245.55,41.52,40.57,6.59,31.75,2.37,31,17.08
790900,5350.29,-246.3,-245.18,41.46,40.55,6.83,31.64,2.26,36.32,17.31
791000,5357.78,-248.3,-245.22,41.4,40.35,6.89,31.64,2.26,32.24,17.04
791100,5337.81,-245.26,-246.01,41.32,40.35,7.38,31.42,2.03,47.59,16.92
791200,5342.39,-246.26,-245.05,41.4,40.31,6.85,31.68,2.29,41.58,17.67
791300,5346.96,-247.43,-245.72,41.48,40.61,7.36,31.46,2.07,38.03,17.12
791400,5352.79,-247.76,-244.93,41.48,40.57,6.49,31.81,2.42,35.51,17.47
791500,5346.13,-244.89,-245.14,41.06,40.41,6.75,31.67,2.28,46.94,18.02
791600,5352.79,-249.71,-245.14,41.3,40.47,6.67,31.61,2.22,45.82,16.8
791700,5344.47,-245.89,-245.8,41.66,40.55,6.96,31.62,2.24,34.38,18.1
791800,5348.63,-248.67,-245.26,41.4,40.61,6.69,31.63,2.24,38.61,17.04
791900,5361.11,-248.71,-245.51,41.34,40.63,6.67,31.69,2.3,36.71,17.16
792000,5359.86,-248.55,-245.39,41.52,40.47,6.85,31.71,2.32,43.01,17.24
792100,5359.03,-247.47,-245.18,41.4,40.37,6.65,31.8,2.41,42.2,17.12
792200,5349.04,-246.43,-245.14,41.34,40.47,6.83,31.46,2.08,41.7,17.55
792300,5348.63,-247.13,-245.3,41.3,40.57,6.83,31.69,2.3,34.65,17.43
792400,5357.36,-248.51,-245.05,41.36,40.31,6.75,31.5,2.11,46.63,16.41
792500,5346.96,-247.47,-244.93,41.34,40.43,6.69,31.81,2.42,41.74,17.55
792600,5354.04,-247.51,-245.68,41.5,40.63,6.98,31.25,1.87,35.24,17.75
792700,5349.46,-246.84,-245.68,41.5,40.55,6.87,31.71,2.32,35.31,17.47
792800,5346.13,-248.96,-245.39,41.16,40.39,6.73,31.47,2.08,36.56,17.2
792900,5352.79,-245.47,-244.97,41.42,40.63,6.77,31.58,2.2,42.63,17.67
793000,5349.87,-247.88,-245.22,41.58,40.55,6.87,31.37,1.98,44.59,17.35
793100,5352.37,-248.34,-245.35,41.48,40.39,7.02,31.46,2.08,38.88,17.47
793200,5341.14,-247.8,-245.05,41.28,40.37,6.65,31.42,2.03,36.28,17.28
793300,5352.79,-248.55,-245.39,41.28,40.59,6.73,31.49,2.1,37.14,17.2
793400,5349.04,-248.05,-244.93,41.3,40.51,6.73,31.38,1.99,42.93,17.35
793500,5358.2,-247.34,-245.47,41.46,40.59,6.79,31.42,2.03,37.64,17
793600,5357.36,-246.8,-245.43,41.34,40.59,6.81,31.37,1.98,39.96,16.6
793700,5356.53,-248.96,-245.47,41.38,40.59,6.98,31.31,1.93,33.72,16.92
793800,5343.22,-247.51,-244.85,41.24,40.55,6.79,31.34,1.95,31.82,17.16
793900,5343.22,-246.55,-245.6,41.24,40.61,6.81,31.35,1.96,35.74,17.47
794000,5347.38,-247.22,-245.22,41.36,40.59,6.75,31.4,2.01,42.47,17.16
794100,5351.95,-246.26,-245.35,41.2,40.43,6.93,31.28,1.89,41.04,17.31
794200,5355.7,-246.68,-245.55,41.36,40.55,6.87,31.51,2.12,35.43,17.04
794300,5341.55,-246.93,-245.14,41.5,40.45,7.1,31.17,1.79,36.71,17.2
794400,5350.29,-248.38,-245.6,41.4,40.33,6.95,31.44,2.06,37.68,17.35
794500,5361.11,-245.18,-244.97,41.22,40.29,6.98,31.3,1.91,42.01,17.43
794600,5359.03,-246.8,-245.18,41.16,40.45,6.93,31.41,2.02,35.7,16.72
794700,5358.61,-246.84,-245.35,41.3,40.37,7.12,31.41,2.02,36.94,16.49
794800,5356.53,-246.76,-245.51,41.28,40.35,7.08,31.56,2.18,39.31,16.84
794900,5350.71,-247.51,-245.55,41.16,40.51,7.08,31.32,1.93,41.7,17
795000,5345.71,-248.42,-245.8,41.36,40.33,6.96,31.55,2.16,40.08,17.35
795100,5349.87,-247.38,-245.3,41.36,40.57,6.89,31.18,1.79,48.09,16.72
795200,5357.78,-246.8,-245.47,41.42,40.49,7.08,31.64,2.26,35.43,17.31
795300,5348.63,-247.72,-245.93,41.6,40.45,6.67,31.26,1.87,33.49,17.35
795400,5351.54,-246.68,-245.26,41.38,40.53,6.83,31.33,1.95,40.46,17.99
795500,5349.87,-247.59,-245.18,41.32,40.49,7,31.52,2.14,39.61,17.63
795600,5351.95,-247.3,-245.43,41.34,40.39,7,31.53,2.14,35.08,18.26
795700,5354.45,-247.43,-245.3,41.36,40.45,6.79,31.46,2.07,40.85,18.26
795800,5345.71,-247.92,-245.39,41.24,40.47,6.73,31.59,2.2,37.87,18.34
795900,5350.71,-248.76,-245.3,41.18,40.67,6.89,31.56,2.17,38.76,17.99
796000,5361.52,-246.34,-245.72,41.36,40.59,6.79,31.64,2.26,36.98,17.79
796100,5359.86,-247.55,-245.72,41.44,40.65,6.77,31.6,2.22,36.44,17.35
796200,5351.12,-248.59,-245.39,41.24,40.55,6.89,31.73,2.35,38.18,17.63
796300,5355.28,-247.34,-245.6,41.4,40.51,6.98,31.75,2.37,36.13,17.79
796400,5354.04,-248.63,-245.64,41.18,40.55,6.95,31.81,2.42,39.77,17.87
796500,5340.31,-248.22,-245.14,41.22,40.41,6.79,31.75,2.37,46.67,17.55
796600,5362.36,-247.67,-245.84,41.38,40.33,6.67,31.7,2.31,38.88,17.39
796700,5351.95,-247.67,-245.47,41.32,40.65,6.96,32.04,2.66,33.06,17.43
796800,5359.86,-246.76,-245.76,41.3,40.39,6.91,31.7,2.31,34.11,16.68
796900,5354.45,-247.67,-246.05,41.22,40.45,7.04,31.9,2.51,35.32,18.1
797000,5354.45,-248.09,-245.72,41.2,40.51,6.87,31.75,2.36,39.23,18.06
797100,5356.95,-246.8,-246.05,41.38,40.37,6.79,32.03,2.64,39.42,17.08
797200,5351.95,-247.8,-245.43,41.32,40.49,6.75,31.77,2.38,39.88,17.95
797300,5349.46,-248.59,-245.26,41.48,40.39,6.85,31.95,2.56,41.82,17.31
797400,5349.46,-247.97,-245.6,41.4,40.41,6.81,31.89,2.5,41.16,17.08
797500,5351.12,-247.26,-245.6,41.44,40.43,7,31.99,2.6,43.05,18.26
797600,5352.37,-247.67,-245.6,41.28,40.51,6.83,31.79,2.41,39.81,17.99
797700,5357.36,-247.97,-245.43,41.34,40.43,7.12,32.17,2.78,36.4,17.87
797800,5357.78,-246.97,-245.43,41.44,40.39,6.81,32,2.61,38.49,18.14
797900,5351.54,-247.67,-245.68,41.3,40.59,7.04,32.1,2.72,37.83,18.02
798000,5351.12,-248.8,-245.64,41.68,40.55,6.71,31.74,2.35,36.9,16.92
798100,5354.87,-247.84,-245.6,41.26,40.19,6.85,32.41,3.02,34.5,17.2
798200,5358.61,-248.38,-245.6,41.36,40.55,6.67,31.93,2.55,42.16,17.47
798300,5355.28,-247.67,-245.51,41.5,40.51,6.98,32.2,2.81,35.66,17.04
798400,5353.2,-246.3,-245.51,41.18,40.45,7.04,32.22,2.83,43.17,18.22
798500,5360.28,-249.01,-245.51,41.52,40.73,6.75,32.32,2.93,36.56,18.46
798600,5357.36,-248.84,-246.01,41.5,40.67,7.04,32.17,2.78,36.32,17.63
798700,5354.87,-247.67,-245.47,41.22,40.35,6.79,32.37,2.98,44.63,16.88
798800,5355.7,-247.13,-245.43,41.26,40.41,6.91,32.21,2.82,41.58,17.24
798900,5353.2,-248.05,-245.51,41.16,40.47,6.79,32.35,2.96,43.51,17.28
799000,5349.87,-247.55,-245.76,41.34,40.55,6.59,32.05,2.66,42.01,16.96
799100,5356.95,-246.97,-245.68,41.46,40.59,6.81,32.36,2.97,46.63,17.12
799200,5349.87,-247.43,-245.47,41.3,40.53,6.81,32.12,2.74,46.71,16.76
799300,5356.95,-246.64,-245.72,41.5,40.65,6.83,32.48,3.09,37.56,16.72
799400,5363.19,-247.97,-245.26,41.28,40.43,6.89,32.37,2.99,45.59,17.31
799500,5347.38,-248.22,-245.72,41.38,40.33,6.47,32.32,2.93,35.47,17.28
799600,5351.54,-247.59,-245.84,41.58,40.61,6.95,32.4,3.01,37.68,16.88
799700,5347.38,-248.17,-245.84,41.32,40.43,6.87,32.38,2.99,34.54,17.04
799800,5351.12,-247.18,-245.72,41.36,40.53,6.83,32.16,2.78,40.08,16.96
799900,5354.87,-247.51,-245.35,41.52,40.77,6.87,32.33,2.94,36.05,17.91
800000,5352.79,-247.13,-245.84,41.18,40.45,6.61,32.31,2.93,37.64,17.91
800100,5343.22,-247.26,-245.55,41.52,40.61,7,32.29,2.9,44.32,17.04
800200,5346.96,-247.72,-245.51,41.36,40.55,6.98,32.41,3.03,42.78,17.31
800300,5354.04,-248.51,-245.43,41.64,40.61,7.06,32.25,2.86,44.17,17.16
800400,5359.44,-247.8,-245.51,41.36,40.45,6.75,32.45,3.07,38.18,17.39
800500,5354.04,-246.76,-245.76,41.26,40.37,6.85,32.2,2.82,38.76,17.83
800600,5351.54,-248.26,-245.68,41.38,40.47,6.73,32.41,3.03,38.92,17.87
800700,5354.04,-248.01,-245.76,41.34,40.49,6.85,32.35,2.97,42.47,17.59
800800,5356.11,-247.3,-245.68,41.3,40.59,6.73,32.39,3.01,43.47,17.79
800900,5360.28,-247.01,-245.51,41.56,40.71,6.87,32.39,3.01,43.09,16.53
801000,5361.11,-247.18,-245.39,41.24,40.35,6.87,32.6,3.22,43.67,17.04
801100,5346.96,-247.38,-245.76,41.32,40.35,6.85,32.17,2.78,38.11,18.18
801200,5353.62,-247.72,-245.3,41.24,40.49,6.75,32.47,3.09,40.27,17.87
801300,5355.28,-248.3,-245.51,41.3,40.35,6.95,32.28,2.89,38.49,16.72
801400,5356.95,-247.72,-245.47,41.4,40.63,7.06,32.49,3.1,37.95,17.47
801500,5351.54,-247.72,-246.14,41.36,40.59,6.61,32.3,2.91,40.5,17.79
801600,5353.62,-246.72,-245.97,41.2,40.67,7.1,32.55,3.16,40.5,17.39
801700,5355.7,-247.76,-245.39,41.46,40.33,6.96,32.08,2.7,33.33,17.31
801800,5352.79,-247.88,-245.55,41.44,40.35,6.57,32.53,3.14,37.37,16.92
801900,5358.2,-247.97,-245.39,41.22,40.19,6.69,32.16,2.78,37.18,17.2
802000,5356.53,-248.38,-245.22,41.24,40.57,6.89,32.62,3.23,38.92,17.47
802100,5351.95,-247.47,-245.8,41.38,40.33,6.91,32.03,2.64,40.12,16.88
802200,5353.2,-246.97,-245.72,41.44,40.49,6.96,32.59,3.2,38.18,17.39
802300,5355.7,-247.55,-245.51,41.38,40.45,6.96,31.91,2.52,33.22,17.63
802400,5355.28,-246.59,-245.76,41.3,40.39,7.06,32.42,3.03,39.5,17.16
802500,5352.79,-248.17,-245.43,41.32,40.41,7,31.81,2.43,37.1,17.63
802600,5351.12,-247.88,-245.47,41.32,40.31,7.08,32.62,3.23,35.82,17.91
802700,5356.95,-247.13,-246.01,41.44,40.47,6.87,31.96,2.57,37.95,17.51
802800,5346.96,-246.93,-245.76,41.2,40.45,6.96,32.36,2.97,38.96,17.55
802900,5355.7,-247.67,-245.72,41.2,40.51,6.85,31.92,2.53,37.21,17.35
803000,5352.37,-248.13,-245.51,41.38,40.55,6.96,32.4,3.01,39.03,17.2
803100,5352.37,-247.55,-245.6,41.52,40.47,6.77,31.93,2.54,38.41,16.8
803200,5352.79,-248.05,-245.89,41.56,40.29,6.79,32.37,2.98,37.14,17.43
803300,5353.2,-247.59,-245.8,41.52,40.39,6.55,32.06,2.68,39,17.87
803400,5355.7,-248.13,-245.35,41.66,40.29,6.53,32.45,3.06,40.35,17.47
803500,5355.28,-247.38,-245.22,41.3,40.73,7.16,32.03,2.64,42.86,17.95
803600,5350.29,-246.93,-245.47,41.36,40.37,6.77,32.37,2.98,36.98,17.63
803700,5353.2,-247.47,-245.51,41.52,40.37,7.04,31.87,2.49,36.17,18.1
803800,5351.54,-246.8,-245.3,41.62,40.13,6.65,32.6,3.22,41.04,17.99
803900,5354.87,-248.3,-245.72,41.62,40.27,6.69,32.18,2.79,38.76,18.18
804000,5351.95,-246.88,-245.1,41.7,40.31,6.81,32.56,3.17,36.48,18.26
804100,5350.29,-247.3,-245.22,41.24,40.57,7.04,31.96,2.57,34.27,17.08
804200,5349.87,-246.55,-245.84,41.36,40.59,6.77,32.35,2.96,37.91,17.55
804300,5357.36,-246.59,-246.05,41.22,40.37,6.91,32,2.61,40.23,17.39
804400,5349.87,-248.3,-245.51,41.18,40.61,7.06,31.91,2.52,32.91,17.59
804500,5352.37,-247.18,-245.76,41.42,40.43,6.67,31.85,2.46,36.01,17.28
804600,5351.54,-247.47,-245.55,41.6,40.29,6.65,32.1,2.71,37.41,17.67
804700,5353.62,-247.59,-245.51,41.28,40.29,6.53,31.97,2.58,42.28,17.55
804800,5346.55,-247.34,-245.51,41.3,40.63,6.77,32.14,2.75,35.12,17.79
804900,5354.04,-247.26,-245.18,41.42,40.53,7.18,32.08,2.7,34.54,17.91
805000,5356.53,-248.22,-245.97,41.38,40.45,7.26,31.91,2.53,37.37,18.14
805100,5356.11,-247.26,-244.89,41.24,40.43,6.53,32.12,2.73,34.34,16.6
805200,5352.37,-247.43,-245.51,41.48,40.35,6.93,32.08,2.7,35.86,17.24
805300,5348.21,-247.8,-245.26,41.36,40.65,6.85,31.97,2.58,36.56,17.99
805400,5346.55,-246.88,-245.39,41.38,40.49,6.91,31.78,2.39,35.28,17.39
805500,5342.8,-246.97,-245.14,41.24,40.35,6.47,32.22,2.83,40.85,17.24
805600,5354.04,-247.47,-245.51,41.22,40.63,7.06,31.78,2.39,38.38,17.39
805700,5353.62,-246.76,-245.72,41.26,40.41,6.71,31.87,2.49,45.71,17.08
805800,5349.87,-246.76,-245.55,41.56,40.45,6.73,31.86,2.47,42.24,17.31
805900,5346.96,-247.97,-246.01,41.3,40.69,7.02,32.14,2.76,41.47,17.16
806000,5349.87,-246.88,-245.55,41.32,40.39,6.71,31.63,2.24,39.03,17.47
806100,5351.12,-247.38,-245.76,41.66,40.49,7.02,32.11,2.72,37.83,17.08
806200,5350.29,-249.34,-245.84,41.3,40.51,7,31.79,2.4,32.17,17.28
806300,5353.62,-248.63,-245.6,41.64,40.49,7.04,32.15,2.76,42.9,17.83
806400,5347.79,-248.34,-245.35,41.28,40.41,6.81,31.81,2.42,37.95,17.24
806500,5351.95,-246.3,-245.47,41.52,40.37,6.98,32.32,2.93,34.38,17.24
806600,5358.2,-246.97,-245.14,41.44,40.55,7.1,31.62,2.24,39.65,17.91
806700,5353.2,-246.22,-245.8,41.3,40.41,6.81,32.1,2.71,34.69,16.88
806800,5351.95,-247.09,-245.6,41.3,40.57,7.14,31.71,2.32,43.71,17.12
806900,5350.29,-247.97,-245.14,41.34,40.65,6.49,31.81,2.43,47.86,17.35
807000,5354.04,-247.88,-245.43,41.18,40.57,6.63,31.71,2.33,31,16.96
807100,5352.37,-246.26,-245.35,41.64,40.41,6.87,32.18,2.79,32.01,17.71
807200,5351.95,-246.59,-245.1,41.5,40.59,6.79,31.81,2.42,30.88,17.99
807300,5351.95,-248.88,-245.43,41.78,40.45,6.77,31.98,2.59,40.66,17.35
807400,5356.53,-247.3,-246.26,41.38,40.43,6.91,31.83,2.45,34.97,17.31
807500,5349.87,-245.72,-245.8,41.3,40.39,7.08,32.08,2.7,39.96,17.31
807600,5346.13,-247.59,-245.14,41.18,40.37,6.75,31.78,2.39,37.18,17.87
807700,5352.37,-249.26,-245.51,41.42,40.53,6.69,31.89,2.51,44.67,17.08
807800,5352.79,-247.18,-245.47,41.42,40.11,6.83,31.67,2.28,41.43,17.24
807900,5351.95,-247.09,-245.26,41.36,40.49,6.63,31.91,2.53,40.04,16.8
808000,5353.62,-246.88,-245.97,41.22,40.49,6.77,31.92,2.53,39.54,16.37
808100,5355.28,-249.21,-245.47,41.18,40.43,6.63,31.87,2.48,44.32,16.45
808200,5358.61,-245.68,-245.35,41.26,40.35,6.89,32.06,2.68,36.25,16.57
808300,5346.96,-247.05,-245.22,41.2,40.45,6.93,32.25,2.86,35,16.96
808400,5344.05,-246.88,-245.22,41.3,40.51,7.2,32.04,2.65,40.08,18.1
808500,5345.3,-248.26,-245.43,41.28,40.75,6.81,32.11,2.72,39.34,17.99
808600,5351.95,-247.76,-245.68,41.26,40.69,6.89,32.04,2.65,33.96,18.42
808700,5344.47,-247.26,-246.05,41.36,40.73,7.06,31.91,2.52,38.76,17.99
808800,5350.71,-248.42,-245.01,41.46,40.55,6.87,32.09,2.7,37.21,17.16
808900,5361.52,-248.59,-245.05,41.26,40.29,7.28,32.17,2.78,40.93,17.2
809000,5357.78,-246.88,-245.05,41.24,40.43,6.61,31.84,2.45,40.73,16.72
809100,5356.11,-247.88,-245.35,41.1,40.41,6.75,31.99,2.6,34.46,17.28
809200,5359.44,-247.8,-245.35,41.24,40.69,6.91,32.14,2.76,38.38,17.39
809300,5354.04,-247.38,-245.43,41.38,40.49,6.81,32.18,2.79,37.68,17.71
809400,5355.7,-247.43,-245.39,41.5,40.49,6.89,32.1,2.71,35.55,18.06
809500,5351.54,-249.34,-245.1,41.44,40.33,6.73,32.04,2.66,38.65,18.26
809600,5350.29,-247.09,-245.39,41.34,40.77,7.26,31.99,2.6,32.71,17.12
809700,5350.71,-245.55,-245.8,41.32,40.53,6.69,32.16,2.77,33.49,17.08
809800,5354.04,-246.34,-246.01,41.3,40.69,6.89,32.12,2.73,37.41,17.79
809900,5351.54,-248.47,-245.8,41.62,40.17,6.65,31.95,2.57,38.8,17.39
810000,5346.96,-246.39,-245.39,41.56,40.53,6.81,32.33,2.94,44.55,16.64
810100,5354.87,-246.76,-245.01,41.36,40.47,6.81,32.14,2.76,50.01,16.92
810200,5350.29,-245.97,-245.76,41.38,40.39,6.71,32.37,2.99,41.24,17.04
810300,5351.54,-248.51,-245.39,41.56,40.49,6.77,31.87,2.49,27.96,17.43
810400,5353.62,-247.01,-245.6,41.4,40.35,7.06,32.16,2.77,36.21,17.51
810500,5349.04,-248.26,-245.76,41.62,40.43,7.24,31.85,2.47,35.74,16.88
810600,5356.95,-247.63,-245.14,41.58,40.47,6.91,32.16,2.77,38.11,17.28
810700,5351.54,-248.63,-245.26,41.62,40.23,7.12,31.99,2.6,35.66,16.92
810800,5345.3,-246.09,-246.09,41.16,40.65,6.71,32.49,3.1,36.98,17.2
810900,5355.7,-247.3,-245.26,41.34,40.45,6.73,32.31,2.93,42.39,17.83
811000,5350.71,-249.05,-246.09,41.12,40.45,6.98,32.33,2.94,41.16,18.06
811100,5354.04,-246.97,-246.01,41.46,40.61,6.65,32.12,2.74,40.54,16.92
811200,5346.13,-246.76,-245.47,41.56,40.45,6.81,32.6,3.21,37.91,17.67
811300,5353.62,-247.63,-245.51,41.28,40.45,6.93,32.31,2.93,35.55,17.59
811400,5361.11,-247.88,-246.34,41.22,40.69,6.73,32.36,2.97,39.19,17.75
811500,5360.69,-247.76,-245.6,41.46,40.37,7,32.33,2.95,35.78,17.12
811600,5345.3,-248.26,-245.39,41.54,40.41,7.08,32.38,2.99,41.2,17.35
811700,5350.71,-248.47,-245.26,41.64,40.47,7,31.93,2.55,37.18,17.39
811800,5349.46,-248.26,-246.05,41.46,40.43,7.08,32.42,3.03,36.52,17.12
811900,5356.11,-247.55,-246.34,41.22,40.49,7.08,32.31,2.92,39.69,16.96
812000,5353.62,-247.05,-245.22,41.14,40.83,6.89,32.29,2.91,39.15,17.2
812100,5359.44,-247.97,-245.55,41.24,40.57,6.77,32.12,2.74,33.45,17.16
812200,5353.62,-247.72,-245.51,41.16,40.41,6.75,32.53,3.14,38.42,17.39
812300,5351.54,-247.76,-245.1,41.28,40.57,6.73,32.19,2.8,42.63,17.16
812400,5353.62,-247.67,-245.47,41.52,40.45,6.93,32.41,3.03,30.57,16.8
812500,5351.54,-246.55,-246.05,41.68,40.23,7,32.27,2.88,39.46,17.47
812600,5356.11,-247.63,-245.68,41.2,40.53,6.71,32.51,3.13,37.99,17.28
812700,5354.87,-245.72,-246.09,41.36,40.37,6.98,32.26,2.87,37.83,16.92
812800,5351.95,-248.38,-245.35,41.36,40.55,6.96,32.46,3.07,44.98,17.71
812900,5356.11,-246.64,-245.05,41.32,40.53,7.06,32.18,2.79,46.98,16.72
813000,5364.44,-246.51,-245.72,41.28,40.87,6.65,32.29,2.91,43.32,16.92
813100,5351.95,-247.63,-246.05,41.28,40.77,6.59,32.2,2.81,35.28,17.51
813200,5356.11,-247.8,-245.8,41.34,40.49,6.89,32.51,3.12,38.22,17.67
813300,5351.54,-246.88,-245.3,41.32,40.55,7.02,31.99,2.6,41.31,17.35
813400,5358.2,-246.51,-245.72,41.54,40.61,6.69,32.53,3.14,37.68,17.08
813500,5355.7,-246.34,-245.3,41.28,40.51,7.14,32.12,2.74,44.01,17.12
813600,5351.95,-248.22,-245.68,41.64,40.31,6.69,32.79,3.4,38.07,17.55
813700,5347.38,-246.47,-244.93,41.18,40.51,6.89,32.3,2.91,37.25,17.39
813800,5352.79,-247.22,-245.3,41.28,40.39,7,32.75,3.36,37.29,17.51
813900,5353.2,-248.26,-245.93,41.52,40.51,6.87,32.21,2.82,37.87,17.04
814000,5365.27,-249.05,-245.6,41.4,40.63,6.89,32.45,3.06,44.51,17.08
814100,5354.04,-246.76,-245.6,41.2,40.57,6.65,32.08,2.7,38.26,17.2
814200,5347.38,-247.84,-245.05,41.08,40.41,6.73,32.71,3.32,40.16,17.47
814300,5354.04,-246.51,-245.8,41.28,40.47,6.79,32.25,2.86,33.92,18.02
814400,5356.95,-247.05,-245.3,41.3,40.49,7,32.59,3.2,41.97,18.02
814500,5353.62,-247.59,-245.18,41.24,40.67,7.04,32.07,2.68,43.28,17.24
814600,5370.68,-248.51,-245.89,41.54,40.67,6.96,32.6,3.21,40,17.04
814700,5347.38,-246.97,-245.84,41.42,40.53,7.04,32.42,3.03,39.73,17.24
814800,5351.54,-247.18,-245.26,41.4,40.57,7.24,32.72,3.34,44.4,17.47
814900,5349.87,-247.92,-245.22,41.32,40.41,6.79,32.4,3.01,37.14,17.39
815000,5349.04,-248.13,-245.43,41.32,40.41,6.85,32.58,3.19,34.5,17.2
815100,5357.36,-248.26,-245.8,41.42,40.73,6.93,32.35,2.97,43.82,17.24
815200,5347.79,-247.72,-245.39,41.46,40.45,6.77,32.88,3.49,45.25,17.79
815300,5349.87,-248.01,-244.89,41.6,40.59,6.91,32.47,3.08,43.05,17.47
815400,5353.2,-247.05,-245.76,41.34,40.57,6.57,32.62,3.24,45.32,17.51
815500,5358.2,-248.3,-245.26,41.56,40.53,6.91,32.4,3.01,39.92,17.2
815600,5347.38,-249.09,-245.26,41.58,40.35,6.87,32.92,3.53,33.45,17.16
815700,5348.21,-247.43,-245.51,41.36,40.57,6.91,32.53,3.14,37.8,17.75
815800,5360.28,-246.93,-245.76,41.42,40.69,6.53,32.43,3.05,45.48,17.24
815900,5349.04,-247.72,-245.6,41.3,40.49,6.59,32.36,2.97,32.98,17.43
816000,5354.87,-245.89,-245.47,41.26,40.37,7.04,32.37,2.99,38.03,18.14
816100,5354.45,-245.43,-245.43,41.68,40.53,6.89,32.5,3.11,41.97,18.26
816200,5353.62,-249.38,-244.93,41.64,40.69,6.79,32.63,3.24,41.51,16.96
816300,5356.53,-247.84,-245.93,41.16,40.35,7.16,32.37,2.98,43.09,17.63
816400,5355.7,-248.59,-245.26,41.42,40.37,6.96,32.46,3.07,42.39,17.67
816500,5353.62,-245.76,-245.43,41.34,40.51,6.91,32.4,3.01,36.4,17.91
816600,5353.2,-246.93,-245.55,41.24,40.43,6.89,32.34,2.95,37.41,17.47
816700,5369.01,-248.01,-246.18,41.32,40.49,6.91,32.56,3.17,38.76,17.08
816800,5345.71,-247.8,-245.72,41.44,40.47,6.83,32.32,2.93,43.32,17.12
816900,5354.87,-247.34,-245.35,41.48,40.47,6.65,32.66,3.27,36.98,16.53
817000,5354.87,-246.47,-245.26,41.52,40.59,6.83,32.51,3.13,41.47,16.92
817100,5357.78,-248.34,-245.39,41.3,40.39,6.89,32.68,3.29,39.11,17.35
817200,5364.85,-248.34,-245.72,41.46,40.39,7.02,32.39,3.01,39.38,17.71
817300,5357.78,-247.84,-246.01,41.42,40.39,6.81,32.62,3.23,39.92,17.43
817400,5353.62,-246.34,-245.72,41.4,40.55,6.77,32.37,2.98,35.16,16.92
817500,5349.87,-246.43,-245.43,41.46,40.55,6.79,32.88,3.49,35.94,17.63
817600,5344.47,-246.51,-245.51,41.54,40.71,7,32.37,2.98,35.35,17.75
817700,5358.61,-247.34,-245.1,41.18,40.47,6.75,32.55,3.16,34.31,17.47
817800,5358.2,-248.3,-245.18,41.64,40.63,6.85,32.39,3.01,36.25,17.31
817900,5353.2,-247.47,-245.35,41.4,40.59,6.67,32.68,3.3,34.27,17.35
818000,5349.04,-246.8,-245.89,41.54,40.79,6.87,32.17,2.78,35.35,16.88
818100,5362.36,-248.63,-245.35,41.44,40.57,6.98,32.7,3.32,36.13,17.2
818200,5371.92,-249.26,-245.55,41.46,40.49,6.53,32.49,3.11,37.06,17.39
818300,5349.04,-245.43,-245.3,41.3,40.41,6.65,32.51,3.12,38.69,17.12
818400,5355.7,-248.88,-245.89,41.62,40.71,6.89,32.35,2.97,39.85,17
818500,5346.55,-246.97,-245.68,40.72,40.55,6.95,32.56,3.17,41.93,17.31
818600,5348.21,-247.97,-245.6,41.4,40.37,6.61,32.43,3.04,34.31,17
818700,5348.63,-244.68,-244.89,41.2,40.27,6.71,32.69,3.3,40.85,17.24
818800,5347.79,-247.38,-244.89,41.36,40.47,6.93,32.24,2.86,42.9,18.06
818900,5352.79,-248.26,-245.51,41.38,40.73,7.02,32.6,3.22,43.47,17.2
819000,5352.37,-248.01,-245.22,41.28,40.33,6.73,32.31,2.93,45.55,17
819100,5352.79,-247.84,-245.3,41.24,40.43,6.81,32.69,3.3,41.31,17.24
819200,5352.79,-247.72,-246.01,41.5,40.39,7.08,32.19,2.8,42.63,17.04
819300,5353.2,-248.09,-245.39,41.64,40.57,7.2,32.44,3.05,42.24,18.89
819400,5357.36,-246.47,-245.14,41.62,40.69,6.91,32.27,2.88,39.92,16.96
819500,5353.62,-248.38,-245.89,41.52,40.33,7.02,32.82,3.43,46.25,17.04
819600,5349.04,-247.43,-245.1,41.4,40.41,6.93,32.27,2.88,46.86,17.16
819700,5357.78,-247.92,-244.93,41.44,40.45,6.89,32.46,3.07,45.63,17.35
819800,5349.04,-246.22,-245.26,41.36,40.29,6.83,32.28,2.89,41.82,17.12
819900,5347.79,-247.76,-245.68,41.3,40.39,6.63,32.54,3.15,35.82,17.12
820000,5340.72,-246.88,-244.93,41.24,40.49,6.77,32.24,2.85,46.98,17.28
820100,5358.2,-248.26,-245.39,41.54,40.65,6.65,32.24,2.85,41.08,16.84
820200,5360.69,-247.22,-245.35,41.36,40.79,6.85,32.22,2.84,45.44,17.24
820300,5352.79,-246.59,-245.05,41.3,40.59,6.83,32.26,2.87,35.94,16.92
820400,5352.37,-247.38,-245.64,41.56,40.27,6.95,32.26,2.87,33.8,17.87
820500,5351.95,-247.22,-245.6,41.42,40.55,6.81,32.23,2.84,32.32,17.31
820600,5348.63,-248.76,-246.09,41.46,40.41,6.81,32.28,2.89,38.18,17.71
820700,5354.45,-247.88,-245.55,41.56,40.41,6.71,32.26,2.87,35.9,17.35
820800,5356.95,-246.93,-245.76,41.26,40.51,6.63,32.4,3.01,40.5,17.16
820900,5352.79,-248.17,-245.72,41.6,40.41,6.91,32.11,2.72,41.7,17.51
821000,5349.04,-246.43,-245.97,41.16,40.63,6.91,32.39,3,41.58,16.68
821100,5351.54,-246.8,-245.55,41.36,40.53,6.98,32.32,2.93,42.12,17.31
821200,5352.79,-248.3,-245.84,41.38,40.61,6.83,32.28,2.89,37.52,17.59
821300,5356.95,-247.43,-245.68,41.34,40.53,6.57,32.05,2.66,38.03,17.31
821400,5351.54,-247.13,-245.35,41.42,40.51,6.85,32.18,2.8,44.82,17.75
821500,5354.45,-247.88,-245.64,41.36,40.39,6.61,32.18,2.79,47.32,17.35
821600,5350.71,-248.01,-245.55,41.3,40.45,6.81,32.16,2.77,33.61,17.67
821700,5356.95,-247.09,-245.47,41.28,40.43,6.93,32.17,2.78,41.16,17.47
821800,5349.46,-247.92,-246.01,41.28,40.51,6.98,32.29,2.9,39.07,17.16
821900,5357.36,-247.34,-245.55,41.3,40.49,6.77,32.22,2.84,37.45,17.04
822000,5352.37,-247.51,-245.93,41.48,40.43,6.89,32.21,2.82,45.36,17.71
822100,5348.21,-248.22,-245.6,41.2,40.69,6.96,31.98,2.59,35.51,17.28
822200,5356.53,-246.68,-245.55,41.48,40.85,6.75,32.27,2.88,36.59,17
822300,5354.04,-248.13,-245.6,41.2,40.55,6.96,32.12,2.74,42.59,17.67
822400,5353.2,-248.84,-245.84,41.6,40.23,6.79,32.12,2.73,42.51,16.92
822500,5353.62,-248.34,-245.84,41.3,40.63,7.02,32.29,2.9,38.53,17.67
822600,5354.45,-247.76,-245.47,41.42,40.59,7.04,32.2,2.81,39.27,16.92
822700,5354.45,-247.3,-245.72,41.36,40.47,6.87,31.9,2.51,37.68,16.49
822800,5360.28,-247.76,-245.84,41.24,40.45,6.89,32.4,3.01,37.56,17
822900,5354.87,-247.59,-245.47,41.3,40.45,6.85,32.07,2.68,36.05,17.08
823000,5366.1,-245.84,-245.8,41.34,40.45,6.67,32.23,2.84,38.11,17
823100,5358.61,-247.26,-245.72,41.3,40.59,6.81,31.97,2.58,38.14,16.96
823200,5355.7,-247.76,-245.68,41.46,40.41,6.77,32.14,2.76,40.5,17.35
823300,5357.36,-248.71,-245.26,41.34,40.63,6.77,32.11,2.72,39.92,17.47
823400,5352.37,-247.67,-245.3,41.78,40.47,6.96,32.37,2.99,38.3,17.28
823500,5353.62,-247.63,-245.35,41.12,40.65,6.98,32.06,2.67,42.47,17.12
823600,5349.46,-247.76,-245.14,41.28,40.49,6.87,32.47,3.09,42.51,16.88
823700,5350.29,-247.26,-245.55,41.46,40.39,6.77,32.13,2.74,44.75,17.08
823800,5357.36,-246.47,-245.64,41.54,40.61,6.79,32.34,2.95,38.3,17.28
823900,5355.28,-246.93,-245.8,41.34,40.45,6.63,32.09,2.7,40.08,17.35
824000,5357.36,-247.05,-245.93,41.34,40.67,6.87,32.2,2.82,42.47,17.12
824100,5352.79,-248.01,-245.55,41.56,40.47,6.89,32.21,2.82,36.71,17.67
824200,5349.04,-247.22,-245.64,41.32,40.41,6.89,32.23,2.84,42.36,17.08
824300,5352.79,-247.88,-245.55,41.34,40.31,6.81,32.25,2.86,42.28,16.72
824400,5357.78,-248.51,-245.72,41.44,40.55,7,32.26,2.87,41.24,16.64
824500,5356.53,-246.93,-245.26,41.44,40.49,6.91,32.2,2.81,40.12,17.31
824600,5356.53,-248.13,-245.47,41.34,40.31,6.75,32.51,3.12,39.96,16.6
824700,5353.2,-247.47,-245.64,41.3,40.53,7.02,32.44,3.05,43.01,16.64
824800,5356.95,-247.59,-245.89,41.32,40.43,6.79,32.41,3.03,40.66,17.08
824900,5356.11,-247.18,-245.35,41.24,40.49,6.91,32.45,3.06,42.32,16.84
825000,5361.52,-247.97,-245.76,41.44,40.33,6.89,32.35,2.96,34.19,17.99
825100,5359.86,-248.01,-245.8,41.16,40.37,6.79,32.42,3.03,33.61,17.12
825200,5351.12,-246.3,-245.93,41.46,40.69,6.96,32.39,3.01,39.88,18.3
825300,5351.54,-247.22,-245.22,41.2,40.39,7.02,32.61,3.22,35.16,17.83
825400,5353.62,-247.97,-246.05,41.3,40.35,6.67,32.16,2.78,39.77,17.59
825500,5353.2,-248.3,-245.89,41.54,40.49,6.69,32.69,3.3,42.16,17.91
825600,5363.19,-247.97,-245.39,41.32,40.61,6.87,32.14,2.75,43.44,16.76
825700,5360.28,-247.51,-245.43,41.12,40.45,7.06,32.53,3.14,42.55,16.84
825800,5354.45,-247.59,-245.35,41.36,40.47,6.83,32.42,3.03,45.44,17.87
825900,5353.2,-247.51,-245.76,41.38,40.41,6.87,32.6,3.21,40.93,17.91
826000,5356.11,-247.88,-245.6,41.52,40.57,6.81,32.26,2.87,39.88,17.63
826100,5355.28,-246.8,-245.55,41.68,40.71,6.71,32.56,3.17,39.3,17
826200,5351.54,-247.34,-245.97,41.36,40.37,6.83,32.2,2.81,39.23,17.43
826300,5349.04,-247.97,-245.55,41.42,40.59,6.83,32.82,3.44,44.51,17.08
826400,5356.11,-246.88,-245.68,41.4,40.29,6.75,32.29,2.91,34.23,17.79
826500,5346.96,-246.84,-246.01,41.4,40.37,6.91,32.79,3.4,38.88,17.59
826600,5356.11,-248.22,-245.64,41.58,40.73,6.96,32.31,2.92,39.88,17.28
826700,5353.2,-247.18,-245.55,41.42,40.43,6.75,32.72,3.33,35.35,17.59
826800,5349.04,-247.3,-245.68,41.54,40.49,6.81,32.5,3.11,40.7,16.84
826900,5352.37,-247.72,-245.8,41.36,40.37,6.98,32.86,3.47,28.03,17.35
827000,5359.03,-247.3,-245.3,41.6,40.55,7.02,32.24,2.85,35.55,16.96
827100,5360.69,-247.59,-245.72,41.42,40.69,6.89,32.99,3.61,37.45,16.8
827200,5361.11,-247.63,-245.68,41.4,40.45,7.08,32.26,2.87,34.58,17.2
827300,5354.04,-248.13,-245.68,41.62,40.57,6.98,32.91,3.52,37.87,16.88
827400,5352.37,-248.42,-245.43,41.5,40.31,6.93,32.32,2.93,38.07,17.55
827500,5365.68,-247.88,-245.55,41.32,40.31,6.65,32.93,3.55,37.49,17.99
827600,5364.02,-247.8,-245.51,41.34,40.47,6.71,32.32,2.93,37.1,17.63
827700,5355.7,-247.43,-245.68,41.3,40.85,6.93,32.97,3.58,35.97,17.51
827800,5356.11,-247.97,-245.3,41.14,40.65,6.91,32.24,2.86,45.63,17.39
827900,5349.04,-247.09,-245.26,41.26,40.39,6.71,33.03,3.64,38.69,17.51
828000,5357.36,-247.47,-245.8,41.44,40.35,6.81,32.31,2.92,41.97,17.43
828100,5352.37,-246.39,-245.72,41.48,40.39,6.98,33.08,3.69,35.47,17.24
828200,5357.36,-248.22,-245.43,41.12,40.13,6.83,32.43,3.04,40.85,17.75
828300,5359.03,-248.05,-245.3,41.22,40.63,6.65,32.99,3.61,40.97,18.06
828400,5354.45,-247.63,-245.51,41.28,40.53,6.95,32.55,3.16,46.98,17.95
828500,5355.7,-247.88,-245.76,41.46,40.37,6.71,32.91,3.53,37.83,17.08
828600,5362.77,-248.17,-245.51,41.36,40.41,6.93,32.62,3.24,41.55,16.53
828700,5361.52,-247.72,-245.64,41.32,40.55,6.69,32.87,3.48,41.7,16.96
828800,5359.03,-247.3,-245.64,41.26,40.47,6.93,32.56,3.17,36.79,16.84
828900,5353.2,-248.22,-245.47,41.38,40.43,6.95,32.91,3.53,38.57,17.71
829000,5350.29,-247.26,-246.01,41.44,40.41,6.73,32.63,3.24,35.47,17.08
829100,5354.45,-247.55,-245.76,41.32,40.25,7.06,32.83,3.44,42.86,17.31
829200,5355.28,-246.55,-245.68,41.24,40.47,7.02,32.55,3.16,39.46,17.31
829300,5359.44,-247.22,-245.89,41.42,40.51,7.06,32.6,3.22,35.82,17.24
829400,5356.95,-248.42,-245.26,41.76,40.43,6.59,32.74,3.35,37.87,17.79
829500,5351.12,-246.55,-245.3,41.48,40.49,6.77,32.57,3.18,43.2,17
829600,5354.04,-247.34,-245.55,41.46,40.57,7,32.78,3.4,38.61,17.12
829700,5363.19,-247.97,-246.05,41.26,40.53,6.87,32.51,3.12,40.58,17.28
829800,5362.36,-247.72,-246.09,41.3,40.43,6.77,32.8,3.41,38.92,17.31
829900,5352.79,-247.13,-245.51,41.42,40.45,6.65,32.76,3.37,38.72,17.28
830000,5352.37,-246.55,-245.64,41.52,40.39,6.55,32.95,3.57,41.08,17.47
830100,5353.62,-248.17,-245.64,41.22,40.55,6.81,32.59,3.2,39.15,16.57
830200,5354.45,-247.43,-245.47,41.42,40.71,6.51,32.7,3.32,40.89,16.84
830300,5359.86,-246.39,-245.3,41.42,40.63,7.1,32.62,3.23,39.23,17.63
830400,5354.45,-246.88,-245.47,41.58,40.49,6.63,32.88,3.49,39.58,17.08
830500,5351.54,-247.88,-245.47,41.4,40.45,6.81,32.53,3.15,39.96,17.31
830600,5352.37,-247.18,-245.43,41.52,40.55,6.89,32.84,3.45,38.11,18.26
830700,5354.04,-246.93,-245.51,41.54,40.43,6.37,32.18,2.79,37.68,17.16
830800,5360.69,-247.43,-245.55,41.34,40.71,6.98,32.88,3.49,38.76,17.47
830900,5356.11,-247.55,-245.76,41.22,40.53,7.04,32.6,3.21,33.18,16.76
831000,5358.2,-247.09,-245.68,41.1,40.71,7.08,32.59,3.2,37.14,17.16
831100,5359.86,-246.93,-245.51,41.26,40.45,6.96,32.47,3.09,41.55,17.95
831200,5364.02,-246.43,-245.14,41.46,40.47,6.73,32.61,3.22,38.96,17.59
831300,5362.36,-246.51,-245.18,41.7,40.59,7.18,32.28,2.89,41.85,17.67
831400,5356.95,-248.59,-245.1,41.44,40.65,7.66,32.65,3.26,35.2,17.51
831500,5357.36,-248.05,-245.6,41.58,40.53,7.7,32.22,2.84,41.85,17.63
831600,5359.86,-247.43,-245.6,41.66,40.53,7.68,32.86,3.47,39.77,17.43
831700,5351.12,-249.17,-245.64,41.46,40.75,7.76,32.33,2.94,45.98,17.35
831800,5354.45,-247.76,-245.43,41.6,40.55,7.82,32.64,3.26,40.85,16.96
831900,5356.95,-246.97,-245.22,41.64,40.53,8.08,32.29,2.91,40.54,16.96
832000,5354.04,-247.67,-245.68,41.28,40.59,7.58,32.72,3.34,44.05,17.67
832100,5348.63,-247.55,-245.18,41.42,40.47,7.6,32.38,2.99,43.05,17.95
832200,5355.7,-247.13,-245.76,41.6,40.59,7.68,32.8,3.41,37.49,17.12
832300,5357.78,-247.18,-245.14,41.84,40.67,7.52,32.28,2.89,37.91,17.83
832400,5352.37,-248.51,-245.64,41.56,40.53,7.72,32.53,3.14,42.66,18.02
832500,5351.95,-245.89,-245.22,41.66,40.43,7.6,32.32,2.93,38.92,17.31
832600,5360.28,-247.05,-245.89,41.44,40.33,7.44,32.82,3.43,44.21,17.04
832700,5350.71,-248.71,-245.35,41.48,40.61,7.62,32.35,2.97,35.31,17.75
832800,5354.04,-246.68,-245.55,41.44,40.63,7.78,33.01,3.62,39.77,17.28
832900,5357.78,-247.13,-245.97,41.7,40.57,7.78,32.49,3.11,44.67,16.92
833000,5353.2,-248.71,-245.39,41.72,40.41,7.6,32.63,3.24,35.9,17.08
833100,5351.95,-247.92,-245.43,41.72,40.45,7.68,32.39,3,35.31,17.16
833200,5353.62,-248.22,-245.1,41.52,40.53,7.58,32.85,3.46,36.83,17.08
833300,5356.11,-247.18,-245.55,41.68,40.49,8.08,32.48,3.09,42.97,17.63
833400,5354.04,-246.26,-246.09,41.5,40.47,7.78,32.64,3.26,47.13,17
833500,5353.2,-245.84,-245.97,41.7,40.39,7.64,32.24,2.86,42.82,17.67
833600,5356.95,-248.17,-245.89,41.62,40.47,7.78,32.55,3.16,38.22,17.35
833700,5355.28,-247.88,-245.51,41.66,40.57,7.64,32.38,2.99,37.72,17.79
833800,5348.21,-247.3,-246.14,41.5,40.47,7.56,32.49,3.11,38.65,17.47
833900,5354.45,-247.43,-245.89,41.66,40.63,7.74,32.29,2.9,38.8,17.28
834000,5351.95,-246.34,-245.84,41.82,40.27,7.58,32.53,3.15,39.03,17.79
834100,5355.7,-249.88,-245.26,41.5,40.61,7.62,32.72,3.34,38.72,17.28
834200,5352.37,-246.88,-245.47,41.64,40.69,7.36,32.38,2.99,40.43,17.35
834300,5349.46,-246.64,-245.26,41.42,40.47,7.66,32.78,3.4,39.77,17.28
834400,5355.7,-248.84,-245.51,41.76,40.59,7.5,32.55,3.16,48.47,17.51
834500,5351.95,-246.84,-245.51,41.48,40.39,8,32.6,3.22,33.96,17.87
834600,5352.79,-246.51,-245.18,41.22,40.39,7.5,32.55,3.16,45.13,17.43
834700,5346.13,-246.51,-246.05,41.56,40.49,7.66,32.32,2.93,41.93,17.67
834800,5354.87,-248.55,-245.1,41.54,40.65,7.82,32.78,3.39,34.15,17.79
834900,5349.04,-247.01,-245.6,41.62,40.65,7.44,32.41,3.03,45.78,17.28
835000,5351.12,-247.59,-245.55,41.42,40.57,7.7,32.68,3.3,37.49,17.31
835100,5351.54,-247.97,-245.39,41.62,40.57,7.6,32.53,3.15,37.95,17.12
835200,5347.79,-247.22,-246.22,41.72,40.55,7.6,32.6,3.22,43.67,17.95
835300,5364.02,-248.59,-245.39,41.5,40.51,7.88,32.6,3.21,38.18,17.79
835400,5367.35,-248.01,-245.55,41.64,40.57,7.86,32.43,3.05,36.9,17.95
835500,5351.95,-246.97,-245.39,41.38,40.71,7.72,32.78,3.4,41.08,17.67
835600,5351.54,-247.05,-245.72,41.48,40.87,7.58,32.57,3.18,39.85,17.43
835700,5351.12,-247.97,-244.97,41.44,40.57,7.7,32.41,3.02,39.5,17.91
835800,5340.72,-246.09,-245.72,41.62,40.43,7.54,32.28,2.89,40.97,17.51
835900,5351.12,-248.05,-245.93,41.46,40.61,7.88,32.78,3.39,36.56,17.04
836000,5358.61,-247.34,-245.6,41.3,40.85,7.66,32.47,3.09,44.01,17.99
836100,5350.29,-247.92,-245.39,41.18,40.47,7.7,32.79,3.4,35.47,17.31
836200,5364.02,-249.13,-245.3,41.54,40.53,7.86,32.47,3.09,38.49,17.91
836300,5355.28,-246.88,-245.05,41.5,40.61,8.12,32.62,3.23,41.31,17.24
836400,5345.71,-246.14,-245.47,41.48,40.81,7.58,32.22,2.84,34.54,16.88
836500,5352.79,-246.97,-245.55,41.54,40.75,7.44,32.66,3.28,40.23,17.16
836600,5351.54,-245.05,-245.39,41.36,40.59,4.03,32.32,2.93,39.34,17.24
836700,5353.2,-248.71,-245.35,41.18,40.69,6.89,32.64,3.26,41.51,17.51
836800,5348.21,-247.47,-245.47,41.32,40.59,6.96,32.35,2.97,37.6,17.87
836900,5357.78,-247.05,-246.09,41.7,40.51,6.96,32.64,3.26,44.13,17.39
837000,5358.61,-248.59,-245.1,41.24,40.81,7.04,32.37,2.99,42.24,17.47
837100,5358.2,-246.43,-245.6,41.28,40.65,6.59,32.39,3.01,37.8,17.55
837200,5356.95,-249.13,-245.1,41.24,40.43,6.85,32.49,3.11,44.32,17.55
837300,5350.29,-247.34,-246.05,41.2,40.73,6.71,32.7,3.31,40.66,17.24
837400,5359.44,-249.01,-245.89,41.44,40.31,7,32.16,2.77,39.19,17.95
837500,5364.02,-247.59,-245.68,41.22,40.73,6.65,32.55,3.16,47.01,17.75
837600,5364.85,-247.72,-245.68,41.3,40.43,6.89,32.14,2.76,41.16,17.04
837700,5361.11,-249.17,-244.93,41.26,40.59,6.55,32.51,3.12,36.98,17.67
837800,5359.44,-248.47,-245.6,41.5,40.51,7.06,32.04,2.66,46.59,17.75
837900,5353.2,-248.71,-245.39,41.38,40.61,7.04,32.6,3.22,46.13,18.06
838000,5356.95,-247.43,-245.64,41.2,40.69,6.81,32.29,2.9,39.34,17.87
838100,5356.11,-246.14,-245.72,41.32,40.61,7.02,32.51,3.12,44.9,18.02
838200,5365.68,-247.88,-246.09,41.56,40.65,6.65,32.22,2.83,39.03,17.75
838300,5359.03,-245.97,-246.05,41.42,40.55,6.85,32.49,3.1,36.44,17.16
838400,5358.61,-248.26,-246.14,41.4,40.83,6.69,32.17,2.78,38.49,16.84
838500,5351.95,-246.01,-245.26,41.52,40.63,6.95,32.43,3.05,41.01,17.83
838600,5358.2,-248.84,-245.89,41.72,40.63,6.85,32.16,2.77,40.77,18.1
838700,5354.45,-247.26,-245.72,41.16,40.31,6.73,32.35,2.96,45.98,17.39
838800,5350.29,-247.72,-245.05,41.28,40.59,6.83,32.28,2.89,41.2,17.67
838900,5353.62,-246.51,-245.68,41.46,40.47,6.59,32.39,3.01,43.44,17.39
839000,5363.6,-248.09,-246.59,41.52,40.73,6.79,32.26,2.87,34.38,17.83
839100,5350.71,-247.84,-245.26,41.3,40.81,6.95,32.46,3.07,43.17,17.24
839200,5362.77,-246.26,-245.8,41.48,40.45,6.71,32.2,2.82,41.39,17.24
839300,5352.37,-247.51,-246.01,41.34,40.51,6.63,32.14,2.76,37.56,17.16
839400,5346.55,-249.75,-245.35,41.12,40.55,6.79,32.3,2.91,39.96,17.2
839500,5355.28,-246.8,-245.6,41.32,40.53,6.63,32.06,2.68,41.01,17.35
839600,5355.28,-245.51,-245.84,41.3,40.55,6.81,32.38,2.99,40.08,16.96
839700,5356.53,-247.55,-245.6,41.34,40.53,6.47,31.94,2.55,38.65,17.51
839800,5354.87,-249.38,-245.76,41.28,40.53,6.89,32.53,3.14,38.72,17.31
839900,5346.55,-246.88,-245.55,41.48,40.53,7.02,32.27,2.88,46.25,16.88
840000,5367.35,-249.8,-245.64,41.38,40.69,6.81,32.45,3.07,32.01,17.63
840100,5349.04,-247.72,-245.76,41.6,40.57,6.81,32.02,2.64,40.08,16.92
840200,5348.63,-248.13,-245.3,41.64,40.57,6.81,32.27,2.88,35.74,16.96
840300,5360.28,-247.67,-245.22,41.48,40.59,6.87,32.13,2.74,41.58,17.12
840400,5349.04,-247.55,-246.01,41.42,40.57,6.95,32.26,2.87,42.2,17.35
840500,5349.04,-245.51,-246.01,41.24,40.53,6.79,32.02,2.64,41.7,17.31
840600,5356.95,-246.26,-245.6,41.1,40.41,6.41,32.15,2.76,42.63,16.88
840700,5355.28,-245.51,-245.55,41.16,40.53,6.45,31.9,2.51,36.36,16.92
840800,5354.45,-247.38,-245.47,41.22,40.57,6.81,32.41,3.03,36.67,17.16
840900,5353.62,-246.14,-245.6,41.26,40.53,6.69,31.95,2.56,36.13,16.68
841000,5355.28,-246.18,-245.93,41.28,40.63,6.63,32.24,2.86,35.24,16.92
841100,5354.87,-246.14,-245.84,41.12,40.53,6.85,32.11,2.72,42.12,17.2
841200,5354.45,-246.18,-245.22,41.4,40.61,6.87,32.16,2.77,35.78,17.83
841300,5356.95,-246.51,-244.76,41.36,40.47,6.93,32.15,2.76,41.35,18.34
841400,5351.54,-246.39,-245.35,41.34,40.35,6.67,32.33,2.95,41.82,18.65
841500,5358.61,-247.97,-245.1,41.38,40.47,6.93,32.42,3.03,41.85,17.95
841600,5349.87,-247.05,-245.68,41.6,40.51,6.57,32.28,2.89,39.85,16.57
841700,5356.11,-248.88,-244.97,41.48,40.63,6.79,32.4,3.01,44.51,17.08
841800,5367.76,-247.88,-245.72,41.46,40.59,7,32.38,2.99,30.57,17.51
841900,5363.19,-247.47,-245.05,41.3,40.45,6.98,32.51,3.12,43.01,17.79
842000,5353.62,-246.55,-245.93,41.26,40.61,6.61,32.29,2.91,36.59,17.16
842100,5356.53,-248.59,-245.01,41.28,40.57,6.71,32.32,2.93,40.77,16.53
842200,5362.36,-250.13,-245.01,41.56,40.73,6.85,32.31,2.92,41.47,17.2
842300,5353.2,-246.68,-246.18,41.38,40.83,6.71,32.36,2.97,38.14,17.35
842400,5358.61,-247.88,-245.55,41.7,40.75,6.63,32.51,3.12,40.54,17.35
842500,5356.95,-249.17,-245.68,41.3,40.75,6.75,32.45,3.06,44.82,17.24
842600,5346.96,-246.39,-245.76,41.26,40.57,6.83,32.26,2.87,45.82,16.96
842700,5349.46,-247.55,-245.51,41.34,40.63,6.87,32.39,3,40.66,16.88
842800,5357.78,-245.89,-245.43,41.46,40.75,6.73,32.46,3.07,38.53,16.96
842900,5355.7,-250.34,-245.47,41.2,40.37,6.79,32.54,3.15,45.71,17.63
843000,5357.78,-248.22,-245.22,41.52,40.63,6.57,32.54,3.15,39.61,17.24
843100,5351.95,-247.84,-245.72,41.24,40.53,6.79,32.48,3.09,42.97,17.99
843200,5368.6,-249.67,-245.39,41.6,40.71,6.87,32.31,2.92,40.04,17.12
843300,5358.2,-248.55,-245.93,41.26,40.39,6.71,32.39,3,37.33,17.75
843400,5358.2,-247.09,-245.64,41.44,40.51,6.96,32.48,3.09,44.67,18.69
843500,5350.29,-247.55,-245.97,41.26,40.61,6.87,32.42,3.03,39.23,18.26
843600,5363.6,-248.88,-245.51,41.42,40.97,6.73,32.41,3.03,39.3,16.64
843700,5356.53,-248.38,-245.01,41.38,40.61,6.91,32.23,2.84,42.78,17.24
843800,5361.52,-248.47,-245.51,41.24,40.57,6.83,32.48,3.09,29.2,17.31
843900,5354.45,-247.76,-246.05,41.28,40.59,6.96,32.39,3,42.97,17.31
844000,5354.04,-248.01,-246.05,41.36,40.39,7.04,32.53,3.14,44.44,17.99
844100,5358.2,-248.55,-245.72,41.24,40.55,6.91,32.26,2.87,39.34,16.8
844200,5360.69,-248.55,-245.68,41.44,40.59,6.61,32.59,3.2,41.2,16.45
844300,5359.03,-246.3,-246.39,41.28,40.75,6.91,32.15,2.76,42.01,17.28
844400,5362.36,-248.71,-245.35,41.06,40.43,6.59,32.35,2.97,37.52,17.2
844500,5364.44,-248.96,-245.76,41.56,40.81,6.89,32.17,2.78,38.22,17.39
844600,5353.62,-246.76,-245.89,41.5,40.75,6.83,32.33,2.95,38.69,17.35
844700,5351.12,-246.39,-246.05,41.6,40.75,6.87,32.24,2.85,43.47,17.79
844800,5353.62,-248.26,-246.09,41.42,40.83,7.06,32.18,2.8,44.4,17.28
844900,5356.11,-247.51,-245.68,41.42,40.57,6.77,32.18,2.8,41.58,16.96
845000,5354.87,-246.55,-245.72,41.52,40.63,6.75,32.28,2.89,37.68,17.08
845100,5355.28,-247.97,-245.35,41.36,40.53,6.63,32.25,2.86,36.94,17.2
845200,5363.19,-248.92,-245.26,41.32,40.43,6.87,32.35,2.96,35.35,16.45
845300,5361.52,-248.55,-245.22,41.44,40.43,6.47,32.44,3.05,41.58,17.2
845400,5357.36,-246.55,-246.09,41.48,40.57,6.96,32.12,2.74,43.32,17.55
845500,5356.11,-247.47,-245.97,41.38,40.61,7.04,32.14,2.76,42.12,17.63
845600,5356.53,-246.55,-246.05,41.54,40.55,6.83,32.21,2.82,41.66,17.47
845700,5346.96,-246.8,-245.47,41.28,40.55,6.59,32.18,2.79,41.43,16.8
845800,5359.44,-245.97,-245.43,41.4,40.71,6.59,32.11,2.72,43.28,17.63
845900,5355.7,-247.88,-246.22,41.38,40.51,6.96,32.31,2.92,31.27,16.8
846000,5357.78,-248.34,-246.18,41.18,40.69,6.79,32.27,2.88,38.22,17.31
846100,5359.44,-247.67,-245.64,41.26,40.51,6.77,32.22,2.84,41.01,17.31
846200,5345.71,-247.3,-245.68,41.56,40.49,7.02,32.03,2.64,46.98,17.16
846300,5355.28,-248.96,-246.51,41.3,40.59,6.87,32.35,2.97,32.21,16.6
846400,5351.12,-247.09,-245.6,41.18,40.65,6.45,32.26,2.87,40.73,16.84
846500,5352.37,-247.51,-245.35,41.24,40.55,6.83,32.27,2.88,38.26,17.95
846600,5354.87,-248.84,-245.64,41.26,40.55,6.75,32.1,2.72,36.48,17.08
846700,5363.6,-247.51,-245.51,41.36,40.69,6.59,32.15,2.76,38.88,16.76
846800,5363.6,-249.13,-245.64,41.5,40.63,5.89,32.16,2.78,40.08,16.88
846900,5350.29,-247.18,-246.09,41.22,40.47,6.83,32.39,3.01,40.43,17.55
847000,5350.71,-247.76,-245.22,41.3,40.59,6.75,32.29,2.91,38.34,16.88
847100,5353.2,-247.26,-245.3,41.28,40.65,6.93,32.25,2.86,34.69,17.55
847200,5346.96,-248.05,-245.3,41.34,40.47,6.53,32.29,2.9,39.27,17.16
847300,5355.28,-248.92,-245.64,41.52,40.53,6.81,32.35,2.96,40.77,17.91
847400,5358.61,-247.59,-245.55,41.26,40.69,6.91,32.31,2.93,38.41,17.75
847500,5360.69,-246.64,-245.47,41.24,40.57,6.75,32.35,2.97,38.42,17.04
847600,5350.71,-247.8,-245.3,41.3,40.61,6.69,32.34,2.95,39.54,17.43
847700,5354.04,-248.17,-245.39,41.44,40.53,6.87,32.2,2.81,44.01,17.75
847800,5351.12,-248.71,-246.01,41.44,40.61,6.61,32.35,2.96,39.07,17.39
847900,5348.21,-246.88,-245.47,41.5,40.55,6.85,32.37,2.99,42.28,17.63
848000,5354.45,-247.72,-245.26,41.22,40.75,6.79,32.49,3.1,34.07,17.2
848100,5360.69,-246.14,-245.68,41.34,40.77,7.04,32.53,3.15,42.47,17.63
848200,5352.37,-247.13,-245.84,41.54,40.39,6.15,32.33,2.95,41.7,16.84
848300,5351.95,-246.72,-245.43,41.16,40.61,6.75,32.55,3.16,32.52,17.51
848400,5346.13,-249.01,-245.14,41.24,40.73,6.83,32.5,3.11,39.65,17.63
848500,5353.62,-247.84,-245.43,41.3,40.39,6.81,32.53,3.14,41.04,18.02
848600,5351.54,-248.59,-245.47,41.52,40.67,6.59,32.39,3.01,30.49,17.71
848700,5356.95,-247.34,-245.1,41.48,40.59,6.91,32.44,3.05,39.15,17.75
848800,5356.11,-247.55,-245.51,41.34,40.47,6.77,32.41,3.02,40.31,17.79
848900,5348.63,-248.38,-245.97,41.3,40.33,6.91,32.52,3.13,38.72,17
849000,5349.87,-248.05,-245.43,41.4,40.67,6.73,32.51,3.12,37.18,17.39
849100,5359.86,-246.14,-245.43,41.4,40.53,6.87,32.24,2.86,39.15,17.04
849200,5359.86,-247.8,-246.05,41.36,40.63,6.71,32.57,3.18,36.71,17.47
849300,5350.71,-247.92,-245.68,41.3,40.65,6.67,32.41,3.03,34.46,17.12
849400,5351.54,-249.42,-245.35,41.54,40.51,6.77,32.26,2.87,38.57,17.31
849500,5352.37,-247.72,-245.35,41.34,40.35,6.77,32.47,3.09,40.93,17.16
849600,5353.62,-247.97,-245.18,41.48,40.39,6.45,32.18,2.79,38.8,17.47
849700,5360.69,-247.26,-245.84,41.56,40.63,6.89,32.36,2.97,41.62,17.04
849800,5359.03,-247.34,-245.68,41.46,40.63,6.89,32.21,2.82,37.64,16.57
849900,5354.87,-247.26,-245.89,41.36,40.83,6.67,32.17,2.78,37.45,16.88
850000,5352.79,-247.76,-245.55,41.46,40.63,6.73,32.46,3.07,33.99,17.24
850100,5355.7,-248.34,-245.68,41.16,40.55,6.59,32.33,2.94,37.14,17.43
850200,5358.61,-247.55,-245.72,41.32,40.57,7.36,32.37,2.98,40.62,17.63
850300,5355.7,-247.84,-245.68,41.36,40.49,6.85,32.2,2.82,35.7,17.28
850400,5353.2,-247.22,-246.14,41.38,40.63,6.67,32.23,2.84,39.19,17.35
850500,5354.87,-248.34,-245.68,41.56,40.59,6.83,32.19,2.8,32.48,17
850600,5359.03,-248.59,-245.51,41.2,40.61,6.79,32.19,2.8,35.08,16.84
850700,5358.61,-247.38,-245.6,41.3,40.37,6.91,32.16,2.77,37.06,16.17
850800,5356.53,-247.59,-245.64,41.28,40.67,6.89,32.26,2.87,42.55,16.33
850900,5358.2,-247.59,-245.76,41.34,40.59,6.95,32.22,2.84,36.94,16.92
851000,5352.37,-247.72,-245.68,41.24,40.49,6.83,32.42,3.03,41.04,17.47
851100,5359.03,-248.92,-245.64,41.5,40.79,6.71,32.25,2.86,38.69,17.51
851200,5352.79,-247.38,-245.72,41.5,40.51,6.79,32.22,2.83,34.89,16.84
851300,5353.2,-247.51,-245.89,41.4,40.41,6.96,32.33,2.94,36.63,17
851400,5353.62,-247.92,-245.43,41.4,40.17,6.95,32.26,2.87,36.52,17.04
851500,5351.95,-247.43,-245.76,41.62,40.63,6.85,32.35,2.97,42.55,16.92
851600,5352.79,-246.34,-245.89,41.38,40.67,6.75,32.33,2.94,45.67,16.72
851700,5353.62,-247.22,-245.51,41.3,40.51,6.71,32.2,2.82,41.7,16.96
851800,5360.28,-247.05,-245.68,41.46,40.71,6.83,32.26,2.87,47.05,17.08
851900,5357.36,-246.97,-245.72,41.54,40.81,6.87,32.33,2.95,44.01,16.49
852000,5356.11,-246.97,-245.6,41.34,40.87,6.83,32.29,2.9,36.94,17
852100,5354.87,-248.67,-245.6,41.3,40.49,7.02,32.47,3.08,38.57,17.2
852200,5359.86,-248.3,-245.93,41.42,40.73,6.85,32.38,2.99,35.51,17.59
852300,5358.61,-247.59,-245.51,41.32,40.59,6.89,32.38,2.99,35.12,17.04
852400,5358.61,-247.76,-245.64,41.22,40.59,6.85,32.4,3.01,37.45,17.67
852500,5358.2,-247.09,-245.76,41.32,40.49,6.73,32.47,3.09,40.27,18.26
852600,5355.28,-246.97,-245.72,41.36,40.41,6.59,32.22,2.84,41.28,17.67
852700,5359.44,-246.68,-245.8,41.34,40.63,6.77,32.24,2.85,39.19,17.91
852800,5359.03,-247.84,-245.89,41.4,40.49,6.73,32.39,3.01,38.07,17.31
852900,5361.52,-246.88,-246.14,41.32,40.47,6.85,32.39,3,34.15,17.12
853000,5363.6,-248.13,-245.68,41.36,40.45,6.41,32.59,3.2,40.58,17.71
853100,5354.04,-248.17,-245.68,41.3,40.49,6.63,32.59,3.2,35.28,18.02
853200,5354.87,-247.13,-245.55,41.4,40.61,6.93,32.5,3.11,40.04,17.28
853300,5353.62,-248.34,-245.76,41.36,40.49,6.65,32.6,3.22,37.41,17.71
853400,5356.11,-247.8,-245.84,41.32,40.49,6.75,32.36,2.97,33.8,17.12
853500,5358.61,-247.05,-246.05,41.38,40.59,6.73,32.45,3.07,39.88,17.47
853600,5357.78,-247.72,-245.55,41.6,40.47,7.06,32.45,3.07,42.47,17.51
853700,5352.37,-247.26,-245.3,41.32,40.65,7.12,32.42,3.03,38.96,17.39
853800,5356.95,-247.88,-245.68,41.26,40.53,6.81,32.34,2.95,38.84,17.55
853900,5354.45,-247.01,-245.64,41.56,40.67,6.87,32.22,2.83,37.25,17.47
854000,5356.11,-247.55,-245.51,41.58,40.43,6.79,32.45,3.06,30.26,17.47
854100,5354.45,-247.51,-245.72,41.38,40.87,6.65,32.48,3.09,36.56,16.8
854200,5356.11,-247.3,-245.76,41.36,40.79,6.73,32.62,3.23,40.08,17.16
854300,5356.53,-247.43,-245.89,41.36,40.61,6.59,32.15,2.76,42.59,17.51
854400,5360.28,-247.3,-245.8,41.32,40.71,6.89,32.37,2.98,33.18,16.88
854500,5364.02,-247.51,-245.6,41.34,40.43,6.83,32.16,2.77,36.52,16.96
854600,5353.62,-246.88,-245.55,41.26,40.55,6.71,32.45,3.06,30.45,16.68
854700,5352.79,-247.26,-246.18,41.44,40.75,6.75,32.28,2.89,40.93,17.43
854800,5358.61,-247.51,-245.97,41.56,40.49,6.71,32.53,3.14,35.43,17.35
854900,5350.71,-246.97,-245.6,41.46,40.59,6.85,32.27,2.88,40.04,17.75
855000,5359.03,-247.3,-245.64,41.28,40.61,6.87,32.39,3,35.74,17.12
855100,5358.2,-247.3,-245.64,41.18,40.53,6.98,32.31,2.92,39.96,17.04
855200,5352.79,-247.18,-245.64,41.68,40.67,6.81,32.26,2.87,41.2,17.31
855300,5352.79,-246.55,-245.93,41.48,40.75,6.69,32.36,2.97,42.51,16.92
855400,5359.44,-248.09,-245.72,41.16,40.85,6.67,32.17,2.78,39.81,17.59
855500,5359.03,-247.38,-245.8,41.5,40.79,6.77,32.34,2.95,36.9,17.51
855600,5358.61,-246.93,-245.89,41.56,40.55,6.63,32.22,2.84,39.3,16.72
855700,5352.37,-246.47,-245.6,41.18,40.45,6.95,32.01,2.62,43.13,16.57
855800,5354.45,-246.43,-245.8,41.28,40.57,6.89,31.95,2.57,39.92,17.12
855900,5354.04,-246.64,-245.6,41.34,40.73,6.98,32.12,2.74,37.33,17.24
856000,5354.45,-247.09,-245.84,41.34,40.67,6.91,32.18,2.79,41.55,17.16
856100,5359.03,-247.59,-245.93,41.4,40.59,6.81,32.33,2.95,43.59,17.28
856200,5357.78,-247.34,-245.84,41.72,40.43,6.39,32.41,3.03,42.43,16.84
856300,5355.7,-248.59,-245.8,41.52,40.67,6.73,32.41,3.03,33.06,17.35
856400,5366.52,-248.55,-246.26,41.42,40.55,6.61,32.11,2.72,32.32,17.55
856500,5361.94,-248.09,-246.05,41.54,40.49,6.65,32.36,2.97,40.93,17.2
856600,5356.53,-247.01,-245.3,41.28,40.57,6.87,32.1,2.71,40.23,17.08
856700,5356.11,-247.09,-245.51,41.5,40.49,6.75,32.6,3.22,37.95,17.75
856800,5364.85,-247.72,-245.64,41.5,40.29,6.91,32.39,3,46.28,18.1
856900,5358.2,-248.22,-246.01,41.28,40.49,6.71,32.37,2.99,40.62,17.79
857000,5353.62,-248.34,-245.51,41.4,40.33,6.55,32.33,2.95,40.04,17.47
857100,5359.86,-248.8,-245.89,41.38,40.49,6.71,32.37,2.99,38.88,17.35
857200,5353.62,-247.3,-245.55,41.24,40.95,6.63,32.2,2.82,37.37,16.88
857300,5357.36,-248.51,-246.18,41.48,40.61,6.65,32.3,2.91,39.54,17.31
857400,5355.7,-247.72,-245.6,41.66,40.61,6.77,32.3,2.91,32.6,16.92
857500,5357.36,-247.18,-245.3,41.54,40.53,6.75,32.6,3.21,45.09,17.28
857600,5357.78,-246.47,-245.43,41.32,40.83,7.02,32.28,2.89,33.76,17
857700,5350.29,-247.84,-245.8,41.26,40.65,6.73,32.35,2.97,43.78,17.51
857800,5356.95,-246.93,-245.51,41.32,40.49,7,32.59,3.2,44.51,17.39
857900,5352.37,-247.3,-245.51,41.48,40.53,6.75,32.37,2.98,28.42,16.64
858000,5366.52,-247.18,-245.47,41.14,40.73,6.81,32.39,3.01,37.83,17.39
858100,5356.95,-247.63,-246.39,41.32,40.53,6.73,32.24,2.85,38.18,17.24
858200,5359.44,-247.43,-245.55,41.4,40.61,6.65,32.46,3.07,37.72,16.96
858300,5351.12,-247.84,-245.8,41.6,40.41,6.79,32.49,3.11,40.7,16.88
858400,5355.28,-248.13,-245.97,41.76,40.67,6.61,32.69,3.3,39.46,18.22
858500,5356.11,-246.8,-245.76,41.62,40.47,6.81,32.61,3.22,35.39,18.26
858600,5357.78,-246.93,-245.89,41.4,40.43,6.81,32.69,3.3,43.4,17.79
858700,5356.53,-247.26,-245.68,41.52,40.55,6.79,32.31,2.93,43.24,17.08
858800,5354.04,-247.09,-245.72,41.4,40.65,7,32.57,3.18,34.46,16.92
858900,5355.7,-247.63,-245.64,41.22,40.57,6.89,32.3,2.91,41.7,17.47
859000,5362.36,-246.72,-245.68,41.74,40.29,6.89,32.74,3.35,40.66,17.28
859100,5368.18,-246.93,-245.72,41.5,40.61,6.98,32.22,2.83,40,17.12
859200,5361.11,-248.13,-246.09,41.4,40.59,6.81,32.66,3.27,36.17,17.2
859300,5350.71,-247.47,-246.05,41.18,40.61,6.91,32.55,3.16,35.63,17
859400,5354.04,-248.8,-246.34,41.4,40.53,6.96,32.59,3.2,38.14,17.12
859500,5352.37,-247.92,-246.05,41.16,40.71,6.96,32.45,3.07,36.28,17.2
859600,5353.2,-247.26,-246.01,40.94,40.33,7,32.64,3.25,39.03,17.12
859700,5354.87,-249.26,-245.89,41.38,40.49,6.67,32.3,2.91,42.05,17.59
859800,5364.44,-248.76,-245.76,41.46,40.49,6.67,32.49,3.11,37.14,16.53
859900,5358.2,-249.21,-246.18,41.46,40.45,6.93,32.51,3.13,38.03,17.08
860000,5353.2,-247.26,-245.97,41.22,40.45,7.12,32.49,3.1,42.12,17.08
860100,5354.87,-247.05,-245.76,41.1,40.65,6.93,32.45,3.06,39.65,17.12
860200,5356.11,-247.63,-246.01,41.14,40.37,6.57,32.57,3.18,39.88,17.95
860300,5350.71,-247.18,-245.51,41.48,40.95,6.73,32.14,2.75,38.11,17.39
860400,5354.45,-247.97,-245.14,41.4,40.45,6.67,32.35,2.96,38.53,16.8
860500,5350.29,-248.55,-245.51,41.58,40.63,6.73,32.36,2.97,38.88,17.35
860600,5350.71,-248.26,-245.76,41.14,40.45,6.63,32.51,3.12,33.49,17.24
860700,5355.7,-247.47,-246.59,41.46,40.65,6.67,32.31,2.93,43.36,17.71
860800,5361.52,-246.43,-245.89,41.4,40.65,6.77,32.81,3.42,35.39,17.55
860900,5352.37,-246.18,-246.34,41.5,40.77,7.02,32.36,2.97,40.39,17.71
861000,5347.79,-248.71,-245.51,41.42,40.51,6.71,32.6,3.22,41.28,17.12
861100,5351.95,-248.84,-245.01,41.44,40.59,6.73,32.37,2.99,39.96,16.68
861200,5354.04,-247.63,-245.68,41.42,40.59,7.06,32.61,3.22,38.96,17.08
861300,5366.93,-248.17,-245.89,41.28,40.41,6.61,32.24,2.86,40.54,17.39
861400,5359.44,-247.47,-245.47,41.38,40.69,6.81,32.45,3.06,32.98,17.55
861500,5354.04,-247.76,-246.14,41.48,40.83,6.83,32.47,3.08,37.18,18.1
861600,5354.04,-248.05,-245.97,41.24,40.79,6.93,32.58,3.19,38.49,17.2
861700,5358.61,-249.96,-245.51,41.42,40.39,6.73,32.33,2.95,43.32,17.2
861800,5349.46,-247.18,-246.8,41.36,40.83,6.93,32.33,2.95,31.39,17.43
861900,5356.11,-246.8,-245.89,41.7,40.35,6.71,32.56,3.17,35.9,17.95
862000,5361.94,-248.59,-245.3,41.16,40.55,6.71,32.38,2.99,41.31,17.55
862100,5349.87,-248.67,-246.8,41.3,40.69,6.81,32.35,2.96,33.14,17.16
862200,5354.87,-246.68,-246.14,41.34,40.95,7.16,32.12,2.73,41.82,17
862300,5354.87,-246.8,-246.01,41.52,40.69,6.55,32.57,3.18,43.36,16.84
862400,5355.28,-248.71,-246.14,41.26,40.41,6.87,32.2,2.82,30.22,17.31
862500,5354.87,-248.34,-246.09,41.46,40.49,6.96,32.41,3.03,30.61,17.55
862600,5356.95,-249.92,-245.47,41.18,40.51,6.96,32.25,2.86,39.81,17.39
862700,5356.11,-247.13,-245.39,41.4,40.77,7,32.33,2.94,41.58,17.24
862800,5356.11,-247.3,-246.34,41.54,40.57,6.57,32.35,2.96,36.01,17.47
862900,5358.61,-248.47,-246.3,41.46,40.39,6.81,32.57,3.18,40.46,17.24
863000,5362.36,-247.01,-245.76,41.5,40.75,7.02,32.17,2.78,38.38,16.96
863100,5349.04,-246.22,-245.97,41.3,40.63,6.77,32.55,3.16,41.35,17.55
863200,5353.62,-247.59,-246.18,41.34,40.69,7.26,32.18,2.8,41.55,17.55
863300,5354.04,-246.01,-246.09,41.14,40.59,6.65,32.39,3.01,38.72,17.31
863400,5363.6,-247.43,-246.09,41.52,40.33,6.71,32.2,2.81,43.71,17.16
863500,5364.85,-249.17,-245.84,41.48,40.89,6.25,32.37,2.99,36.87,16.96
863600,5355.7,-247.43,-245.55,41.42,40.49,6.57,32.02,2.64,36.09,17.91
863700,5358.2,-247.84,-245.76,41.28,40.85,6.61,32.57,3.18,35.04,17.04
863800,5359.03,-247.26,-246.14,41.28,40.31,6.79,32.06,2.67,48.09,17
863900,5356.53,-249.5,-245.76,41.52,40.51,6.63,32.6,3.22,39.73,17
864000,5361.94,-249.75,-245.97,41.5,40.61,6.69,32.11,2.72,40.46,17.87
864100,5359.44,-248.13,-245.51,41.58,40.59,6.93,32.45,3.07,38.88,17.71
864200,5353.62,-245.97,-246.01,41.28,40.41,6.69,32.36,2.97,42.93,17.43
864300,5355.28,-248.38,-245.68,41.34,40.83,6.77,32.38,2.99,36.98,17.2
864400,5349.04,-246.68,-245.18,41.46,40.65,7.08,31.97,2.58,32.98,17.04
864500,5368.6,-248.63,-245.76,41.38,40.59,6.98,32.52,3.13,40.27,17.39
864600,5361.52,-248.84,-245.89,41.18,40.65,7.02,32.15,2.76,39.54,17.2
864700,5357.78,-248.88,-246.01,41.28,40.75,6.81,32.53,3.15,42.32,17.31
864800,5362.36,-248.3,-246.59,41.76,40.57,6.77,32.01,2.62,37.49,17
864900,5353.62,-247.22,-245.89,41.34,40.75,6.75,32.57,3.18,42.39,17.67
865000,5352.37,-247.97,-245.47,41.32,40.59,6.63,32.25,2.86,34.34,16.84
865100,5364.02,-248.96,-245.76,41.32,40.81,6.77,32.62,3.23,41.43,17.51
865200,5364.02,-247.18,-245.97,41.42,40.49,6.67,32.25,2.86,37.99,16.76
865300,5356.53,-247.01,-245.64,41.38,40.77,6.55,32.41,3.02,38.61,17.08
865400,5356.53,-247.34,-245.72,41.22,40.63,7.08,32.18,2.8,38.26,17.59
865500,5355.28,-247.84,-245.68,41.4,40.59,6.65,32.64,3.26,38.14,16.96
865600,5359.86,-247.09,-245.55,41.28,40.59,7.2,32.43,3.04,39.61,17.39
865700,5368.18,-247.09,-245.72,41.14,40.71,6.73,32.49,3.11,38.92,17.08
865800,5361.52,-246.72,-245.43,41.3,40.61,6.81,32.36,2.97,41.7,16.96
865900,5350.29,-248.05,-246.14,41.58,40.51,6.63,32.73,3.34,45.17,16.8
866000,5363.6,-247.76,-245.89,41.2,40.53,6.71,32.88,3.49,39.46,17.83
866100,5360.69,-247.51,-246.59,41.58,40.47,7.5,32.55,3.16,41.74,17.24
866200,5365.27,-248.01,-246.18,41.16,40.61,6.71,32.77,3.38,41.51,17.24
866300,5358.61,-248.59,-246.47,41.52,40.57,6.65,32.51,3.13,34.19,17.2
866400,5354.45,-247.92,-245.97,41.24,40.63,6.98,32.6,3.21,45.78,17.87
866500,5347.38,-248.22,-245.64,41.32,40.69,7.04,32.28,2.89,41.66,17.63
866600,5366.1,-249.42,-245.76,41.34,40.47,6.61,32.58,3.19,37.6,17.51
866700,5353.2,-247.72,-246.05,41.38,40.59,6.71,32.45,3.07,35.86,17.59
866800,5363.19,-249.63,-246.05,41.34,40.65,6.98,32.49,3.1,41.24,17.87
866900,5354.04,-246.97,-245.05,41.5,40.69,7.2,32.57,3.18,41.01,17.55
867000,5357.78,-247.59,-245.43,41.26,40.45,6.89,33.01,3.62,37.76,17.35
867100,5360.28,-247.43,-246.43,41.32,40.55,6.57,32.21,2.82,35.78,17.24
867200,5354.04,-247.97,-245.8,41.4,40.55,6.67,32.99,3.61,40.19,17.47
867300,5365.68,-247.84,-246.18,41.5,40.63,6.89,32.38,2.99,37.87,17.31
867400,5355.28,-247.01,-246.3,41.5,40.53,6.83,32.86,3.47,36.87,17.28
867500,5363.19,-246.84,-246.55,41.52,40.75,6.65,32.37,2.99,37.52,17.28
867600,5359.86,-248.05,-246.01,41.48,40.53,7.2,32.98,3.59,35.31,17.2
867700,5356.53,-248.42,-245.89,41.44,40.55,6.63,32.37,2.99,32.95,17.95
867800,5359.03,-248.51,-246.09,41.34,40.61,6.79,33.02,3.63,33.88,17.43
867900,5344.88,-248.92,-245.47,41.56,40.59,6.77,32.34,2.95,41.39,17.16
868000,5359.44,-245.64,-246.3,41.5,40.65,6.55,32.91,3.53,42.36,17.2
868100,5358.2,-246.68,-246.64,41.3,40.57,6.85,32.26,2.87,40.73,16.68
868200,5358.61,-246.8,-245.89,41.4,40.49,6.59,33.11,3.73,39.65,17.39
868300,5356.95,-249.13,-245.8,41.5,40.59,6.69,32.53,3.15,41.01,17.35
868400,5361.94,-248.42,-246.43,41.2,40.59,6.81,32.91,3.52,33.64,17.43
868500,5365.27,-247.05,-246.22,41.28,40.59,6.77,32.53,3.15,33.96,17.67
868600,5360.69,-247.43,-246.34,41.32,40.67,6.73,32.95,3.57,38.11,17.31
868700,5362.77,-248.05,-246.34,41.46,40.69,6.89,32.63,3.24,40.58,18.1
868800,5362.36,-247.22,-246.3,41.22,40.65,6.98,32.89,3.51,36.52,16.96
868900,5358.61,-246.64,-246.47,41.24,40.59,7,32.47,3.08,37.87,16.88
869000,5364.44,-248.88,-245.84,41.36,40.53,7,33.13,3.74,35.78,17.55
869100,5357.78,-246.97,-246.26,41.5,40.55,6.77,32.54,3.15,32.95,17.16
869200,5361.94,-247.18,-246.47,41.34,40.55,7.12,32.9,3.51,42.12,17.75
869300,5352.79,-248.51,-245.14,41.42,40.67,6.71,32.97,3.58,40.43,17.67
869400,5360.28,-246.64,-245.8,41.42,40.63,6.69,33.16,3.77,42.09,17.39
869500,5350.71,-248.88,-245.18,41.36,40.51,6.79,32.82,3.43,35.16,16.8
869600,5351.95,-246.84,-246.55,41.28,40.41,6.96,33.04,3.65,35.35,17.28
869700,5357.36,-247.13,-246.26,41.46,40.53,6.79,32.67,3.28,33.26,16.88
869800,5353.62,-247.88,-245.89,41.4,40.59,6.75,32.87,3.48,40.19,17.12
869900,5354.45,-246.01,-245.64,41.44,40.77,6.67,32.72,3.34,34.03,17.55
870000,5360.28,-249.09,-245.68,41.38,40.61,6.79,32.91,3.53,48.51,17.87
870100,5356.11,-248.13,-245.72,41.22,40.53,6.95,32.84,3.45,37.87,17.51
870200,5351.95,-247.13,-246.26,41.46,40.43,6.69,32.93,3.55,43.51,17.59
870300,5364.02,-248.71,-245.64,41.46,40.53,7.06,32.86,3.47,40.5,17.55
870400,5354.87,-248.55,-245.93,41.38,40.45,7.02,32.99,3.61,38.45,17.99
870500,5362.77,-248.76,-245.64,41.5,40.51,6.61,32.89,3.5,38.88,17.55
870600,5359.03,-247.34,-246.14,41.56,40.65,6.83,32.93,3.55,36.05,17.71
870700,5353.62,-249.05,-245.8,41.42,40.57,6.83,32.86,3.47,41.16,17.51
870800,5363.19,-247.05,-245.6,41.22,40.47,6.65,32.81,3.42,35.86,16.84
870900,5356.53,-247.88,-245.72,41.24,40.47,6.83,32.91,3.52,44.67,17.2
871000,5356.95,-247.8,-245.35,41.18,40.47,6.63,32.59,3.2,33.1,17.04
871100,5354.87,-246.39,-245.89,41.38,40.67,6.96,33.08,3.69,32.05,17.75
871200,5359.44,-246.34,-245.6,41.56,40.73,6.79,32.93,3.55,41.47,17.47
871300,5359.44,-246.55,-245.6,41.2,40.51,6.63,33.09,3.7,39.96,16.96
871400,5362.36,-248.59,-245.97,41.26,40.77,6.73,32.67,3.28,45.51,17.39
871500,5359.03,-249.88,-245.47,41.36,40.61,6.87,33.01,3.62,39.65,17.16
871600,5352.37,-246.3,-245.55,41.28,40.61,6.79,32.68,3.3,41.78,16.6
871700,5358.2,-249.63,-246.22,41.34,40.63,6.83,32.78,3.4,41.12,16.45
871800,5359.03,-247.72,-245.89,41.42,40.67,6.93,32.62,3.23,35.2,17.24
871900,5360.69,-247.3,-245.76,41.4,40.65,6.93,32.93,3.54,36.9,17.08
872000,5357.78,-247.38,-245.64,41.48,40.57,6.71,32.7,3.31,40,17.47
872100,5357.78,-247.88,-245.55,41.16,40.57,6.81,32.97,3.59,35.12,17.24
872200,5354.04,-247.72,-245.6,41.26,40.71,6.91,32.59,3.2,40.77,16.84
872300,5353.2,-248.38,-245.84,41.52,40.55,6.63,33.06,3.67,49.05,17.31
872400,5363.19,-249.46,-245.89,41.56,40.51,6.91,32.59,3.2,38.22,18.02
872500,5363.6,-248.26,-246.14,41.44,40.79,6.73,33.03,3.65,31.86,16.88
872600,5361.11,-247.26,-245.76,41.14,40.67,6.71,32.75,3.36,32.6,17.16
872700,5354.87,-247.8,-245.55,41.22,40.71,6.43,32.96,3.57,32.6,17
872800,5363.6,-247.55,-245.64,41.32,40.59,6.73,32.62,3.23,40.08,16.96
872900,5359.86,-248.34,-245.8,41.28,40.71,6.83,32.99,3.6,45.28,17
873000,5356.53,-248.17,-245.76,41.28,40.63,6.91,32.49,3.11,35.59,17.12
873100,5355.28,-248.01,-245.97,41.34,40.61,6.93,33.01,3.62,39.5,17.28
873200,5358.2,-248.55,-245.84,41.3,40.65,6.69,32.44,3.05,42.59,17.43
873300,5361.52,-248.01,-246.18,41.3,40.61,6.91,32.96,3.57,45.25,17.2
873400,5363.19,-247.01,-245.55,41.46,40.43,7.02,32.45,3.07,46.28,17.83
873500,5356.53,-248.67,-245.89,41.46,40.57,6.75,32.82,3.44,40.27,17.91
873600,5363.19,-248.71,-246.34,41.42,40.63,6.85,32.4,3.01,40.31,17.99
873700,5356.11,-248.01,-246.05,41.18,40.75,7.02,32.95,3.57,41.66,17.67
873800,5360.69,-249.13,-246.26,41.32,40.67,6.81,32.29,2.9,32.21,17.35
873900,5363.19,-247.01,-245.68,41.34,40.71,6.61,32.7,3.31,41.16,17.51
874000,5351.54,-248.22,-245.8,41.46,40.63,6.75,32.45,3.07,38.61,17.67
874100,5351.95,-248.05,-245.72,41.32,40.61,6.57,32.64,3.25,42.09,17.28
874200,5360.69,-247.76,-245.93,41.38,40.57,6.61,32.41,3.02,36.94,17.63
874300,5358.2,-247.92,-246.01,41.5,40.55,6.89,32.4,3.01,38.38,16.96
874400,5359.03,-247.43,-245.68,41.3,40.65,7,32.55,3.16,37.76,17.12
874500,5362.36,-246.8,-246.05,41.26,40.53,6.93,32.29,2.91,35.2,17.2
874600,5364.44,-247.34,-245.84,41.32,40.49,6.85,32.55,3.16,33.14,17.12
874700,5360.28,-247.63,-245.72,41.12,40.71,6.95,32.38,2.99,46.01,17.39
874800,5356.53,-248.05,-245.64,41.54,40.59,6.95,32.54,3.15,39.3,17.59
874900,5358.61,-248.42,-245.8,41.6,40.55,6.79,32.41,3.02,39.5,17
875000,5356.53,-248.88,-246.14,41.36,40.73,6.77,32.47,3.08,35.66,17.75
875100,5359.86,-247.92,-245.84,41.42,40.55,6.61,32.33,2.95,40.19,18.46
875200,5349.04,-249.34,-245.47,41.34,40.65,6.96,32.53,3.15,36.13,16.92
875300,5356.53,-248.13,-245.8,41.32,40.63,6.79,32.27,2.88,42.82,17.95
875400,5353.62,-247.97,-245.55,41.16,40.63,7.02,32.68,3.3,40.54,17.91
875500,5362.36,-247.18,-246.05,41.54,40.49,6.67,32.19,2.8,33.99,16.84
875600,5362.77,-247.26,-246.3,41.48,40.43,7.54,32.73,3.34,43.32,17.83
875700,5356.95,-248.05,-245.72,41.34,40.59,6.81,32.26,2.87,37.64,17.71
875800,5362.77,-247.88,-245.93,41.28,40.67,6.53,32.37,2.98,43.63,16.88
875900,5366.52,-247.3,-245.89,41.42,40.71,6.65,32.2,2.81,41.97,16.92
876000,5356.53,-247.92,-245.68,41.28,40.49,7.14,32.73,3.34,41.35,17.47
876100,5361.94,-248.17,-245.68,41.54,40.57,6.73,32.17,2.78,36.21,17.16
876200,5357.36,-248.42,-245.64,41.5,40.59,6.83,32.6,3.22,35.39,17.67
876300,5354.04,-247.92,-245.68,41.36,40.73,6.73,32.25,2.86,36.28,17.51
876400,5362.77,-247.05,-246.05,41.4,40.73,6.79,32.6,3.21,35.55,17.43
876500,5365.68,-247.59,-245.76,41.58,40.63,6.49,32.25,2.86,34.23,17.39
876600,5355.7,-247.84,-245.93,41.32,40.65,6.75,32.55,3.16,40.93,17.12
876700,5354.87,-246.8,-245.97,41.34,40.51,6.85,32.35,2.96,36.83,17.63
876800,5351.95,-247.76,-246.05,41.22,40.67,6.69,32.68,3.3,39.27,16.84
876900,5357.36,-248.13,-245.89,41.36,40.57,6.77,32.5,3.11,43.74,17.08
877000,5362.77,-248.17,-245.6,41.36,40.69,6.89,32.7,3.31,41.89,17.08
877100,5367.35,-247.43,-245.72,41.4,40.63,6.69,32.55,3.16,37.37,17.59
877200,5363.6,-248.26,-245.55,41.58,40.71,7,32.53,3.14,36.32,17.67
877300,5356.95,-247.97,-245.89,41.5,40.71,6.81,32.55,3.16,36.63,17.16
877400,5360.28,-248.09,-245.97,41.36,40.55,6.89,32.39,3.01,44.21,17.24
877500,5359.44,-247.92,-245.8,41.52,40.61,7.02,32.8,3.42,43.13,17.28
877600,5360.69,-248.76,-246.26,41.2,40.55,6.75,32.52,3.13,40.31,17
877700,5360.28,-247.3,-245.51,41.3,40.59,6.98,32.78,3.4,38.69,17.35
877800,5357.36,-248.67,-245.8,41.52,40.97,6.67,32.38,2.99,43.47,17.2
877900,5359.03,-248.17,-245.89,41.62,40.73,6.77,32.68,3.3,38.49,17.55
878000,5360.28,-246.72,-246.09,41.2,40.63,6.55,32.45,3.06,30.38,17.08
878100,5360.28,-247.38,-246.01,41.54,40.55,6.77,32.89,3.51,35.78,16.72
878200,5362.77,-247.47,-245.64,41.32,40.71,6.89,32.51,3.12,37.29,17.39
878300,5357.36,-248.55,-245.93,41.46,40.63,6.73,32.99,3.61,41.24,17.35
878400,5357.78,-248.51,-245.97,41.38,40.43,6.89,32.43,3.05,44.01,17.39
878500,5354.45,-248.26,-245.89,41.18,40.51,6.85,33.03,3.65,40.08,17.87
878600,5359.86,-248.13,-245.68,41.28,40.51,7,32.53,3.14,41.93,17.16
878700,5366.1,-247.43,-246.26,41.24,40.47,6.73,33,3.61,42.93,17.16
878800,5357.36,-247.59,-246.18,41.4,40.53,6.83,32.43,3.05,34.65,17
878900,5356.11,-248.09,-246.18,41.36,40.53,6.67,33.07,3.68,36.71,16.96
879000,5362.36,-247.88,-245.72,41.24,40.49,6.89,32.55,3.16,37.02,16.92
879100,5360.69,-248.22,-246.01,41.34,40.43,6.96,33.12,3.73,32.91,17.16
879200,5362.77,-247.97,-245.93,41.42,40.51,6.75,32.79,3.4,39.92,17.04
879300,5357.36,-248.3,-245.72,41.56,40.63,7.98,33.09,3.7,37.72,17.28
879400,5359.03,-247.92,-246.05,41.2,40.45,7,32.68,3.3,36.63,17.75
879500,5362.36,-247.26,-245.8,41.2,40.57,6.73,33.11,3.73,41.28,17.24
879600,5363.19,-247.51,-245.84,41.5,40.65,6.89,32.78,3.39,41.39,17.04
879700,5355.28,-247.55,-245.89,41.26,40.47,6.83,32.93,3.54,39.34,17.24
879800,5364.44,-247.88,-246.09,41.38,40.51,6.65,32.82,3.43,44.63,18.18
879900,5358.61,-248.63,-245.55,41.26,40.63,6.85,33.1,3.71,39.77,17.83
880000,5358.2,-247.88,-245.89,41.24,40.69,6.63,32.95,3.56,41.78,17.2
880100,5365.27,-248.13,-245.72,41.24,40.43,6.91,32.95,3.56,37.72,17.04
880200,5358.61,-246.97,-245.72,41.4,40.31,6.51,32.97,3.58,43.9,17.2
880300,5361.11,-249.38,-245.51,41.32,40.53,6.91,32.95,3.57,36.56,17.04
880400,5358.61,-247.97,-246.14,41.4,40.57,6.85,33.31,3.92,33.99,17.51
880500,5349.04,-246.76,-246.3,41.4,40.95,6.79,33.06,3.67,39.96,17.24
880600,5356.95,-247.63,-245.97,41.3,40.75,6.65,33.28,3.9,41.97,16.96
880700,5361.11,-248.42,-245.93,41.32,40.63,7,32.91,3.53,38.96,17.35
880800,5358.2,-248.26,-245.8,41.36,40.59,7.1,33.11,3.73,40.54,16.84
880900,5361.94,-248.92,-245.72,41.36,40.51,7.02,32.7,3.32,37.99,17.04
881000,5361.52,-247.97,-246.22,41.52,40.51,6.77,33.26,3.87,39.23,17.28
881100,5358.2,-246.72,-246.26,41.54,40.35,7.14,32.68,3.29,37.6,17.43
881200,5357.78,-247.67,-246.01,41.36,40.55,6.87,33.01,3.63,37.99,17.16
881300,5364.85,-248.42,-245.68,41.28,40.55,6.67,32.55,3.16,33.8,17.35
881400,5357.36,-247.51,-245.47,41.42,40.37,6.73,33.16,3.77,44.44,17.24
881500,5353.62,-246.72,-245.84,41.16,40.43,7.12,32.58,3.19,39.31,16.88
881600,5361.52,-248.47,-246.09,41.6,40.61,6.41,33.17,3.78,38.3,17.16
881700,5354.87,-248.8,-246.05,41.42,40.49,6.65,32.46,3.07,38.34,17.28
881800,5360.69,-248.05,-246.26,41.58,40.71,6.69,33.08,3.69,37.8,17.47
881900,5354.04,-247.34,-245.64,41.44,40.69,6.53,32.52,3.13,41.85,16.6
882000,5356.95,-248.3,-245.68,41.52,40.63,6.75,32.82,3.43,46.55,17.79
882100,5358.61,-247.47,-245.84,41.6,40.41,6.75,32.64,3.26,46.59,17.91
882200,5357.36,-247.51,-245.93,41.44,40.67,6.67,32.83,3.44,37.6,17.87
882300,5353.62,-247.18,-245.84,41.28,40.55,6.93,32.36,2.97,44.17,17.2
882400,5357.36,-247.47,-245.93,41.4,40.69,6.85,32.74,3.35,38.76,17.16
882500,5361.94,-248.17,-245.8,41.46,40.67,6.59,32.43,3.05,39.77,18.3
882600,5356.11,-247.67,-245.93,41.6,40.53,6.67,32.66,3.27,39.07,16.96
882700,5362.77,-248.92,-246.09,41.42,40.53,6.95,32.49,3.1,45.21,16.92
882800,5364.44,-247.38,-245.89,41.28,40.83,6.71,32.54,3.15,32.75,17.04
882900,5357.36,-247.13,-245.93,41.26,40.85,6.55,32.49,3.1,36.9,17.55
883000,5359.86,-247.09,-245.64,41.5,40.61,6.57,32.86,3.47,37.87,17.87
883100,5356.95,-248.3,-245.55,41.42,40.59,6.53,32.45,3.06,41.2,18.18
883200,5363.6,-246.34,-245.18,41.38,40.23,6.63,32.31,2.93,40.62,18.02
883300,5363.6,-247.09,-245.76,41.44,40.43,6.67,32.55,3.16,34.54,18.02
883400,5354.45,-247.51,-245.6,41.52,40.49,6.77,32.43,3.05,37.83,17.59
883500,5358.2,-247.51,-245.6,41.24,40.65,6.85,32.69,3.3,42.63,17.2
883600,5357.36,-248.51,-246.34,41.5,40.65,6.83,32.61,3.22,42.01,16.68
883700,5354.04,-247.97,-245.72,41.16,40.55,6.49,32.77,3.38,36.67,17.31
883800,5357.36,-247.01,-246.09,41.52,40.29,6.83,32.48,3.09,37.99,17.2
883900,5352.79,-248.76,-246.14,41.42,40.71,6.71,32.66,3.28,38.96,17.28
884000,5361.94,-246.76,-245.26,41.54,40.41,6.51,32.41,3.02,42.01,17.87
884100,5349.04,-249.42,-246.55,41.28,40.83,7.08,32.76,3.38,36.87,16.68
884200,5360.28,-247.55,-245.72,41.16,40.53,6.67,32.18,2.79,34.03,17.47
884300,5354.45,-248.88,-246.26,41.26,40.65,6.67,32.66,3.28,36.17,17.95
884400,5354.04,-249.34,-246.3,41.26,40.51,6.79,32.29,2.91,40.93,17.24
884500,5354.87,-249.59,-245.84,41.38,40.63,6.77,32.8,3.41,41.66,17.2
884600,5359.44,-247.92,-246.22,41.18,40.75,7.2,32.24,2.85,38.8,17.28
884700,5359.44,-248.84,-245.72,41.56,40.59,6.75,32.72,3.33,36.71,16.88
884800,5361.11,-247.09,-246.14,41.58,40.59,6.73,32.29,2.9,40.89,16.96
884900,5366.1,-248.09,-246.05,41.28,40.53,6.85,32.81,3.42,42.59,16.88
885000,5361.94,-248.38,-245.93,41.3,40.79,6.73,32.28,2.89,39.77,16.49
885100,5358.2,-248.22,-245.72,41.34,40.93,6.96,32.85,3.46,39.46,17.08
885200,5362.36,-246.64,-246.18,41.3,40.57,7.02,32.27,2.88,42.82,17.55
885300,5363.19,-246.47,-245.76,41.58,40.79,6.61,32.69,3.3,36.56,17.31
885400,5359.44,-248.76,-246.34,41.34,40.43,6.85,32.41,3.03,36.94,17.67
885500,5357.36,-247.76,-245.93,41.16,40.49,7.02,32.86,3.47,40.31,17.59
885600,5362.36,-248.38,-246.22,41.72,40.51,6.45,32.56,3.17,40.73,17.83
885700,5357.78,-248.42,-246.55,41.58,40.65,6.83,32.51,3.12,39.61,16.8
885800,5363.19,-247.38,-246.34,41.46,40.57,6.75,32.49,3.11,41.55,18.02
885900,5361.52,-248.92,-246.14,41.38,40.53,6.87,32.56,3.17,42.24,17.31
886000,5363.19,-248.22,-245.97,41.22,40.69,6.67,32.66,3.28,37.41,17.47
886100,5354.87,-248.59,-245.3,41.18,40.53,6.69,32.32,2.93,37.29,17.51
886200,5354.04,-248.22,-246.26,41.16,40.31,6.96,32.64,3.26,44.9,17.95
886300,5364.85,-249.34,-246.22,41.36,40.59,7,32.49,3.11,37.29,17.08
886400,5357.78,-248.8,-245.43,41.38,40.55,6.91,32.99,3.6,36.79,17.24
886500,5356.53,-249.8,-245.51,41.5,40.83,6.63,32.72,3.33,38.49,17.59
886600,5352.79,-247.51,-246.22,41.54,40.57,6.71,32.75,3.36,46.94,17.51
886700,5355.28,-248.13,-245.97,41.22,40.77,6.96,32.82,3.43,36.48,16.96
886800,5368.6,-248.67,-246.09,41.42,40.47,6.47,32.84,3.45,38.34,16.92
886900,5349.04,-247.47,-245.35,41.24,40.53,6.95,32.74,3.35,35.63,17.31
887000,5363.19,-248.13,-246.26,41.52,40.57,6.63,33.07,3.69,36.79,17.59
887100,5355.7,-248.67,-246.01,41.36,40.57,6.96,32.81,3.42,40.27,17.28
887200,5352.37,-247.76,-246.47,41.2,40.49,7.06,33.28,3.9,35.47,17.75
887300,5358.61,-245.43,-246.05,41.3,40.53,6.81,32.62,3.23,41.74,17.31
887400,5363.6,-247.92,-245.89,41.26,40.47,6.49,33.4,4.02,40.27,17.08
887500,5359.44,-247.34,-246.14,41.62,40.29,6.71,32.43,3.04,44.17,17.2
887600,5353.62,-247.01,-246.18,41.54,40.45,6.87,33.01,3.62,42.39,16.68
887700,5359.86,-248.13,-246.14,41.2,40.55,6.79,32.93,3.55,39.77,17.12
887800,5341.55,-246.34,-246.3,41.48,40.47,6.57,32.95,3.57,39.69,17.71
887900,5367.76,-248.05,-245.76,41.14,40.77,7.26,33.01,3.62,37.41,17.2
888000,5351.12,-247.05,-246.26,41.4,40.55,6.45,33.23,3.84,41.2,18.02
888100,5352.37,-246.93,-246.47,41.5,40.53,6.96,32.7,3.31,38.26,17.24
888200,5357.36,-247.05,-245.76,41.18,40.67,6.73,33.38,3.99,32.52,17.08
888300,5347.38,-247.43,-246.22,41.06,40.53,6.75,32.87,3.48,41.12,17.83
888400,5358.61,-247.67,-246.68,41.56,40.47,6.79,33.06,3.67,38.49,16.84
888500,5358.61,-246.55,-245.84,41.4,40.61,6.57,32.81,3.42,40.7,17.43
888600,5358.61,-247.63,-245.97,41.26,40.75,7.2,32.89,3.5,34.62,17.2
888700,5361.52,-248.34,-246.43,41.34,40.51,7.12,33.05,3.67,39.65,17.47
888800,5356.95,-248.17,-245.55,41.22,40.81,6.91,32.87,3.48,40.19,17.55
888900,5364.85,-247.59,-246.05,41.22,40.51,6.73,33.06,3.67,44.67,17.91
889000,5355.7,-248.71,-245.64,41.38,40.51,6.89,33.11,3.72,37.14,17.35
889100,5356.95,-247.55,-246.43,41.42,40.65,6.49,33.26,3.88,36.98,17.91
889200,5360.69,-248.92,-245.8,41.54,40.33,6.75,32.78,3.4,40.35,17.35
889300,5364.85,-248.09,-246.34,41.6,40.51,6.89,33.01,3.62,42.16,17.71
889400,5356.53,-248.38,-245.6,41.44,40.61,7.1,32.89,3.5,43.24,17.51
889500,5372.76,-249.21,-246.01,41.5,40.59,6.96,33.01,3.62,40.93,17.51
889600,5369.84,-247.76,-246.34,41.26,40.65,6.73,33.07,3.69,45.36,16.96
889700,5351.54,-246.51,-245.51,41.26,40.59,6.65,33.44,4.05,43.51,17.08
889800,5356.11,-246.88,-246.22,41.14,40.63,6.89,33.12,3.73,41.89,17.16
889900,5361.52,-247.76,-246.43,41.78,40.39,6.61,32.97,3.58,39.77,17.08
890000,5357.78,-248.09,-246.3,41.28,40.61,6.73,33.03,3.65,36.75,16.57
890100,5363.6,-248.84,-246.26,41.4,40.53,6.73,32.96,3.57,43.9,16.41
890200,5360.28,-248.34,-246.22,41.22,40.69,6.51,32.92,3.53,43.32,17.28
890300,5353.2,-245.72,-246.3,41.38,40.67,6.71,33.34,3.96,44.86,17.67
890400,5361.11,-248.51,-246.14,41.26,40.53,6.65,32.52,3.13,35.7,17
890500,5359.03,-248.63,-245.47,41.3,40.57,6.85,33.3,3.92,37.99,17.35
890600,5358.61,-246.55,-245.6,41.34,40.51,7.1,32.7,3.31,39,17.51
890700,5360.28,-248.67,-246.51,41.6,40.53,6.73,33.11,3.73,45.59,17.95
890800,5365.68,-249.75,-246.51,41.44,40.45,6.69,32.41,3.03,39,17.51
890900,5351.95,-247.01,-246.05,41.2,40.61,7.02,33.28,3.89,41.24,17.2
891000,5359.03,-250.13,-245.43,41.36,40.53,6.59,32.81,3.42,39.69,17.16
891100,5361.52,-246.51,-245.64,41.46,40.71,6.75,32.91,3.52,34.65,17.71
891200,5362.36,-249.34,-245.89,41.22,40.59,6.83,32.76,3.38,37.45,17.28
891300,5357.78,-246.26,-245.97,41.48,40.43,6.71,33.06,3.67,42.39,17.43
891400,5366.1,-248.38,-247.26,41.58,40.15,6.59,32.65,3.26,45.82,17.39
891500,5362.36,-246.97,-246.01,41.56,40.61,6.63,32.97,3.58,42.97,17.24
891600,5361.52,-246.84,-245.64,41.2,40.59,6.91,32.68,3.3,36.21,18.02
891700,5366.1,-249.42,-246.14,41.3,40.59,6.71,32.96,3.57,34.03,17.16
891800,5364.02,-248.09,-246.22,41.6,40.61,6.57,32.63,3.24,41.01,16.76
891900,5350.71,-247.67,-245.76,41.3,40.63,6.63,33.06,3.67,44.75,17.08
892000,5359.86,-248.22,-246.05,41.7,40.51,6.57,32.71,3.32,38.07,17.51
892100,5354.04,-248.3,-246.01,41.3,40.69,6.67,33.04,3.65,40.12,17.12
892200,5359.86,-249.59,-245.93,41.1,40.59,6.67,32.64,3.26,45.32,16.92
892300,5364.44,-248.92,-246.34,41.32,40.63,6.69,32.6,3.22,41.43,17.79
892400,5360.28,-247.76,-246.64,41.36,40.39,6.67,32.38,2.99,37.52,17.43
892500,5354.04,-248.13,-245.76,41.64,40.51,6.65,32.73,3.34,36.87,16.92
892600,5363.19,-248.42,-245.84,41.3,40.37,7.16,32.46,3.07,43.97,17.71
892700,5359.03,-249.71,-246.01,41.46,40.43,6.67,32.57,3.18,38.41,17.08
892800,5364.02,-249.59,-246.47,41.48,40.39,7.08,32.7,3.31,39.19,18.06
892900,5356.11,-246.68,-246.09,41.22,40.81,6.63,32.4,3.01,34.93,16.37
893000,5369.01,-247.63,-246.76,41.36,40.65,6.96,32.58,3.19,40.23,18.02
893100,5362.77,-247.47,-246.14,41.22,40.51,6.69,32.31,2.93,38.61,16.88
893200,5364.44,-248.76,-246.09,41.5,40.65,6.71,32.67,3.28,43.36,16.92
893300,5360.69,-247.55,-246.76,41.46,40.73,6.79,32.18,2.79,37.91,17.55
893400,5358.61,-247.63,-245.47,41.32,40.49,7.02,32.6,3.22,40.46,18.69
893500,5362.77,-248.84,-245.68,41.34,40.69,7.16,32.52,3.13,39.77,17.91
893600,5361.11,-247.84,-245.55,41.26,40.45,6.91,32.64,3.25,37.18,17.47
893700,5354.45,-248.22,-245.76,41.54,40.57,6.83,32.43,3.05,40.58,17.08
893800,5368.6,-247.34,-246.43,41.52,40.73,6.63,32.62,3.23,45.78,17.24
893900,5355.7,-246.55,-246.26,41.3,40.87,6.67,32.3,2.91,38.07,17.59
894000,5359.03,-248.71,-245.68,41.08,40.53,6.71,32.49,3.1,37.8,17.16
894100,5356.53,-249.21,-246.05,41.52,40.57,6.96,32.47,3.09,40.85,17.43
894200,5360.69,-248.22,-245.93,41.52,40.51,6.75,32.8,3.42,40.43,17.79
894300,5361.94,-247.22,-245.97,41.52,40.51,6.77,32.51,3.12,36.52,17.28
894400,5351.54,-246.64,-245.89,41.2,40.47,6.63,32.57,3.18,45.86,17.31
894500,5361.11,-249.63,-245.8,41.42,40.53,7,32.33,2.95,34.5,17.31
894600,5358.61,-246.14,-246.26,41.3,40.61,6.73,32.6,3.21,38.38,17.2
894700,5364.85,-247.51,-245.93,41.48,40.55,6.65,32.47,3.08,39,17.04
894800,5361.94,-247.72,-246.18,41.6,40.33,6.81,32.8,3.41,38.8,16.88
894900,5361.11,-247.05,-245.89,41.36,40.43,6.61,32.19,2.8,38.18,17.43
895000,5365.27,-248.59,-245.8,41.04,40.49,6.67,32.43,3.04,33.26,17.16
895100,5359.86,-249.34,-245.93,41.34,40.67,6.71,32.18,2.8,38.14,16.8
895200,5366.52,-247.8,-246.26,41.2,40.53,7,32.91,3.53,37.52,17.04
895300,5372.34,-248.51,-245.97,41.3,40.69,7.18,32.22,2.83,36.79,17.55
895400,5366.52,-247.51,-246.09,41.32,40.63,6.87,32.77,3.38,40.89,17.75
895500,5360.28,-246.3,-246.93,41.26,40.55,7,32.34,2.95,36.4,17.71
895600,5361.94,-249.21,-246.01,41.84,40.59,6.47,32.72,3.34,34.81,17.67
895700,5363.19,-248.42,-245.8,41.24,40.55,6.98,32.3,2.91,33.99,17.35
895800,5359.03,-247.05,-246.3,41.5,40.67,6.65,32.75,3.36,38.65,17.2
895900,5364.44,-248.42,-245.51,41.12,40.47,6.83,32.06,2.68,39.69,16.68
896000,5357.78,-247.92,-246.72,41.6,40.29,6.79,32.75,3.36,42.09,18.1
896100,5361.11,-248.96,-245.84,41.48,40.69,6.21,32.4,3.01,38.22,17.2
896200,5354.04,-247.09,-246.34,41.38,40.63,7.02,32.69,3.3,49.89,17.31
896300,5354.45,-245.89,-245.93,41.4,40.71,6.79,32.28,2.89,38.26,17.51
896400,5364.85,-249.34,-245.6,41.2,40.59,6.79,32.51,3.13,34.93,17.28
896500,5360.69,-248.84,-245.84,41.16,40.49,6.79,32.17,2.78,40.39,17.39
896600,5354.04,-247.13,-246.26,41.56,40.57,6.91,32.68,3.29,38.61,17.35
896700,5359.03,-247.26,-245.89,41.3,40.45,6.89,32.19,2.8,46.01,17.28
896800,5348.63,-246.68,-246.64,41.22,40.45,6.96,32.71,3.32,37.41,17.59
896900,5360.28,-247.13,-246.34,41.52,40.69,6.67,32.57,3.18,36.09,17.16
897000,5360.69,-248.71,-245.89,41.26,40.33,6.91,32.54,3.15,45.32,17.55
897100,5360.28,-247.97,-246.3,41.52,40.43,6.71,32.47,3.09,36.28,17.28
897200,5359.86,-249.63,-246.18,41.22,40.51,6.87,32.7,3.32,39.07,17.35
897300,5361.94,-247.72,-246.64,41.4,40.61,6.91,32.41,3.03,36.4,17.43
897400,5368.18,-250.46,-245.97,41.08,40.55,7.02,32.48,3.09,41.43,17.47
897500,5366.93,-249.46,-246.68,41.28,40.67,6.89,32.44,3.05,39.54,17.04
897600,5368.6,-249.92,-246.39,41.5,40.75,7.02,32.55,3.16,41.43,16.88
897700,5364.02,-249.09,-246.3,41.24,40.57,6.81,32.62,3.23,38.65,17.12
897800,5357.36,-247.13,-246.26,41.48,40.51,6.73,32.58,3.19,38.45,16.96
897900,5363.19,-248.63,-246.55,41.48,40.57,6.96,32.49,3.1,42.43,17.63
898000,5363.19,-249.05,-245.97,41.42,40.57,6.95,32.53,3.14,42.63,17.28
898100,5350.29,-246.09,-246.47,41.58,40.47,6.98,32.74,3.36,47.63,17.24
898200,5368.18,-248.59,-246.09,41.32,40.73,6.87,32.58,3.19,33.68,17.08
898300,5358.2,-246.55,-246.43,41.26,40.73,7.04,32.78,3.39,34.89,17.28
898400,5366.52,-249.59,-246.22,41.52,40.67,6.96,32.6,3.22,36.94,17.47
898500,5370.26,-249.01,-246.55,41.46,40.51,6.93,32.72,3.33,37.06,17.59
898600,5360.28,-248.8,-246.59,41.38,40.53,6.79,32.76,3.37,39.3,17
898700,5368.6,-249.34,-246.01,41.1,40.77,6.57,32.81,3.42,38.18,17.24
898800,5364.44,-247.3,-246.39,41.42,40.77,6.89,32.53,3.15,38.07,17.24
898900,5363.6,-247.34,-246.3,41.5,40.59,6.89,32.88,3.49,44.13,17.16
899000,5360.28,-247.67,-245.89,41.4,40.55,6.65,32.41,3.03,38.84,17.43
899100,5366.1,-248.59,-246.47,41.4,40.63,6.87,32.86,3.47,35.35,17.43
899200,5367.76,-248.47,-246.26,41.48,40.69,6.83,32.49,3.1,41.89,17.24
899300,5370.68,-247.47,-246.01,41.4,40.63,6.87,32.82,3.44,38.92,17.2
899400,5367.76,-247.43,-246.51,41.2,40.61,6.67,32.73,3.34,36.63,17.39
899500,5362.36,-248.26,-246.22,41.36,40.73,6.57,33.01,3.62,33.8,16.96
899600,5356.53,-248.26,-246.01,41.46,40.73,6.81,32.44,3.05,38.34,17.75
899700,5371.92,-246.18,-245.72,41.4,40.63,6.73,32.92,3.53,38.53,17.31
899800,5356.11,-249.05,-246.88,41.4,40.79,6.51,32.62,3.24,33.41,17.31
899900,5366.52,-248.8,-246.51,41.56,40.35,6.77,32.8,3.41,31.89,16.76
900000,5365.27,-249.05,-246.43,41.3,40.61,6.65,32.54,3.15,38.76,17.67
900100,5370.68,-247.22,-245.64,41.4,40.69,6.81,33,3.61,43.67,17.51
900200,5355.7,-248.71,-246.68,41.28,40.77,6.77,32.74,3.36,34.77,17.43
900300,5356.11,-249.38,-246.18,41.36,40.59,6.59,33.05,3.67,41.7,16.92
900400,5361.52,-248.51,-246.22,41.36,40.49,6.69,32.58,3.19,38.53,17.08
900500,5354.87,-249.09,-246.34,41.34,40.79,6.81,33.09,3.7,44.24,17.63
900600,5369.84,-246.68,-246.18,41.24,40.65,6.93,32.59,3.2,39.34,16.49
900700,5355.28,-249.5,-246.8,41.2,40.69,6.65,32.93,3.54,33.96,16.8
900800,5363.6,-247.92,-246.59,41.34,40.65,6.77,32.66,3.28,39.73,16.72
900900,5361.11,-248.13,-246.34,41.32,40.53,6.51,33.11,3.73,38.11,16.76
901000,5360.69,-248.38,-246.72,41.36,40.67,6.69,32.65,3.26,32.09,16.84
901100,5355.28,-248.92,-246.47,41.36,40.63,6.67,32.99,3.6,32.32,16.96
901200,5356.95,-249.38,-246.39,41.46,40.53,6.91,32.52,3.13,36.32,17.24
901300,5356.11,-248.92,-245.89,41.54,40.55,7.04,33.05,3.66,38.42,16.6
901400,5364.44,-248.17,-246.43,41.44,40.69,6.59,32.76,3.37,41.62,16.92
901500,5367.76,-247.43,-246.55,41.54,40.75,6.75,33.13,3.74,39.96,17.71
901600,5370.68,-247.84,-246.26,41.34,40.75,6.65,32.68,3.3,31.31,17.12
901700,5364.85,-247.8,-246.51,41.3,40.59,6.67,33.13,3.74,41.08,17.08
901800,5361.11,-248.26,-245.84,41.4,40.55,6.87,32.6,3.22,42.93,16.76
901900,5361.11,-249.13,-246.01,41.34,40.63,6.96,33.08,3.69,42.55,17.55
902000,5360.69,-247.76,-245.93,41.4,40.45,6.73,32.89,3.51,45.09,17.83
902100,5364.44,-247.63,-246.18,41.36,40.47,6.83,33.17,3.78,43.01,17.28
902200,5358.2,-247.38,-246.3,41.4,40.55,6.93,32.78,3.4,45.78,16.72
902300,5359.44,-248.51,-246.09,41.36,40.41,6.96,33.17,3.78,41.62,16.88
902400,5358.61,-248.3,-246.14,41.18,40.57,6.85,33.02,3.63,40.08,17.55
902500,5364.02,-247.88,-246.39,41.26,40.47,6.83,33.15,3.76,35.2,16.76
902600,5363.6,-247.09,-246.51,41.34,40.65,6.55,32.76,3.38,39.73,16.92
902700,5362.36,-247.51,-246.22,41.32,40.53,6.67,33.09,3.7,38.53,17
902800,5360.28,-247.47,-246.3,41.5,40.61,6.53,32.75,3.36,39.96,16.88
902900,5361.11,-248.59,-246.01,41.64,40.57,6.81,33.05,3.67,36.56,17.24
903000,5357.36,-248.51,-246.26,41.2,40.49,6.79,32.75,3.36,37.21,17.67
903100,5364.44,-248.51,-245.76,41.1,40.57,6.95,33.32,3.94,40.77,17.43
903200,5359.86,-247.55,-246.26,41.52,40.47,7.18,32.79,3.4,39.42,16.76
903300,5356.95,-248.09,-246.22,41.2,40.47,6.63,33.3,3.92,31.66,16.84
903400,5357.36,-247.88,-246.26,41.2,40.53,6.85,32.87,3.48,36.9,16.84
903500,5361.11,-247.76,-246.22,41.18,40.51,6.93,33.07,3.68,36.28,16.57
903600,5362.36,-248.88,-246.05,41.22,40.65,6.81,32.89,3.5,39.11,17.24
903700,5369.01,-248.59,-246.18,41.4,40.51,6.91,33.24,3.86,39.15,17.51
903800,5358.61,-247.05,-246.47,41.26,40.45,6.89,32.91,3.53,33.26,17.2
903900,5362.77,-247.72,-246.01,41.32,40.61,6.71,33.15,3.76,39.58,17.12
904000,5362.36,-247.05,-245.72,41.26,40.55,6.89,32.89,3.51,37.56,17.43
904100,5361.11,-247.55,-246.55,41.38,40.47,6.87,33.11,3.73,40.08,17.55
904200,5363.6,-247.38,-245.93,41.62,40.75,7,32.87,3.48,35.16,16.6
904300,5367.35,-248.09,-245.93,41.5,40.73,6.49,32.96,3.57,37.72,18.38
904400,5356.53,-247.92,-246.14,41.38,40.53,6.83,32.96,3.57,42.05,17.16
904500,5361.94,-248.26,-246.26,41.58,40.69,6.65,33.14,3.75,35.97,17.47
904600,5361.52,-248.01,-246.26,41.36,40.49,6.73,32.95,3.57,33.02,17.83
904700,5365.68,-248.88,-246.14,41.26,40.63,7.04,33.19,3.8,36.05,17.59
904800,5365.27,-248.17,-246.39,41.24,40.61,6.91,33.07,3.69,34.31,17.24
904900,5363.19,-248.51,-246.01,41.34,40.51,6.81,33.22,3.83,36.13,16.72
905000,5359.03,-248.26,-245.93,41.44,40.57,6.91,32.99,3.61,38.07,17.24
905100,5359.03,-247.51,-245.84,41.34,40.81,6.91,33.13,3.74,34.58,16.72
905200,5358.2,-247.92,-246.01,41.5,40.49,6.75,32.83,3.44,34.34,16.64
905300,5367.76,-247.8,-246.43,41.42,40.63,6.93,33.12,3.73,41.82,18.54
905400,5359.86,-248.13,-246.47,41.24,40.43,6.89,32.93,3.54,42.59,16.72
905500,5356.11,-247.26,-246.34,41.24,40.49,6.67,32.96,3.57,39.5,16.92
905600,5359.44,-248.3,-246.14,41.08,40.47,6.87,32.9,3.51,39.34,17.87
905700,5361.94,-247.8,-246.39,41.32,40.47,6.85,33.05,3.66,41.93,17.79
905800,5361.52,-246.47,-246.05,41.6,40.47,6.71,32.72,3.34,37.83,17.59
905900,5361.94,-247.97,-246.14,41.52,40.65,6.73,33.02,3.63,42.24,17.16
906000,5359.86,-247.8,-246.34,41.42,40.61,6.63,32.79,3.4,33.72,17.47
906100,5359.86,-247.88,-245.97,41.22,40.51,6.81,33.08,3.69,40.39,16.45
906200,5361.11,-247.38,-246.3,41.34,40.67,6.83,32.89,3.51,37.52,17.87
906300,5367.35,-247.72,-246.3,41.26,40.59,6.69,33.06,3.67,43.59,18.62
906400,5361.11,-248.26,-246.47,41.38,40.77,6.85,33.17,3.78,44.05,18.3
906500,5368.6,-247.88,-246.14,41.44,40.35,6.83,32.98,3.59,43.36,16.68
906600,5361.11,-247.38,-246.51,41.28,40.53,6.91,32.93,3.55,36.44,17.2
906700,5368.18,-248.26,-246.14,41.32,40.57,6.87,32.97,3.59,42.43,16.84
906800,5360.69,-247.63,-246.26,41.42,40.55,6.79,32.95,3.56,37.1,16.92
906900,5356.11,-248.17,-246.18,41.58,40.67,6.95,33.2,3.81,38.38,17.67
907000,5357.78,-249.17,-246.05,41.14,40.57,6.73,33.1,3.71,39.15,17.91
907100,5359.44,-248.59,-245.89,41.28,40.53,6.81,33.05,3.66,37.8,17.08
907200,5364.85,-248.51,-246.18,41.34,40.57,6.93,33,3.61,39.34,17
907300,5369.01,-247.47,-246.3,41.38,40.73,6.75,32.99,3.61,43.05,17.55
907400,5365.68,-247.43,-246.8,41.3,40.63,6.63,33.18,3.8,41.7,16.84
907500,5369.01,-247.84,-246.43,41.06,40.73,6.69,33.01,3.63,38.76,16.84
907600,5362.36,-247.97,-246.8,41.62,40.57,6.85,33.28,3.9,39.38,17.04
907700,5369.01,-248.76,-245.89,41.36,40.71,6.73,33.16,3.77,41.89,17.35
907800,5362.36,-247.59,-246.39,41.56,40.65,6.67,33.32,3.93,33.53,17.2
907900,5362.77,-247.8,-246.51,41.38,40.83,6.89,33.05,3.67,45.78,17.12
908000,5362.77,-248.71,-246.84,41.48,40.67,6.85,33.13,3.75,33.53,17.28
908100,5362.77,-247.59,-246.01,41.2,40.45,6.81,33.09,3.71,39.15,16.92
908200,5363.6,-248.47,-246.3,41.4,40.61,6.61,33.26,3.87,38.49,17.75
908300,5360.28,-247.97,-246.3,41.44,40.69,6.79,32.83,3.44,42.74,17.2
908400,5364.44,-248.47,-246.01,41.34,40.83,6.65,33.06,3.67,39.34,17.75
908500,5353.62,-247.47,-246.22,41.28,40.43,6.83,32.89,3.5,37.56,17
908600,5358.2,-247.47,-246.59,41.5,40.51,6.81,32.96,3.57,38.14,17.71
908700,5354.45,-247.88,-246.26,41.5,40.55,6.87,33.05,3.67,34.81,17.43
908800,5364.44,-247.55,-246.55,41.36,40.63,6.87,32.99,3.6,39.11,17.51
908900,5366.1,-248.8,-246.68,41.48,40.63,6.77,33.09,3.71,38.76,18.22
909000,5359.86,-248.59,-245.72,41.64,40.33,6.71,33.11,3.72,41.51,18.34
909100,5365.27,-248.38,-246.84,41.32,40.51,6.95,32.81,3.42,37.83,16.84
909200,5359.03,-249.01,-246.59,41.48,40.59,6.55,33.1,3.71,45.82,17
909300,5360.69,-248.42,-246.09,41.24,40.97,6.81,32.95,3.57,34.34,16.72
909400,5359.86,-246.68,-245.97,41.14,40.53,6.89,33.16,3.77,33.8,17
909500,5364.02,-247.8,-246.47,41.22,40.49,6.98,32.97,3.59,41.89,17.75
909600,5357.36,-248.47,-246.3,41.28,40.83,6.65,32.96,3.57,41.12,17.04
909700,5358.61,-248.34,-246.09,41.2,40.57,6.95,32.95,3.57,35.94,16.57
909800,5366.52,-247.92,-246.43,41.08,40.61,6.67,33.16,3.77,41.85,17.31
909900,5362.36,-247.92,-246.05,41.5,40.83,6.69,32.99,3.6,40.7,17.04
910000,5359.03,-248.05,-246.05,41.14,40.91,6.89,33.11,3.73,43.2,16.88
910100,5359.03,-246.93,-246.39,41.28,40.81,7,32.94,3.55,44.09,17.67
910200,5359.86,-248.22,-246.22,41.28,40.47,6.69,33.17,3.78,38.72,17.39
910300,5359.86,-249.13,-246.39,41.62,40.41,6.83,32.95,3.56,39.15,17.04
910400,5363.19,-247.51,-246.18,41.1,40.65,6.59,32.92,3.53,40.97,17.71
910500,5370.68,-247.8,-245.89,41.28,40.85,6.91,32.8,3.41,37.83,17
910600,5361.52,-248.3,-246.14,41.68,40.33,6.69,33.26,3.87,31.82,17.16
910700,5357.36,-248.17,-245.8,41.24,40.55,6.47,32.93,3.54,39.3,17.04
910800,5359.44,-248.47,-246.43,41.42,40.59,6.89,33.41,4.02,40,17.08
910900,5366.52,-248.09,-245.76,41.42,40.29,6.85,33,3.61,35.7,17.2
911000,5361.52,-248.92,-246.14,41.22,40.49,6.77,33.4,4.02,43.09,16.88
911100,5360.69,-248.09,-246.8,41.32,40.61,6.91,32.93,3.55,38.8,17.12
911200,5359.44,-249.67,-246.3,41.26,40.51,6.85,33.24,3.85,35.55,16.88
911300,5359.03,-248.05,-246.34,41.52,40.43,6.79,32.74,3.36,37.95,17.75
911400,5372.34,-247.84,-246.18,41.44,40.49,6.83,33.46,4.07,44.05,17.2
911500,5368.6,-247.72,-246.26,41.34,40.51,6.95,33.11,3.73,44.94,17.35
911600,5364.02,-248.67,-246.09,41.36,40.43,6.71,33.05,3.67,46.94,16.88
911700,5368.18,-246.43,-246.34,41.34,40.73,6.69,32.93,3.55,39.58,16.72
911800,5360.28,-248.22,-246.22,41.16,40.55,6.81,33.46,4.07,41.04,16.8
911900,5357.78,-246.84,-246.68,41.38,40.63,7.02,32.74,3.36,44.71,17.2
912000,5359.44,-248.59,-245.68,41.34,40.45,6.67,33.25,3.86,39.15,17.35
912100,5368.18,-247.72,-246.05,41.42,40.55,6.69,32.84,3.45,44.94,17.24
912200,5360.28,-247.84,-246.09,41.34,40.59,6.98,33.21,3.82,42.43,17.08
912300,5358.2,-247.34,-246.47,41.36,40.39,6.96,32.75,3.36,40.66,16.41
912400,5360.69,-248.3,-246.47,41.28,40.39,6.91,33.01,3.63,40.81,16.49
912500,5362.36,-248.09,-245.6,41.34,40.57,6.83,32.9,3.51,37.06,18.06
912600,5364.85,-248.59,-245.76,41.36,40.75,6.67,32.92,3.53,37.29,16.92
912700,5364.44,-248.26,-246.01,41.48,40.63,6.65,32.76,3.38,34.85,16.84
912800,5358.61,-249.09,-246.18,41.44,40.61,6.91,32.59,3.2,35.2,16.49
912900,5356.95,-246.51,-245.51,41.48,40.65,6.55,32.88,3.49,41.93,16.92
913000,5371.09,-248.34,-246.05,41.42,40.61,6.65,32.77,3.38,42.12,17.43
913100,5361.52,-248.05,-245.22,41.44,40.39,6.93,32.69,3.3,37.25,17.43
913200,5359.86,-247.84,-246.18,41.5,40.41,6.98,32.53,3.15,39.3,17.2
913300,5354.04,-247.67,-245.76,41.42,40.61,6.73,32.93,3.55,44.67,16.92
913400,5359.86,-247.34,-246.09,41.24,40.55,7.06,32.67,3.28,41.2,16.84
913500,5351.95,-247.92,-245.26,41.42,40.67,6.59,32.65,3.26,40.08,17.83
913600,5366.1,-247.3,-246.93,41.6,40.55,7,32.48,3.09,41.01,17.08
913700,5370.26,-246.84,-246.22,41.28,40.61,6.75,32.76,3.38,39.69,16.84
913800,5361.52,-249.05,-246.26,41.42,40.69,6.77,32.39,3.01,37.41,17.75
913900,5366.93,-249.42,-246.26,41.36,40.63,6.67,32.57,3.18,43.86,18.3
914000,5359.44,-250.38,-246.3,41.18,40.71,6.75,32.36,2.97,39.42,17.55
914100,5356.95,-247.59,-245.64,41.24,40.45,6.53,33,3.61,44.36,18.42
914200,5359.86,-248.34,-246.01,41.28,40.77,6.93,32.42,3.03,41.04,18.38
914300,5359.03,-247.88,-245.68,41.6,40.27,6.91,32.9,3.51,41.85,17.83
914400,5358.61,-247.51,-246.51,41.24,40.85,6.69,32.47,3.09,37.21,17.43
914500,5361.52,-249.3,-246.05,41.34,40.31,6.85,32.84,3.45,38.38,16.8
914600,5351.95,-247.51,-245.8,41.44,40.51,6.71,32.55,3.16,43.32,17.47
914700,5359.44,-247.22,-246.09,41.5,40.83,6.77,32.79,3.4,35.31,16.64
914800,5363.19,-248.8,-245.84,41.36,40.23,6.89,32.8,3.41,36.21,16.84
914900,5350.29,-247.05,-246.05,41.46,40.67,6.79,32.91,3.52,41.74,17.31
915000,5345.71,-244.76,-246.18,41.46,40.57,6.59,32.47,3.08,38.61,17.16
915100,5354.87,-247.18,-246.51,41.36,40.45,7.06,32.78,3.39,44.17,16.6
915200,5363.19,-248.63,-245.76,41.14,40.67,6.81,32.68,3.29,33.49,17.75
915300,5356.11,-247.59,-245.97,41.22,40.69,7.1,32.64,3.26,43.2,17.12
915400,5364.02,-248.05,-246.14,41.4,40.53,6.93,32.73,3.34,45.78,17.04
915500,5359.44,-249.46,-245.93,41.56,40.53,6.79,32.47,3.08,36.4,17.51
915600,5364.85,-246.97,-245.64,41.3,40.49,6.91,32.91,3.52,40.31,17.43
915700,5366.52,-247.55,-245.72,41.52,40.37,6.73,32.57,3.18,34.69,17.2
915800,5356.95,-249.38,-245.6,41.6,40.45,6.63,32.78,3.39,37.8,17.79
915900,5356.95,-246.64,-246.88,41.22,40.65,6.67,32.83,3.44,38.57,17.31
916000,5362.77,-247.8,-246.18,41.3,40.51,6.87,33.51,4.13,42.97,17.04
916100,5357.78,-249.26,-246.26,41.18,40.57,6.95,32.52,3.13,40.23,17.75
916200,5353.62,-248.17,-246.22,41.2,40.59,6.91,33.35,3.96,40.16,17.87
916300,5369.84,-249.09,-246.05,41.46,40.67,6.91,32.65,3.26,35.86,17.04
916400,5357.78,-246.18,-245.68,41.32,40.45,6.75,33.86,4.48,40.93,17.63
916500,5359.86,-250.3,-246.39,41.7,40.21,7.22,32.47,3.08,32.71,17.43
916600,5359.86,-249.09,-246.34,41.32,40.93,6.45,33.26,3.88,33.57,16.6
916700,5361.52,-247.38,-245.55,41.32,40.71,6.51,32.99,3.61,41.01,17.43
916800,5363.6,-248.51,-245.93,41.24,40.63,6.91,33.38,3.99,38.53,17.59
916900,5361.52,-248.26,-246.34,41.32,40.65,6.61,33.17,3.78,37.68,16.92
917000,5354.87,-246.26,-245.43,41.12,40.71,6.63,33.39,4,39.77,17.47
917100,5352.79,-247.38,-245.55,41.18,40.49,6.67,33.42,4.04,37.6,18.02
917200,5362.77,-249.21,-245.89,41.62,40.57,6.93,33.42,4.04,39.61,16.84
917300,5364.44,-249.71,-246.84,41.48,40.55,6.65,33.49,4.11,31.66,17.55
917400,5368.6,-247.63,-246.22,41.24,40.89,6.77,33.13,3.75,40,16.92
917500,5354.04,-247.13,-245.93,41.32,40.59,6.71,33.53,4.15,35.74,17.91
917600,5361.52,-248.17,-246.47,41.28,40.63,6.81,33.23,3.84,39.65,16.96
917700,5360.28,-247.84,-245.8,41.42,40.67,6.93,33.34,3.96,39.03,18.06
917800,5361.52,-248.34,-245.97,41.18,40.73,6.69,32.88,3.49,40.31,17.24
917900,5361.52,-246.93,-246.26,41.26,40.57,6.93,33.82,4.43,33.02,17.16
918000,5355.28,-247.88,-246.51,41.48,40.63,6.71,32.61,3.22,38.11,16.72
918100,5354.45,-250.21,-246.22,41.4,40.45,6.87,33.18,3.8,44.67,17.08
918200,5350.71,-247.43,-246.01,41.3,40.69,6.89,33.08,3.69,30.53,17.28
918300,5361.94,-248.17,-245.84,41.26,40.57,6.65,33.23,3.84,37.95,17.43
918400,5359.86,-248.63,-246.22,41.62,40.71,6.87,32.86,3.47,44.24,17.24
918500,5364.02,-247.51,-246.14,41.4,40.45,6.87,33.26,3.88,39.81,16.92
918600,5349.46,-249.21,-246.68,41.42,40.51,7.04,32.57,3.18,40.97,17.04
918700,5358.2,-248.67,-246.18,41.2,40.47,6.71,32.79,3.4,36.87,18.18
918800,5364.02,-247.97,-245.8,41.42,40.59,6.77,32.8,3.42,44.63,17.16
918900,5364.85,-248.96,-246.47,41.38,40.55,6.89,32.92,3.53,47.48,16.57
919000,5363.19,-247.88,-246.18,41.62,40.41,6.85,32.87,3.48,39.42,17.79
919100,5359.44,-247.26,-246.09,41.44,40.47,6.83,32.85,3.46,38.22,17.47
919200,5357.78,-248.26,-245.68,41.2,40.53,6.55,32.61,3.22,44.32,17.51
919300,5362.36,-247.18,-245.93,41.22,40.77,6.87,32.76,3.38,44.13,17.67
919400,5364.85,-246.68,-246.05,41.26,40.79,6.77,32.88,3.49,44.51,17
919500,5361.52,-247.97,-245.89,41.2,40.85,6.93,32.52,3.13,42.66,17.59
919600,5350.71,-248.26,-245.89,41.32,40.63,6.77,32.64,3.26,37.87,17.67
919700,5357.78,-247.72,-245.68,41.3,40.69,7,32.35,2.97,37.99,16.92
919800,5370.68,-248.76,-246.64,41.5,40.69,6.87,32.76,3.38,40.12,16.76
919900,5366.52,-247.67,-246.43,41.62,40.51,6.61,32.38,2.99,33.8,17.24
920000,5368.6,-248.09,-246.51,41.6,40.65,6.65,32.83,3.44,38.49,17
920100,5370.68,-248.13,-246.43,41.62,40.71,6.75,32.32,2.93,43.59,16.92
920200,5366.1,-248.3,-246.22,41.36,40.75,6.93,32.72,3.34,39.58,17.31
920300,5357.78,-246.34,-246.14,41.38,40.71,6.69,32.44,3.05,35.86,17.39
920400,5365.27,-247.01,-246.34,41.7,40.63,6.83,33.02,3.63,38.88,17.28
920500,5367.35,-249.01,-246.09,41.18,40.59,6.85,32.55,3.16,39.77,17.75
920600,5359.03,-247.47,-246.18,41.18,40.49,6.51,32.78,3.39,36.67,16.96
920700,5362.36,-248.13,-245.89,41.3,40.69,6.85,32.83,3.44,44.09,17.55
920800,5355.7,-249.01,-245.39,41.36,40.67,6.81,32.88,3.49,42.97,17.71
920900,5367.76,-247.55,-246.64,41.42,40.81,6.96,32.86,3.47,32.6,18.14
921000,5369.01,-248.22,-246.68,41.06,40.57,6.91,32.62,3.24,40.97,17.47
921100,5366.52,-247.13,-246.18,41.44,40.57,6.35,33.21,3.82,41.31,17.08
921200,5361.94,-247.97,-246.55,41.36,40.49,6.53,32.8,3.41,37.18,17.31
921300,5360.28,-249.13,-245.8,41.24,40.45,6.81,33.42,4.03,40.97,17.43
921400,5358.2,-247.26,-246.39,41.56,40.81,6.83,32.93,3.55,29.71,17
921500,5361.11,-248.51,-246.39,41.28,40.57,6.81,33.38,4,36.9,16.88
921600,5363.6,-246.84,-246.09,41.5,40.71,6.75,33.19,3.8,38.57,17.31
921700,5366.52,-248.47,-245.89,41.22,40.51,7.12,33.49,4.11,39.73,17.31
921800,5362.77,-248.42,-245.89,41.36,40.53,7,33.15,3.76,35.74,17.08
921900,5371.92,-249.88,-246.34,41.32,40.41,6.89,33.46,4.07,39.73,17.55
922000,5364.02,-247.43,-245.76,41.34,40.69,6.81,33.09,3.71,43.01,17.24
922100,5357.78,-249.13,-245.68,40.88,40.63,6.79,33.39,4,38.26,17.12
922200,5355.7,-247.55,-246.05,41.2,40.53,6.73,33.22,3.84,35.97,17
922300,5357.36,-249.71,-245.55,41.28,40.55,6.65,33.35,3.96,36.71,17.16
922400,5371.09,-249.63,-245.64,41.26,40.53,6.85,33.16,3.77,40.89,17.35
922500,5363.6,-247.72,-245.35,41.32,40.51,6.63,33.33,3.94,38.07,17.12
922600,5352.79,-248.38,-245.89,41.22,40.45,7.1,33.36,3.97,40.85,17.12
922700,5365.68,-249.05,-245.68,41.36,40.61,6.87,33.07,3.69,43.55,17.2
922800,5355.28,-247.84,-245.35,41.46,40.53,6.89,33.35,3.96,34.73,17.16
922900,5361.94,-247.84,-245.64,41.44,40.73,6.67,33.13,3.74,37.83,17.08
923000,5356.11,-247.63,-246.09,41.34,40.57,6.67,33.4,4.02,40.66,17.04
923100,5357.78,-248.63,-245.89,41.48,40.53,6.96,33.08,3.69,46.13,17.16
923200,5368.6,-248.67,-245.97,41.62,40.69,6.67,33.3,3.91,32.44,17.08
923300,5355.7,-247.01,-245.89,41.26,40.49,6.75,33.01,3.63,32.13,17.95
923400,5354.04,-248.17,-245.89,41.3,40.53,6.73,33.11,3.73,38.76,17.2
923500,5359.03,-248.59,-246.01,41.28,40.41,6.77,32.79,3.4,44.98,17.24
923600,5361.11,-246.59,-245.93,41.32,40.47,6.77,33.18,3.79,44.28,17.16
923700,5359.86,-247.05,-245.8,41.56,40.75,6.91,32.59,3.2,41.08,17.12
923800,5357.36,-247.13,-245.97,41.06,40.49,6.75,33.14,3.75,41.16,17.59
923900,5356.95,-247.55,-246.05,41.3,40.51,6.79,32.72,3.34,40.62,17.04
924000,5360.28,-248.67,-246.47,41.48,40.73,6.96,32.66,3.28,36.32,17.24
924100,5361.94,-247.67,-246.43,41.46,40.79,6.93,32.68,3.29,35.9,17.31
924200,5354.87,-247.55,-246.14,41.3,40.65,6.93,32.92,3.53,37.76,16.88
924300,5357.78,-249.46,-245.97,41.38,40.71,7.08,32.68,3.29,38.03,16.92
924400,5360.69,-248.92,-246.26,41.5,40.59,6.73,32.6,3.22,35.78,17
924500,5359.86,-248.05,-245.89,41.2,40.57,7.02,32.8,3.41,43.78,17.87
924600,5363.6,-247.59,-246.01,41.32,40.45,6.77,32.6,3.22,38.34,17.2
924700,5363.19,-248.63,-245.97,41.36,40.55,6.55,32.79,3.4,39.07,17.16
924800,5358.2,-247.63,-246.18,41.36,40.57,6.93,32.57,3.18,45.98,16.92
924900,5358.2,-247.55,-246.26,41.46,40.61,6.91,32.66,3.28,33.06,17.51
925000,5359.03,-248.8,-245.84,41.4,40.95,6.91,32.44,3.05,35.12,17.79
925100,5358.2,-249.34,-246.05,41.58,40.67,6.89,32.99,3.61,35.51,17.83
925200,5356.95,-247.22,-245.8,41.44,40.59,6.89,32.31,2.93,35.2,18.14
925300,5363.19,-248.76,-246.26,41.28,40.57,6.71,32.89,3.51,37.29,17.63
925400,5359.86,-248.42,-246.39,41.34,40.45,6.79,32.6,3.22,37.29,17.35
925500,5359.44,-248.71,-246.22,41.48,40.33,4.41,32.85,3.46,38.14,17.04
925600,5354.04,-247.72,-245.84,41.14,40.65,6.85,32.56,3.17,39.5,16.92
925700,5362.36,-247.72,-245.84,41.24,40.65,6.05,32.8,3.42,46.94,16.84
925800,5366.93,-247.43,-246.01,41.44,40.45,6.87,32.53,3.14,37.45,17.12
925900,5361.11,-247.72,-246.34,41.28,40.69,6.83,32.85,3.46,35.51,16.88
926000,5356.53,-248.01,-245.84,41.58,40.43,6.85,32.68,3.29,41.82,17.43
926100,5352.37,-249.09,-246.26,41.18,40.55,6.83,32.83,3.44,41.51,16.92
926200,5361.11,-247.8,-245.97,41.34,40.57,6.91,32.68,3.3,37.6,17.83
926300,5361.11,-247.84,-246.22,41.34,40.61,6.49,32.94,3.55,42.63,16.92
926400,5363.6,-246.72,-245.35,41.3,40.51,6.93,33.04,3.65,39.23,16.64
926500,5367.76,-246.59,-245.84,41.3,40.55,6.87,32.82,3.43,38.26,17.24
926600,5355.7,-248.92,-246.22,41.4,40.63,6.67,33.12,3.73,37.02,17.43
926700,5359.44,-248.96,-246.43,41.14,40.73,6.87,32.74,3.36,33.02,16.92
926800,5360.28,-248.55,-246.34,41.2,40.77,6.59,33.26,3.88,32.44,17.2
926900,5365.27,-248.17,-246.01,41.3,40.69,6.57,32.84,3.45,36.52,17.43
927000,5361.11,-247.72,-246.18,41.38,40.63,6.85,33.43,4.04,38.53,16.88
927100,5363.6,-247.92,-246.05,41.5,40.59,6.91,32.77,3.38,36.25,17.39
927200,5356.53,-249.05,-246.26,41.4,40.63,6.91,33.44,4.05,40.54,17.28
927300,5369.01,-247.63,-246.26,41.38,40.21,6.96,33.05,3.66,37.33,16.49
927400,5358.2,-248.8,-246.64,41.42,40.53,7.16,33.53,4.14,40.08,17.2
927500,5359.03,-248.76,-246.14,41.38,40.67,6.77,33.07,3.69,42.74,17.31
927600,5369.84,-247.18,-246.09,41.24,40.77,6.87,33.46,4.07,43.13,17.12
927700,5360.69,-248.34,-246.05,41.42,40.51,6.77,33.36,3.97,46.63,17.71
927800,5364.02,-248.55,-246.18,41.1,40.59,6.85,33.31,3.92,45.44,17.59
927900,5367.76,-248.13,-246.26,41.26,40.65,6.83,33.53,4.14,40.12,17.2
928000,5363.6,-247.84,-246.72,41.36,40.43,6.77,33.44,4.05,38.61,17.31
928100,5358.2,-248.01,-245.97,41.38,40.75,6.75,33.34,3.95,36.52,17.16
928200,5369.43,-246.64,-246.55,41.46,40.57,6.43,33.11,3.72,39.96,17.47
928300,5364.85,-248.22,-246.14,41.42,40.71,6.59,33.36,3.98,40.58,17.04
928400,5368.18,-248.55,-246.68,41.44,40.53,6.59,33.05,3.66,44.86,17.87
928500,5357.78,-248.01,-246.01,41.2,40.71,6.79,33.4,4.02,37.14,17.04
928600,5359.44,-248.38,-246.47,41.56,40.45,6.77,32.95,3.57,40,16.72
928700,5362.36,-247.63,-246.47,41.38,40.53,6.96,33.47,4.08,35.7,17.35
928800,5362.36,-248.09,-246.14,41.14,40.59,6.77,32.86,3.47,39.27,17.59
928900,5365.27,-247.55,-246.34,41.26,40.65,7.2,33.52,4.13,42.74,17.39
929000,5364.85,-249.05,-246.3,41.48,40.53,6.73,32.85,3.46,40.04,16.37
929100,5356.53,-247.76,-246.14,41.48,40.41,6.75,33.18,3.79,31.19,17.31
929200,5357.78,-247.55,-246.34,41.24,40.71,6.77,32.89,3.5,38.8,17.51
929300,5362.36,-249.05,-246.09,41.48,40.53,6.89,33.29,3.9,45.98,17.35
929400,5359.44,-248.59,-246.09,41.62,40.61,6.61,32.84,3.45,35.9,17.16
929500,5366.93,-247.26,-246.47,41.26,40.61,7,33.03,3.65,36.94,17.79
929600,5364.44,-248.92,-245.89,41.3,40.71,6.69,32.79,3.4,44.59,17.35
929700,5362.77,-249.17,-246.3,41.26,40.65,6.77,33.05,3.66,43.63,17.31
929800,5371.51,-249.26,-246.14,41.38,40.75,6.75,32.72,3.34,40.54,17.51
929900,5373.17,-248.67,-246.43,41.66,40.83,6.73,32.61,3.22,35.78,18.22
930000,5364.85,-247.88,-246.55,41.44,40.69,6.47,32.74,3.35,40.81,17.83
930100,5360.69,-248.01,-246.72,41.34,40.67,6.53,32.68,3.29,40.16,17.2
930200,5363.6,-248.59,-246.47,41.14,40.65,6.77,32.78,3.39,39.3,16.8
930300,5363.19,-248.17,-246.47,41.38,40.55,6.63,32.59,3.2,38.88,17.04
930400,5363.6,-249.01,-246.47,41.16,40.75,6.81,32.91,3.53,44.28,17.12
930500,5371.09,-247.97,-246.26,41.02,40.37,6.95,32.59,3.2,41.2,17.04
930600,5364.85,-247.92,-246.26,41.18,40.41,6.87,32.83,3.44,35.47,17.12
930700,5362.36,-248.76,-246.26,41.62,40.75,7,32.34,2.95,37.02,17.35
930800,5359.03,-248.51,-246.59,41.4,41.19,6.45,32.76,3.37,35.9,17.39
930900,5361.94,-248.17,-246.3,41.42,40.69,6.77,32.28,2.89,41.78,16.6
931000,5365.27,-248.38,-246.34,41.32,40.61,6.89,32.81,3.42,38.3,17.2
931100,5364.02,-247.88,-246.47,41.5,40.43,6.87,32.49,3.11,42.82,17
931200,5363.19,-249.01,-246.68,41.14,40.55,6.71,33,3.61,37.49,17.08
931300,5361.11,-247.8,-246.51,41.58,40.65,6.65,32.58,3.19,39.77,17.51
931400,5365.27,-248.34,-246.43,41.16,40.55,6.89,33.2,3.81,43.13,17.67
931500,5360.69,-247.8,-246.39,41.26,40.53,6.83,32.94,3.55,42.51,17
931600,5363.6,-247.76,-246.68,41.3,40.39,6.77,33.13,3.75,41.08,16.96
931700,5356.95,-248.59,-246.59,41.26,40.51,6.53,32.97,3.58,37.52,16.53
931800,5359.03,-247.92,-246.43,41.32,40.59,6.81,33.03,3.64,39.46,17.31
931900,5364.44,-247.97,-246.43,41.06,40.53,6.87,33.03,3.64,43.97,17.55
932000,5365.68,-247.72,-246.51,41.32,40.47,6.77,32.83,3.44,38.26,17.63
932100,5361.52,-248.3,-246.76,41.46,40.49,6.59,33.14,3.75,39.65,18.06
932200,5353.2,-248.17,-246.64,41.36,40.21,6.85,32.93,3.54,38.8,17.47
932300,5357.78,-248.3,-246.43,41.28,40.61,6.83,33.4,4.01,44.9,17.91
932400,5356.95,-247.92,-246.39,41.44,40.51,6.71,32.84,3.45,41.01,17.24
932500,5363.19,-248.26,-246.18,41.52,40.67,6.83,33.51,4.12,35.86,16.57
932600,5369.43,-247.84,-246.22,41.32,40.61,6.85,33,3.61,35.94,17.2
932700,5358.2,-247.34,-246.22,41.22,40.69,6.75,33.51,4.12,39.11,17.2
932800,5366.1,-249.26,-246.09,41.38,40.41,6.85,33.23,3.84,38.22,16.76
932900,5368.6,-247.01,-246.43,41.34,40.69,6.53,33.42,4.04,40.16,17.28
933000,5364.85,-247.92,-246.47,41.58,40.39,7.16,33.31,3.92,39.77,17.28
933100,5363.6,-247.84,-246.18,41.2,40.55,6.98,33.28,3.89,38.42,17.47
933200,5358.2,-248.22,-246.39,41.48,40.63,6.77,33.25,3.86,40.89,16.64
933300,5364.85,-247.88,-246.47,41.54,40.67,6.85,33.4,4.01,34.65,17.12
933400,5359.86,-247.63,-246.51,41.24,40.61,6.79,33.3,3.92,34.62,17.59
933500,5366.1,-248.26,-246.22,41.24,40.69,6.83,33.3,3.91,33.33,17.2
933600,5364.85,-247.8,-246.39,41.32,40.79,6.69,33.46,4.07,38.72,17.75
933700,5364.44,-248.13,-246.05,41.34,40.69,6.73,33.02,3.63,38.61,17.31
933800,5356.11,-247.97,-246.18,41.46,40.37,6.77,33.51,4.12,35.24,18.26
933900,5360.69,-247.92,-246.01,41.34,40.63,6.67,33.09,3.7,45.82,17.63
934000,5364.85,-248.26,-246.3,41.24,40.63,6.79,33.37,3.98,49.16,17.71
934100,5358.61,-247.51,-246.39,41.4,40.35,6.93,33.12,3.73,40.23,17.43
934200,5369.43,-249.13,-245.97,41.36,40.53,6.71,33.51,4.13,39.96,17
934300,5361.11,-248.47,-246.39,41.38,40.63,6.71,32.91,3.53,36.4,17.39
934400,5357.36,-247.72,-246.43,41.04,40.75,6.67,33.18,3.8,37.87,17.71
934500,5361.52,-248.63,-246.51,41.22,40.55,6.83,32.94,3.55,39.34,16.92
934600,5367.76,-249.09,-246.3,41.5,40.61,6.73,33.44,4.05,43.63,17.95
934700,5370.68,-249.42,-246.84,41.54,40.57,6.83,32.88,3.49,41.66,17.71
934800,5362.36,-249.38,-246.59,41.6,40.41,6.95,33.33,3.94,36.71,17.51
934900,5358.2,-247.92,-246.05,41.36,40.97,6.77,32.74,3.35,33.92,17.24
935000,5359.44,-247.67,-246.43,41.2,40.63,6.57,33.25,3.86,36.05,17
935100,5361.94,-247.84,-246.3,41.26,40.61,6.91,32.88,3.49,43.55,17.24
935200,5363.6,-247.84,-245.97,41.28,40.57,6.95,33,3.61,36.56,17.31
935300,5365.27,-246.88,-246.3,41.26,40.51,7.18,32.78,3.39,36.01,16.8
935400,5359.44,-247.97,-246.39,41.32,40.71,6.83,32.62,3.23,38.8,17.47
935500,5358.2,-248.17,-246.05,41.36,40.77,6.85,32.72,3.34,37.33,17.08
935600,5363.6,-248.59,-246.55,41.26,40.49,6.77,32.68,3.3,39.85,17.35
935700,5367.35,-246.84,-246.18,41.34,40.51,6.81,33.09,3.71,39.77,17.24
935800,5364.44,-247.38,-245.84,41.7,40.39,6.83,32.95,3.56,39.81,16.96
935900,5360.69,-247.84,-245.89,41.2,40.57,6.71,32.88,3.49,42.7,17.16
936000,5359.44,-248.13,-246.05,41.3,40.57,6.83,32.47,3.08,46.71,17.12
936100,5366.93,-246.51,-245.26,41.32,40.71,6.69,33.02,3.63,43.2,17
936200,5359.03,-247.3,-245.6,41.48,40.53,6.71,32.77,3.38,36.17,17.28
936300,5365.68,-247.3,-245.93,41.2,40.75,6.65,32.86,3.47,38.26,17.08
936400,5358.61,-247.51,-245.97,41.18,40.47,6.43,32.49,3.1,47.82,17.75
936500,5359.03,-248.42,-245.8,41.2,40.49,6.85,33.1,3.71,33.99,17.04
936600,5358.2,-248.34,-246.05,41.12,40.73,6.85,32.7,3.32,33.84,17.39
936700,5366.93,-247.34,-246.14,41.36,40.29,6.83,32.88,3.49,37.25,17.79
936800,5366.93,-248.26,-246.05,41.18,40.71,6.63,32.33,2.95,33.45,16.84
936900,5363.19,-247.38,-245.8,41.22,40.49,6.63,32.77,3.38,41.55,17.08
937000,5367.76,-246.93,-245.64,41.54,40.55,6.69,32.46,3.07,48.63,17.71
937100,5362.77,-247.43,-246.76,41.12,40.71,7.02,32.93,3.54,36.52,17.28
937200,5364.44,-248.13,-246.18,41.58,40.51,6.85,32.57,3.18,40.73,17.59
937300,5367.76,-247.97,-246.18,41.66,40.53,6.79,33.07,3.69,36.94,17
937400,5363.6,-249.09,-246.09,41.52,40.51,6.87,32.65,3.26,33.22,16.57
937500,5358.61,-248.09,-247.18,41.06,40.99,7.16,33.12,3.73,36.71,17.08
937600,5357.36,-247.84,-245.76,41.18,40.85,6.79,32.78,3.4,39.73,17.2
937700,5359.44,-248.47,-246.09,41.34,40.71,6.71,33.03,3.64,37.99,17.28
937800,5366.1,-247.34,-245.89,41.24,40.75,6.91,33.03,3.65,40.89,17.12
937900,5372.76,-245.84,-246.22,41.26,40.61,6.93,33.18,3.79,35.28,17.67
938000,5368.6,-245.51,-246.47,41.26,40.53,6.81,33.11,3.73,38.14,17.75
938100,5367.35,-247.76,-246.26,41.02,40.57,6.75,33.03,3.64,37.64,17.2
938200,5361.11,-247.34,-246.09,41.54,40.67,6.67,33.18,3.79,37.91,16.88
938300,5359.03,-249.13,-245.89,41.28,40.81,6.89,32.95,3.57,37.33,17.04
938400,5374.42,-248.92,-246.18,41.2,40.43,6.65,33.11,3.72,40.5,17.43
938500,5357.36,-245.76,-245.84,41.3,40.55,6.85,33.01,3.62,42.36,17.04
938600,5365.68,-247.92,-246.09,41.4,40.75,6.71,33.07,3.68,41.04,17.35
938700,5367.35,-247.38,-246.22,41.28,40.51,6.67,32.93,3.55,35,16.88
938800,5372.34,-248.09,-246.39,41.32,40.51,6.77,33.3,3.91,39.54,17.24
938900,5368.6,-249.17,-246.05,41.2,40.53,6.87,33.11,3.72,38.38,17.35
939000,5355.28,-247.51,-246.43,41.56,40.67,6.77,33.36,3.98,47.09,17.95
939100,5356.11,-248.13,-246.09,41.5,40.51,6.65,32.99,3.61,38.22,17
939200,5357.36,-245.68,-246.39,41.34,40.73,6.81,33.4,4.02,38.57,17.91
939300,5359.44,-245.93,-246.93,41.52,40.51,6.73,32.88,3.49,38.22,16.96
939400,5369.01,-247.3,-246.88,41.66,40.61,6.95,33.36,3.98,40.23,16.96
939500,5364.02,-247.63,-246.22,41.32,40.45,7.06,33.17,3.78,43.67,17.31
939600,5356.11,-248.51,-246.8,41.24,40.53,7,33.64,4.25,43.28,17.39
939700,5359.03,-248.92,-246.22,41.2,40.71,7,33.18,3.79,42.36,17.67
939800,5373.59,-247.38,-246.09,41.38,40.69,6.81,33.44,4.05,37.6,17
939900,5362.36,-247.13,-246.09,41.24,40.85,6.73,32.99,3.6,32.79,16.84
940000,5363.19,-247.84,-245.84,41.36,40.65,6.79,33.47,4.08,36.28,17.59
940100,5357.78,-248.22,-246.05,41.46,40.89,6.65,33.19,3.8,37.25,17.39
940200,5359.44,-247.92,-246.18,41.28,40.77,6.63,33.46,4.07,35.94,17.43
940300,5367.76,-249.17,-246.43,41.42,40.39,6.83,33.24,3.86,31.39,17.12
940400,5363.19,-248.8,-246.22,41.46,40.67,6.71,33.42,4.03,45.4,16.84
940500,5364.44,-248.76,-246.22,41.26,40.41,6.89,33.41,4.02,37.68,17.83
940600,5353.2,-246.51,-246.22,41.22,40.59,6.59,33.35,3.96,40.89,17.12
940700,5361.11,-249.38,-246.22,40.98,40.55,6.85,33.49,4.11,34.89,17.55
940800,5357.36,-247.09,-246.93,41.78,40.53,6.67,33.43,4.04,30.8,16.88
940900,5361.94,-247.97,-246.22,41.4,40.37,6.65,33.09,3.71,40.77,17.67
941000,5366.93,-249.84,-246.59,41.34,40.59,6.85,33.52,4.13,40.12,17.08
941100,5354.45,-247.13,-246.18,41.38,40.77,6.51,33.12,3.73,43.17,17.99
941200,5359.44,-249.26,-246.51,41.22,40.47,6.87,33.53,4.14,39.73,17.35
941300,5357.78,-247.72,-246.88,41.46,40.59,6.65,33.27,3.88,42.55,17.28
941400,5368.18,-248.8,-246.3,41.44,40.43,6.96,33.46,4.07,38.84,17
941500,5371.09,-248.3,-246.97,41.52,40.65,6.71,33.22,3.84,39.34,16.57
941600,5369.01,-248.63,-246.97,41.22,40.63,6.79,33.34,3.96,36.05,17.43
941700,5362.77,-248.13,-246.05,41,40.83,6.75,33.61,4.22,34.93,17.39
941800,5357.36,-246.93,-246.76,41.34,40.51,6.65,33.11,3.72,40.27,17.2
941900,5363.19,-249.38,-247.01,41.46,40.53,6.83,33.2,3.82,41.39,17.2
942000,5368.18,-248.3,-245.93,41.22,40.69,7.12,33.34,3.95,46.05,17.08
942100,5361.94,-247.43,-246.64,41.18,40.83,6.61,33.28,3.89,33.26,17.67
942200,5357.78,-248.84,-245.89,41.36,40.31,6.87,33.36,3.98,40.5,17.12
942300,5364.02,-247.76,-246.8,41.5,40.79,6.75,33.13,3.74,39.61,17.08
942400,5366.93,-249.09,-246.34,41.26,40.67,6.89,33.38,3.99,39.19,17.35
942500,5363.19,-246.84,-246.3,41.36,40.45,6.69,32.68,3.3,39.11,16.96
942600,5364.85,-247.63,-246.72,41.54,40.53,6.81,33.03,3.65,38.76,16.88
942700,5371.92,-248.51,-246.3,41.2,40.79,7.12,33.16,3.77,47.86,17.28
942800,5363.19,-246.3,-246.55,41.54,40.71,7,33.13,3.74,44.01,17.2
942900,5370.68,-249.42,-247.18,41.46,40.45,6.75,33.26,3.88,45.55,17.24
943000,5369.01,-249.17,-246.05,41.46,40.51,6.98,33.11,3.73,44.32,17.95
943100,5373.59,-248.05,-246.18,41.1,40.79,6.96,33.13,3.74,38.14,17
943200,5363.6,-249.13,-246.34,41.34,40.37,6.71,33.24,3.86,41.58,17
943300,5365.68,-250.05,-246.55,41.42,40.67,6.83,33.01,3.63,33.3,16.45
943400,5360.69,-248.09,-246.8,40.96,40.43,6.61,33.06,3.67,43.17,17.67
943500,5355.7,-246.88,-246.18,41.48,40.71,6.55,33.2,3.81,34.23,16.76
943600,5369.01,-247.59,-246.84,41.34,40.33,6.83,33.19,3.8,42.05,17.79
943700,5363.19,-249.46,-246.26,41.32,40.61,6.77,33.03,3.64,36.9,17.16
943800,5358.2,-248.09,-246.18,41.26,41.01,7.08,33.33,3.94,37.02,17.31
943900,5366.1,-250.21,-246.64,41.26,40.45,6.89,33.2,3.82,38.96,17.43
944000,5361.94,-247.8,-246.22,41.22,40.69,6.85,33.32,3.93,42.16,17.35
944100,5375.67,-249.3,-246.97,41.46,40.53,6.69,33.03,3.64,44.75,17.43
944200,5365.27,-247.22,-245.8,41.5,40.41,6.61,33.42,4.03,40.43,17.35
944300,5371.92,-248.92,-247.09,41.64,40.59,6.73,32.89,3.51,36.9,17.12
944400,5364.44,-248.38,-246.34,41.4,40.63,6.85,33.01,3.62,41.55,17.24
944500,5366.93,-247.3,-246.84,41.2,40.49,6.89,33.2,3.82,38.03,17.24
944600,5359.86,-247.63,-246.39,41.4,40.59,6.83,33.36,3.98,41.74,17.39
944700,5360.69,-246.59,-246.09,41.32,40.47,6.79,32.85,3.46,40,16.88
944800,5353.2,-247.97,-246.3,41.34,40.45,6.75,33.57,4.19,40.31,17
944900,5363.19,-248.88,-246.22,41.38,40.53,6.91,33.28,3.9,40.97,17.28
945000,5361.11,-247.88,-246.8,41.3,40.43,6.71,33.57,4.18,38.11,17.63
945100,5364.85,-249.96,-246.3,41.24,40.53,6.49,32.88,3.49,42.7,17.24
945200,5361.94,-247.63,-246.43,41.74,40.65,6.77,33.18,3.8,37.37,17.16
945300,5372.34,-249.96,-247.05,41.12,40.87,6.77,33.13,3.74,43.32,17.28
945400,5373.59,-249.55,-246.64,41.22,40.75,6.77,33.29,3.9,48.21,17.35
945500,5371.51,-248.09,-246.88,41.38,40.51,6.89,33.29,3.9,35,17.31
945600,5363.19,-248.59,-246.72,41.54,40.51,6.65,33.42,4.04,38.22,17
945700,5359.03,-247.67,-247.26,41.46,40.87,6.75,33.15,3.76,37.83,17.16
945800,5360.28,-248.84,-246.88,41.62,40.53,6.75,33.47,4.09,41.55,17.08
945900,5369.43,-248.51,-246.64,41.26,40.87,6.89,32.95,3.57,44.21,17.79
946000,5365.27,-247.55,-246.51,41.32,40.73,6.55,33.23,3.84,37.6,17.2
946100,5371.51,-249.84,-246.64,41.34,40.55,7.12,33.17,3.78,38.65,18.46
946200,5362.36,-246.84,-246.47,41.22,40.67,6.71,33.17,3.78,38.22,16.33
946300,5352.79,-247.22,-246.72,41.54,40.67,6.75,33.09,3.71,46.09,17.83
946400,5369.43,-249.3,-246.18,41.36,40.45,7.14,33.55,4.17,36.87,17.12
946500,5372.76,-249.8,-245.6,41.74,40.59,6.89,33.51,4.12,38.49,16.88
946600,5369.84,-248.09,-246.84,41.24,40.57,6.79,33.38,4,40.35,17.35
946700,5361.52,-246.72,-246.51,41.36,40.57,6.65,33.05,3.67,39.58,16.92
946800,5356.95,-248.42,-245.93,41.42,40.65,6.79,33.42,4.03,45.78,16.84
946900,5369.43,-248.84,-247.09,41.26,40.71,6.61,32.92,3.53,39.11,17.28
947000,5360.69,-247.97,-245.84,41.5,40.55,6.93,33.57,4.18,36.59,17.24
947100,5358.61,-249.01,-246.05,41.38,40.41,6.85,32.86,3.47,38.11,17.2
947200,5361.11,-248.3,-246.3,41.22,40.63,6.51,33.06,3.67,41.43,18.34
947300,5354.04,-247.38,-246.59,41.34,40.55,6.61,32.88,3.49,38.96,16.84
947400,5356.53,-247.55,-246.39,41.42,40.79,6.53,33.22,3.83,36.13,17.35
947500,5362.36,-248.01,-246.22,41.26,40.37,7.06,33.08,3.69,38.69,17.59
947600,5363.19,-246.59,-246.47,41.42,40.77,6.53,33.28,3.9,38.41,17.43
947700,5368.6,-249.55,-246.72,41.46,40.75,7,33.16,3.77,41.24,17.16
947800,5364.85,-247.34,-246.39,41.38,40.53,6.77,33.22,3.84,36.4,17.28
947900,5371.51,-248.09,-246.97,41.16,40.81,6.69,32.79,3.4,40.27,17
948000,5362.36,-249.17,-246.43,41.52,40.63,6.89,33.46,4.07,40.93,17.95
948100,5364.85,-249.88,-246.14,41.18,40.45,6.93,32.87,3.48,40.35,17.31
948200,5362.77,-245.8,-246.51,41.34,40.51,6.73,33.08,3.69,35.97,17.24
948300,5354.87,-246.8,-246.47,41.58,40.63,6.45,33.08,3.69,47.4,17.35
948400,5370.68,-249.13,-246.43,41.24,40.53,7.08,33.19,3.8,34.97,16.96
948500,5365.68,-247.8,-247.05,41.4,40.53,8.1,33.05,3.67,36.28,16.92
948600,5362.36,-249.01,-246.88,41.4,40.63,6.89,33.18,3.79,42.2,16.96
948700,5366.93,-248.13,-245.93,41.36,40.45,6.81,32.84,3.45,43.94,16.96
948800,5358.2,-246.64,-246.8,41.22,40.45,6.71,33.32,3.93,38.41,17.47
948900,5373.17,-249.71,-246.34,41.44,40.49,6.91,32.87,3.48,41.12,17.35
949000,5363.6,-248.59,-246.51,41.5,40.53,6.81,33.35,3.96,39.34,17.08
949100,5364.44,-248.01,-246.88,41.36,40.59,6.89,33.07,3.68,44.94,17.75
949200,5365.68,-246.09,-246.64,41.32,40.67,6.91,33.28,3.9,34.46,17.51
949300,5367.35,-248.96,-246.76,41.26,40.49,6.63,33.04,3.65,37.87,17.35
949400,5364.85,-247.3,-246.72,41.46,40.59,6.49,33.36,3.98,39.3,17.39
949500,5367.35,-249.26,-246.14,41.4,40.63,6.85,33.03,3.64,36.98,17.39
949600,5369.84,-248.51,-246.47,41.3,40.51,6.79,33.14,3.75,34.89,17.12
949700,5371.92,-248.26,-246.51,41.22,40.65,6.95,32.97,3.59,37.91,17.31
949800,5364.85,-248.67,-246.34,41.32,40.49,6.59,33.09,3.71,35.97,17.08
949900,5364.44,-247.34,-246.64,41.3,40.49,6.93,32.9,3.51,37.83,17.91
950000,5362.36,-247.8,-246.76,41.32,40.51,6.63,32.9,3.51,37.99,17.2
950100,5364.02,-249.09,-246.55,41.46,40.49,6.79,32.72,3.33,39.5,17.31
950200,5366.93,-249.01,-246.88,41.3,40.55,6.95,33.07,3.69,35.55,17.71
950300,5364.44,-247.55,-247.43,41.42,40.55,6.91,32.84,3.45,36.52,16.6
950400,5367.35,-248.84,-246.26,41.26,40.37,6.73,32.93,3.55,41.55,17.43
950500,5356.95,-247.22,-246.59,41.28,40.67,6.75,32.89,3.51,44.05,17.67
950600,5362.77,-249.13,-246.84,41.5,40.73,6.89,32.87,3.48,40.46,17.83
950700,5371.51,-248.34,-246.34,41.1,40.71,6.79,32.95,3.56,41.78,17.16
950800,5366.1,-248.67,-246.09,41.34,40.73,6.63,32.96,3.57,38.69,16.96
950900,5376.92,-248.05,-246.51,41.16,40.39,6.91,32.75,3.36,34.15,17
951000,5364.44,-247.3,-246.59,41.3,40.81,6.83,32.83,3.44,40.62,17.12
951100,5360.28,-246.93,-246.51,41.16,40.27,6.95,32.97,3.59,31.89,17.28
951200,5359.44,-248.92,-246.59,41.32,40.57,6.61,32.86,3.47,39.07,16.92
951300,5371.92,-246.47,-246.18,41.4,40.59,6.73,32.95,3.56,43.13,17.87
951400,5361.11,-249.38,-246.84,41.32,40.53,6.98,32.96,3.57,33.06,16.68
951500,5364.02,-248.22,-246.55,41.22,40.55,6.77,32.86,3.47,40.04,17.31
951600,5366.93,-248.8,-246.68,41.28,40.61,6.98,32.8,3.41,35.24,17.28
951700,5356.11,-246.97,-246.09,41.52,40.65,6.53,32.94,3.55,40.12,17.08
951800,5376.5,-247.76,-246.18,41.42,40.49,6.69,32.8,3.41,32.32,16.96
951900,5363.6,-249.55,-246.26,41.34,40.49,6.71,33,3.61,41.62,17.63
952000,5361.94,-249.01,-246.26,41.34,40.59,6.81,32.8,3.42,39.69,17.35
952100,5359.03,-247.47,-246.22,41.4,40.61,6.79,32.89,3.5,41.08,16.57
952200,5358.61,-247.55,-246.55,41.28,40.59,6.93,32.75,3.36,41.31,17.43
952300,5369.84,-249.09,-246.76,41.34,40.55,7,33.03,3.64,36.25,17.83
952400,5359.86,-248.51,-246.43,41.42,39.99,7.4,32.58,3.19,39.3,17.08
952500,5359.86,-249.09,-246.47,41.36,40.63,6.91,32.95,3.56,38.72,17.16
952600,5358.2,-248.01,-246.22,41.36,40.63,6.71,32.78,3.4,37.41,17.12
952700,5364.02,-248.01,-246.43,41.38,40.79,6.69,32.94,3.55,36.36,17.47
952800,5366.1,-249.67,-246.88,41.2,40.65,6.89,32.81,3.42,35.2,17.47
952900,5364.85,-248.26,-246.34,41.26,40.65,6.87,32.99,3.61,30.84,17
953000,5368.6,-248.38,-246.76,41.26,40.75,6.79,32.69,3.3,35.59,16.84
953100,5363.19,-248.01,-246.39,41.4,40.69,6.65,32.82,3.44,39.19,17.16
953200,5359.44,-248.59,-246.72,41.4,40.43,6.95,32.81,3.42,36.59,17.28
953300,5371.09,-247.88,-246.3,41.22,40.63,6.91,33.02,3.63,43.51,17.79
953400,5372.76,-247.55,-246.22,41.36,40.51,7,32.87,3.48,42.43,17.51
953500,5378.17,-246.8,-246.43,41.34,40.63,7.74,33.01,3.62,39.69,16.37
953600,5361.52,-250.3,-247.05,41.48,40.67,6.73,32.8,3.42,40.77,17.31
953700,5361.52,-249.01,-246.68,41.38,40.67,7.4,32.88,3.49,37.6,17.75
953800,5359.86,-248.88,-246.68,41.2,40.71,6.91,32.8,3.42,40.43,17.79
953900,5371.51,-245.93,-246.8,40.48,40.61,6.87,33.02,3.63,42.39,17.79
954000,5359.86,-249.17,-246.72,41.22,40.57,6.53,32.76,3.37,32.95,17.2
954100,5364.44,-249.13,-246.72,41.36,40.51,6.55,33,3.61,31.12,17.67
954200,5356.53,-248.26,-246.47,41.42,40.71,6.98,32.86,3.47,34.46,16.92
954300,5364.44,-248.55,-246.51,41.3,40.61,6.89,32.93,3.54,40.93,17.79
954400,5367.76,-246.97,-246.88,41.36,40.49,6.83,33.02,3.63,35.47,17.75
954500,5373.59,-248.71,-247.05,41.3,40.69,6.89,32.88,3.49,33.53,17.63
954600,5366.52,-249.01,-247.09,41.32,40.63,6.63,33.07,3.68,36.59,17.75
954700,5357.78,-249.09,-246.39,41.38,40.55,6.75,32.89,3.5,34.81,17.67
954800,5366.1,-248.3,-246.43,41.58,40.75,6.73,33.03,3.65,45.28,17.71
954900,5359.03,-248.92,-246.43,41.68,40.41,6.67,33.02,3.63,38.22,16.88
955000,5364.85,-247.97,-246.18,41.56,40.65,6.59,32.95,3.56,38.96,17.83
955100,5367.76,-249.17,-246.34,41.4,40.65,7.1,32.98,3.59,42.12,17.91
955200,5366.1,-248.8,-246.34,41.52,40.53,6.83,32.96,3.57,40.35,17.2
955300,5368.18,-248.88,-246.84,41.12,40.77,6.81,32.95,3.56,39.11,17.67
955400,5361.94,-248.42,-246.64,41.5,40.55,6.87,32.94,3.55,39.69,17.12
955500,5365.27,-248.05,-246.68,41.22,40.53,6.73,33.13,3.75,39.07,17.16
955600,5365.68,-247.72,-246.84,41.26,40.57,6.87,33.14,3.75,40.58,16.92
955700,5366.1,-249.63,-246.34,41.56,40.59,6.81,33.01,3.63,42.82,17.91
955800,5367.76,-248.76,-246.51,41.44,40.67,6.77,33.15,3.76,39.5,17.16
955900,5361.94,-249.5,-246.26,41.48,40.47,6.65,33.12,3.73,34.23,17
956000,5363.6,-248.42,-246.3,41.32,40.57,6.85,33.22,3.84,38.49,17.47
956100,5366.52,-247.8,-246.72,41.26,40.55,6.87,33.02,3.63,41.89,18.18
956200,5368.18,-248.13,-246.8,41.34,40.57,6.65,33.18,3.8,37.49,17.63
956300,5364.44,-248.38,-246.39,41.46,40.71,6.89,33.06,3.67,42.55,17.39
956400,5360.28,-247.97,-246.76,41.32,40.51,6.93,33.25,3.86,41.55,16.96
956500,5367.76,-248.63,-246.59,41.48,40.53,6.81,32.88,3.49,37.6,16.96
956600,5368.6,-248.17,-246.55,41.42,40.33,6.85,33.26,3.87,45.51,17.35
956700,5368.18,-249.01,-246.47,41.26,40.45,6.91,33.17,3.78,44.98,17.31
956800,5368.6,-248.88,-246.68,41.38,40.57,6.91,33.19,3.8,32.36,17.04
956900,5367.76,-248.63,-246.55,41.3,40.51,6.83,33.21,3.82,41.97,17.2
957000,5361.94,-247.84,-246.72,41.34,40.57,6.95,33.3,3.91,42.74,17.28
957100,5368.18,-249.46,-246.68,41.44,40.41,6.95,33.24,3.86,37.6,17.35
957200,5369.84,-247.43,-246.84,41.3,40.71,6.75,33.16,3.77,38.14,17.71
957300,5367.35,-248.8,-246.64,41.28,40.51,6.75,33.47,4.08,40.35,17.67
957400,5364.02,-248.22,-246.72,41.68,40.79,6.71,33.15,3.76,42.55,17.2
957500,5366.93,-249.21,-246.84,41.38,40.55,6.75,33.14,3.75,36.52,17.43
957600,5362.77,-247.84,-246.64,41.48,40.63,6.77,33.23,3.84,35.97,17.87
957700,5366.93,-247.97,-247.01,41.34,40.73,6.59,33.14,3.75,38.72,17.12
957800,5364.85,-248.09,-246.3,41.26,40.39,6.83,33.19,3.8,31.93,17.95
957900,5370.26,-248.96,-246.47,41.28,40.43,6.93,33.25,3.86,44.82,17.24
958000,5365.27,-248.92,-246.76,41.2,40.53,6.67,33.17,3.78,47.21,17.2
958100,5365.68,-249.01,-246.59,41.76,40.69,6.59,33.25,3.86,50.47,16.88
958200,5371.09,-247.43,-246.39,41.32,40.39,6.85,33.09,3.7,39.69,17.71
958300,5367.35,-248.47,-246.59,41.2,40.59,6.98,33.25,3.86,37.8,17.51
958400,5366.1,-248.84,-246.64,41.34,40.63,6.91,33.22,3.83,35.35,16.8
958500,5364.02,-248.71,-246.59,41.48,40.67,6.71,33.27,3.88,40.66,17.08
958600,5366.52,-248.51,-246.43,41.58,40.67,6.77,33.12,3.73,40.43,17.35
958700,5374,-247.92,-246.05,41.86,40.75,6.81,33.15,3.76,34.19,17.12
958800,5366.93,-247.97,-246.55,41.26,40.47,6.61,33.06,3.67,42.55,17.39
958900,5355.28,-248.92,-246.76,41.3,40.49,6.69,33.13,3.74,40.73,17.47
959000,5357.78,-248.09,-246.39,41.28,40.61,6.87,32.99,3.6,42.36,17.2
959100,5366.1,-248.47,-246.34,41.4,40.77,6.69,33.12,3.73,42.12,17.12
959200,5361.52,-248.59,-246.84,41.28,40.59,6.85,32.95,3.56,39.61,17.08
959300,5368.18,-247.72,-247.01,41.34,40.53,6.65,33.26,3.87,42.97,18.65
959400,5374,-248.84,-246.34,41.48,40.77,7.06,32.93,3.54,38.61,18.42
959500,5376.08,-247.63,-246.51,41.52,40.63,6.91,32.97,3.58,36.59,16.68
959600,5374,-248.34,-246.3,41.28,40.51,6.81,32.93,3.54,40.08,17.51
959700,5377.75,-248.84,-246.14,41.38,40.61,6.87,33.12,3.73,40.81,18.18
959800,5376.92,-249.05,-246.55,41.4,40.57,6.71,33.06,3.67,34.42,17.47
959900,5372.76,-248.34,-246.59,41.24,40.69,6.79,33.15,3.76,32.71,16.8
960000,5374.42,-248.55,-246.47,41.24,40.49,6.73,32.87,3.48,35.74,16.88
960100,5371.51,-249.13,-246.39,41.52,40.57,6.67,33.14,3.75,36.17,16.88
960200,5373.17,-248.34,-246.88,41.18,40.79,6.61,32.73,3.34,44.9,17.67
960300,5372.76,-248.59,-246.84,41.22,40.83,6.77,33.15,3.76,45.28,17.75
960400,5367.76,-248.17,-246.64,41.26,40.63,6.85,32.82,3.43,36.63,17.43
960500,5373.17,-248.17,-246.64,41.26,40.69,6.96,32.88,3.49,34.03,17.63
960600,5376.5,-248.84,-246.64,41.28,40.55,6.63,32.91,3.53,38.96,17.47
960700,5378.17,-249.09,-246.43,41.32,40.65,6.93,33.01,3.62,40.19,17.08
960800,5375.25,-248.92,-246.34,41.36,40.47,6.69,33.01,3.63,33.37,17
960900,5365.27,-248.09,-246.3,41.26,40.51,7.02,33.17,3.78,34.54,17.75
961000,5364.02,-248.01,-246.68,41.26,40.63,6.75,32.78,3.39,36.59,17.28
961100,5368.18,-248.22,-246.39,41.28,40.37,6.79,33.12,3.73,34.27,17.2
961200,5368.6,-249.17,-246.39,41.34,40.41,6.73,32.96,3.57,41.82,17.24
961300,5366.52,-248.05,-246.3,41.24,40.57,6.81,33.03,3.64,35.7,18.1
961400,5364.44,-248.76,-246.8,41.24,40.75,6.79,32.86,3.47,38.14,16.92
961500,5361.11,-247.63,-246.18,41.36,40.63,6.79,33.3,3.92,42.9,16.76
961600,5366.1,-247.84,-247.05,41.2,40.53,6.83,32.76,3.38,41.28,17.95
961700,5368.6,-249.09,-246.34,41.6,40.65,6.71,33.34,3.95,35.24,18.38
961800,5366.52,-248.22,-246.64,41.3,40.57,6.61,32.88,3.49,43.4,17.47
961900,5366.1,-248.63,-246.64,41.34,40.53,6.71,33.21,3.82,39.96,17.35
962000,5362.77,-248.34,-246.34,41.62,40.75,6.65,33.15,3.76,36.48,18.26
962100,5362.77,-249.13,-246.18,41.52,40.63,6.63,33.28,3.89,37.41,17.95
962200,5363.19,-248.42,-246.51,41.26,40.87,7.04,32.67,3.28,39.46,17.35
962300,5365.68,-247.84,-246.68,41.56,40.47,7.18,33.31,3.92,37.37,17.59
962400,5362.77,-249.17,-246.76,41.54,40.57,6.89,33.05,3.67,40,17.55
962500,5364.02,-249.3,-246.59,41.3,40.69,6.81,33.06,3.67,38.69,17.35
962600,5362.36,-248.55,-246.3,41.14,40.63,6.83,32.89,3.5,36.94,17.43
962700,5365.68,-250.3,-246.88,41.56,40.49,6.55,33.38,4,36.56,18.06
962800,5361.11,-249.34,-246.59,41.42,40.73,6.83,32.96,3.57,34.89,16.92
962900,5365.68,-249.42,-246.26,41.58,40.71,6.75,33.44,4.05,36.48,16.84
963000,5365.27,-248.88,-246.8,41.46,40.65,6.93,33.05,3.66,32.36,17.55
963100,5364.02,-248.26,-246.76,41.4,40.65,6.57,33.37,3.98,38.92,17.39
963200,5371.09,-247.67,-246.51,41.42,40.59,7.12,33.11,3.72,37.87,17.99
963300,5363.6,-250.25,-247.09,41.3,40.53,7.08,33.57,4.18,45.05,17.08
963400,5365.27,-247.47,-246.55,41.42,40.51,6.59,33.09,3.71,41.01,16.8
963500,5364.02,-248.42,-246.88,41.46,40.53,6.77,33.59,4.21,39.58,17.91
963600,5371.92,-247.76,-246.05,41.16,40.55,6.85,33.21,3.82,35.35,18.1
963700,5370.26,-247.05,-246.39,41.42,40.61,6.79,33.46,4.07,40.89,17.71
963800,5371.51,-247.92,-246.43,41.58,40.41,6.77,33.12,3.73,37.52,17.51
963900,5365.68,-247.59,-246.55,41.24,40.47,6.55,33.87,4.48,45.17,17.87
964000,5366.52,-248.51,-246.47,41.28,40.81,6.93,33.32,3.94,36.05,17.51
964100,5364.85,-249.21,-247.01,41.3,40.55,6.85,33.61,4.23,34.65,16.6
964200,5368.6,-248.59,-246.55,41.48,40.57,6.96,33.43,4.04,28.85,17.95
964300,5367.76,-248.01,-246.68,41.24,40.79,7.06,33.8,4.41,42.2,17.47
964400,5366.93,-248.3,-246.22,41.38,40.73,6.79,33.21,3.82,44.59,17.51
964500,5366.1,-248.13,-246.72,41.3,40.67,6.77,33.41,4.02,43.67,16.88
964600,5362.77,-249.09,-247.13,41.28,40.69,6.96,33.4,4.01,38.38,16.72
964700,5364.44,-247.92,-247.18,41.2,40.71,6.87,33.27,3.88,39.3,16.88
964800,5365.27,-247.55,-246.09,41.78,40.59,6.83,33.24,3.86,40.5,18.3
964900,5367.76,-249.17,-246.34,41.3,40.87,6.45,33.08,3.69,43.13,16.88
965000,5360.28,-248.22,-246.39,41.42,40.67,6.91,33.38,4,40.04,17.31
965100,5359.03,-247.05,-246.51,41.28,40.59,7,33.46,4.07,38.57,18.3
965200,5356.11,-248.17,-246.3,41.32,40.87,6.59,33.17,3.78,41.74,17
965300,5362.36,-247.51,-247.09,41.38,40.69,6.83,32.89,3.5,35.04,16.84
965400,5368.6,-249.3,-247.01,41.4,40.53,6.61,33.27,3.88,33.96,17.39
965500,5363.6,-248.67,-246.88,41.64,40.55,6.79,32.9,3.51,37.49,17.39
965600,5364.44,-247.92,-246.39,41.14,40.73,6.75,33.54,4.15,39.54,17.51
965700,5361.94,-246.93,-246.39,41.6,40.87,7.08,33.16,3.77,36.09,17.28
965800,5361.52,-249.17,-246.3,41.24,40.59,6.91,33.53,4.15,37.56,17.91
965900,5357.36,-250.38,-245.93,41.54,40.79,6.65,32.87,3.48,37.99,16.88
966000,5369.84,-246.64,-246.88,41.32,40.39,6.77,33.44,4.05,37.52,16.92
966100,5359.44,-249.09,-246.39,41.24,40.49,7.06,33.18,3.8,39.15,17.95
966200,5356.53,-248.71,-246.09,41.48,40.79,6.59,33.39,4,34.81,18.1
966300,5361.11,-248.84,-246.68,41.2,40.41,7.2,33.01,3.63,41.47,17.35
966400,5364.02,-249.01,-246.39,41.24,40.53,6.83,33.46,4.07,34.69,17.39
966500,5357.78,-248.05,-246.51,41.22,40.47,6.87,32.95,3.57,45.09,17.47
966600,5364.44,-249.8,-246.26,41.5,40.49,6.83,33.21,3.82,45.21,17.39
966700,5372.34,-248.96,-246.68,41.62,40.65,6.83,32.52,3.13,37.06,16.92
966800,5360.28,-248.96,-246.14,41.24,40.61,6.75,33.36,3.97,39.77,18.34
966900,5359.86,-247.13,-246.39,41.38,40.61,7.02,32.87,3.48,34.42,17.2
967000,5369.84,-248.22,-246.55,41.64,40.65,6.89,33.05,3.66,35.74,17.39
967100,5359.03,-248.76,-245.97,41.34,40.57,6.77,32.99,3.6,40.35,18.58
967200,5361.11,-249.92,-246.47,41.24,40.79,6.61,33.04,3.65,39.38,18.62
967300,5364.44,-250.13,-246.05,41.36,40.73,6.83,32.73,3.34,35.94,17.71
967400,5362.36,-248.51,-246.39,41.3,40.71,7.12,33.22,3.84,38.88,16.88
967500,5363.6,-247.34,-246.26,41.46,40.57,6.81,32.69,3.3,38.76,17.47
967600,5363.6,-248.34,-246.34,41.16,40.51,6.65,33.18,3.8,42.09,18.54
967700,5366.1,-248.38,-246.47,41.34,40.59,6.71,32.9,3.51,39,18.65
967800,5365.68,-249.92,-245.97,41.54,40.51,6.73,32.86,3.47,32.75,18.42
967900,5366.52,-249.38,-246.14,41.62,40.49,6.71,32.88,3.49,38.22,17.83
968000,5364.44,-248.47,-246.18,41.18,40.55,6.57,32.86,3.47,32.79,17.16
968100,5355.28,-248.13,-246.43,41.36,40.59,6.75,32.74,3.35,39.19,17.51
968200,5361.94,-248.01,-246.34,41.34,40.61,6.95,32.92,3.53,38.34,17
968300,5360.28,-248.05,-246.51,41.52,40.45,6.59,32.94,3.55,34.03,17.87
968400,5362.77,-248.88,-246.59,41.28,40.37,6.59,32.86,3.47,41.55,17.39
968500,5355.7,-247.09,-246.3,41.46,40.45,6.63,32.89,3.5,32.87,18.06
968600,5358.2,-248.09,-246.72,41.18,40.37,7.06,32.74,3.35,43.51,17.24
968700,5369.01,-248.47,-245.55,41.3,40.57,6.85,32.91,3.52,34.34,17.31
968800,5353.62,-246.64,-246.05,41.32,40.33,6.53,32.82,3.43,38.14,17.24
968900,5358.2,-246.09,-245.55,41.3,40.53,6.69,33.19,3.8,42.86,16.76
969000,5366.1,-249.17,-245.8,41.46,40.63,6.96,32.59,3.2,36.4,17.99
969100,5358.61,-249.71,-245.05,41.22,40.59,6.75,32.99,3.61,39.58,17.55
969200,5361.52,-249.46,-245.26,41.48,40.55,6.81,32.56,3.17,38.22,17.43
969300,5351.54,-246.39,-245.97,41.28,40.75,6.75,32.92,3.53,35.55,17.16
969400,5361.94,-246.76,-245.68,41.44,40.39,6.77,32.66,3.28,44.55,17.71
969500,5365.68,-248.92,-245.64,41.72,40.57,6.79,33.02,3.63,33.18,17.75
969600,5360.28,-246.88,-245.47,41.1,40.75,6.37,32.67,3.28,36.48,17.28
969700,5365.68,-249.21,-245.76,41.28,40.59,6.67,32.93,3.54,35.51,17.35
969800,5361.94,-248.34,-246.59,41.48,40.45,6.69,32.89,3.51,35.31,18.02
969900,5354.45,-248.84,-245.55,41.26,40.67,6.73,32.97,3.58,34.77,17.95
970000,5357.78,-249.67,-245.39,41.44,40.51,6.67,32.55,3.16,38.14,17.28
970100,5357.36,-247.18,-245.3,41.44,40.49,6.77,32.93,3.54,38.69,16.76
970200,5368.18,-248.71,-246.51,41.48,40.65,6.79,32.74,3.35,36.25,17.08
970300,5369.43,-249.42,-246.34,41.28,40.85,6.73,32.93,3.54,39.92,17.67
970400,5358.61,-247.84,-246.3,41.36,40.61,6.67,32.7,3.31,35.24,17.43
970500,5361.11,-247.97,-246.18,41.32,40.75,6.67,32.98,3.59,37.99,17.51
970600,5361.11,-248.67,-246.14,41.2,40.61,6.61,32.65,3.26,38.14,17.47
970700,5362.77,-248.88,-246.3,41.34,40.39,6.79,33.18,3.79,33.53,17.2
970800,5362.77,-247.22,-246.18,41.2,40.51,6.85,32.86,3.47,34.65,17.31
970900,5363.19,-247.26,-246.59,41.46,40.47,6.91,33.1,3.71,37.56,16.96
971000,5352.37,-249.84,-246.05,41.34,40.65,7,32.7,3.32,38.22,17.08
971100,5359.03,-248.42,-246.34,41.42,40.67,6.67,32.77,3.38,33.22,18.18
971200,5361.11,-249.05,-246.64,41.66,40.35,6.89,32.77,3.38,37.45,17.55
971300,5355.7,-246.14,-245.51,41.34,40.73,6.79,32.97,3.58,36.32,17.39
971400,5359.03,-246.68,-245.6,41.24,40.77,6.77,32.8,3.41,41.85,17.51
971500,5359.44,-246.59,-245.14,41.34,40.71,6.81,32.8,3.42,36.9,17.39
971600,5356.95,-246.01,-245.14,41.3,40.67,7.26,32.68,3.29,38.65,17.51
971700,5364.44,-247.34,-245.55,41.44,40.79,6.87,32.89,3.5,43.24,16.88
971800,5355.28,-248.01,-245.72,41.4,40.83,6.59,32.57,3.18,36.63,16.64
971900,5363.6,-248.63,-245.68,41.42,40.79,6.75,32.86,3.47,42.16,16.6
972000,5346.96,-246.26,-245.68,41.48,40.53,6.75,32.84,3.45,41.47,17.59
972100,5359.86,-246.84,-245.6,41.52,40.55,6.73,33.11,3.72,36.09,18.06
972200,5361.94,-246.39,-245.72,41.36,40.65,6.67,32.7,3.31,42.39,17.12
972300,5352.37,-247.84,-245.01,41.3,40.55,6.47,33.11,3.73,37.41,17.35
972400,5362.77,-249.84,-246.3,41.04,40.75,6.95,32.62,3.23,30.84,17.43
972500,5359.03,-248.88,-246.47,41.22,40.63,6.57,32.93,3.54,40.62,17.59
972600,5372.76,-248.88,-247.09,41.54,40.63,6.71,32.78,3.39,42.28,17.35
972700,5365.27,-246.88,-246.18,41.18,40.69,6.79,32.96,3.57,40.73,17.79
972800,5364.44,-249.38,-246.43,41.28,40.35,6.77,32.8,3.42,35.51,17.67
972900,5362.77,-248.01,-246.59,41.48,40.53,6.77,32.93,3.54,34.46,16.92
973000,5369.43,-247.43,-246.59,41.56,40.53,6.71,32.62,3.24,36.9,17.28
973100,5358.61,-249.59,-246.14,41.5,40.39,6.75,32.97,3.58,39.81,17.28
973200,5369.43,-249.88,-246.84,41.16,40.77,6.79,32.51,3.13,36.87,17.35
973300,5367.35,-247.92,-246.47,41.22,40.73,6.05,32.93,3.55,41.51,17.59
973400,5369.43,-249.21,-246.26,41.14,40.63,6.93,32.49,3.1,45.82,17.71
973500,5366.1,-247.8,-246.34,41.3,40.75,6.83,32.86,3.47,40.5,17.51
973600,5369.01,-247.63,-246.26,41.32,40.57,6.69,32.71,3.32,44.55,17.75
973700,5368.6,-247.84,-246.09,41.34,40.61,6.67,33.04,3.65,36.71,17.99
973800,5371.09,-247.88,-246.59,41.44,40.59,6.67,32.72,3.33,40,17.91
973900,5359.03,-246.39,-246.39,41.16,40.59,6.63,32.74,3.36,38.11,17.28
974000,5354.45,-248.13,-246.22,41.14,40.53,6.81,32.68,3.29,41.85,17.35
974100,5359.44,-249.46,-245.64,41.42,40.69,6.65,32.95,3.56,40.73,17.55
974200,5361.11,-247.01,-246.84,41.42,40.45,7.02,32.59,3.2,41.31,17.43
974300,5358.2,-247.22,-246.34,41.56,40.63,6.65,33.03,3.64,36.25,17.71
974400,5370.26,-248.42,-246.18,41.48,40.59,6.55,32.84,3.45,38.76,18.54
974500,5354.45,-248.67,-245.93,41.52,40.65,6.63,32.99,3.6,39.73,17.04
974600,5355.7,-249.71,-245.6,41.42,40.63,6.61,32.76,3.38,33.72,16.84
974700,5369.01,-247.55,-247.01,41.44,40.45,6.81,33.02,3.63,43.2,17.75
974800,5367.76,-249.13,-246.01,41.4,40.69,7.04,32.76,3.38,45.25,18.26
974900,5363.6,-249.26,-246.18,41.38,40.57,6.85,32.99,3.61,42.36,18.34
975000,5369.01,-248.59,-246.76,41.3,40.53,6.89,32.79,3.4,33.96,17.35
975100,5360.69,-248.34,-245.84,41.24,40.55,6.77,32.99,3.6,41.04,16.92
975200,5364.85,-248.05,-246.76,41.78,40.65,6.81,32.77,3.38,37.18,17.91
975300,5363.19,-247.97,-246.05,41.46,40.73,6.55,33.11,3.73,37.18,17.79
975400,5362.36,-247.51,-246.18,41.2,40.81,6.83,32.72,3.33,42.2,17
975500,5360.28,-247.67,-246.43,41.46,40.59,6.83,33.03,3.64,34.93,17.31
975600,5363.19,-248.09,-245.93,41.48,40.65,6.69,32.6,3.22,40.23,17.04
975700,5361.11,-248.55,-245.76,41.5,40.65,6.47,33.14,3.75,36.63,17.24
975800,5367.35,-249.67,-246.26,41.34,40.51,6.93,32.51,3.13,42.36,17.71
975900,5367.35,-248.84,-246.47,41.28,40.65,7.02,32.84,3.45,42.47,17.71
976000,5358.2,-246.64,-246.22,41.52,40.65,6.77,32.59,3.2,40.62,17.95
976100,5363.19,-249.34,-246.18,41.24,40.45,6.79,33.03,3.65,38.26,17
976200,5356.95,-247.63,-246.51,41.54,40.71,6.53,32.7,3.31,37.1,17.51
976300,5364.44,-249.01,-246.47,41.34,40.53,6.67,32.86,3.47,34.77,17.35
976400,5362.77,-248.09,-246.59,41.24,40.39,6.53,32.62,3.23,33.76,17.51
976500,5358.2,-246.64,-246.43,41.46,40.49,6.91,33.03,3.65,43.51,17.51
976600,5362.36,-248.67,-246.14,41.44,40.65,6.77,32.57,3.18,38.96,18.34
976700,5361.52,-246.88,-246.55,41.22,40.61,6.79,32.8,3.41,37.14,17.08
976800,5363.6,-248.8,-246.47,41.46,40.59,6.75,32.62,3.24,42.51,17.08
976900,5373.17,-248.84,-246.14,41.4,40.57,6.69,33.03,3.64,33.1,17.31
977000,5356.95,-249.01,-245.72,41.38,40.71,6.89,32.71,3.32,39.23,17.51
977100,5367.35,-248.92,-245.89,41.16,40.59,6.85,33.04,3.65,37.83,16.96
977200,5356.95,-246.68,-246.3,41.32,40.55,6.73,32.77,3.38,40.93,17.91
977300,5376.08,-248.26,-246.43,41.28,39.71,6.71,33.02,3.63,39.65,16.92
977400,5376.5,-247.72,-246.34,41.22,40.71,6.73,32.61,3.22,41.24,17.87
977500,5370.68,-250.46,-246.64,41.5,40.41,6.93,33.05,3.66,31.86,17.71
977600,5363.19,-248.09,-246.72,41.48,40.53,6.81,32.82,3.43,39.58,17.51
977700,5358.61,-249.38,-246.26,41.42,40.51,6.57,32.97,3.58,30.8,17.08
977800,5364.44,-250.13,-246.34,41.46,40.55,6.96,32.65,3.26,34.73,17.51
977900,5368.6,-248.59,-246.14,41.22,40.61,6.63,32.96,3.57,40.04,16.72
978000,5362.36,-246.55,-246.22,41.5,40.65,6.79,32.69,3.3,42.78,17.63
978100,5362.36,-249.42,-246.88,41.4,40.51,6.83,33.08,3.69,46.32,17.28
978200,5370.68,-247.97,-245.97,41.4,40.61,6.77,32.61,3.22,48.24,17.91
978300,5363.6,-250.13,-247.18,41.36,40.41,6.96,32.99,3.6,38.61,16.88
978400,5360.69,-248.76,-246.26,41.4,40.61,6.69,32.62,3.23,43.05,17.59
978500,5364.02,-248.55,-246.47,41.34,39.08,6.77,32.93,3.54,37.8,17.47
978600,5361.11,-247.76,-246.14,41.44,40.63,6.53,32.65,3.26,37.99,17.39
978700,5360.69,-247.55,-246.26,41.36,40.65,6.47,32.88,3.49,32.95,17.47
978800,5364.44,-248.8,-246.59,41.36,40.53,6.91,32.68,3.29,38.8,17.24
978900,5364.85,-248.17,-246.14,41.54,40.63,6.85,32.83,3.44,41.24,17.35
979000,5361.52,-248.51,-246.43,41.32,40.09,7.2,32.88,3.49,30.61,17.31
979100,5364.02,-247.55,-246.59,41.42,40.35,6.83,33,3.61,31.31,17.2
979200,5356.95,-249.38,-247.05,41.32,40.53,7.04,32.99,3.61,36.63,18.26
979300,5358.61,-247.26,-246.14,41.32,40.63,6.61,32.7,3.32,41.04,17.04
979400,5362.77,-247.97,-246.39,41.2,40.73,6.91,33.08,3.69,39.77,17.35
979500,5359.86,-248.71,-246.47,41.62,40.53,6.83,32.74,3.35,39.5,17.39
979600,5370.26,-246.18,-246.39,41.24,40.77,6.85,33.12,3.73,34.73,17.2
979700,5362.77,-247.76,-246.09,41.44,40.45,6.77,32.81,3.42,39.54,17.95
979800,5362.36,-248.09,-246.39,41.32,40.65,6.81,33.33,3.94,38.45,17.39
979900,5361.11,-247.47,-246.22,41.5,40.29,6.73,32.7,3.32,35.24,17.47
980000,5369.43,-247.8,-246.72,41.3,40.73,6.79,33.38,3.99,36.83,17.28
980100,5363.6,-249.21,-246.8,41.42,40.67,6.71,32.83,3.44,41.78,17.31
980200,5367.76,-248.17,-246.64,41.38,40.61,6.73,33.42,4.03,37.06,17.59
980300,5361.52,-249.17,-246.68,41.32,40.79,6.83,32.86,3.47,33.37,17.51
980400,5362.77,-248.22,-246.93,41.42,40.41,6.39,33.53,4.15,40.16,16.76
980500,5368.18,-248.34,-246.72,41.38,40.49,6.71,33.05,3.66,31.78,17.24
980600,5364.44,-248.05,-246.51,41.34,40.71,7.72,33.58,4.19,41.43,17.95
980700,5361.52,-248.8,-246.47,41.28,40.71,7.06,33.19,3.8,36.01,17.43
980800,5364.44,-248.17,-246.64,41.62,40.55,6.65,33.63,4.25,39.61,17.43
980900,5359.86,-248.09,-246.59,41.24,40.81,6.79,33.42,4.04,38.84,17.47
981000,5361.11,-248.76,-246.47,41.34,40.51,6.96,33.62,4.23,36.87,17.95
981100,5370.68,-248.51,-246.76,41.46,40.29,6.63,33.28,3.89,34.85,17.2
981200,5363.19,-247.72,-246.43,41.38,40.67,6.75,33.58,4.19,46.09,17.39
981300,5362.77,-248.13,-246.51,41.48,40.57,6.27,33.42,4.04,31.51,17.04
981400,5364.44,-248.59,-246.51,41.34,40.57,6.71,33.83,4.44,40.16,18.38
981500,5364.02,-247.92,-246.39,41.3,40.69,7,33.29,3.9,34.97,17.55
981600,5366.93,-248.34,-246.8,41.46,40.45,6.73,33.37,3.98,40.43,17.83
981700,5368.18,-247.88,-246.64,41.28,40.37,6.83,33.34,3.96,35.82,17.31
981800,5366.52,-247.88,-246.47,41.44,40.43,6.71,32.99,3.6,38.57,17.39
981900,5361.94,-247.76,-246.51,41.26,40.71,6.79,33.3,3.92,39.15,17.35
982000,5364.85,-247.67,-246.68,41.38,40.71,6.63,32.96,3.57,37.52,17.63
982100,5363.19,-248.51,-246.22,41.58,40.43,6.91,33.12,3.73,48.4,17.35
982200,5364.85,-248.05,-246.68,41.3,40.45,6.79,32.91,3.52,42.51,17.91
982300,5367.76,-249.13,-246.51,41.38,40.55,6.59,33.06,3.67,34.42,17.55
982400,5361.11,-248.51,-247.05,41.38,40.77,6.69,32.84,3.45,39.42,18.34
982500,5356.11,-247.18,-246.76,41.46,40.75,6.77,33.23,3.84,37.76,18.34
982600,5365.68,-247.88,-246.76,41.44,40.59,6.83,32.78,3.4,41.43,17.87
982700,5370.68,-247.97,-246.68,41.52,40.75,6.71,33.09,3.71,42.9,17.35
982800,5369.84,-248.22,-246.3,41.34,40.59,6.93,32.76,3.38,36.01,17.71
982900,5370.26,-249.38,-246.43,41.22,40.47,6.75,32.93,3.54,37.6,17.16
983000,5361.11,-247.92,-246.43,41.52,40.75,6.75,32.76,3.38,39.07,17.67
983100,5356.53,-248.3,-246.64,41.22,40.57,6.71,32.86,3.47,36.67,17.83
983200,5366.93,-247.92,-246.47,41.18,40.51,6.83,32.79,3.4,36.28,17.43
983300,5370.26,-248.09,-246.47,41.24,40.59,6.87,32.86,3.47,35.28,17.75
983400,5371.09,-248.88,-246.47,41.28,40.63,6.67,32.78,3.4,39.27,17.83
983500,5368.6,-248.92,-246.59,41.48,40.75,6.85,32.83,3.44,42.63,17.31
983600,5368.6,-248.8,-247.13,41.48,40.41,6.83,32.8,3.41,37.56,17.83
983700,5369.43,-248.92,-246.97,41.32,40.73,7.1,32.62,3.23,41.43,17.67
983800,5364.02,-248.51,-246.59,41.24,40.63,6.75,33,3.61,34.19,17.87
983900,5362.36,-248.17,-246.68,41.44,40.59,6.61,32.75,3.36,38.53,18.26
984000,5366.1,-249.05,-246.43,41.38,40.61,6.77,32.91,3.52,34.73,17.35
984100,5369.01,-248.92,-246.88,41.48,40.77,6.67,32.64,3.25,33.68,17.12
984200,5369.43,-249.05,-246.72,41.64,40.73,6.79,33.03,3.64,38.03,17.24
984300,5374,-247.72,-246.3,41.4,40.41,6.69,32.53,3.14,42.12,17.28
984400,5368.6,-249.42,-246.39,41.48,40.71,6.87,33.22,3.83,47.82,17.39
984500,5361.94,-248.42,-246.59,41.48,40.69,6.81,32.77,3.38,39.11,17.28
984600,5361.52,-248.8,-246.59,41.56,40.67,7,33.14,3.75,40.23,17.08
984700,5362.36,-247.84,-246.3,41.62,40.59,6.91,32.72,3.33,35.9,16.92
984800,5370.68,-247.72,-246.64,41.22,40.47,6.77,33.12,3.73,41.82,17.28
984900,5363.19,-248.96,-246.34,41.32,40.57,6.93,32.97,3.59,42.32,17.71
985000,5359.86,-247.76,-246.43,41.46,40.49,6.98,32.91,3.52,36.63,17.04
985100,5360.69,-247.92,-246.64,41.42,40.57,6.77,33.1,3.71,40.66,17.91
985200,5361.52,-248.55,-246.3,41.36,40.51,6.83,33.05,3.67,41.35,18.54
985300,5365.68,-248.38,-246.68,41.28,40.59,6.51,33.11,3.72,46.44,18.34
985400,5365.27,-249.17,-246.55,41.18,40.47,6.73,32.92,3.53,38.11,17.51
985500,5366.93,-249.01,-246.18,41.32,40.51,6.96,33.26,3.87,36.9,17.16
985600,5366.93,-248.42,-246.3,41.56,40.47,6.93,32.94,3.55,36.36,17.39
985700,5368.18,-248.13,-246.55,41.2,40.51,6.73,33.05,3.67,38.92,17.63
985800,5364.02,-248.38,-246.39,41.12,40.47,6.71,32.82,3.44,41.28,18.18
985900,5362.77,-248.01,-246.59,41.48,40.59,6.79,33.25,3.86,41.24,17.95
986000,5364.85,-248.22,-246.22,41.1,40.17,6.89,33.11,3.73,35.86,17.43
986100,5364.44,-248.67,-246.43,41.36,40.81,6.75,33.3,3.92,39.5,17.39
986200,5358.61,-248.3,-246.39,41.38,40.49,6.93,32.78,3.39,39.03,17.24
986300,5368.18,-248.59,-246.68,41.4,40.77,6.65,33.39,4,37.06,17.59
986400,5368.6,-247.43,-246.88,41.68,40.47,6.95,33.05,3.66,35.78,16.72
986500,5370.26,-248.8,-246.68,41.74,40.89,6.81,33.36,3.97,39.54,17.43
986600,5361.11,-248.01,-246.76,41.3,40.53,6.75,33.01,3.62,39.23,17.51
986700,5361.94,-248.42,-246.97,41.32,40.85,6.85,33.27,3.88,39.27,17.83
986800,5367.76,-249.38,-246.64,41.4,40.59,6.75,32.86,3.47,39.54,17.24
986900,5367.76,-247.8,-247.18,41.36,40.63,6.96,33.37,3.98,38.84,18.73
987000,5364.02,-249.34,-246.55,41.52,40.59,6.61,33.13,3.75,41.31,18.22
987100,5363.6,-248.34,-246.47,41.52,40.63,6.79,33.43,4.04,43.44,18.5
987200,5362.77,-248.05,-246.39,41.3,40.65,6.87,32.97,3.58,42.97,18.1
987300,5367.35,-248.26,-246.55,41.68,40.41,6.67,33.63,4.25,43.05,18.42
987400,5369.01,-249.21,-246.47,41.34,40.47,6.75,32.98,3.59,37.8,17.16
987500,5367.35,-248.09,-246.51,41.5,40.65,6.79,33.51,4.12,42.09,17.12
987600,5362.36,-248.17,-246.64,41.14,40.77,6.85,33.11,3.73,38.8,16.88
987700,5365.68,-248.26,-246.88,41.28,40.49,6.98,33.42,4.03,37.14,17.71
987800,5362.77,-248.55,-246.3,41.5,40.45,6.65,33.24,3.85,40.7,17.91
987900,5371.09,-247.59,-246.47,41.28,40.93,6.81,33.46,4.07,40.04,16.92
988000,5370.26,-247.97,-246.59,41.46,40.47,6.83,33.27,3.88,36.44,17.08
988100,5368.18,-249.13,-246.8,41.36,40.53,6.89,33.32,3.93,42.63,17.28
988200,5361.52,-247.8,-246.68,41.36,40.51,6.95,33.22,3.84,38.18,17.71
988300,5364.44,-246.84,-245.89,41.38,40.53,6.75,33.31,3.92,41.43,17.59
988400,5360.28,-248.67,-246.68,41.44,40.33,6.91,33.28,3.9,43.67,17.43
988500,5368.6,-247.76,-246.55,41.28,40.67,6.81,33.5,4.11,31.97,17.83
988600,5361.52,-249.34,-246.64,41.5,40.35,6.65,33.19,3.8,40.73,17.99
988700,5364.85,-248.76,-247.05,41.32,40.65,6.96,33.37,3.98,38.76,17.51
988800,5367.35,-249.09,-246.64,41.64,40.23,6.67,33.46,4.07,42.59,17.35
988900,5371.92,-248.92,-247.13,41.5,40.53,6.75,33.67,4.28,36.17,17.16
989000,5365.68,-249.05,-246.59,41.4,40.55,6.71,33.53,4.14,35.74,17.55
989100,5370.68,-247.18,-246.22,41.48,40.51,6.57,33.32,3.94,46.13,17.43
989200,5362.77,-249.17,-246.97,41.42,40.61,6.87,33.47,4.09,35.04,17.47
989300,5367.35,-248.42,-246.84,41.24,40.59,6.81,33.23,3.84,40.46,17.12
989400,5367.35,-248.55,-246.39,41.24,40.43,6.53,33.34,3.95,34.11,17.51
989500,5376.08,-248.09,-246.76,41.64,40.31,6.93,33.36,3.98,40.89,18.02
989600,5375.67,-248.67,-246.68,41.52,40.49,6.81,33.24,3.86,40.12,16.88
989700,5370.68,-248.05,-246.97,41.32,40.81,6.73,33.32,3.94,37.45,17.16
989800,5363.6,-248.67,-246.97,41.12,40.53,6.85,33.2,3.81,39.77,18.14
989900,5375.67,-246.84,-246.18,41.54,40.39,6.69,33.46,4.07,34.15,17.35
990000,5369.01,-250.13,-247.43,41.28,40.75,6.87,33.22,3.83,36.52,17.31
990100,5369.01,-248.05,-246.51,41.24,40.71,6.83,33.22,3.84,39.46,16.88
990200,5370.26,-248.55,-247.38,41.24,40.77,6.95,33.31,3.92,36.79,17.39
990300,5366.1,-249.63,-246.68,41.36,40.63,6.67,33.01,3.63,40.16,17.55
990400,5377.75,-247.18,-246.76,41.62,40.51,6.75,33.57,4.19,39.77,16.92
990500,5374,-248.09,-247.13,41.26,40.83,6.95,33.2,3.81,35.08,16.92
990600,5370.68,-248.59,-246.8,41.28,40.41,6.63,33.26,3.88,37.8,17.59
990700,5368.6,-249.01,-247.72,41.36,40.59,7.02,33.09,3.7,37.33,17.24
990800,5369.43,-249.13,-246.55,41.18,40.55,6.55,33.31,3.92,37.29,17.35
990900,5366.93,-247.84,-247.01,41.3,40.65,6.83,32.98,3.59,36.63,17.2
991000,5367.35,-249.21,-246.8,41.5,40.61,6.65,33.29,3.9,38.49,18.14
991100,5374.84,-247.67,-246.8,40.88,40.53,6.63,32.97,3.58,36.01,17.51
991200,5381.91,-247.18,-247.09,41.34,40.59,6.69,33.47,4.09,41.62,17.59
991300,5371.51,-248.26,-247.09,41.64,40.77,6.45,32.78,3.4,42.09,16.96
991400,5371.51,-247.51,-247.13,41.36,40.83,6.71,33.15,3.76,35.82,17.59
991500,5370.26,-249.84,-247.05,41.34,40.55,6.87,32.85,3.46,37.52,17.43
991600,5364.85,-248.3,-246.39,41.56,40.65,6.77,33.29,3.9,35.16,17.59
991700,5371.92,-248.59,-247.09,41.7,40.53,6.57,32.85,3.46,40.77,18.34
991800,5364.85,-249.13,-246.68,41.36,40.63,6.98,33,3.61,40.54,17.79
991900,5364.02,-249.38,-246.72,41.36,40.43,6.93,32.59,3.2,38.42,17.55
992000,5373.17,-247.22,-247.13,41.22,40.85,6.75,33.17,3.78,36.05,17.99
992100,5382.74,-249.55,-246.76,41.34,40.83,6.95,32.88,3.49,31.04,17.47
992200,5376.5,-247.05,-247.26,41.3,40.65,6.45,33.08,3.69,37.8,17.08
992300,5368.6,-250.5,-246.09,41.14,40.49,6.77,32.68,3.3,39.69,17.2
992400,5368.6,-249.96,-246.51,41.54,40.79,6.85,32.89,3.5,40.58,17.12
992500,5372.34,-249.05,-246.68,41.42,40.71,6.69,32.98,3.59,42.82,17.28
992600,5371.51,-247.26,-246.8,41.4,40.77,6.89,32.8,3.41,45.4,17.24
992700,5367.76,-247.26,-246.93,41.28,40.69,6.57,32.98,3.59,40.73,17.51
992800,5364.44,-246.76,-247.05,41.42,40.47,6.59,33.05,3.66,34.31,16.92
992900,5378.58,-249.88,-247.22,41.6,40.59,7.1,32.61,3.22,37.91,16.88
993000,5374.42,-249.5,-246.51,41.58,40.35,7.04,32.78,3.4,36.25,18.1
993100,5364.02,-247.72,-247.22,41.34,40.81,6.67,32.84,3.45,40,17.43
993200,5369.01,-248.55,-247.09,41.44,40.59,6.71,32.76,3.37,43.74,17.12
993300,5365.68,-248.01,-246.64,41.52,40.95,6.59,32.82,3.43,44.48,17.67
993400,5361.52,-246.8,-247.26,41.28,40.59,6.65,32.67,3.28,41.16,17.95
993500,5362.77,-246.84,-247.05,41.02,40.47,6.95,32.94,3.55,39.27,17.08
993600,5367.35,-248.13,-247.55,41.5,40.51,6.53,32.84,3.45,40.93,17.04
993700,5366.52,-247.63,-247.38,41.14,40.47,6.61,33.11,3.73,37.64,17.08
993800,5372.76,-248.3,-246.93,41.48,40.53,6.61,32.86,3.47,37.56,17.71
993900,5365.68,-249.5,-246.84,41.34,40.93,6.77,32.67,3.28,35.63,17.63
994000,5369.84,-248.01,-246.88,41.24,40.69,6.61,32.82,3.43,39.77,17.63
994100,5361.94,-249.8,-246.93,41.2,40.63,6.79,32.82,3.44,37.41,17.59
994200,5367.76,-245.47,-246.88,41.1,40.77,6.73,32.72,3.33,41.31,18.14
994300,5370.26,-249.88,-247.01,41.62,40.51,6.89,32.83,3.44,35.51,17.71
994400,5367.76,-247.8,-246.22,41.52,40.51,7.02,32.58,3.19,32.95,17.55
994500,5357.78,-247.59,-246.88,41.28,40.57,6.89,33.03,3.64,43.78,17
994600,5364.02,-248.3,-246.68,41.28,40.69,6.89,32.63,3.24,40.62,17.43
994700,5366.1,-248.26,-246.51,41.3,40.69,6.96,32.99,3.61,41.24,17.59
994800,5387.73,-250.79,-247.3,41.44,40.63,6.79,32.62,3.23,44.67,17.59
994900,5370.68,-247.55,-246.88,41.36,40.45,6.71,33.22,3.84,52.19,17.08
995000,5366.93,-248.01,-246.8,41.22,40.49,6.89,33.01,3.62,45.13,16.57
995100,5365.27,-250.46,-246.55,41.16,40.53,6.75,32.81,3.42,39.34,17
995200,5366.93,-248.26,-246.39,41.18,40.47,6.63,32.87,3.48,40.54,16.6
995300,5369.43,-247.84,-246.43,41.22,40.33,6.98,33.23,3.84,34.5,16.84
995400,5374.84,-249.21,-246.88,41.32,40.57,6.71,32.74,3.36,35.7,17.16
995500,5363.6,-249.26,-246.43,41.38,40.47,6.93,32.85,3.46,32.79,17.16
995600,5368.6,-250.34,-246.14,41.24,40.69,6.75,33.09,3.71,35.08,17.12
995700,5371.51,-248.26,-247.51,41.28,40.57,6.73,33.15,3.76,45.13,18.02
995800,5375.25,-248.34,-247.05,41.72,40.29,6.77,32.82,3.44,46.05,17.71
995900,5372.76,-249.92,-246.88,41.26,40.65,6.85,33.01,3.62,36.17,17.16
996000,5368.18,-246.72,-246.88,41.36,40.61,6.51,33.09,3.71,43.63,16.8
996100,5369.43,-245.72,-246.8,41.4,40.63,6.63,32.69,3.3,36.4,17.16
996200,5369.84,-245.97,-246.8,41.34,40.69,6.51,33.21,3.82,36.52,17.24
996300,5361.94,-249.67,-246.59,41.2,40.57,6.96,32.9,3.51,32.24,16.92
996400,5368.6,-248.47,-246.88,41.38,40.87,6.89,33.47,4.08,35.43,16.92
996500,5367.35,-248.47,-246.93,41.38,40.61,6.65,33.05,3.66,37.83,17.04
996600,5363.19,-250.34,-246.51,41.46,40.63,6.61,33.63,4.24,46.94,17.55
996700,5370.26,-248.3,-247.72,41.46,40.49,6.71,33.14,3.75,37.1,17.24
996800,5380.25,-249.63,-247.43,41.5,40.41,7.02,33.55,4.17,37.91,17.59
996900,5371.09,-249.46,-247.3,41.44,40.55,6.98,33.45,4.06,40.43,17.08
997000,5373.59,-248.96,-246.76,41.26,40.55,6.89,33.43,4.04,40,17.39
997100,5374.84,-249.63,-246.39,41.36,40.65,6.89,32.82,3.43,42.28,17.31
997200,5357.36,-246.3,-247.3,41.48,40.51,6.71,33.59,4.21,39.3,17.12
997300,5366.52,-249.46,-246.76,41.32,40.55,6.83,33.3,3.91,42.16,17.75
997400,5371.09,-248.8,-246.68,41.26,40.71,6.77,33.49,4.11,38.49,17.63
997500,5358.61,-247.76,-246.47,41.44,40.39,6.69,33.2,3.82,38.26,16.57
997600,5367.76,-249.34,-246.51,41.22,40.67,7.14,33.48,4.09,38.34,17.39
997700,5369.84,-248.47,-246.55,41.34,40.83,7,32.99,3.6,37.6,17.79
997800,5365.68,-246.72,-246.8,41.24,40.61,6.81,33.18,3.79,32.32,17.47
997900,5368.18,-246.43,-246.8,41.24,40.59,6.65,33.15,3.76,36.21,17.31
998000,5374,-247.05,-246.59,41.22,40.71,6.69,33.24,3.85,34.34,17.75
998100,5370.68,-246.43,-247.18,41.34,40.57,6.83,33.23,3.84,39.65,18.5
998200,5374.42,-249.96,-246.8,41.48,40.59,6.91,33.47,4.09,40.23,17.67
998300,5374.42,-248.76,-247.05,41.16,40.37,6.69,33.3,3.91,46.44,17.63
998400,5364.85,-248.47,-246.88,41.58,40.37,7.02,33.51,4.12,35.94,16.72
998500,5378.58,-249.88,-247.22,41.26,40.81,6.91,33.27,3.88,35.74,18.46
998600,5364.02,-246.51,-247.09,41.3,40.53,6.71,33.12,3.73,37.87,16.88
998700,5364.85,-249.17,-246.76,41.5,40.79,6.69,33.11,3.73,40.73,17.2
998800,5373.17,-247.72,-246.76,41.46,40.41,6.89,33.32,3.93,37.1,18.02
998900,5371.09,-248.76,-247.01,41.58,40.63,6.87,33.32,3.93,34.03,16.84
999000,5367.35,-250.17,-246.68,41.62,40.65,6.93,33.15,3.76,37.06,17.12
999100,5370.26,-248.8,-246.51,41.44,40.63,7.16,33.29,3.9,34.5,17.28
999200,5375.67,-249.05,-246.93,41.78,40.53,6.75,33.28,3.9,37.37,17.59
999300,5363.6,-249.8,-247.18,41.26,40.75,6.65,33.17,3.78,45.36,16.64
999400,5378.17,-251.13,-246.43,41.46,40.49,6.79,32.93,3.55,36.36,17.51
999500,5359.44,-246.3,-246.97,41.24,40.37,6.63,33.24,3.86,33.49,18.1
999600,5365.68,-246.97,-246.72,41.46,40.45,6.55,32.95,3.56,33.84,17.35
999700,5370.26,-248.38,-247.22,41.4,40.53,6.73,33.32,3.94,34.15,16.72
999800,5373.59,-249.96,-246.76,41.4,40.81,7.16,33.18,3.79,40.54,17.83
999900,5379,-248.96,-247.55,41.32,40.53,6.93,33.05,3.66,31,18.1
1000000,5380.25,-248.05,-247.92,41.44,40.61,6.85,32.93,3.54,38.11,18.3
1000100,5371.09,-249.67,-246.47,41.46,40.71,6.98,33.3,3.91,37.52,17.91
1000200,5376.5,-248.84,-247.67,41.36,40.39,6.75,32.65,3.26,37.6,17.71
1000300,5365.68,-247.43,-247.38,41.5,40.57,6.61,33.3,3.92,34.34,17.43
1000400,5359.44,-250.21,-246.8,41.36,40.51,6.61,32.74,3.36,43.59,17.55
1000500,5372.34,-247.05,-248.05,41.22,40.55,7.04,33.04,3.65,36.87,17.79
1000600,5370.68,-248.09,-247.3,41.5,40.67,6.51,32.87,3.48,36.21,17.16
1000700,5366.1,-249.05,-247.18,41.34,40.65,6.89,32.86,3.47,44.98,17.39
1000800,5361.52,-247.38,-247.38,41.16,40.59,7.04,32.85,3.46,36.63,17.35
1000900,5368.18,-248.8,-246.97,41.34,40.49,6.63,32.92,3.53,36.25,17.67
1001000,5368.18,-247.47,-247.05,41.38,40.83,6.45,32.89,3.51,42.32,17.28
1001100,5369.43,-247.43,-247.67,41.44,40.53,7.04,32.82,3.43,36.56,17.63
1001200,5379.41,-250.34,-246.84,41.26,40.67,6.87,32.75,3.36,36.01,17.28
1001300,5386.9,-251.21,-246.8,41.56,40.77,6.81,33.01,3.62,37.18,17.2
1001400,5381.08,-249.63,-247.01,41.66,40.85,6.53,32.77,3.38,36.59,17.2
1001500,5378.17,-249.3,-246.8,41.62,40.67,6.51,32.99,3.6,41.01,17.55
1001600,5366.1,-248.3,-246.84,41.56,40.57,6.57,32.97,3.58,37.6,17.2
1001700,5370.26,-249.84,-246.55,41.32,40.47,6.91,32.71,3.32,33.68,16.76
1001800,5362.36,-247.84,-247.05,41.4,40.53,6.96,32.91,3.52,43.24,17.75
1001900,5376.5,-249.13,-247.09,41.66,40.69,6.77,32.89,3.5,37.91,17.24
1002000,5364.44,-247.55,-246.97,41.38,40.49,7.18,32.72,3.33,43.44,18.14
1002100,5374.84,-249.3,-246.97,41.44,40.69,6.67,33.06,3.67,37.18,17.24
1002200,5370.68,-250.63,-246.97,41.3,40.49,6.81,32.91,3.52,36.63,18.18
1002300,5370.26,-249.3,-247.22,41.18,40.61,7.04,32.72,3.34,44.71,17.59
1002400,5366.1,-247.38,-246.88,41.34,40.61,6.91,32.72,3.34,35.55,17.71
1002500,5368.18,-247.88,-247.43,41.62,40.65,7.22,32.77,3.38,34.62,17.99
1002600,5366.52,-248.01,-247.05,41.52,40.65,6.73,33.03,3.64,41.43,17.12
1002700,5370.68,-247.88,-247.22,41.42,40.57,6.75,32.85,3.46,41.58,17.51
1002800,5366.93,-248.26,-246.97,41.34,40.55,6.79,32.99,3.6,36.28,17.2
1002900,5367.35,-248.13,-246.8,41.38,40.67,6.93,32.74,3.35,36.9,17.47
1003000,5367.35,-249.59,-247.38,41.36,40.61,6.89,32.88,3.49,34.58,17.95
1003100,5369.01,-249.59,-246.26,41.32,40.51,6.59,33.04,3.65,39.77,17.04
1003200,5369.43,-248.96,-247.05,41.42,40.67,7.08,32.96,3.57,34.58,17.63
1003300,5365.27,-250.05,-247.43,41.42,40.55,7.02,32.89,3.51,34.73,17.75
1003400,5365.27,-249.67,-246.84,41.36,40.41,6.65,32.89,3.5,39.42,16.96
1003500,5359.03,-248.34,-246.47,41.42,40.87,6.59,32.91,3.52,35.59,17.79
1003600,5368.6,-249.05,-246.76,41.16,40.47,6.81,32.93,3.55,43.47,17.12
1003700,5372.76,-248.76,-247.01,41.16,40.47,6.69,32.82,3.43,35.94,17.04
1003800,5363.19,-247.47,-246.55,41.52,40.61,6.73,33.07,3.68,37.56,17.87
1003900,5365.27,-248.47,-246.59,41.18,40.59,6.67,32.86,3.47,36.71,17.51
1004000,5372.76,-248.76,-246.76,41.54,40.53,6.87,32.97,3.58,41.43,17.24
1004100,5367.76,-248.17,-246.72,41.22,40.35,6.77,32.86,3.47,38.07,17
1004200,5367.76,-247.13,-246.93,41.48,40.55,6.57,32.89,3.5,35.12,17.91
1004300,5375.25,-249.96,-247.22,41.44,40.49,6.61,32.97,3.58,41.55,17.71
1004400,5371.09,-248.88,-246.72,41.36,40.43,6.89,32.76,3.37,40.77,17.95
1004500,5370.26,-247.3,-246.76,41.32,40.71,6.65,32.81,3.42,33.33,17.39
1004600,5370.26,-246.88,-246.59,41.52,40.57,6.87,32.97,3.58,35.08,17.35
1004700,5369.01,-248.63,-246.84,41.18,40.53,6.85,32.91,3.52,43.82,17.51
1004800,5374,-247.97,-246.72,41.48,40.43,7.18,32.95,3.56,41.35,17.51
1004900,5376.08,-247.92,-246.88,41.38,40.51,6.55,32.83,3.44,37.91,16.96
1005000,5383.16,-248.67,-246.8,41.36,40.71,6.65,32.95,3.56,41.93,17.95
1005100,5365.27,-247.01,-246.93,41.28,40.75,7,32.94,3.55,41.08,17.28
1005200,5372.76,-247.38,-246.76,41.34,40.39,6.89,32.9,3.51,40.85,17.39
1005300,5367.35,-249.38,-246.93,41.34,40.43,6.89,32.81,3.42,40.43,17.79
1005400,5374,-248.51,-247.05,41.52,40.53,6.96,32.84,3.45,38.45,17.71
1005500,5365.68,-249.88,-247.05,41.32,40.65,6.87,32.88,3.49,37.41,17.35
1005600,5368.6,-248.47,-247.34,41.52,40.45,6.65,32.84,3.45,42.01,17.24
1005700,5375.25,-247.88,-246.84,41.3,40.69,6.93,32.94,3.55,40.27,17.95
1005800,5372.34,-248.38,-247.18,41.54,40.61,6.77,32.93,3.55,40.27,17.08
1005900,5371.92,-249.5,-246.93,41.4,40.37,6.83,32.86,3.47,37.64,17
1006000,5367.35,-248.59,-246.8,41.38,40.57,6.79,32.9,3.51,38.76,17.31
1006100,5372.76,-248.71,-246.88,41.48,40.55,6.89,33.15,3.76,33.8,17.2
1006200,5369.43,-248.47,-246.84,41.44,40.55,6.91,33,3.61,41.43,17.91
1006300,5371.09,-248.88,-246.93,41.4,40.57,6.75,32.98,3.59,36.44,18.3
1006400,5366.52,-249.01,-247.01,41.22,40.73,6.89,33,3.61,42.32,18.5
1006500,5367.35,-248.22,-246.84,41.22,40.61,6.65,33.03,3.64,37.49,17.95
1006600,5365.27,-249.63,-247.01,41.2,40.53,6.83,32.94,3.55,36.21,18.77
1006700,5373.59,-248.34,-246.88,41.32,40.75,6.93,32.95,3.57,32.52,18.14
1006800,5368.18,-249.13,-246.97,41.2,40.53,6.77,32.84,3.45,35.16,17.55
1006900,5368.18,-249.3,-246.84,41.34,40.63,7,33.03,3.65,39.07,17.67
1007000,5369.84,-248.96,-247.01,41.3,40.49,6.79,33.12,3.73,44.24,17.12
1007100,5364.02,-249.42,-246.84,41.3,40.63,6.81,32.97,3.59,43.74,16.68
1007200,5368.6,-249.8,-246.84,41.34,40.61,6.61,32.82,3.44,45.75,17.55
1007300,5369.01,-248.34,-247.01,41.4,40.47,6.81,32.89,3.51,38.42,17.2
1007400,5373.17,-249.55,-247.26,41.28,40.75,6.75,33.09,3.71,32.48,17.59
1007500,5368.18,-248.63,-246.84,41.38,40.71,6.87,32.98,3.59,41.66,17.31
1007600,5366.93,-249.26,-246.97,41.32,40.41,6.85,32.95,3.56,38.69,17
1007700,5367.76,-249.05,-247.13,41.42,40.61,6.81,33.02,3.63,38.84,17.83
1007800,5373.17,-248.67,-247.09,41.38,40.81,6.81,32.95,3.57,31.62,17.28
1007900,5373.59,-249.75,-247.09,41.56,40.45,6.85,33.29,3.9,34.73,17.08
1008000,5367.76,-248.8,-247.01,41.28,40.41,6.85,32.95,3.56,33.68,17.31
1008100,5374.84,-249.05,-247.01,41.5,40.43,6.77,33.11,3.73,36.9,16.88
1008200,5369.43,-248.17,-247.05,41.4,40.57,6.77,32.92,3.53,34.23,17.43
1008300,5369.01,-247.97,-246.93,41.38,40.61,6.75,33.15,3.76,33.68,17.55
1008400,5374,-249.01,-246.8,41.22,40.49,6.93,32.9,3.51,39.73,17.83
1008500,5370.26,-249.71,-246.76,41.22,40.61,6.77,33.07,3.68,34.58,17.08
1008600,5370.26,-248.67,-246.84,41.24,40.63,6.91,32.84,3.45,39.34,17.08
1008700,5373.17,-249.96,-246.55,41.4,40.55,6.73,33.14,3.75,39.23,17.35
1008800,5372.76,-248.88,-246.93,41.42,40.51,6.87,32.84,3.45,35.63,17.43
1008900,5370.26,-248.13,-247.22,41.28,40.57,6.73,33.07,3.68,37.14,17.2
1009000,5372.34,-248.55,-246.93,41.4,40.47,7.04,32.88,3.49,41.51,17.2
1009100,5373.17,-249.38,-246.88,41.12,40.45,6.65,33.03,3.64,39.46,17.2
1009200,5374.42,-247.8,-246.55,41.46,40.51,6.98,33.02,3.63,39.34,18.02
1009300,5373.59,-249.01,-247.26,41.32,40.55,6.96,33.11,3.73,37.41,16.92
1009400,5369.01,-248.71,-247.05,41.32,40.53,6.71,32.99,3.61,36.09,16.76
1009500,5377.75,-248.09,-247.3,41.42,40.49,6.91,33.17,3.78,45.44,17.2
1009600,5366.52,-249.67,-247.26,41.28,40.59,6.63,32.81,3.42,42.47,17.12
1009700,5372.76,-249.17,-247.18,41.24,40.59,6.81,33.15,3.76,38.38,17
1009800,5373.59,-249.21,-246.97,41.44,40.45,6.83,32.93,3.54,40.43,18.18
1009900,5379.83,-248.67,-246.97,41.18,40.53,6.69,33.17,3.78,44.44,18.02
1010000,5376.5,-248.92,-246.72,41.36,40.53,7.08,32.99,3.61,34.19,17.95
1010100,5379,-248.38,-246.51,41.26,40.63,6.91,33.25,3.86,42.36,17.12
1010200,5373.59,-248.55,-247.13,41.22,40.53,6.98,33.09,3.71,34.73,17.75
1010300,5372.76,-249.71,-247.09,41.44,40.63,6.96,33.15,3.76,40.73,18.02
1010400,5374.42,-248.34,-247.51,41.26,40.49,6.93,32.97,3.58,34.11,17.2
1010500,5371.92,-248.76,-247.47,41.64,40.75,6.81,33.16,3.77,36.36,17.51
1010600,5375.25,-248.47,-246.55,41.36,40.87,6.87,32.98,3.59,37.45,17.75
1010700,5379,-248.38,-247.09,41.36,40.61,6.96,33.24,3.86,45.86,16.84
1010800,5381.08,-249.84,-246.84,41.16,40.43,6.73,32.93,3.54,44.44,17.83
1010900,5374.42,-248.92,-246.97,41.26,40.57,6.95,33.32,3.94,41.82,17.28
1011000,5366.93,-248.96,-246.97,41.28,40.35,6.67,33.07,3.68,39.81,18.34
1011100,5366.93,-248.17,-247.34,41.26,40.43,6.59,33.05,3.66,32.56,17.79
1011200,5365.68,-248.42,-246.84,41.54,40.87,6.87,33.1,3.71,38.45,16.8
1011300,5369.01,-248.55,-247.13,41.3,40.67,6.67,33.2,3.82,37.6,18.14
1011400,5369.01,-248.71,-247.18,41.22,40.43,6.89,33.06,3.67,38.53,17.35
1011500,5373.59,-249.09,-247.13,41.54,40.47,6.85,33.13,3.75,30.61,17
1011600,5373.17,-248.76,-246.72,41.44,40.81,6.89,33.15,3.76,35.94,16.53
1011700,5369.84,-249.8,-246.72,41.38,40.85,6.85,33.21,3.82,40.12,17.2
1011800,5374.42,-248.17,-246.8,41.6,40.53,7.06,33.09,3.7,40.31,17.16
1011900,5381.08,-248.55,-246.97,41.4,40.45,6.83,33.24,3.85,33.64,17.67
1012000,5381.49,-247.8,-247.26,41.36,40.47,6.51,33.07,3.68,41.66,16.92
1012100,5371.92,-247.92,-247.09,41.46,40.51,6.83,33.06,3.67,38.57,16.92
1012200,5374.42,-248.67,-246.76,41.28,40.47,6.81,33.35,3.96,39.69,16.96
1012300,5373.59,-248.55,-247.09,41.22,40.61,6.79,33.18,3.79,41.39,17.31
1012400,5370.26,-248.47,-246.68,41.28,40.57,7,33.26,3.88,40.31,17.51
1012500,5366.1,-248.88,-246.97,41.26,40.57,6.71,33.14,3.75,35.74,17.55
1012600,5363.19,-248.3,-247.13,41.3,40.87,6.73,33.35,3.96,41.16,17.59
1012700,5371.51,-249.3,-246.47,41.46,40.55,6.93,33.13,3.74,38.61,17.55
1012800,5365.27,-248.76,-247.22,41.26,40.73,6.77,33.17,3.78,38.26,17.55
1012900,5364.44,-248.63,-246.76,41.46,40.37,6.59,33.22,3.84,31.78,16.96
1013000,5361.11,-248.67,-246.68,41.44,40.39,6.95,33.19,3.8,39.85,17.59
1013100,5365.27,-248.38,-246.97,41.22,40.55,6.79,33.15,3.76,38.92,17.24
1013200,5374.84,-249.17,-246.88,41.24,40.69,6.81,33.23,3.84,39.69,17.16
1013300,5369.01,-249.26,-246.8,41.2,40.51,7.08,32.82,3.44,38.69,17
1013400,5371.51,-248.51,-246.93,41.4,40.81,6.57,33.51,4.12,35.94,17.83
1013500,5366.52,-248.38,-246.88,41.46,40.93,6.79,33.08,3.69,40.77,17.59
1013600,5373.59,-248.26,-246.97,41.26,40.47,6.79,33.21,3.82,35.12,17.43
1013700,5368.6,-247.88,-247.18,41.5,40.61,6.93,33.23,3.84,35.51,17.43
1013800,5371.51,-249.75,-246.84,41.32,40.85,6.69,33.29,3.9,38.07,17.47
1013900,5366.1,-248.96,-246.93,40.98,40.59,6.75,33.22,3.83,38.14,17.28
1014000,5371.51,-249.05,-247.13,41.44,40.59,6.71,33.34,3.96,37.21,17.08
1014100,5378.58,-249.05,-247.34,41.44,40.31,6.73,33.18,3.8,37.8,18.02
1014200,5371.51,-248.34,-247.09,41.28,40.67,7.06,33.36,3.98,37.91,17.08
1014300,5369.84,-249.75,-246.88,41.46,40.83,6.51,33.17,3.78,35.55,17.63
1014400,5363.6,-248.38,-246.72,41.4,40.77,6.75,33.38,4,40.19,17.83
1014500,5368.6,-248.59,-246.76,41.38,40.73,6.93,33.08,3.69,37.02,17.24
1014600,5371.09,-249.05,-247.34,41.32,40.49,6.81,33.25,3.86,38.11,17.55
1014700,5372.76,-248.92,-246.88,41.58,40.81,6.83,33.17,3.78,47.28,17.28
1014800,5370.26,-247.51,-246.8,41.24,40.89,6.96,33.18,3.79,43.55,17.55
1014900,5369.84,-249.84,-247.3,41.46,40.43,6.79,32.95,3.56,34.11,17.16
1015000,5371.09,-247.59,-247.09,41.46,40.31,6.55,33.4,4.02,37.41,17.63
1015100,5366.1,-249.13,-247.01,41.54,40.45,6.83,33.14,3.75,31.97,17.28
1015200,5373.59,-248.96,-246.93,41.34,40.67,6.83,33.22,3.83,28.46,17.08
1015300,5377.33,-248.59,-247.22,41.16,40.95,6.73,32.68,3.29,33.76,16.6
1015400,5372.34,-248.51,-246.84,41.22,40.85,6.89,33.13,3.74,39,17.67
1015500,5369.43,-248.34,-247.26,41.24,40.85,6.61,32.84,3.45,34.46,17.87
1015600,5365.68,-248.92,-246.84,41.42,40.79,6.67,33.13,3.75,45.67,17.39
1015700,5371.51,-248.09,-246.97,41.48,40.83,6.53,32.68,3.3,41.58,17.35
1015800,5379.83,-247.92,-247.09,41.22,40.79,6.63,32.91,3.52,36.17,17.28
1015900,5370.68,-248.84,-246.97,41.46,40.37,6.96,33,3.61,35.08,17.35
1016000,5375.25,-247.76,-247.22,41.24,40.79,6.57,32.9,3.51,40.12,17.59
1016100,5373.17,-248.67,-247.05,41.44,40.69,6.73,32.96,3.57,35.9,17
1016200,5371.51,-249.5,-247.22,41.26,40.51,6.79,33.22,3.83,39.85,17.24
1016300,5368.6,-249.26,-246.8,41.3,40.53,6.45,32.71,3.32,33.53,18.14
1016400,5371.51,-248.55,-247.13,41.26,40.47,6.85,33.17,3.78,38.03,18.38
1016500,5374.84,-247.76,-247.05,41.54,40.55,6.87,32.87,3.48,37.95,16.84
1016600,5371.51,-249.96,-247.22,41.22,40.83,6.69,32.83,3.44,35.63,17.16
1016700,5370.68,-248.17,-247.34,41.28,40.69,6.81,32.84,3.45,36.94,16.88
1016800,5369.01,-247.92,-247.55,41.12,40.67,7,32.93,3.54,35.16,17
1016900,5369.01,-247.51,-247.09,41.16,40.63,6.83,32.84,3.45,35.86,17.16
1017000,5369.43,-248.88,-247.38,41.36,40.97,6.73,33.1,3.71,31.47,17.55
1017100,5371.51,-248.59,-247.22,41.28,40.45,6.81,32.87,3.48,30.57,17.51
1017200,5374.42,-248.38,-247.05,41.3,40.57,6.71,33.01,3.63,35.24,17.2
1017300,5366.1,-248.92,-247.38,41.26,40.81,6.83,32.83,3.44,39.34,17.2
1017400,5367.35,-248.55,-246.8,41.28,40.65,6.75,32.8,3.42,38.53,16.96
1017500,5376.08,-248.51,-247.05,41.38,40.45,6.79,33.02,3.63,36.48,17.43
1017600,5371.92,-248.26,-247.63,41.26,40.83,6.75,33.07,3.68,37.72,16.8
1017700,5366.1,-249.13,-247.01,41.22,40.81,6.81,32.79,3.4,37.56,17
1017800,5366.52,-250.17,-247.22,41.2,40.53,6.63,32.85,3.46,38.96,17.43
1017900,5367.35,-249.75,-246.51,41.18,40.75,6.63,32.59,3.2,40.73,17.43
1018000,5363.19,-248.96,-247.26,42,40.23,6.73,32.99,3.61,40.89,17.31
1018100,5366.93,-249.71,-247.01,41.58,40.69,6.53,32.78,3.4,41.51,17.35
1018200,5368.6,-248.3,-247.43,41.42,40.47,7,33.21,3.82,35.39,17.28
1018300,5365.68,-248.34,-246.97,41.28,40.47,7,33.2,3.81,43.55,17.79
1018400,5369.01,-249.46,-247.22,41.24,40.55,6.63,33.12,3.73,33.41,16.57
1018500,5371.51,-247.84,-247.05,41.32,40.73,7.04,33.18,3.8,41.16,17.67
1018600,5362.77,-250.75,-247.05,41.34,40.79,6.69,33.19,3.8,37.6,17.59
1018700,5369.84,-247.09,-247.63,41.44,40.63,7.16,32.97,3.59,35.51,17.51
1018800,5379,-248.63,-246.93,41.28,40.61,6.85,33.49,4.11,33.26,17.99
1018900,5364.02,-250,-246.97,41.32,40.53,6.81,32.69,3.3,41.43,17
1019000,5371.09,-246.39,-247.09,41.34,40.69,6.57,33.18,3.79,40.97,17.99
1019100,5361.52,-247.09,-247.43,41.04,40.43,6.77,32.9,3.51,35.86,17.12
1019200,5369.84,-247.26,-247.18,41.62,40.65,6.65,33.12,3.73,37.76,16.88
1019300,5366.52,-246.84,-247.01,41.34,40.51,6.81,33.15,3.76,37.72,18.22
1019400,5370.68,-248.34,-247.76,41.24,40.73,6.85,33.08,3.69,41.24,16.88
1019500,5373.59,-248.84,-247.34,41.58,40.53,6.53,32.59,3.2,38.53,16.64
1019600,5371.09,-247.92,-247.22,41.5,40.41,6.87,33.31,3.92,36.79,17.51
1019700,5374.84,-249.46,-246.97,41.2,40.63,6.89,32.77,3.38,38.3,17.67
1019800,5365.27,-247.09,-247.05,41.26,40.31,6.59,33.18,3.79,36.05,17.28
1019900,5373.17,-247.01,-247.05,41.46,40.39,6.59,32.82,3.44,40.5,17.2
1020000,5370.68,-249.3,-247.13,41.6,40.47,6.83,33.22,3.83,35.51,18.18
1020100,5370.26,-248.96,-247.84,41.4,40.67,7.06,32.76,3.37,38.92,17.2
1020200,5376.92,-249.55,-246.84,41.34,40.57,6.57,33.2,3.81,41.01,17.31
1020300,5374,-247.47,-247.34,41.3,40.53,6.65,32.79,3.4,41.74,17.43
1020400,5369.01,-249.21,-246.68,41.42,40.51,6.73,32.96,3.57,37.14,17.39
1020500,5366.52,-249.26,-247.47,41.32,40.53,6.59,32.93,3.54,39.11,17.31
1020600,5368.6,-248.13,-247.13,41.24,40.81,6.83,32.89,3.51,33.3,17.47
1020700,5381.91,-250.3,-247.09,41.44,40.65,6.87,32.8,3.42,35.31,16.6
1020800,5383.57,-250.17,-247.18,41.46,40.61,6.59,33.03,3.65,35.78,17.51
1020900,5371.51,-247.13,-247.92,41.12,40.77,6.93,32.88,3.49,39.07,18.42
1021000,5370.26,-249.26,-247.22,41.38,40.73,6.57,32.94,3.55,34.46,17.28
1021100,5376.08,-248.38,-246.88,41.2,40.63,6.73,33.32,3.94,42.55,17.79
1021200,5364.85,-247.8,-247.38,41.5,40.73,6.57,32.89,3.5,40.93,17.91
1021300,5371.51,-250.38,-246.93,41.44,40.61,6.85,32.88,3.49,32.95,17.55
1021400,5370.26,-247.43,-247.3,41.28,40.43,6.95,33.22,3.84,43.32,17.87
1021500,5372.76,-249.84,-247.22,41.28,40.71,6.67,32.67,3.28,31.62,17.08
1021600,5379.41,-248.09,-246.68,41.38,40.61,6.89,33.01,3.63,33.18,16.92
1021700,5368.6,-248.3,-247.3,41.36,40.55,6.85,32.84,3.45,44.01,17.63
1021800,5368.18,-249.63,-246.8,41.46,40.49,6.79,32.82,3.43,31.82,17.04
1021900,5365.68,-248.38,-247.01,41.54,40.59,7.04,32.83,3.44,38.03,17.59
1022000,5370.26,-249.63,-247.67,41.32,40.89,6.75,32.72,3.34,31.12,17.43
1022100,5378.17,-249.09,-247.63,41.2,40.99,6.73,32.7,3.31,41.55,17.35
1022200,5367.76,-249.75,-246.97,41.56,40.47,6.83,32.82,3.43,38.07,17.43
1022300,5381.91,-249.75,-246.8,41.48,40.65,6.49,32.77,3.38,35.82,17.55
1022400,5376.92,-249.21,-247.55,41.28,40.47,6.91,32.95,3.56,38.8,17.35
1022500,5364.02,-248.47,-247.18,41.52,40.57,7,32.75,3.36,34.19,17.67
1022600,5371.09,-249.55,-246.97,41.48,40.67,6.87,32.89,3.51,38.11,17.08
1022700,5370.26,-247.18,-247.38,41.38,40.71,6.63,32.73,3.34,41.31,18.06
1022800,5367.76,-247.97,-247.38,41.56,40.49,6.77,32.85,3.46,35.47,16.57
1022900,5369.84,-248.8,-247.51,41.64,40.55,6.81,32.92,3.53,36.25,16.8
1023000,5374.42,-247.55,-247.34,41.44,40.71,6.55,32.76,3.38,36.67,16.96
1023100,5369.01,-251.04,-247.01,41.5,40.63,7.04,32.78,3.4,39.3,17.08
1023200,5378.17,-250,-247.01,41.38,40.69,6.43,32.71,3.32,39.61,17.04
1023300,5386.9,-249.01,-246.88,41.34,40.67,6.73,32.78,3.39,36.71,17.2
1023400,5377.75,-247.55,-246.97,41.32,40.63,6.79,32.68,3.29,38.88,17
1023500,5384.41,-247.13,-247.01,41.56,40.63,7,32.87,3.48,32.71,17.71
1023600,5381.49,-247.97,-246.8,41.5,40.45,7,32.7,3.32,34.07,17.35
1023700,5366.1,-249.3,-246.88,41.56,40.13,7.08,33.06,3.67,36.21,17.71
1023800,5369.01,-248.22,-247.01,41.34,40.79,6.73,32.66,3.27,40.54,16.57
1023900,5371.92,-247.84,-246.88,41.22,40.77,6.77,32.97,3.59,32.95,17.67
1024000,5359.86,-250.05,-247.51,41.46,40.65,6.45,32.78,3.39,39.85,16.6
1024100,5375.25,-248.88,-246.93,41.4,40.67,6.96,32.94,3.55,37.49,17.31
1024200,5376.08,-248.38,-246.97,41.24,40.97,7.1,32.59,3.2,41.66,17.51
1024300,5371.09,-247.3,-246.97,41.26,40.79,6.81,32.88,3.49,34.85,17.59
1024400,5366.93,-250.79,-246.88,41.38,40.45,6.61,32.59,3.2,31.31,18.14
1024500,5366.1,-247.43,-247.18,41.42,40.41,6.53,32.99,3.61,35.9,17.47
1024600,5375.25,-247.84,-247.09,41.2,40.39,6.89,32.93,3.55,37.41,17.51
1024700,5376.08,-249.21,-247.8,41.58,40.67,6.75,32.95,3.57,38.84,17.08
1024800,5370.68,-248.55,-246.8,41.28,40.67,7.04,32.74,3.35,36.01,17.47
1024900,5366.93,-248.34,-247.13,41.36,40.61,6.83,32.91,3.52,31.23,17.75
1025000,5364.44,-250.17,-246.93,41.56,40.35,6.75,33.11,3.72,41.43,17.47
1025100,5374,-248.92,-247.63,41.46,40.69,6.75,33.01,3.62,39.3,17.43
1025200,5373.59,-250,-247.18,41.3,40.51,6.65,32.81,3.42,33.02,17.04
1025300,5371.92,-249.01,-247.26,41.32,40.49,6.75,32.96,3.57,38.69,16.84
1025400,5375.67,-247.72,-247.05,41.38,40.65,7.24,33.07,3.68,37.87,17.16
1025500,5376.5,-249.17,-247.97,41.3,40.65,6.49,32.8,3.41,40.39,17.51
1025600,5368.18,-249.05,-246.76,41.56,40.53,7.42,33.02,3.63,35.9,17
1025700,5364.44,-250.54,-247.01,41.6,40.67,6.77,33.26,3.88,38.69,18.02
1025800,5367.76,-249.59,-246.97,41.46,40.49,6.79,33.24,3.85,36.13,17.83
1025900,5373.59,-248.01,-246.97,41.42,40.45,6.85,33.17,3.78,35.82,17.28
1026000,5371.51,-248.38,-247.13,41.72,40.53,6.83,33.05,3.66,35.04,17.35
1026100,5374,-247.63,-247.84,41.24,40.67,7,32.8,3.41,38.45,16.72
1026200,5371.51,-249.26,-246.97,41.4,40.67,6.77,33.22,3.84,39.3,17.67
1026300,5367.35,-247.8,-247.22,41.16,40.59,6.87,32.94,3.55,36.28,17.28
1026400,5373.17,-248.8,-246.97,41.7,40.57,6.79,33.26,3.87,41.01,17.51
1026500,5370.68,-248.76,-247.05,41.66,40.73,6.53,33.07,3.68,41.04,17.75
1026600,5378.17,-249.3,-246.88,41.3,40.49,6.79,33.07,3.68,42.2,17.43
1026700,5369.01,-247.63,-247.01,41.36,40.53,6.67,32.98,3.59,34.85,16.8
1026800,5369.84,-246.68,-247.18,41.26,40.55,6.65,32.97,3.59,37.06,17.2
1026900,5369.01,-248.05,-246.88,41.4,40.47,6.73,33.09,3.71,38.07,17.67
1027000,5368.6,-248.22,-247.26,41.34,40.53,6.77,33.07,3.68,44.55,17.2
1027100,5380.25,-248.92,-247.47,41.1,40.37,6.87,32.99,3.6,36.29,17.24
1027200,5368.18,-248.05,-246.84,41.32,40.47,6.77,32.92,3.53,35.16,18.06
1027300,5374.84,-248.96,-246.84,41.52,40.61,6.77,33.22,3.84,45.09,17
1027400,5368.18,-247.67,-247.22,41.2,40.59,6.69,33.05,3.66,40.27,17.31
1027500,5376.5,-248.88,-247.18,41.7,40.71,6.81,33.26,3.88,39.96,16.92
1027600,5372.34,-249.55,-246.97,41.32,40.47,6.83,33.07,3.68,36.9,16.84
1027700,5371.92,-248.22,-247.76,41.38,40.59,6.81,33.19,3.8,33.72,17
1027800,5372.76,-247.47,-247.18,41.42,40.75,6.79,33.17,3.78,38.92,16.96
1027900,5368.6,-249.42,-246.8,41.46,40.61,6.81,33.05,3.66,42.66,17.59
1028000,5379.83,-249.63,-246.88,41.34,40.57,6.83,33.09,3.71,40.16,17.04
1028100,5369.43,-248.38,-247.09,41.3,40.51,6.83,33.08,3.69,30.18,17.2
1028200,5373.17,-248.05,-247.88,41.26,40.45,7.28,33.11,3.73,40.77,17.75
1028300,5379,-250.05,-246.88,41.52,40.67,6.89,33.01,3.62,38.18,17.55
1028400,5374.84,-248.96,-247.13,41.42,40.63,6.55,33.05,3.67,36.17,17.43
1028500,5365.68,-248.84,-247.47,41.3,40.47,6.95,33.2,3.82,35.12,18.02
1028600,5366.1,-249.42,-247.13,41.32,40.63,6.69,32.96,3.57,36.28,16.96
1028700,5366.52,-248.42,-247.26,41.32,40.61,6.96,33.07,3.68,38.18,17.79
1028800,5371.51,-248.71,-247.13,41.54,40.81,6.85,33.15,3.76,37.41,17.04
1028900,5374.42,-248.59,-247.43,41.4,40.63,6.93,33.13,3.74,35.7,17.16
1029000,5374.84,-248.17,-246.88,41.52,40.73,6.75,33.22,3.84,36.17,16.53
1029100,5371.92,-248.59,-247.43,41.28,40.53,6.83,33.15,3.76,34.27,17.35
1029200,5368.18,-248.92,-247.22,41.26,40.59,7.16,33.06,3.67,40.19,17.39
1029300,5367.35,-248.3,-247.51,41.5,40.79,7.06,33.09,3.7,34.89,17.95
1029400,5366.1,-250.09,-247.72,41.4,40.75,7.1,32.93,3.54,35.63,17.55
1029500,5370.26,-248.51,-247.51,41.64,40.59,6.85,33.22,3.83,33.37,16.96
1029600,5379,-249.26,-247.3,41.22,40.51,6.55,32.81,3.42,37.56,18.14
1029700,5374.84,-250.25,-247.05,41.38,40.61,6.87,33.17,3.78,35.2,18.14
1029800,5374.42,-248.47,-247.01,41.34,40.55,6.61,32.76,3.37,44.59,17.75
1029900,5379.83,-248.38,-247.26,41.3,40.41,6.75,33.08,3.69,32.98,16.76
1030000,5378.17,-248.05,-247.09,41.28,40.49,6.67,32.98,3.59,36.21,17.16
1030100,5380.66,-249.5,-247.05,41.24,40.59,6.63,33.08,3.69,40.12,17.2
1030200,5371.92,-248.09,-247.09,41.36,40.63,6.85,32.97,3.58,40.66,18.42
1030300,5372.34,-249.71,-247.67,41.42,40.63,6.73,33.13,3.74,38.45,17.12
1030400,5381.91,-249.75,-247.05,41.16,40.71,6.89,32.86,3.47,37.25,17.87
1030500,5361.11,-249.26,-247.34,41.52,40.53,7.06,33.01,3.62,37.06,17.35
1030600,5364.85,-248.13,-247.09,41.42,40.73,6.63,32.88,3.49,35,17.79
1030700,5373.17,-248.51,-247.38,41.36,40.41,6.55,33.22,3.84,34.46,17.35
1030800,5367.76,-249.75,-246.68,40.7,40.51,6.61,32.82,3.44,33.37,17.47
1030900,5362.36,-249.05,-247.13,41.34,40.61,6.75,33.08,3.69,30.92,17.04
1031000,5368.18,-249.21,-247.05,41.16,40.39,6.65,32.88,3.49,35.35,17.63
1031100,5366.52,-247.92,-246.88,41.26,40.53,6.65,32.99,3.6,36.44,16.96
1031200,5364.44,-249.09,-247.01,41.3,40.59,6.71,32.93,3.54,37.02,17.47
1031300,5366.93,-249.05,-247.05,41.26,40.57,6.77,32.89,3.51,37.21,17.08
1031400,5380.25,-248.8,-246.93,41.48,40.65,6.67,32.88,3.49,35.43,17.39
1031500,5368.18,-249.55,-247.55,41.34,40.59,6.79,33.13,3.74,34.93,17.35
1031600,5364.85,-248.96,-246.8,41.42,40.63,6.95,32.71,3.32,31.89,16.41
1031700,5371.09,-249.01,-247.05,41.48,40.47,6.83,32.89,3.51,40.27,17.47
1031800,5376.08,-247.72,-247.13,41.2,40.75,6.81,32.98,3.59,33.49,17.28
1031900,5363.19,-249.3,-246.8,41.64,40.55,6.91,32.8,3.42,40.93,17.87
1032000,5368.6,-248.51,-246.68,41.28,40.41,6.75,32.86,3.47,38.41,17.16
1032100,5370.68,-248.92,-247.43,41.3,40.75,6.96,32.64,3.26,36.67,17.12
1032200,5370.26,-249.63,-247.18,41.32,40.63,6.98,32.92,3.53,37.99,17.91
1032300,5370.26,-248.63,-247.01,41.34,40.63,6.89,32.82,3.44,41.82,17.55
1032400,5377.33,-248.76,-247.01,41.2,40.85,6.75,32.93,3.55,37.02,16.96
1032500,5368.18,-249.55,-247.22,41.68,40.35,6.91,32.8,3.41,37.52,18.14
1032600,5372.34,-248.96,-247.3,41.42,40.73,6.55,32.76,3.37,37.29,17.43
1032700,5366.52,-248.47,-247.13,41.5,40.37,6.37,32.76,3.37,35.97,17.83
1032800,5374.84,-248.67,-247.47,41.36,40.61,6.73,32.85,3.46,37.18,17.12
1032900,5370.68,-248.84,-247.26,41.32,40.41,6.77,32.92,3.53,41.35,18.18
1033000,5377.33,-248.63,-247.13,41.32,40.69,6.87,33.03,3.65,33.68,17.2
1033100,5373.59,-248.55,-247.18,41.36,40.37,6.53,32.64,3.26,38.72,16.92
1033200,5368.18,-249.38,-247.09,41.2,40.45,6.83,33.08,3.69,37.76,17.99
1033300,5366.1,-249.13,-246.72,41.28,40.71,6.81,32.89,3.5,35.35,17.43
1033400,5371.51,-248.84,-246.84,41.38,40.67,7.02,32.78,3.39,35.31,17.16
1033500,5371.09,-248.47,-247.3,41.38,40.67,6.79,32.93,3.55,37.83,17.79
1033600,5377.75,-247.72,-247.18,41.4,40.41,6.81,32.83,3.44,40.46,17.16
1033700,5371.09,-248.71,-247.18,41.06,40.49,6.77,32.76,3.38,39.77,17.24
1033800,5381.49,-247.38,-247.67,41.3,40.47,6.69,32.93,3.55,35.55,17.67
1033900,5375.67,-248.34,-247.22,41.46,40.47,6.85,32.76,3.38,40.5,17.2
1034000,5375.67,-248.8,-247.43,41.36,40.79,6.75,32.98,3.59,38.42,17.71
1034100,5370.26,-250.3,-246.84,41.46,40.37,6.79,32.59,3.2,36.94,17.51
1034200,5369.84,-248.88,-247.05,41.42,40.61,6.77,32.96,3.57,35.31,17.51
1034300,5371.09,-248.76,-246.97,41.3,40.47,6.91,32.62,3.23,37.91,16.96
1034400,5371.51,-248.63,-247.18,41.16,40.43,6.75,32.96,3.57,39.38,17.39
1034500,5371.51,-248.59,-247.01,41.32,40.31,6.93,32.73,3.34,38.11,17.04
1034600,5368.6,-248.3,-247.01,41.32,40.49,6.81,32.86,3.47,32.71,17.51
1034700,5364.02,-248.51,-247.01,41.16,40.31,6.73,32.59,3.2,38.18,17.59
1034800,5369.43,-248.8,-246.88,41.4,40.37,6.81,32.95,3.57,38.26,17.08
1034900,5371.92,-248.71,-246.72,41.34,40.45,6.81,32.66,3.28,36.75,16.68
1035000,5363.6,-249.67,-246.76,41.28,40.53,6.77,32.96,3.57,45.28,16.8
1035100,5371.51,-248.34,-247.13,41.32,40.59,6.85,32.75,3.36,35.7,17.59
1035200,5374.84,-248.34,-247.18,41.36,40.55,6.73,33.1,3.71,43.9,17.24
1035300,5372.34,-248.88,-247.26,41.58,40.65,6.73,32.68,3.29,39.3,17.16
1035400,5374,-248.76,-247.13,41.22,40.61,6.65,32.98,3.59,38.69,16.8
1035500,5369.01,-249.46,-246.68,41.3,40.55,6.91,32.78,3.4,35.04,16.64
1035600,5369.43,-249.05,-247.18,41.42,40.57,6.83,32.96,3.57,40.73,16.92
1035700,5367.35,-248.67,-247.13,41.22,40.67,6.63,32.73,3.34,42.09,17
1035800,5372.34,-248.88,-247.51,41.4,40.47,6.96,33.03,3.64,40.81,17.04
1035900,5372.76,-248.63,-247.22,41.3,40.59,6.81,32.62,3.23,38.76,16.96
1036000,5369.43,-248.84,-247.43,41.58,40.63,6.98,33.22,3.83,40.62,17.43
1036100,5373.59,-248.38,-247.22,41.28,40.61,6.69,32.61,3.22,33.26,17.28
1036200,5371.09,-248.51,-247.26,41.2,40.61,6.83,32.88,3.49,37.45,17.59
1036300,5368.6,-248.63,-247.18,41.36,40.83,6.83,32.79,3.4,40.66,17.47
1036400,5378.58,-249.42,-246.88,41.32,40.51,6.89,33.04,3.65,42.74,17.51
1036500,5372.76,-249.55,-246.88,41.2,40.55,6.73,32.74,3.36,41.24,17.47
1036600,5376.92,-249.13,-247.3,41.38,40.87,6.79,32.93,3.55,40.43,16.84
1036700,5370.68,-248.59,-247.13,41.34,40.55,6.83,32.8,3.41,37.29,16.88
1036800,5374,-248.8,-247.01,41.24,40.43,6.67,32.95,3.57,40.81,17.16
1036900,5366.1,-248.88,-247.38,41.28,40.53,6.83,32.75,3.36,33.92,16.6
1037000,5368.18,-247.72,-247.13,41.28,40.49,6.75,32.92,3.53,34.93,17
1037100,5371.92,-248.13,-247.01,41.4,40.53,6.63,32.7,3.32,37.06,17.2
1037200,5366.52,-249.26,-247.43,41.38,40.57,6.79,32.92,3.53,41.01,17.55
1037300,5374.84,-248.38,-247.01,41.46,40.65,6.87,32.63,3.24,33.96,16.92
1037400,5368.18,-248.34,-247.3,41.12,40.43,6.91,32.96,3.57,34.73,17.55
1037500,5372.76,-248.92,-247.22,41.34,40.61,6.69,32.84,3.45,35.82,16.84
1037600,5367.76,-249.09,-247.18,41.4,40.51,6.85,32.99,3.6,41.31,17.24
1037700,5371.09,-248.88,-247.01,41.38,40.29,6.83,32.6,3.22,28.03,17.12
1037800,5372.34,-249.13,-247.01,41.6,40.73,6.73,33.01,3.62,32.95,17.04
1037900,5375.25,-248.71,-247.05,41.68,40.83,7.74,32.95,3.56,31.04,16.53
1038000,5374.84,-248.3,-247.22,41.5,40.93,7.52,33.05,3.66,42.9,18.02
1038100,5371.92,-248.38,-246.84,41.62,40.63,7.88,32.71,3.32,40.35,18.02
1038200,5364.44,-248.05,-247.18,41.4,40.59,7.68,32.82,3.43,36.17,17.35
1038300,5366.1,-249.84,-246.51,41.36,40.63,7.72,32.7,3.32,38.22,17.28
1038400,5358.2,-248.26,-247.38,41.58,40.87,7.92,33.02,3.63,41.82,17.67
1038500,5366.93,-248.3,-247.18,41.5,40.83,7.7,32.67,3.28,34.07,17.67
1038600,5371.92,-248.8,-247.05,41.44,40.81,7.72,32.93,3.55,36.63,17.31
1038700,5375.25,-248.92,-246.76,41.42,40.75,7.54,32.74,3.35,37.83,17.63
1038800,5370.68,-249.38,-246.72,41.5,40.61,7.76,32.8,3.42,40.93,17.39
1038900,5369.43,-249.26,-246.76,41.44,40.39,7.8,32.78,3.4,39.65,17.91
1039000,5363.19,-248.47,-247.01,41.48,40.73,7.88,32.77,3.38,43.97,17.67
1039100,5373.59,-249.67,-246.72,41.54,40.85,7.76,32.85,3.46,30.8,17.04
1039200,5376.5,-249.01,-247.3,41.54,40.55,7.7,32.82,3.43,40.66,17.35
1039300,5367.35,-247.92,-247.34,41.72,40.63,7.66,32.97,3.58,33.92,17.83
1039400,5375.25,-248.67,-247.22,41.76,40.71,7.54,33.09,3.7,41.01,17.39
1039500,5373.59,-250,-246.72,41.42,40.51,7.82,32.66,3.28,37.64,17.67
1039600,5370.26,-248.55,-247.38,41.68,40.47,7.58,33.04,3.65,39.58,16.8
1039700,5370.26,-248.22,-246.97,41.36,40.99,7.88,32.78,3.4,29.32,17.91
1039800,5379.41,-249.8,-247.22,41.6,40.85,7.68,32.79,3.4,31.19,17.91
1039900,5373.17,-249.21,-246.93,41.36,40.85,7.92,32.68,3.3,37.25,17.51
1040000,5371.09,-249.34,-247.26,41.74,40.47,7.62,33.06,3.67,39.34,18.34
1040100,5372.34,-249.21,-247.01,41.46,40.67,7.72,32.76,3.38,40.04,18.26
1040200,5374.42,-249.67,-247.18,41.54,40.71,7.6,32.91,3.53,35.86,16.8
1040300,5376.5,-249.96,-247.3,41.5,40.59,7.7,32.94,3.55,38.18,17.39
1040400,5375.25,-248.59,-246.93,41.3,40.83,7.84,32.87,3.48,38.72,17.39
1040500,5376.92,-248.17,-247.01,41.58,40.51,7.52,32.98,3.59,36.63,18.34
1040600,5371.09,-248.96,-247.18,41.76,40.53,7.74,33.11,3.72,37.33,18.26
1040700,5381.91,-248.22,-246.76,41.44,40.67,7.5,33.03,3.64,40.77,17.95
1040800,5374.42,-248.63,-246.84,41.54,40.69,7.56,33.04,3.65,46.82,16.76
1040900,5368.6,-248.55,-246.93,41.52,40.59,7.6,32.74,3.35,50.62,16.96
1041000,5369.43,-250,-247.38,41.22,40.49,6.15,32.67,3.28,38.76,16.88
1041100,5371.51,-247.59,-246.93,41.28,40.81,6.61,32.95,3.57,33.3,17.31
1041200,5371.92,-249.21,-247.05,41.36,40.99,6.51,32.95,3.56,35.16,17.87
1041300,5373.17,-248.22,-246.76,41.3,40.87,6.43,32.74,3.36,40.19,17.55
1041400,5381.08,-247.59,-246.68,41.38,40.57,5.95,32.79,3.4,40.54,17.91
1041500,5378.58,-247.55,-246.93,41.58,40.27,6.41,32.9,3.51,37.18,17.67
1041600,5373.17,-248.96,-246.84,41.18,40.53,6.27,33.05,3.67,31.54,17.59
1041700,5374.84,-248.26,-247.38,41.38,40.67,6.15,32.79,3.4,34.85,18.06
1041800,5369.01,-250.17,-247.18,41.36,40.51,6.37,32.97,3.59,32.4,17.83
1041900,5366.1,-250.05,-247.05,41.5,40.61,6.45,33.06,3.67,38.92,17.63
1042000,5376.08,-248.92,-246.93,41.24,40.97,6.43,32.84,3.45,36.94,17.04
1042100,5367.76,-249.38,-246.76,41.4,40.73,6.23,33.09,3.71,29.36,18.34
1042200,5375.25,-248.22,-247.26,41.44,40.73,6.47,32.95,3.57,32.24,17.99
1042300,5372.34,-248.71,-247.09,41.52,40.61,6.47,33.19,3.8,38.3,18.02
1042400,5382.33,-247.43,-246.8,41.46,40.67,6.37,32.82,3.44,34.85,17.83
1042500,5373.59,-249.8,-247.26,41.42,40.63,6.47,32.8,3.41,37.6,17.35
1042600,5373.17,-248.92,-247.43,41.5,40.49,6.37,32.67,3.28,37.45,17.59
1042700,5377.75,-248.26,-246.8,41.6,40.63,6.61,33.17,3.78,30.73,17.51
1042800,5371.92,-249.3,-247.38,41.44,40.71,6.11,32.68,3.29,35.9,17.31
1042900,5374.42,-248.76,-247.72,41.22,40.67,6.25,32.92,3.53,38.3,16.76
1043000,5371.51,-248.71,-247.59,41.3,40.93,6.57,32.93,3.54,34.62,17.28
1043100,5371.09,-249.01,-246.59,41.36,40.67,6.29,32.72,3.33,45.75,16.76
1043200,5365.68,-248.51,-246.76,41.36,40.79,6.35,32.76,3.38,44.01,17.28
1043300,5366.52,-249.01,-247.38,41.18,40.65,6.07,33.02,3.63,37.52,17.24
1043400,5374.42,-249.5,-247.22,41.6,40.51,6.23,32.63,3.24,36.9,17.47
1043500,5369.84,-249.84,-247.43,41.3,40.61,6.29,32.84,3.45,31.78,17.55
1043600,5367.76,-248.34,-248.05,41.26,40.67,6.57,32.68,3.29,43.47,17.24
1043700,5366.93,-249.3,-246.8,41.26,41.01,6.13,32.88,3.49,33.76,17.59
1043800,5375.67,-248.59,-246.8,41.36,40.49,6.31,33.01,3.63,35.59,16.96
1043900,5367.76,-248.92,-247.22,41.2,40.69,6.47,32.93,3.54,45.32,17.51
1044000,5368.6,-250.5,-246.72,41.2,40.69,6.53,32.83,3.44,39,17.43
1044100,5379.41,-248.47,-247.38,41.32,40.75,6.05,32.8,3.41,42.55,17.75
1044200,5366.1,-249.55,-246.72,41.2,40.67,6.35,32.78,3.39,33.18,17.75
1044300,5362.36,-248.84,-247.22,41.18,40.65,6.37,32.93,3.54,44.63,17.75
1044400,5382.33,-247.22,-247.22,41.34,40.73,6.23,32.72,3.34,34.07,17.2
1044500,5371.92,-249.84,-247.55,41.68,40.53,6.25,32.85,3.46,37.52,17.2
1044600,5378.58,-248.22,-247.18,41.24,40.45,6.21,32.76,3.38,37.68,17.51
1044700,5376.08,-249.75,-247.43,41.7,40.55,6.25,32.68,3.3,46.98,16.88
1044800,5366.1,-249.09,-247.43,41.14,40.73,6.69,32.88,3.49,33.45,17.24
1044900,5383.57,-249.55,-246.97,41.32,40.89,6.19,32.69,3.3,38.34,17
1045000,5377.33,-250.38,-247.26,41.58,40.67,6.27,32.74,3.36,38.34,17
1045100,5367.35,-247.76,-247.51,41.42,40.67,6.33,33.01,3.62,38.07,17.47
1045200,5371.51,-249.38,-247.18,41.74,40.59,6.21,32.68,3.29,40.5,17.43
1045300,5378.17,-249.26,-246.3,41.32,40.71,6.29,32.91,3.53,35.24,17.28
1045400,5378.58,-248.47,-247.05,41.26,40.65,6.53,32.86,3.47,38.3,17.35
1045500,5371.09,-247.38,-247.18,41.18,40.75,6.13,32.85,3.46,40.31,17.12
1045600,5379.41,-249.13,-246.93,41.26,40.51,6.33,32.96,3.57,39.92,17
1045700,5374.42,-250,-247.22,41.44,40.51,6.61,32.94,3.55,39.61,17
1045800,5366.93,-249.42,-247.55,41.54,40.41,6.43,32.91,3.53,39.11,17.39
1045900,5382.33,-249.8,-246.84,41.26,40.57,6.59,32.93,3.54,35.59,17.55
1046000,5370.68,-249.01,-247.18,41.42,40.85,6.17,32.83,3.44,36.79,17.87
1046100,5371.09,-248.42,-247.38,41.38,40.51,6.31,32.76,3.37,34.38,17.47
1046200,5370.26,-247.92,-247.26,41.26,40.89,6.23,32.78,3.4,33.61,17.47
1046300,5370.68,-250.79,-246.43,41.16,40.77,6.21,32.99,3.6,35.74,17.04
1046400,5377.75,-250.92,-246.72,41.52,40.63,6.49,32.84,3.45,34.5,17.35
1046500,5376.08,-248.13,-247.38,41.36,40.87,6.13,32.67,3.28,34.62,17.95
1046600,5370.26,-248.26,-247.3,41.38,40.73,6.25,33.09,3.71,38.57,17.39
1046700,5364.85,-247.88,-247.51,41.3,40.63,6.11,32.86,3.47,34.97,17.2
1046800,5372.76,-248.96,-247.67,41.52,40.53,6.43,32.82,3.44,36.67,17.55
1046900,5379.41,-250.71,-246.64,41.38,40.87,6.61,33.03,3.65,41.24,17.87
1047000,5372.34,-250.84,-247.34,41.26,40.51,6.43,32.97,3.59,42.43,16.84
1047100,5371.92,-247.84,-247.34,41.26,40.75,6.41,33.05,3.66,35.55,17.75
1047200,5373.17,-247.51,-247.38,41.72,40.41,6.27,32.74,3.36,40.04,17.91
1047300,5367.76,-249.26,-247.18,41.14,40.65,6.43,32.97,3.59,37.25,18.02
1047400,5373.59,-248.8,-247.72,41.68,40.57,6.21,32.89,3.51,41.2,16.88
1047500,5375.67,-247.8,-246.64,41.14,41.05,6.27,32.72,3.34,38.72,16.68
1047600,5369.84,-248.09,-247.01,41.44,40.87,6.13,32.84,3.45,36.52,17.51
1047700,5363.6,-249.42,-246.47,41.22,40.69,6.39,32.91,3.52,43.2,17.31
1047800,5376.5,-247.76,-246.76,41.38,40.91,6.65,33.18,3.79,35.43,17.16
1047900,5373.59,-250.54,-246.84,41.34,40.67,6.57,33.15,3.76,35.47,17.63
1048000,5375.67,-250,-247.47,41.64,40.67,6.15,32.85,3.46,45.86,17.35
1048100,5382.33,-250.34,-247.05,41.28,40.81,6.43,32.75,3.36,39.19,17.16
1048200,5361.94,-246.55,-247.18,41.28,40.79,6.39,32.9,3.51,37.68,17.91
1048300,5371.51,-250.25,-246.51,41.24,40.67,6.21,32.86,3.47,36.21,16.76
1048400,5367.35,-248.96,-246.59,41.26,40.65,6.45,33.24,3.86,39.23,16.6
1048500,5374.42,-249.55,-246.93,41.52,40.47,6.35,32.69,3.3,41.12,17.35
1048600,5368.6,-248.96,-246.64,41.3,40.67,6.05,32.67,3.28,42.9,16.8
1048700,5367.35,-249.59,-246.72,41.28,40.55,6.21,32.64,3.26,40.12,16.8
1048800,5367.35,-248.3,-246.88,41.28,40.81,6.43,33.13,3.75,43.17,17.31
1048900,5372.76,-249.71,-246.93,41.36,40.81,6.51,32.85,3.46,33.3,17.24
1049000,5371.92,-248.09,-247.13,41.28,40.71,6.25,32.93,3.54,40.12,17.31
1049100,5378.17,-250.42,-246.84,41.32,40.67,6.21,32.66,3.28,34.5,17.28
1049200,5374.84,-248.34,-247.3,41.38,40.65,6.13,32.68,3.29,43.4,17
1049300,5378.58,-248.63,-246.93,41.28,40.69,6.17,32.72,3.33,41.04,16.6
1049400,5378.17,-249.21,-247.09,41.36,40.59,6.07,32.64,3.26,41.04,16.57
1049500,5372.34,-248.47,-246.76,41.3,40.97,6.47,32.97,3.59,33.3,17.63
1049600,5372.76,-249.42,-246.88,41.48,40.53,6.15,32.84,3.45,34.65,17.51
1049700,5383.57,-249.55,-247.59,41.76,40.47,6.31,32.74,3.35,32.4,17.55
1049800,5372.76,-248.96,-246.84,41.5,40.67,6.31,32.74,3.36,35.24,17.12
1049900,5374.84,-248.09,-247.22,41.46,40.67,6.27,32.82,3.44,35,17.2
1050000,5367.35,-248.22,-247.09,41.16,40.55,6.41,33.15,3.76,39.73,17.43
1050100,5369.84,-249.63,-246.93,41,40.47,6.19,32.5,3.11,42.09,17.71
1050200,5366.52,-248.34,-247.38,41.46,40.55,5.99,32.97,3.58,41.16,17.51
1050300,5371.92,-248.34,-247.22,41.32,40.65,6.35,32.84,3.45,33.45,17.16
1050400,5367.35,-248.96,-246.26,41.34,40.61,6.31,32.94,3.55,43.4,17.43
1050500,5381.08,-248.71,-247.8,41.62,40.71,6.27,32.84,3.45,34.81,17.2
1050600,5363.19,-248.71,-247.26,41.56,40.51,6.27,33.2,3.82,39.77,16.96
1050700,5379,-249.34,-246.8,41.48,40.47,6.05,32.88,3.49,42.24,17.16
1050800,5366.52,-249.63,-247.38,41.5,40.53,6.53,33.24,3.86,35.9,16.96
1050900,5375.67,-249.96,-247.13,41.3,40.93,6.35,32.81,3.42,38.57,18.22
1051000,5369.01,-246.51,-247.18,41.22,40.71,5.95,32.85,3.46,35.82,17.2
1051100,5371.51,-247.34,-246.88,41.48,40.79,6.27,32.99,3.61,38.65,18.34
1051200,5373.59,-247.76,-246.64,41.2,40.89,4.77,33.15,3.76,40.27,18.26
1051300,5376.5,-247.76,-247.18,41.3,40.59,6.55,32.79,3.4,38.92,16.88
1051400,5379,-249.71,-246.88,41.4,40.55,6.61,32.88,3.49,36.83,17.99
1051500,5381.91,-248.84,-247.51,41.18,40.83,6.41,32.74,3.35,39.19,18.42
1051600,5364.44,-248.47,-247.38,41.2,40.59,6.25,32.94,3.55,34.89,18.02
1051700,5368.6,-247.47,-247.51,41.34,40.69,6.13,32.86,3.47,32.71,16.76
1051800,5374.84,-247.63,-247.43,41.4,40.57,6.15,32.92,3.53,31.35,16.64
1051900,5373.17,-250.96,-246.93,41.5,40.71,6.31,32.82,3.43,46.13,16.96
1052000,5368.18,-247.97,-247.22,41.32,40.97,6.49,32.93,3.54,46.71,17.95
1052100,5369.01,-250.46,-247.13,41.42,40.79,6.53,32.71,3.32,43.17,17.12
1052200,5383.57,-249.55,-247.55,41.36,40.61,5.91,33.01,3.63,35.82,17.79
1052300,5366.52,-247.22,-247.3,41.14,40.57,6.69,32.58,3.19,37.52,17.39
1052400,5371.09,-250.5,-246.93,41.64,40.55,6.61,33.15,3.76,42.59,17.08
1052500,5377.75,-249.75,-247.55,41.2,40.61,6.45,32.69,3.3,40.7,17.51
1052600,5379,-249.96,-246.8,41.24,40.63,6.19,33.05,3.67,38.45,18.42
1052700,5364.85,-247.13,-247.51,41.28,40.71,6.15,32.59,3.2,37.1,16.49
1052800,5373.17,-249.84,-246.76,41.26,40.55,7.16,32.91,3.53,36.71,17.2
1052900,5371.09,-250.17,-246.72,41.18,40.65,6.29,32.78,3.4,39.58,17.39
1053000,5372.34,-249.75,-247.51,41.18,40.85,6.41,32.84,3.45,34.5,17.79
1053100,5369.84,-247.67,-247.47,41.32,40.45,6.23,32.64,3.26,41.24,17.31
1053200,5369.43,-246.72,-247.43,41.3,40.71,6.31,32.88,3.49,35.74,17.35
1053300,5369.84,-246.8,-247.97,41.26,40.59,6.35,32.79,3.4,34.03,17.87
1053400,5381.91,-251,-246.88,41.32,40.63,6.65,33.11,3.73,36.67,18.02
1053500,5375.25,-249.13,-247.34,41.16,40.49,6.55,32.76,3.38,33.88,17.31
1053600,5368.6,-248.22,-247.05,41.42,40.77,6.25,33.24,3.85,34.65,16.72
1053700,5368.6,-248.55,-247.13,41.42,40.83,6.43,32.91,3.53,38.03,16.92
1053800,5378.58,-250.71,-246.55,41.38,40.67,5.97,33.05,3.67,35.51,17.16
1053900,5381.91,-250.25,-246.93,41.6,40.83,6.15,32.77,3.38,32.52,17.24
1054000,5366.1,-248.05,-247.59,41.3,40.89,6.33,33.13,3.75,37.64,17.24
1054100,5379,-249.55,-247.22,41.16,40.65,6.37,32.69,3.3,37.14,17.2
1054200,5367.35,-250.3,-247.38,41.28,40.63,6.39,33.05,3.67,39.27,16.92
1054300,5373.59,-247.38,-247.67,41.34,40.99,6.27,33,3.61,36.71,16.88
1054400,5381.49,-251.13,-247.09,41.32,40.51,6.37,32.97,3.58,41.12,17.04
1054500,5367.35,-247.97,-247.88,41.24,40.73,6.23,32.74,3.36,40.5,17.35
1054600,5380.25,-250.42,-247.47,41.3,40.77,6.45,33.12,3.73,37.6,16.53
1054700,5386.49,-250.21,-246.93,41.68,40.93,6.09,32.82,3.43,32.83,16.57
1054800,5380.25,-249.42,-247.01,41.58,40.77,6.19,33.34,3.95,35.43,17.51
1054900,5375.67,-249.84,-247.18,41.26,40.63,6.33,32.63,3.24,36.71,16.57
1055000,5368.18,-250.13,-247.8,41.28,40.71,6.25,33,3.61,42.05,17.31
1055100,5383.99,-250.42,-247.09,41.52,40.73,6.59,32.72,3.34,33.1,16.76
1055200,5367.76,-246.68,-247.26,41.16,40.63,6.31,33.07,3.69,41.39,16.76
1055300,5371.09,-248.84,-247.05,41.5,40.69,6.39,32.54,3.15,35.12,17.79
1055400,5379,-249.26,-247.47,41.32,40.67,6.25,32.96,3.57,36.71,17.35
1055500,5373.17,-248.76,-247.63,41.3,40.55,6.19,32.66,3.27,40.39,17.51
1055600,5360.69,-247.22,-247.01,41.3,40.49,6.31,32.97,3.59,43.01,17.51
1055700,5373.17,-250.34,-247.22,41.54,40.81,6.59,32.47,3.08,32.4,17.91
1055800,5372.34,-248.96,-248.01,41.42,40.83,6.39,33.13,3.75,37.87,17.75
1055900,5374.42,-249.13,-247.05,41.34,40.51,6.21,32.81,3.42,38.88,17.43
1056000,5365.27,-248.59,-247.51,41.62,40.61,6.39,33.03,3.65,34.58,17.55
1056100,5368.18,-248.71,-247.97,41.72,40.83,6.53,32.68,3.29,34.23,17.63
1056200,5366.93,-248.71,-247.01,41.46,40.67,6.31,33.13,3.74,36.67,17.16
1056300,5376.08,-248.3,-247.67,41.2,40.67,6.39,32.42,3.03,35.78,17.83
1056400,5366.1,-248.88,-247.63,41.36,40.63,6.29,33.24,3.85,41.74,17.28
1056500,5383.99,-248.67,-247.09,41.34,40.65,6.39,32.72,3.33,37.06,17.55
1056600,5374.42,-250.3,-247.92,41.28,40.55,6.41,33.2,3.82,34.69,17.08
1056700,5366.93,-248.76,-247.01,41.32,40.35,6.11,32.69,3.3,36.59,16.8
1056800,5372.34,-249.92,-247.22,41.22,40.81,6.27,32.9,3.51,40.54,17.63
1056900,5368.6,-249.63,-247.34,41.46,40.47,6.47,32.78,3.39,34.62,17.35
1057000,5374.42,-250.92,-247.76,41.44,40.63,6.39,32.97,3.58,30.1,17.04
1057100,5373.59,-249.8,-248.13,41.32,40.57,6.35,32.86,3.47,33.61,17.75
1057200,5374.84,-250.05,-247.55,41.26,40.69,6.29,33.13,3.74,38.84,17.31
1057300,5376.92,-249.05,-247.43,41.22,40.75,6.21,32.83,3.44,38.07,16.72
1057400,5368.6,-249.01,-247.09,41.24,40.77,6.19,32.9,3.51,32.91,16.76
1057500,5378.58,-248.76,-247.51,41.32,40.79,6.31,32.8,3.41,31.08,17.43
1057600,5375.67,-249.84,-247.3,41.28,40.69,5.79,32.93,3.55,33.72,17.39
1057700,5365.68,-248.13,-247.22,41.22,40.73,6.23,32.84,3.45,36.36,17.16
1057800,5381.91,-248.13,-247.22,41.36,40.77,6.41,32.76,3.38,37.56,17.31
1057900,5375.67,-249.21,-247.05,41.34,40.59,6.01,32.88,3.49,39.58,17.35
1058000,5372.76,-249.46,-247.3,41.38,40.61,5.95,32.89,3.51,33.84,17.71
1058100,5380.66,-248.84,-247.13,41.34,40.65,6.49,33.13,3.74,40.35,17.24
1058200,5369.84,-248.26,-247.59,41.32,40.59,6.39,32.91,3.53,38.18,17.67
1058300,5377.75,-249.3,-247.51,41.32,40.67,6.43,33.17,3.78,37.76,17.83
1058400,5373.59,-249.3,-247.43,41.6,40.63,6.41,33.05,3.66,39.19,17.43
1058500,5372.76,-248.38,-247.34,41.48,40.59,6.35,33.14,3.75,34.81,17.39
1058600,5383.16,-248.55,-247.34,41.24,40.71,6.31,32.99,3.6,33.22,17.55
1058700,5376.5,-248.59,-247.13,41.32,40.67,6.29,33.29,3.9,36.71,17.35
1058800,5364.85,-249.3,-247.63,41.3,40.63,6.21,32.95,3.57,35.78,17.04
1058900,5369.84,-248.34,-246.84,41.26,40.71,5.67,33.05,3.66,34.42,17
1059000,5371.92,-248.88,-247.3,41.4,40.77,6.47,32.85,3.46,41.58,17.59
1059100,5369.01,-249.09,-247.22,41.16,40.77,6.39,33.34,3.95,37.18,17.63
1059200,5369.43,-248.88,-247.34,41.56,40.41,6.31,32.9,3.51,43.2,17.67
1059300,5366.1,-249.84,-247.38,41.36,40.59,6.11,33.18,3.79,35.35,17.08
1059400,5374.84,-248.67,-247.43,41,40.77,6.55,33.23,3.84,33.92,17.51
1059500,5377.33,-248.67,-247.18,41.32,40.59,6.37,33.34,3.96,38.8,17.51
1059600,5371.09,-249.3,-247.3,41.36,40.67,6.21,33.12,3.73,38.45,17.67
1059700,5382.74,-247.76,-247.76,41.16,40.55,6.33,33.41,4.02,37.87,17.39
1059800,5370.26,-249.09,-247.34,41.46,40.65,6.19,32.97,3.59,39,17.63
1059900,5385.24,-247.63,-247.43,41.3,40.59,6.31,33.39,4,35.66,17.95
1060000,5371.51,-249.59,-247.3,41.38,40.77,6.63,32.88,3.49,39.03,16.92
1060100,5376.92,-248.22,-247.34,41.58,40.65,6.17,33.57,4.18,41.85,17.35
1060200,5371.51,-248.47,-247.84,41.34,40.81,6.13,32.93,3.55,34.81,17.91
1060300,5377.33,-249.46,-247.67,41.28,40.85,6.11,33.53,4.15,31.93,17.75
1060400,5365.68,-249.26,-247.22,41.52,40.55,6.17,33.03,3.65,40.39,16.76
1060500,5375.67,-249.8,-247.47,41.12,40.69,6.29,33.49,4.1,37.29,17.2
1060600,5366.1,-248.63,-246.93,41.36,40.79,6.33,33.09,3.71,37.56,17.79
1060700,5378.17,-247.55,-247.47,41.5,40.55,6.35,33.56,4.17,33.26,17.08
1060800,5368.18,-249.38,-247.13,41.28,40.67,6.43,33.16,3.77,37.64,17.99
1060900,5370.26,-249.92,-247.22,41.42,40.67,6.25,33.46,4.07,34.89,16.96
1061000,5379.83,-248.84,-247.3,41.14,40.59,6.45,33.24,3.85,39,17.55
1061100,5381.08,-248.92,-247.38,41.22,40.77,6.45,33.43,4.04,35,17.47
1061200,5373.17,-249.84,-247.18,41.48,40.61,6.19,32.84,3.45,37.02,17.28
1061300,5376.5,-249.46,-247.26,41.28,40.69,6.23,33.59,4.2,34.89,17.12
1061400,5373.59,-248.05,-247.47,41.26,40.71,6.39,33.07,3.68,37.87,17.63
1061500,5375.25,-249.8,-247.01,41.2,40.67,6.29,33.45,4.06,30.65,17.12
1061600,5376.08,-248.92,-247.01,41.04,40.55,6.21,33.18,3.79,39.58,17.2
1061700,5377.75,-249.5,-246.93,41.38,40.69,6.29,33.51,4.12,37.02,17.47
1061800,5376.08,-249.34,-247.13,41.34,40.61,6.49,32.9,3.51,35.9,17.12
1061900,5371.51,-248.92,-247.22,41.28,40.69,6.33,33.46,4.07,36.59,16.84
1062000,5370.68,-248.71,-247.3,41.14,40.53,6.23,33.09,3.71,36.28,17.35
1062100,5381.08,-249.26,-247.22,41.34,40.65,6.87,33.49,4.11,33.49,18.06
1062200,5377.33,-249.13,-247.72,41.46,40.79,6.49,33.1,3.71,41.04,17.04
1062300,5370.26,-249.26,-247.13,41.14,40.53,6.31,33.46,4.07,37.52,17.2
1062400,5367.76,-249.75,-247.55,41.24,40.59,6.31,33.11,3.72,39.81,17.12
1062500,5371.92,-249.17,-247.34,41.36,40.71,6.17,33.35,3.96,36.21,17.28
1062600,5380.66,-249.84,-247.72,41.38,40.63,6.33,33.11,3.72,29.95,18.3
1062700,5380.25,-249.67,-247.34,41.34,40.55,6.57,33.41,4.02,39.65,17.87
1062800,5378.17,-249.34,-247.3,41.32,40.53,6.41,33.09,3.71,40.58,18.54
1062900,5373.59,-249.88,-247.47,41.44,40.57,6.37,33.49,4.1,39.54,17.87
1063000,5366.93,-248.55,-247.05,41.26,40.65,6.43,33.16,3.77,34.69,17.39
1063100,5374.84,-249.42,-247.26,41.36,40.65,6.37,33.36,3.98,36.4,17.83
1063200,5379.83,-248.63,-247.59,41.24,40.69,6.35,32.88,3.49,36.36,17.79
1063300,5374.42,-248.3,-247.67,41.3,40.75,6.19,33.27,3.88,42.97,17.47
1063400,5379.41,-249.75,-247.22,41.5,40.57,6.45,33.19,3.8,36.09,17.67
1063500,5380.25,-248.59,-247.22,41.36,40.75,6.33,33.36,3.97,40.89,17.35
1063600,5381.91,-248.96,-247.88,41.1,40.73,6.23,33.07,3.68,34.15,17.47
1063700,5381.49,-248.88,-247.22,41.36,40.63,6.33,33.45,4.06,41.04,17.87
1063800,5372.76,-248.59,-247.38,41.16,40.79,6.41,33.05,3.66,42.36,17.99
1063900,5368.6,-248.34,-247.18,41.34,40.51,6.15,33.33,3.94,40.31,17.31
1064000,5369.84,-249.26,-247.3,41.34,40.53,6.17,33.03,3.64,39.58,17.67
1064100,5379,-249.21,-247.13,41.24,40.69,6.19,33.34,3.96,36.98,17.59
1064200,5377.33,-248.84,-247.05,41.34,40.71,6.29,33.2,3.82,36.79,17.55
1064300,5369.01,-249.75,-247.13,41.44,40.93,6.27,33.42,4.03,41.04,17.12
1064400,5372.34,-249.09,-247.18,41.34,40.85,6.35,33.15,3.76,38.88,16.45
1064500,5376.5,-248.92,-247.8,41.34,40.49,6.15,33.22,3.83,35.74,17.75
1064600,5381.08,-249.71,-247.34,41.3,40.55,6.43,32.99,3.61,34.65,17.67
1064700,5376.08,-249.63,-247.34,41.32,40.59,6.45,33.18,3.79,45.32,16.8
1064800,5381.91,-249.38,-247.22,41.28,40.65,6.23,33.17,3.78,36.21,17.71
1064900,5378.58,-248.34,-247.76,41.28,40.59,6.13,33.22,3.83,34.65,17.12
1065000,5369.01,-249.5,-247.55,41.4,40.59,6.39,32.87,3.48,34.15,17.16
1065100,5381.49,-249.01,-247.47,41.4,40.55,6.47,33.22,3.83,40.66,17.67
1065200,5372.34,-249.46,-247.26,41.24,40.73,6.55,33.13,3.74,32.71,16.88
1065300,5371.51,-248.59,-247.34,41.42,40.85,6.21,33.28,3.89,46.01,17.71
1065400,5368.18,-248.88,-247.09,41.28,40.85,6.29,33.29,3.9,41.31,17.35
1065500,5370.26,-249.01,-247.34,41.24,40.55,6.23,32.93,3.54,35.63,17.39
1065600,5371.51,-249.38,-247.18,41.42,40.65,6.45,33.02,3.63,30.41,17.55
1065700,5369.84,-249.26,-247.43,41.3,40.91,6.15,33.11,3.72,38.03,17.55
1065800,5371.09,-248.88,-247.63,41.36,40.75,6.11,33.21,3.82,37.25,17.43
1065900,5372.76,-248.34,-247.72,41.38,40.45,6.57,32.99,3.61,39.96,17.31
1066000,5376.5,-248.84,-247.43,41.52,40.81,6.23,33.19,3.8,36.4,17.12
1066100,5373.59,-248.22,-247.26,41.76,40.55,6.45,33.08,3.69,37.14,16.96
1066200,5364.44,-248.13,-247.3,41.44,40.65,6.37,33.01,3.63,36.48,17
1066300,5375.67,-249.5,-247.26,41.3,40.97,6.21,33.05,3.66,40.31,17.55
1066400,5368.6,-250.21,-247.34,41.14,40.67,6.09,33.09,3.7,39.73,17.31
1066500,5370.68,-249.09,-246.97,41.44,41.13,6.33,32.99,3.61,33.49,17
1066600,5376.08,-248.17,-247.63,41.66,40.59,6.19,33.26,3.88,40.27,18.02
1066700,5371.09,-248.22,-247.34,41.42,40.59,6.03,32.98,3.59,31.23,17.08
1066800,5371.92,-248.59,-247.01,41.08,40.71,6.53,32.91,3.53,36.01,17.39
1066900,5376.08,-248.71,-246.97,41.54,40.73,6.15,33.3,3.92,40.85,17.2
1067000,5374,-249.71,-246.97,41.36,40.81,5.97,33.13,3.74,37.33,17.39
1067100,5374,-249.13,-247.18,41.64,40.51,6.25,33.09,3.7,36.52,17.2
1067200,5368.6,-250.34,-247.09,41.28,40.77,6.31,32.89,3.51,46.36,17.28
1067300,5375.25,-248.05,-247.38,41.24,40.81,6.63,32.95,3.57,30.76,16.96
1067400,5377.75,-248.8,-247.26,41.52,40.55,5.85,33.45,4.06,42.86,17.67
1067500,5374.42,-248.38,-247.26,41.48,40.65,6.43,32.92,3.53,37.56,17.59
1067600,5373.59,-249.59,-247.38,41.2,40.75,6.37,33.08,3.69,39.3,17.75
1067700,5375.25,-249.67,-247.51,41.16,40.83,6.43,32.99,3.6,37.8,17.51
1067800,5379.83,-248.88,-247.55,41.18,40.55,6.39,33.07,3.68,37.99,17.12
1067900,5376.92,-249.8,-247.59,41.14,40.67,6.39,32.95,3.57,32.95,17.28
1068000,5374.84,-249.21,-247.09,41.32,40.73,6.07,33.24,3.86,37.25,17.31
1068100,5373.59,-248.47,-247.13,41.42,40.61,6.11,33.13,3.74,42.01,17.28
1068200,5370.26,-249.75,-247.18,41.38,40.91,6.45,33.36,3.98,34.81,16.92
1068300,5371.51,-249.05,-247.09,41.38,40.81,6.55,33.1,3.71,43.05,17.51
1068400,5373.59,-249.26,-247.18,41.4,40.63,6.09,33.3,3.92,36.36,17
1068500,5374.42,-248.76,-247.09,41.48,40.41,6.21,33.02,3.63,31,17.59
1068600,5378.17,-247.8,-247.09,41.38,40.71,6.15,33.03,3.65,39.3,17.87
1068700,5374,-249.01,-247.26,41.44,40.67,6.39,33.06,3.67,36.01,17.47
1068800,5371.51,-250.13,-247.92,41.12,40.55,6.69,33.07,3.68,43.78,17.87
1068900,5369.01,-249.59,-247.55,41.42,40.47,6.27,32.88,3.49,36.25,17.08
1069000,5371.92,-249.21,-247.26,41.28,40.65,6.21,33.07,3.69,42.36,17.35
1069100,5374,-248.05,-247.26,41.5,40.63,6.31,32.8,3.41,39.5,17.75
1069200,5383.99,-247.59,-247.09,41.34,40.81,6.25,33.17,3.78,41.12,18.42
1069300,5373.59,-248.8,-247.88,41.14,40.81,6.53,32.81,3.42,40,16.53
1069400,5378.17,-248.51,-247.13,41.34,40.71,6.15,33.1,3.71,37.14,17.47
1069500,5378.17,-249.55,-247.3,41.48,40.71,6.23,32.79,3.4,41.89,18.06
1069600,5383.99,-247.59,-246.88,41.06,40.65,6.43,33.15,3.76,40.89,17.12
1069700,5371.51,-248.88,-247.76,41.28,40.89,6.59,32.99,3.6,39.96,17.28
1069800,5372.34,-249.13,-247.18,41.28,40.43,6.17,32.91,3.52,44.75,17.87
1069900,5371.92,-249.17,-247.26,41.5,40.47,6.45,32.84,3.45,37.1,16.68
1070000,5379.41,-248.22,-247.3,41.22,40.77,6.55,33.15,3.76,36.32,17.31
1070100,5376.08,-248.42,-247.59,41.64,40.77,6.65,32.8,3.42,38.96,17.47
1070200,5369.43,-249.21,-247.13,41.3,40.77,6.17,33.18,3.79,40.66,17.16
1070300,5374.84,-249.09,-247.3,41.46,40.97,6.19,32.84,3.45,32.56,16.92
1070400,5375.67,-248.76,-247.59,41.54,40.57,6.49,33.28,3.89,36.09,17.67
1070500,5377.75,-247.01,-247.18,41.36,40.57,6.17,32.83,3.44,39.34,17.47
1070600,5372.76,-248.3,-247.13,41.28,40.97,6.43,33,3.61,36.25,16.72
1070700,5369.01,-250.09,-247.13,41.1,40.73,6.01,32.68,3.3,38.34,17.35
1070800,5372.76,-248.17,-247.43,41.12,40.29,6.23,33.3,3.91,31.97,17.55
1070900,5372.76,-249.92,-247.09,41.54,40.83,6.37,32.91,3.52,42.09,17.43
1071000,5373.17,-249.92,-247.18,41.42,40.65,6.49,33.12,3.73,39.46,17.35
1071100,5379.83,-248.22,-247.01,41.48,40.73,6.33,32.96,3.57,39.46,17.47
1071200,5371.92,-250,-247.34,41.5,40.93,6.69,33.01,3.62,39.58,17.51
1071300,5368.18,-249.75,-247.55,41.42,40.71,5.83,32.69,3.3,35.82,17.12
1071400,5368.6,-250.09,-247.55,41.44,40.73,6.55,33.32,3.94,34.5,17
1071500,5368.6,-249.01,-247.97,41.46,40.59,6.33,32.86,3.47,41.16,17.47
1071600,5376.5,-249.09,-246.76,41.22,40.55,6.25,32.93,3.55,42.05,17.31
1071700,5379.83,-248.76,-247.26,41.52,40.51,6.25,33.08,3.69,36.94,17.2
1071800,5377.33,-249.96,-247.8,41.28,40.89,6.35,33.22,3.83,34.54,18.22
1071900,5370.26,-250.75,-247.22,41.62,40.61,6.09,32.89,3.5,37.14,17.2
1072000,5380.25,-248.26,-247.51,41.48,40.63,6.23,32.93,3.55,31.23,17.24
1072100,5376.5,-249.75,-247.76,41.44,40.91,6.31,32.87,3.48,42.12,17.35
1072200,5371.92,-249.21,-247.26,41.28,40.67,6.15,33.13,3.75,43.4,17.2
1072300,5383.99,-250.09,-247.38,41.64,40.51,6.31,33.09,3.7,36.48,16.8
1072400,5370.68,-248.76,-246.88,41.26,40.71,6.53,33.28,3.89,36.83,17.12
1072500,5373.59,-248.42,-247.63,41.12,41.03,5.91,33.02,3.63,38.49,17.67
1072600,5365.27,-248.22,-247.67,41.24,40.65,6.31,33.16,3.77,36.48,17.2
1072700,5384.82,-249.34,-247.47,41.34,40.67,6.21,32.8,3.41,37.06,17.04
1072800,5385.65,-247.59,-247.43,41.3,40.79,6.21,33.1,3.71,42.51,17.2
1072900,5379.83,-248.71,-247.26,41.18,40.77,5.97,32.86,3.47,37.41,17.67
1073000,5381.49,-248.71,-247.01,41.24,40.73,6.57,32.95,3.57,31.39,18.02
1073100,5376.5,-249.17,-247.47,41.32,40.63,6.37,32.96,3.57,39.15,17.47
1073200,5370.26,-247.88,-247.3,41.4,40.77,6.63,33.02,3.63,31.62,17.31
1073300,5385.65,-248.92,-247.13,41.22,40.61,6.13,33.13,3.75,48.28,17.39
1073400,5373.59,-248.67,-246.8,41.52,40.65,6.15,33.29,3.9,35.97,17.43
1073500,5373.17,-247.59,-247.43,41.38,40.59,5.19,33.08,3.69,39.34,17.24
1073600,5378.17,-250.92,-247.43,41.34,40.61,6.45,33.13,3.75,45.28,17.12
1073700,5373.17,-247.55,-247.22,41.4,40.49,5.95,33.15,3.76,40.7,17.12
1073800,5378.17,-250.46,-247.18,41.4,40.61,6.15,33.31,3.92,32.21,16.88
1073900,5371.92,-249.3,-247.26,41.54,40.43,6.49,32.96,3.57,33.92,18.1
1074000,5378.58,-249.84,-246.93,41.18,40.89,6.27,33.17,3.78,37.83,17.35
1074100,5379.41,-249.38,-247.43,41.22,40.61,6.63,32.89,3.51,45.67,16.84
1074200,5369.43,-248.59,-247.3,41.14,40.63,6.49,33.15,3.76,45.25,17.39
1074300,5377.33,-249.63,-247.18,41.28,40.63,6.39,32.71,3.32,42.78,17.28
1074400,5377.33,-247.84,-247.55,41.16,40.71,6.29,33.46,4.07,42.24,17.16
1074500,5377.33,-250.42,-247.13,41.42,40.59,6.25,32.96,3.57,33.68,17.24
1074600,5373.59,-247.38,-247.51,41.34,40.45,6.51,33.38,4,39.23,16.84
1074700,5369.43,-248.3,-247.3,41.38,40.67,6.51,33.15,3.76,34.58,18.06
1074800,5376.08,-249.88,-247.34,41.28,40.87,5.97,32.92,3.53,35.43,17
1074900,5371.51,-247.88,-247.34,41.5,40.63,6.33,32.95,3.56,39.23,18.22
1075000,5376.92,-249.88,-248.3,41.4,40.73,6.17,33.22,3.83,40.7,17.16
1075100,5370.26,-249.55,-246.64,41.6,40.49,6.41,32.9,3.51,39.23,18.5
1075200,5376.5,-248.26,-247.8,41.74,40.61,6.95,33.07,3.68,38.07,17.16
1075300,5380.66,-249.96,-247.34,41.24,41.01,7.64,32.76,3.37,38.72,17.28
1075400,5369.43,-247.84,-247.09,41.34,40.73,7.68,33.05,3.67,36.67,17.04
1075500,5381.08,-248.55,-247.09,41.4,40.83,7.68,32.86,3.47,40.27,17.71
1075600,5379.83,-247.88,-246.93,41.38,40.75,7.7,33.16,3.77,35.94,17.83
1075700,5375.25,-250,-247.51,41.82,40.53,7.66,32.78,3.39,40.27,17.71
1075800,5372.76,-249.05,-247.47,41.5,40.49,7.78,33.55,4.16,38.76,17.79
1075900,5370.26,-247.3,-247.01,41.34,40.49,8.2,33.15,3.76,39.5,17.99
1076000,5368.18,-247.13,-246.59,41.5,40.73,7.84,33.06,3.67,41.66,17.59
1076100,5371.92,-248.3,-246.76,41.6,40.97,7.62,32.78,3.4,38.72,17.39
1076200,5371.51,-249.42,-247.13,41.4,40.57,7.76,33.28,3.89,40.81,17.55
1076300,5369.43,-248.88,-247.3,41.42,40.73,7.76,33.17,3.78,34.89,17.67
1076400,5371.92,-248.92,-247.34,41.48,40.57,7.72,33.44,4.05,37.45,17.75
1076500,5378.17,-249.96,-247.18,41.32,40.87,7.86,32.98,3.59,39.42,17.35
1076600,5367.35,-248.71,-246.97,41.48,40.59,7.84,33.03,3.64,37.52,17.91
1076700,5375.25,-249.55,-246.97,41.5,40.79,7.52,32.95,3.56,42.86,17.63
1076800,5378.17,-248.88,-247.43,41.48,40.89,7.7,33.19,3.8,38.49,17.95
1076900,5374.84,-250.21,-247.05,41.48,40.79,7.6,32.74,3.36,35.28,17.55
1077000,5372.76,-249.96,-247.13,41.32,40.57,7.46,33,3.61,34.58,17.59
1077100,5365.68,-248.92,-247.38,41.76,40.51,7.9,33.18,3.8,39.73,16.64
1077200,5369.01,-250.13,-247.59,41.58,40.79,7.82,33.07,3.69,38.45,17.67
1077300,5374.84,-249.3,-246.68,41.54,40.67,7.7,33.18,3.79,40.46,17.28
1077400,5379.41,-246.76,-247.22,41.54,40.75,7.7,33.09,3.7,35.59,17.47
1077500,5379,-250.38,-247.22,41.38,40.57,7.68,32.93,3.54,40.97,17.35
1077600,5364.02,-248.67,-247.47,41.64,40.75,7.76,33.09,3.71,39.07,17.87
1077700,5384.41,-249.63,-247.51,41.54,40.81,8.04,32.99,3.61,36.83,17.71
1077800,5379.41,-248.38,-247.38,41.3,40.67,7.64,32.89,3.51,39.69,17.35
1077900,5382.74,-248.63,-247.3,41.54,40.95,7.92,33.09,3.71,36.59,17.31
1078000,5376.92,-248.38,-247.55,41.54,40.59,7.52,33.07,3.69,39.92,17.16
1078100,5377.33,-247.76,-247.43,41.68,40.77,7.62,33.01,3.63,44.55,17.51
1078200,5374.84,-249.09,-246.97,41.52,40.71,7.5,33.2,3.81,39.3,17.35
1078300,5379.83,-248.34,-247.09,41.48,40.57,7.72,32.95,3.56,37.29,17.63
1078400,5369.43,-249.96,-247.34,41.82,40.79,7.9,33.2,3.81,40.93,17.2
1078500,5377.33,-249.84,-247.63,41.48,40.65,7.5,33.07,3.68,40.54,17.31
1078600,5365.68,-249.84,-247.01,41.66,40.85,7.86,33.16,3.77,48.55,17.51
1078700,5367.35,-247.8,-247.18,41.58,40.81,7.62,32.88,3.49,36.01,17.39
1078800,5381.08,-248.59,-247.47,41.38,40.59,7.46,32.93,3.54,38.96,17.39
1078900,5380.25,-248.3,-247.59,41.64,40.53,7.78,33.03,3.65,41.85,17.35
1079000,5382.74,-248.13,-247.43,41.6,40.63,7.56,33.05,3.67,42.82,17.51
1079100,5379.41,-247.34,-247.34,41.48,40.67,7.6,32.94,3.55,38.22,17.47
1079200,5372.76,-250.88,-247.38,41.42,40.63,7.86,33.09,3.71,38.42,17.99
1079300,5381.08,-249.71,-247.18,41.62,40.81,7.72,32.99,3.6,35.2,16.96
1079400,5383.57,-248.8,-247.26,41.5,40.45,7.56,32.93,3.55,36.17,17.31
1079500,5374.42,-248.67,-246.88,41.44,40.65,7.92,33.13,3.75,37.06,17.12
1079600,5378.58,-248.22,-247.51,41.48,40.55,7.46,33,3.61,38.53,17.51
1079700,5378.17,-248.13,-247.26,41.46,40.57,7.62,32.84,3.45,35.86,17.39
1079800,5376.92,-248.63,-247.38,41.46,40.69,7.84,33,3.61,36.48,17.04
1079900,5377.33,-250.3,-247.3,41.64,40.81,7.66,33,3.61,43.94,17.55
1080000,5372.76,-247.84,-247.22,41.52,40.79,7.62,33.3,3.91,42.43,17.79
1080100,5381.91,-251.04,-247.47,41.5,40.65,7.78,32.91,3.52,39.65,18.14
1080200,5375.25,-248.96,-246.8,41.66,40.67,7.72,33.21,3.82,43.13,17.47
1080300,5376.5,-249.5,-246.97,41.7,40.89,7.6,33.25,3.86,43.51,17.16
1080400,5379,-247.05,-247.67,41.84,40.79,7.42,33.19,3.8,39.69,17.39
1080500,5381.49,-249.09,-247.3,41.46,40.71,7.78,33.14,3.75,47.44,17.75
1080600,5376.5,-249.63,-247.38,41.62,40.59,7.78,33.07,3.69,33.84,17.51
1080700,5391.48,-250.38,-247.22,41.5,40.81,7.82,33.01,3.62,39.85,17.59
1080800,5377.33,-249.09,-247.38,41.66,40.81,7.62,33.08,3.69,44.59,17.43
1080900,5376.92,-249.26,-247.18,41.54,40.79,7.36,33.1,3.71,41.66,17.43
1081000,5375.67,-249.3,-247.3,41.54,40.65,7.66,33.11,3.72,30.61,17.63
1081100,5376.92,-248.34,-247.59,41.44,40.65,7.82,33,3.61,37.18,17.39
1081200,5381.49,-247.92,-247.43,41.44,40.59,7.84,33.01,3.62,41.31,17.55
1081300,5377.33,-247.63,-247.13,41.42,40.57,7.52,33.01,3.63,39.15,17.63
1081400,5372.34,-250.59,-247.59,41.34,40.73,7.76,32.91,3.53,46.67,17.12
1081500,5373.17,-248.3,-247.84,41.68,40.77,7.74,33.13,3.74,36.98,17
1081600,5381.91,-250.05,-247.38,41.74,40.89,7.62,33.01,3.63,40.81,17.43
1081700,5373.59,-247.8,-247.76,41.52,40.83,7.84,33.04,3.65,36.63,17.04
1081800,5375.25,-248.76,-247.55,41.56,40.89,7.84,32.96,3.57,37.45,16.84
1081900,5380.25,-250.21,-247.3,41.7,40.85,7.72,33.05,3.67,33.68,17.55
1082000,5379.41,-249.42,-247.05,41.42,40.33,7.68,33.1,3.71,38.03,17.47
1082100,5371.92,-248.76,-247.18,41.56,40.85,7.86,33.05,3.66,33.22,17.63
1082200,5377.75,-249.13,-247.84,41.52,40.89,7.86,32.89,3.51,43.32,17.59
1082300,5368.6,-248.8,-247.22,41.52,40.67,7.78,33.08,3.69,42.09,17.2
1082400,5378.17,-250.79,-247.67,41.5,40.73,7.94,32.84,3.45,37.18,18.38
1082500,5378.17,-250.71,-247.72,41.62,40.75,7.88,32.99,3.61,40.16,18.1
1082600,5367.35,-248.01,-247.55,41.72,40.61,7.66,33.05,3.66,43.01,17.39
1082700,5382.33,-249.75,-247.18,41.38,40.43,7.8,32.97,3.59,37.99,17
1082800,5364.02,-248.01,-246.93,41.72,40.77,7.82,32.99,3.6,44.32,18.46
1082900,5378.17,-249.38,-247.84,41.72,40.71,7.72,33.05,3.66,38.72,18.89
1083000,5375.67,-249.21,-247.92,41.66,40.59,7.92,32.88,3.49,35.78,18.46
1083100,5378.58,-248.55,-247.3,41.62,40.79,7.96,32.99,3.61,41.62,18.42
1083200,5380.25,-250.34,-247.47,41.54,40.69,7.96,32.79,3.4,32.6,18.06
1083300,5371.51,-248.59,-247.13,41.58,40.65,8.02,32.93,3.55,35.55,18.77
1083400,5378.17,-250.96,-247.76,41.54,40.83,7.9,32.86,3.47,30.65,18.18
1083500,5380.25,-249.09,-247.8,41.44,40.55,7.78,33.19,3.8,34.69,17.91
1083600,5377.75,-249.09,-247.76,41.48,40.63,7.72,32.98,3.59,37.52,18.26
1083700,5372.34,-248.96,-247.3,41.5,40.75,7.76,33.1,3.71,33.99,17.75
1083800,5383.99,-248.8,-247.34,41.54,40.85,7.9,32.92,3.53,38.53,17.24
1083900,5372.34,-249.59,-247.34,41.42,40.91,7.44,32.97,3.59,39.73,17.16
1084000,5371.51,-248.38,-247.67,41.48,40.61,7.72,32.91,3.52,35.97,17.2
1084100,5371.51,-249.46,-247.26,41.5,40.79,7.58,33.16,3.77,33.76,17.31
1084200,5370.68,-248.63,-247.22,41.54,40.93,7.6,32.87,3.48,36.67,17.59
1084300,5376.08,-250.5,-247.88,41.62,40.51,7.7,32.97,3.58,40.66,17.71
1084400,5379.41,-249.38,-247.63,41.74,40.63,7.84,32.76,3.38,44.59,17.95
1084500,5376.92,-249.38,-247.38,41.48,40.57,7.84,33.09,3.7,45.48,17.79
1084600,5377.75,-248.88,-247.38,41.4,40.75,7.88,32.92,3.53,32.52,17.63
1084700,5376.08,-249.13,-247.34,41.7,40.77,7.64,33.11,3.73,43.44,18.18
1084800,5374.84,-249.34,-247.13,41.54,40.25,8.16,32.86,3.47,41.2,17.47
1084900,5375.25,-249.8,-247.63,41.64,40.81,7.78,33.17,3.78,38.18,17.59
1085000,5381.91,-249.3,-247.47,41.64,40.65,7.62,32.88,3.49,34.42,17.91
1085100,5368.18,-249.01,-247.47,41.62,40.71,7.7,33.05,3.67,40.43,17.63
1085200,5370.26,-249.38,-247.34,41.62,40.57,7.76,32.64,3.26,37.1,18.38
1085300,5373.59,-249.09,-247.26,41.38,40.57,7.9,33.2,3.82,36.44,17.91
1085400,5376.08,-249.05,-247.38,41.52,40.73,7.6,32.83,3.44,31.35,17.31
1085500,5378.17,-248.34,-247.26,41.58,40.73,7.92,33.2,3.82,40.43,17.91
1085600,5374.84,-248.92,-247.05,41.52,40.71,7.8,32.93,3.54,35.86,17.35
1085700,5378.17,-249.55,-247.47,41.5,40.61,7.74,33.24,3.86,40.62,18.14
1085800,5371.09,-249.34,-247.84,41.6,40.55,7.48,32.95,3.57,43.74,17.24
1085900,5371.51,-249.84,-247.43,41.56,40.75,7.74,33.3,3.91,35.16,18.26
1086000,5373.17,-249.05,-247.43,41.54,40.85,8.02,32.93,3.54,39.07,18.14
1086100,5384.41,-247.97,-247.63,41.6,40.79,7.62,33.24,3.85,37.64,17.16
1086200,5370.26,-249.5,-247.18,41.5,40.87,7.98,33.02,3.63,35.35,19.05
1086300,5370.26,-248.8,-247.22,41.6,40.77,7.7,33.28,3.9,41.66,17.63
1086400,5374.42,-248.67,-247.47,41.46,40.63,7.72,32.94,3.55,41.78,17.71
1086500,5377.75,-248.42,-247.18,41.54,40.83,7.66,33.23,3.84,47.48,18.02
1086600,5365.27,-249.42,-247.34,41.56,40.55,7.7,32.88,3.49,37.52,17.43
1086700,5382.33,-248.84,-247.55,41.54,40.53,7.78,33.13,3.75,41.55,17.55
1086800,5375.25,-248.92,-247.26,41.36,40.87,7.9,33.11,3.73,45.71,18.18
1086900,5375.25,-248.67,-247.26,41.7,40.67,7.68,33.14,3.75,44.71,17.99
1087000,5379.41,-248.63,-247.72,41.3,40.73,7.92,32.93,3.55,35.28,17.87
1087100,5370.68,-248.71,-247.3,41.52,40.89,8.02,33.38,4,43.4,17.47
1087200,5376.5,-248.26,-247.43,41.46,40.57,7.66,33.05,3.67,42.78,17.63
1087300,5371.09,-249.5,-247.3,41.62,40.67,7.76,33.18,3.8,36.59,17.87
1087400,5376.5,-248.71,-247.05,41.48,40.79,8.24,33.01,3.63,33.33,17.16
1087500,5369.01,-249.42,-246.55,41.44,40.75,7.92,33.3,3.92,42.74,17.04
1087600,5369.43,-248.3,-247.18,41.54,40.65,7.58,32.87,3.48,35.43,17.87
1087700,5372.34,-247.92,-247.26,41.64,40.75,7.8,33.26,3.88,38.84,18.02
1087800,5371.51,-248.88,-247.43,41.5,40.71,7.72,33.2,3.82,39.07,17.99
1087900,5374.84,-248.71,-247.26,41.38,40.77,7.76,33.35,3.96,37.95,17.79
1088000,5378.58,-250,-247.05,41.56,40.55,7.72,33.17,3.78,45.4,17.67
1088100,5378.17,-248.17,-247.09,41.42,40.75,7.84,33.32,3.94,38.69,17.91
1088200,5374.42,-248.13,-246.84,41.42,40.63,7.56,33.15,3.76,35.86,17.95
1088300,5377.75,-248.71,-247.47,41.58,40.71,7.84,33.29,3.9,39.03,18.97
1088400,5378.17,-249.71,-247.05,41.44,40.43,7.98,33.22,3.83,32.36,17.24
1088500,5372.34,-248.26,-247.43,41.6,40.81,7.72,33.27,3.88,34.97,17.95
1088600,5375.67,-249.26,-247.26,41.34,40.57,7.68,33.03,3.64,37.76,17.24
1088700,5373.59,-249.8,-247.18,41.44,40.55,7.72,33.26,3.87,35.43,17.31
1088800,5374,-248.59,-247.55,41.58,40.81,7.78,33.12,3.73,43.17,18.58
1088900,5372.76,-248.71,-247.34,41.64,40.85,8.5,33.17,3.78,40.46,18.5
1089000,5374.42,-249.92,-247.63,41.74,40.67,7.58,33.29,3.9,35.7,17.79
1089100,5374.42,-249.01,-247.3,41.4,40.59,7.68,33.37,3.98,35.2,17.87
1089200,5379.41,-248.42,-247.76,41.26,40.53,7.72,33.26,3.87,44.63,17.55
1089300,5376.5,-248.38,-247.67,41.6,40.61,7.7,33.25,3.86,37.72,17.59
1089400,5372.76,-248.67,-247.09,41.44,40.79,7.62,33.26,3.87,36.9,18.54
1089500,5366.52,-249.26,-247.43,41.44,40.59,7.72,33.39,4,38.72,18.65
1089600,5374,-248.17,-247.38,41.48,40.63,7.76,33.15,3.76,36.09,17.95
1089700,5379.83,-249.67,-247.26,41.66,40.65,7.66,33.15,3.76,38.34,18.18
1089800,5371.51,-248.88,-247.13,41.66,40.97,7.88,33.43,4.04,37.83,18.22
1089900,5377.75,-249.34,-247.38,41.7,40.69,7.72,33.28,3.89,40,18.06
1090000,5374,-248.13,-247.09,41.66,40.85,7.94,33.36,3.98,43.17,17.31
1090100,5375.67,-250.17,-247.18,41.6,40.79,7.86,33.38,3.99,40.19,17.79
1090200,5379.41,-249.26,-247.13,41.46,40.43,7.78,33.31,3.92,41.35,17.63
1090300,5374.84,-248.84,-247.47,41.52,40.71,7.62,33.05,3.67,42.51,17.59
1090400,5379.83,-249.17,-247.63,41.52,40.81,7.8,33.46,4.07,41.12,18.02
1090500,5376.08,-249.67,-247.18,41.44,40.59,7.66,33.17,3.78,29.75,17.71
1090600,5380.25,-249.05,-247.26,41.72,40.77,7.8,33.42,4.03,37.02,17.67
1090700,5373.17,-248.92,-247.34,41.68,40.79,7.92,33.34,3.96,44.94,17.87
1090800,5368.18,-248.38,-247.8,41.42,40.75,7.62,33.33,3.94,38.03,17.79
1090900,5369.01,-249.46,-247.01,41.5,40.71,7.74,33.16,3.77,39.88,17.67
1091000,5372.34,-250.92,-247.13,41.64,40.53,7.9,33.36,3.98,33.57,18.06
1091100,5374.42,-249.3,-247.67,41.7,41.05,7.62,33.31,3.92,35.2,17.95
1091200,5379.41,-248.71,-247.67,41.42,40.99,7.58,33.49,4.1,39.03,17.55
1091300,5380.66,-248.34,-247.76,41.58,40.93,7.62,33.22,3.83,39.07,17.39
1091400,5373.17,-248.88,-247.76,41.72,40.65,7.68,33.51,4.13,39.38,17.16
1091500,5376.5,-249.21,-247.22,41.68,40.61,7.72,33.25,3.86,35.51,17.31
1091600,5370.68,-248.55,-247.3,41.54,40.95,7.74,33.39,4,42.24,17.35
1091700,5378.17,-249.26,-247.3,41.32,40.81,7.4,33.05,3.66,41.12,18.3
1091800,5376.5,-248.76,-247.22,41.48,40.55,7.76,33.27,3.88,41.74,18.5
1091900,5374,-249.05,-247.34,41.6,40.65,7.8,33.1,3.71,38.72,18.22
1092000,5371.51,-248.55,-247.72,41.62,40.67,7.76,33.49,4.11,36.09,17.35
1092100,5369.84,-249.59,-247.01,41.4,40.65,7.8,33.03,3.64,42.93,17.59
1092200,5379.83,-249.42,-247.51,41.66,40.81,7.56,33.47,4.09,36.56,17.67
1092300,5371.51,-248.22,-247.38,41.44,40.69,7.86,33.17,3.78,36.13,17.39
1092400,5367.35,-247.47,-247.05,41.44,40.63,7.86,33.28,3.9,37.14,17.71
1092500,5367.35,-248.09,-247.43,41.44,40.79,7.98,32.97,3.59,39.73,18.26
1092600,5369.84,-247.51,-247.67,41.56,40.69,7.9,33.24,3.86,39.77,18.46
1092700,5383.16,-249.84,-247.67,41.64,40.57,7.68,33.26,3.88,42.51,18.18
1092800,5376.92,-249.42,-247.22,41.7,40.59,7.72,33.59,4.2,44.36,18.46
1092900,5378.58,-249.17,-247.22,41.62,40.65,7.86,33.03,3.64,34.19,18.26
1093000,5376.92,-248.55,-247.34,41.68,40.61,7.6,33.58,4.19,42.24,18.42
1093100,5376.92,-249.17,-247.43,41.46,40.47,7.64,33.16,3.77,43.13,18.14
1093200,5375.25,-248.76,-247.51,41.52,40.89,7.86,33.27,3.88,41.89,17.71
1093300,5374.42,-248.09,-247.43,41.36,40.83,7.84,32.98,3.59,37.14,17.43
1093400,5381.91,-249.26,-247.72,41.4,40.69,7.9,33.09,3.7,35.28,18.02
1093500,5374.42,-249.5,-247.92,41.26,40.73,7.94,32.78,3.4,36.09,18.38
1093600,5367.76,-249.05,-247.01,41.56,40.75,7.78,33.24,3.85,35.9,17.43
1093700,5374.42,-248.3,-247.72,41.46,40.51,7.84,32.92,3.53,39.15,17.55
1093800,5372.76,-248.88,-247.34,41.54,40.67,7.42,33.21,3.82,38.96,18.58
1093900,5373.59,-249.34,-247.26,41.58,40.63,7.68,32.93,3.55,37.68,17.79
1094000,5372.76,-248.71,-247.01,41.5,40.91,7.68,33.16,3.77,41.28,17.12
1094100,5379.41,-248.09,-247.43,41.36,41.11,7.78,32.98,3.59,31.97,17.47
1094200,5375.67,-249.71,-247.67,41.3,40.99,7.92,33.17,3.78,36.32,17.75
1094300,5383.99,-248.88,-247.13,41.32,40.81,7.74,32.92,3.53,41.82,19.17
1094400,5378.58,-248.13,-247.22,41.74,40.47,7.54,33.09,3.71,44.44,18.06
1094500,5374.84,-249.3,-247.59,41.58,40.63,7.9,33,3.61,39.46,18.02
1094600,5368.6,-249.26,-247.26,41.52,40.61,7.78,33.3,3.91,31.93,17.87
1094700,5371.09,-249.21,-247.05,41.6,40.69,7.62,33.19,3.8,37.56,17.95
1094800,5380.25,-247.55,-247.3,41.46,39.85,6.19,33.09,3.7,40.62,17.83
1094900,5377.75,-249.05,-247.55,41.58,39.53,6.31,32.84,3.45,44.01,17.24
1095000,5377.75,-249.96,-247.84,41.48,39.69,6.29,32.93,3.54,44.59,17.35
1095100,5372.34,-249.17,-247.05,41.3,39.49,6.09,33.01,3.62,42.66,17.39
1095200,5369.01,-249.17,-246.97,41.42,39.53,5.85,32.7,3.32,39.11,18.06
1095300,5376.08,-249.21,-247.63,41.7,39.65,6.17,33.29,3.9,40.81,18.3
1095400,5386.49,-247.84,-247.18,41.52,39.55,6.03,32.85,3.46,39.81,17.31
1095500,5380.66,-248.84,-247.38,41.74,39.53,5.95,32.92,3.53,40.54,17.67
1095600,5371.51,-248.92,-247.97,41.74,39.71,6.39,32.99,3.61,41.51,17.75
1095700,5372.34,-249.26,-247.72,41.52,39.63,6.05,33.07,3.68,40.7,17.51
1095800,5375.67,-250.09,-247.38,41.8,39.67,5.91,32.84,3.45,37.33,18.1
1095900,5378.17,-247.8,-247.51,41.48,39.81,6.45,33.2,3.81,40.27,17.43
1096000,5374.42,-250.09,-247.13,41.38,39.63,5.81,32.75,3.36,46.94,18.18
1096100,5372.34,-248.92,-247.05,42.06,39.63,5.77,32.86,3.47,42.74,18.38
1096200,5381.91,-248.34,-247.67,41.54,39.57,5.73,32.88,3.49,37.95,17.99
1096300,5376.08,-248.3,-247.47,41.52,39.39,5.81,32.94,3.55,42.05,17.87
1096400,5375.67,-247.63,-247.09,41.54,39.49,6.13,32.95,3.57,40.93,18.06
1096500,5384.82,-247.59,-247.43,41.56,39.63,5.93,33.11,3.72,43.36,18.06
1096600,5365.27,-248.38,-246.47,41.56,39.73,6.01,32.83,3.44,35.66,17.24
1096700,5370.68,-250.3,-247.8,41.76,39.51,6.19,32.98,3.59,45.28,18.34
1096800,5372.76,-248.05,-247.34,41.74,39.67,6.23,32.93,3.54,43.13,18.38
1096900,5374.42,-249.75,-247.51,41.58,39.59,6.09,33.08,3.69,34.97,17.91
1097000,5375.25,-247.72,-247.8,41.66,39.77,6.17,32.7,3.31,41.12,18.38
1097100,5376.5,-249.05,-247.22,41.44,39.51,6.05,32.95,3.56,42.9,17.51
1097200,5373.17,-248.8,-247.47,41.84,39.69,6.09,32.9,3.51,37.1,17.24
1097300,5374.42,-250.21,-247.26,41.8,39.87,6.09,33.18,3.79,36.94,17.71
1097400,5372.34,-250.59,-247.51,41.98,39.65,5.93,32.86,3.47,41.62,18.14
1097500,5373.59,-250.09,-247.13,41.38,39.91,6.25,33.1,3.71,35.39,18.02
1097600,5371.92,-248.3,-247.38,41.48,39.61,6.15,32.91,3.53,36.56,18.54
1097700,5376.92,-249.96,-247.59,41.54,39.75,6.23,33.14,3.75,40.73,18.1
1097800,5374,-248.22,-247.76,41.86,39.65,6.19,32.89,3.5,38.07,17.12
1097900,5374,-250.67,-247.34,41.76,39.55,6.13,32.89,3.5,37.95,17.87
1098000,5376.08,-249.84,-247.43,41.8,39.45,6.27,32.56,3.17,36.13,18.06
1098100,5371.92,-247.8,-248.01,41.72,39.51,6.15,33.18,3.79,43.67,17.71
1098200,5376.5,-249.17,-247.34,41.46,39.81,6.29,32.85,3.46,39.34,18.18
1098300,5381.91,-249.96,-247.8,41.72,39.71,6.07,32.84,3.45,36.98,18.02
1098400,5376.08,-250.46,-247.09,41.58,39.71,6.33,32.71,3.32,38.11,17.39
1098500,5374.42,-248.76,-247.8,41.84,39.39,6.37,32.82,3.43,36.9,17.99
1098600,5371.09,-248.63,-247.76,41.42,39.49,6.39,32.9,3.51,38.49,16.92
1098700,5376.92,-250.09,-246.68,41.42,39.65,6.11,33.11,3.73,40.81,17.28
1098800,5374,-251.04,-246.72,41.64,39.55,6.05,32.76,3.38,36.21,18.06
1098900,5375.67,-247.09,-247.55,41.7,39.95,5.83,33.09,3.7,35.97,17.47
1099000,5376.08,-250.5,-247.09,41.54,39.47,6.15,32.91,3.52,39.77,17.43
1099100,5367.35,-247.18,-247.59,41.5,39.63,6.07,33.2,3.81,44.82,17.91
1099200,5381.08,-250.67,-247.51,41.98,39.53,6.09,32.68,3.29,44.63,17.47
1099300,5372.34,-248.67,-247.84,41.76,39.57,6.23,32.81,3.42,42.2,18.26
1099400,5379,-251,-247.22,41.42,39.63,6.05,33.23,3.84,37.25,17.51
1099500,5372.76,-248.42,-247.47,41.62,39.79,5.89,32.76,3.37,40.43,17.75
1099600,5372.34,-249.67,-247.18,41.56,39.65,6.17,33.05,3.67,39.42,17.87
1099700,5375.25,-249.8,-247.13,41.58,39.63,6.01,32.91,3.53,35.7,18.26
1099800,5378.58,-249.26,-247.59,41.62,39.71,5.93,32.61,3.22,35.43,18.62
1099900,5368.18,-248.22,-247.88,41.46,39.99,5.95,33.05,3.67,31.47,18.62
1100000,965.69,-259.7,-259.49,41.64,39.95,5.95,32.6,3.21,32.36,18.42
1100100,787.62,-258.74,-259.9,41.56,39.95,6.11,33.12,3.73,33.18,17.99
1100200,721.89,-258.66,-259.82,41.62,39.59,5.19,33.26,3.87,41.97,17.99
1100300,673.63,-259.57,-259.53,41.6,39.45,6.23,32.76,3.38,32.24,18.62
1100400,654.49,-260.9,-259.36,41.48,39.95,6.13,32.99,3.6,39.65,18.73
1100500,627.03,-258.03,-259.7,41.46,39.73,6.05,33.04,3.65,43.71,18.38
1100600,615.38,-261.03,-258.99,41.44,39.73,6.21,32.91,3.52,41.24,18.54
1100700,585.43,-259.49,-258.9,41.44,39.51,5.97,32.99,3.61,37.02,17.99
1100800,584.18,-260.15,-258.7,41.36,39.65,5.83,32.83,3.44,42.28,17.99
1100900,568.37,-260.19,-259.7,41.48,39.89,5.97,32.88,3.49,37.68,17.47
1101000,544.66,-259.11,-259.61,41.62,39.67,6.19,33.26,3.88,34.31,17.51
1101100,545.07,-259.4,-259.36,41.42,39.65,6.15,33.11,3.73,40.08,17.67
1101200,542.16,-261.23,-259.32,41.66,39.53,5.93,32.92,3.53,46.13,17.87
1101300,520.53,-257.74,-259.11,41.56,39.89,6.07,33.12,3.73,46.17,17.43
1101400,535.92,-260.36,-258.41,41.54,39.59,5.93,33.16,3.77,32.01,17.83
1101500,525.52,-259.99,-259.7,41.86,39.63,6.03,32.93,3.55,39.11,18.18
1101600,525.94,-260.9,-259.24,41.66,39.67,6.13,33.15,3.76,44.05,18.3
1101700,519.28,-260.03,-259.2,41.42,39.87,6.23,33.1,3.71,39.69,18.34
1101800,535.92,-259.32,-259.45,41.88,39.49,5.85,32.91,3.53,34.97,18.93
1101900,509.3,-258.11,-258.99,41.38,39.93,6.37,33.08,3.69,40.54,18.26
1102000,517.62,-260.07,-259.61,41.92,39.69,6.11,33.18,3.8,46.98,18.42
1102100,522.19,-259.61,-259.94,41.48,39.51,6.33,33.05,3.66,45.44,18.42
1102200,516.78,-259.07,-259.24,41.68,39.61,5.89,33.24,3.85,39.65,18.18
1102300,503.06,-260.98,-259.2,41.62,39.57,5.87,33.17,3.78,37.25,18.02
1102400,512.62,-261.4,-259.36,41.84,39.67,6.13,33.19,3.8,41.85,17.63
1102500,508.88,-261.61,-259.7,41.6,39.75,6.17,32.93,3.55,40.73,18.26
1102600,505.97,-258.41,-260.03,41.74,39.81,5.99,33.12,3.73,36.67,18.22
1102700,496.4,-260.61,-259.49,41.46,39.63,6.41,33.12,3.73,39.58,18.14
1102800,496.81,-258.7,-259.36,41.5,39.71,6.01,33.15,3.76,39.11,17.79
1102900,503.89,-259.57,-259.24,41.56,39.49,5.97,33.03,3.64,37.8,17.91
1103000,481.84,-260.94,-258.7,41.44,39.53,6.27,33.17,3.78,37.18,18.02
1103100,487.66,-257.66,-258.99,41.5,39.85,6.13,33.03,3.65,33.76,18.26
1103200,481.84,-260.11,-259.7,41.5,39.63,6.21,33.35,3.96,41.16,17.47
1103300,495.15,-259.7,-258.95,41.52,39.73,6.21,32.88,3.49,35.9,18.14
1103400,484.75,-257.74,-259.15,41.56,39.61,5.93,33.04,3.65,30.65,17.83
1103500,486.41,-256.45,-259.4,41.56,39.63,5.89,33.06,3.67,40.08,18.89
1103600,490.57,-258.32,-259.11,41.58,39.53,6.19,33.02,3.63,40.08,18.5
1103700,482.67,-258.57,-259.99,41.84,39.79,5.87,33.04,3.65,37.91,18.02
1103800,486,-260.57,-259.15,41.4,39.75,5.75,32.95,3.56,32.95,17.43
1103900,477.26,-259.36,-259.53,41.6,39.93,6.23,33.49,4.1,39.27,17.99
1104000,486.83,-259.11,-259.78,41.82,39.61,6.11,33.03,3.64,42.97,18.34
1104100,475.6,-259.61,-259.36,41.72,39.83,6.15,33.26,3.87,40.46,18.3
1104200,473.1,-259.4,-259.32,41.78,39.77,6.11,33.13,3.74,34.07,17.71
1104300,470.6,-260.24,-259.36,41.44,39.65,6.23,33.28,3.89,38.34,19.09
1104400,483.5,-260.69,-259.32,41.56,39.65,6.59,33.36,3.98,39.5,19.32
1104500,460.2,-259.57,-259.03,41.54,39.45,5.83,33.2,3.81,30.14,19.05
1104600,473.1,-259.57,-259.74,41.44,39.81,6.05,32.98,3.59,43.44,18.46
1104700,475.6,-260.9,-259.57,42,39.61,6.17,33.6,4.21,45.32,17.59
1104800,469.77,-260.24,-259.9,41.58,39.69,6.05,33.07,3.69,33.06,18.42
1104900,473.93,-260.65,-259.2,41.52,39.55,6.13,33.33,3.94,37.41,18.3
1105000,474.35,-257.91,-258.95,41.68,39.59,5.89,33.13,3.74,36.28,17.59
1105100,467.69,-261.32,-259.15,41.74,39.57,6.09,33.47,4.09,35.51,17.83
1105200,468.94,-258.57,-259.57,41.6,39.69,5.99,33.18,3.79,45.59,17.43
1105300,460.2,-260.36,-259.24,41.6,39.95,6.07,33.24,3.85,40.31,17.2
1105400,472.68,-258.61,-259.74,41.52,39.79,6.15,33,3.61,54.18,18.18
1105500,464.36,-261.98,-258.7,41.54,39.71,6.03,33.36,3.97,52.54,18.18
1105600,459.79,-261.69,-259.36,41.82,39.97,6.03,33.08,3.69,44.86,17.71
1105700,464.36,-262.15,-259.4,41.46,39.65,6.03,33.01,3.63,28.58,18.42
1105800,467.28,-259.86,-259.03,41.64,39.81,6.25,33.13,3.75,36.32,18.1
1105900,448.55,-260.82,-259.32,41.62,39.71,5.89,33.23,3.84,25.53,17.35
1106000,456.88,-258.95,-259.9,41.58,39.67,6.45,33.04,3.65,29.87,17.79
1106100,456.04,-259.61,-260.11,41.44,39.57,6.33,33.38,3.99,37.33,18.77
1106200,448.97,-259.2,-259.24,41.82,39.77,6.05,33.08,3.69,30.96,18.3
1106300,455.63,-258.49,-259.86,41.76,39.85,6.09,33.11,3.73,29.6,17.71
1106400,457.29,-257.57,-259.28,41.64,39.87,5.89,32.97,3.58,38.92,18.22
1106500,449.39,-258.95,-258.95,41.64,39.87,6.11,33.3,3.92,41.12,17.79
1106600,454.38,-258.49,-259.86,41.56,39.45,6.09,32.8,3.42,40.62,17.95
1106700,454.8,-259.11,-259.78,41.6,39.45,5.93,32.97,3.59,40.89,17.95
1106800,457.71,-261.11,-259.45,41.48,39.57,5.91,32.85,3.46,45.28,17.35
1106900,452.71,-260.03,-259.2,41.44,39.65,6.15,32.93,3.55,36.4,17.83
1107000,463.53,-260.73,-258.99,41.56,39.73,6.17,32.88,3.49,31.23,17.75
1107100,443.15,-258.86,-259.57,41.66,39.67,6.09,33.01,3.62,34.46,18.46
1107200,443.98,-260.73,-258.95,41.6,39.73,6.03,32.97,3.58,40.7,18.38
1107300,435.24,-259.11,-259.94,41.44,39.61,6.25,33.03,3.64,43.32,17.31
1107400,448.55,-259.65,-258.57,40.76,39.49,5.87,33.06,3.67,39.27,17.71
1107500,452.71,-260.98,-258.82,41.52,38.94,6.05,32.88,3.49,39.11,17.91
1107600,451.47,-259.82,-259.07,41.66,39.81,6.25,33.03,3.64,35.39,17.63
1107700,436.91,-258.24,-259.28,41.56,39.47,5.99,32.87,3.48,37.76,17.59
1107800,449.39,-261.23,-258.66,41.58,39.47,6.15,32.76,3.38,38.34,17.95
1107900,440.23,-258.36,-259.15,41.74,39.51,6.01,32.91,3.52,34.19,18.62
1108000,441.9,-259.99,-259.65,41.84,39.75,6.41,32.85,3.46,35.04,18.73
1108100,433.99,-259.24,-260.57,41.74,39.65,6.33,32.71,3.32,44.59,17.47
1108200,441.48,-261.03,-258.99,41.58,39.71,6.01,32.93,3.55,45.59,17.99
1108300,444.81,-259.7,-259.45,41.58,39.77,6.19,32.83,3.44,34.58,18.02
1108400,453.13,-260.57,-259.4,41.74,39.57,5.93,33.16,3.77,37.18,17.71
1108500,441.07,-260.44,-258.95,41.76,39.49,5.89,32.79,3.4,42.43,17.28
1108600,446.06,-260.78,-258.7,41.5,39.45,5.83,33.22,3.84,51.62,17.59
1108700,441.48,-261.36,-258.74,41.54,39.63,6.17,32.86,3.47,46.94,17.79
1108800,432.75,-258.86,-259.36,41.58,39.53,6.09,33.06,3.67,34.62,18.46
1108900,446.47,-260.57,-259.07,41.56,39.67,6.15,32.78,3.4,37.68,18.42
1109000,426.5,-258.03,-259.24,41.68,39.85,6.27,32.93,3.54,38.76,18.02
1109100,450.22,-261.23,-258.86,41.48,39.59,5.95,32.84,3.45,38.07,18.42
1109200,433.58,-259.99,-259.4,41.52,39.47,5.83,33.09,3.7,41.39,17.99
1109300,437.32,-259.99,-259.32,41.58,39.73,5.97,32.84,3.45,39.46,18.1
1109400,433.58,-260.36,-259.57,41.6,39.71,6.11,32.97,3.59,36.17,19.29
1109500,439.82,-260.94,-258.86,41.64,39.69,6.17,32.76,3.37,43.4,18.62
1109600,440.23,-259.28,-259.65,41.6,39.57,6.01,32.97,3.58,44.78,17.91
1109700,433.16,-260.73,-259.32,41.64,39.69,6.01,32.73,3.34,36.4,18.34
1109800,421.1,-259.49,-259.11,41.66,39.59,6.05,32.91,3.52,34.73,18.58
1109900,439.82,-261.9,-259.86,41.66,39.57,6.29,32.8,3.42,41.62,17.75
1110000,425.67,-259.32,-259.36,41.6,39.63,5.79,32.88,3.49,31.27,17.63
1110100,432.75,-259.7,-259.9,41.68,39.77,6.05,32.93,3.55,35.35,18.02
1110200,431.5,-259.49,-259.61,41.76,39.67,6.09,33.01,3.62,30.3,18.02
1110300,428.58,-260.98,-259.07,41.8,39.63,6.07,32.91,3.53,42.09,18.22
1110400,437.32,-258.28,-259.45,41.82,39.63,6.05,32.91,3.52,49.55,18.1
1110500,430.25,-259.11,-258.95,41.52,39.67,6.19,33.04,3.65,44.21,17.71
1110600,432.75,-259.36,-259.2,41.6,39.79,6.03,32.93,3.55,38.72,17.55
1110700,425.26,-260.03,-259.11,41.6,39.75,6.13,33.01,3.62,27.45,17.08
1110800,421.93,-259.9,-259.49,41.58,39.75,6.11,32.96,3.57,32.56,17.31
1110900,419.02,-259.82,-259.32,41.72,39.65,6.07,33.13,3.74,24.51,17.87
1111000,417.77,-260.19,-259.4,41.66,39.59,6.19,33.05,3.66,42.47,18.77
1111100,436.49,-258.32,-259.32,41.66,39.77,6.23,33.15,3.76,29.95,18.34
1111200,428.17,-259.36,-259.32,41.58,39.45,6.03,32.97,3.58,34.58,18.18
1111300,419.85,-259.28,-258.86,41.66,39.51,6.13,33.21,3.82,41.2,18.22
1111400,411.11,-260.82,-258.9,41.7,39.75,6.53,32.92,3.53,43.36,18.5
1111500,423.59,-259.7,-259.2,41.66,39.69,6.21,33.1,3.71,40.77,18.77
1111600,436.07,-260.03,-258.78,41.42,39.67,6.25,32.96,3.57,37.56,18.54
1111700,590.84,-259.36,-258.9,41.74,39.69,6.07,33.34,3.96,36.98,18.77
1111800,428.58,-259.36,-259.2,41.52,39.75,6.03,32.99,3.6,45.28,18.14
1111900,423.59,-259.86,-259.36,41.7,39.51,5.97,33.13,3.75,41.31,18.34
1112000,430.25,-259.7,-259.07,41.6,39.81,6.29,33.12,3.73,39.5,18.38
1112100,419.43,-260.69,-259.03,41.6,39.65,6.05,33.17,3.78,29.28,17.79
1112200,424.42,-259.24,-259.57,41.34,39.71,6.01,33.08,3.69,43.13,18.02
1112300,420.68,-258.95,-259.15,41.72,39.67,6.49,33.24,3.85,31,18.38
1112400,426.5,-260.24,-259.57,41.62,39.67,5.83,33.03,3.65,36.4,17.79
1112500,414.86,-259.94,-259.53,41.68,39.73,6.03,33.3,3.91,28.5,17.91
1112600,421.1,-259.65,-259.74,41.62,39.61,5.93,33.07,3.68,39.92,17.87
1112700,422.76,-260.07,-259.49,41.66,39.69,6.17,33.34,3.96,44.21,18.26
1112800,426.09,-260.32,-259.53,41.48,39.57,5.95,33.07,3.69,33.06,17.63
1112900,417.35,-259.36,-259.49,41.7,39.55,6.17,33.2,3.81,40.93,18.18
1113000,421.1,-259.24,-259.65,41.56,39.75,6.15,33.15,3.76,38.03,18.1
1113100,419.02,-259.9,-259.61,41.36,39.71,5.07,33.26,3.87,40.97,18.3
1113200,411.53,-259.49,-258.74,41.68,39.73,5.97,33.37,3.98,38.38,17.63
1113300,414.02,-258.49,-259.94,41.66,39.81,6.15,33.16,3.77,37.06,17.71
1113400,419.43,-260.15,-259.4,41.68,39.65,6.11,33.3,3.91,42.12,17.95
1113500,413.61,-259.78,-259.45,41.5,39.79,6.39,33.17,3.78,32.01,19.01
1113600,417.77,-259.11,-259.61,41.38,39.73,6.15,33.31,3.92,31.86,18.38
1113700,417.35,-259.99,-259.15,41.66,39.57,5.99,33.23,3.84,28.5,17.55
1113800,420.26,-260.53,-259.15,41.6,39.45,6.27,33.42,4.03,31.82,17.95
1113900,411.94,-259.74,-259.74,41.54,39.47,6.21,33.17,3.78,28.81,17.87
1114000,417.77,-259.2,-259.49,41.66,39.61,6.21,33.38,3.99,35.12,17.71
1114100,412.36,-259.32,-259.24,41.5,39.61,5.93,33.18,3.79,32.44,17.28
1114200,410.28,-259.11,-259.49,41.7,39.53,6.05,33.43,4.04,37.29,18.18
1114300,411.94,-259.24,-259.24,41.7,39.61,6.13,33.1,3.71,34.58,17.08
1114400,413.61,-259.53,-259.11,41.38,39.65,6.19,33.5,4.11,40.43,18.18
1114500,411.11,-259.45,-259.53,41.58,39.67,6.33,33.05,3.67,41.58,18.1
1114600,415.69,-259.74,-259.4,41.56,39.59,6.13,33.39,4,39.42,18.46
1114700,412.78,-259.2,-259.57,41.62,39.53,5.91,32.98,3.59,36.01,17.75
1114800,413.61,-259.61,-259.49,41.48,39.75,6.29,33.3,3.91,25.45,17.47
1114900,406.53,-259.65,-259.15,41.56,39.65,6.07,33.06,3.67,40.62,17.87
1115000,410.28,-259.94,-259.28,41.58,39.63,6.13,33.31,3.92,39,18.3
1115100,406.95,-259.7,-259.07,41.54,39.31,6.23,32.93,3.54,42.12,17.43
1115200,412.36,-259.61,-259.2,41.68,39.75,6.01,33.24,3.86,51.77,17.83
1115300,403.21,-259.24,-259.53,41.52,39.65,6.17,33,3.61,30.73,17.87
1115400,409.45,-258.61,-258.53,41.54,39.53,6.15,33.37,3.98,27.64,18.06
1115500,407.78,-259.24,-259.36,41.76,39.77,6.19,32.89,3.51,43.4,18.14
1115600,402.79,-259.49,-259.57,41.82,39.71,6.11,33.07,3.68,42.51,18.62
1115700,409.45,-259.45,-259.7,41.6,39.63,5.99,32.79,3.4,43.28,18.77
1115800,411.53,-260.69,-259.28,41.56,39.61,5.91,33.18,3.79,45.75,17.91
1115900,415.69,-259.03,-259.4,41.56,39.71,6.19,33.03,3.65,38.76,18.77
1116000,409.45,-260.15,-259.74,41.58,39.65,6.05,33.17,3.78,41.08,18.42
1116100,408.2,-259.7,-258.9,41.76,39.75,5.87,32.93,3.54,49.74,17.55
1116200,405.7,-259.11,-258.78,41.68,39.83,5.99,33.07,3.69,33.57,18.77
1116300,407.78,-259.9,-259.2,41.62,39.55,5.75,32.77,3.38,42.43,17.59
1116400,403.21,-259.45,-259.7,41.68,39.77,6.15,33.07,3.68,46.13,17.95
1116500,405.29,-259.36,-259.15,41.54,39.69,6.15,32.97,3.59,47.78,18.1
1116600,401.54,-259.61,-259.57,41.5,39.63,6.01,32.95,3.56,43.17,17.67
1116700,399.88,-259.74,-259.7,41.54,39.65,5.97,32.84,3.45,44.9,18.34
1116800,402.37,-259.03,-259.49,41.52,39.55,6.01,32.81,3.42,44.75,18.65
1116900,404.87,-259.49,-259.4,41.58,39.57,5.97,32.88,3.49,49.01,18.97
1117000,405.7,-259.15,-259.7,41.64,39.71,5.79,32.91,3.53,43.51,18.18
1117100,405.7,-258.78,-259.36,41.6,39.53,6.15,32.88,3.49,43.05,18.58
1117200,404.45,-259.78,-259.24,41.86,39.77,6.21,32.84,3.45,37.6,17.83
1117300,397.38,-260.94,-258.99,41.88,39.73,6.33,32.91,3.53,36.59,17.55
1117400,400.29,-259.4,-259.86,41.82,39.87,6.25,32.94,3.55,42.32,18.3
1117500,5335.73,-247.43,-245.01,41.52,36.4,7.34,32.86,3.47,40.66,18.62
1117600,5337.81,-246.09,-245.64,41.64,38.56,7.6,32.69,3.3,35.55,17.83
1117700,5344.05,-248.26,-245.51,42.06,38.74,8.02,33,3.61,36.01,17.75
1117800,5350.71,-247.97,-245.8,41.88,38.86,7.8,32.89,3.5,31.7,17.63
1117900,5351.95,-248.63,-245.93,42.06,38.08,7.74,32.82,3.44,30.65,18.46
1118000,5357.36,-248.17,-246.14,41.92,38.64,6.07,32.74,3.36,32.91,18.54
1118100,5355.28,-247.43,-246.18,42.19,38.8,5.99,33.17,3.78,37.95,18.85
1118200,5356.95,-246.88,-246.47,42.1,39,5.83,33.05,3.66,27.41,18.73
1118300,5359.44,-247.97,-245.8,41.68,38.8,6.07,32.88,3.49,41.47,18.77
1118400,5361.94,-248.34,-246.18,41.8,38.72,5.89,32.89,3.5,31.51,18.62
1118500,5358.61,-247.43,-246.26,41.86,38.72,6.01,32.86,3.47,38.88,18.54
1118600,5359.44,-248.17,-246.18,41.78,38.88,5.71,32.77,3.38,51.27,17.75
1118700,5362.77,-248.84,-246.51,41.7,38.9,6.13,32.92,3.53,50.97,17.35
1118800,5363.6,-249.34,-246.47,41.8,38.88,6.03,32.6,3.21,40.27,17.47
1118900,5364.85,-249.59,-246.14,41.68,38.64,5.99,33.06,3.67,38.11,18.3
1119000,5359.44,-248.71,-246.43,41.82,38.56,6.03,32.8,3.41,42.12,18.62
1119100,5361.11,-248.96,-246.43,41.84,38.82,5.99,32.98,3.59,43.78,18.18
1119200,5359.44,-248.59,-246.47,41.82,38.7,6.05,32.6,3.21,41.01,18.26
1119300,5350.71,-247.67,-246.72,41.8,38.48,6.13,33.01,3.62,46.05,18.1
1119400,5365.68,-248.92,-246.59,41.84,38.98,5.73,32.78,3.39,34.85,18.06
1119500,5362.77,-247.67,-246.43,41.52,39.02,6.03,32.76,3.38,31.23,18.22
1119600,5363.6,-249.01,-246.8,41.82,38.9,6.25,32.64,3.26,37.6,18.58
1119700,5362.36,-248.17,-246.72,41.64,38.98,6.11,32.72,3.34,34.65,18.58
1119800,5361.11,-248.59,-246.51,41.7,38.86,6.01,32.61,3.22,42.7,17.99
1119900,5360.28,-249.09,-246.43,41.58,38.92,5.99,32.74,3.36,36.36,17.43
1120000,5360.69,-247.88,-246.43,41.6,39.08,5.93,32.7,3.31,40.93,17.75
1120100,5363.19,-249.13,-246.64,41.72,38.88,6.03,32.72,3.34,36.67,17.99
1120200,5362.36,-248.42,-246.76,41.94,38.96,6.03,32.87,3.48,35.63,18.02
1120300,5360.28,-247.34,-246.68,41.86,38.88,5.95,32.94,3.55,34.27,18.38
1120400,5363.6,-248.76,-246.43,41.72,38.92,5.89,32.88,3.49,36.67,17.83
1120500,5368.18,-248.51,-246.93,41.7,38.74,5.95,32.72,3.33,49.59,17.87
1120600,5367.76,-248.34,-246.43,41.9,38.62,6.07,33.07,3.68,45.32,18.34
1120700,819.66,-259.32,-259.24,41.88,38.8,6.13,32.99,3.61,50.51,17.67
1120800,676.54,-260.19,-259.15,41.7,38.7,6.03,32.6,3.21,42.82,17.55
1120900,611.64,-259.28,-259.32,41.72,38.68,6.05,33.13,3.75,34.42,18.46
1121000,567.96,-259.57,-258.9,41.72,38.84,5.87,32.83,3.44,29.91,18.54
1121100,538.42,-259.65,-259.49,41.7,38.68,5.93,32.78,3.39,34.89,18.34
1121200,517.2,-259.45,-258.9,41.8,38.62,5.93,32.97,3.58,51.31,18.06
1121300,503.89,-260.24,-259.65,42.06,38.62,6.03,32.83,3.44,42.2,18.26
1121400,492.24,-258.82,-259.45,41.88,38.7,5.59,32.88,3.49,31.08,18.1
1121500,488.91,-259.45,-259.45,41.92,38.9,5.91,32.7,3.31,52.96,18.3
1121600,492.24,-259.03,-259.24,41.76,38.54,5.79,32.95,3.56,46.09,17.95
1121700,471.02,-259.07,-259.07,41.96,38.86,6.11,32.82,3.43,31.86,17.67
1121800,473.93,-259.86,-259.24,41.76,38.86,5.97,32.94,3.55,27.45,18.5
1121900,476.01,-257.99,-259.07,41.82,38.56,5.85,32.91,3.53,42.63,19.52
1122000,466.03,-258.86,-259.49,41.94,38.64,5.99,33.05,3.67,37.45,19.01
1122100,463.95,-260.15,-259.49,41.88,38.74,5.83,33.01,3.63,38.49,17.55
1122200,452.71,-260.32,-259.53,41.54,38.74,6.19,33.22,3.83,33.37,17.59
1122300,455.63,-259.82,-259.4,41.92,38.5,5.71,32.7,3.32,40.12,18.5
1122400,453.96,-259.74,-259.24,41.74,38.64,6.03,33.03,3.65,36.79,18.3
1122500,454.8,-260.24,-259.28,41.68,38.82,5.93,33.11,3.73,32.95,18.14
1122600,453.96,-261.11,-259.49,41.84,38.68,5.67,33.03,3.65,37.18,18.46
1122700,452.3,-260.82,-258.95,41.82,38.46,6.01,32.89,3.5,42.82,18.65
1122800,453.96,-260.24,-258.9,41.68,38.7,5.85,32.93,3.55,41.28,18.34
1122900,455.21,-260.36,-259.49,41.8,38.56,5.71,33.02,3.63,41.55,17.91
1123000,436.07,-258.99,-259.53,41.68,38.8,6.17,33.41,4.02,36.98,17.63
1123100,436.91,-260.19,-259.2,41.74,38.6,5.97,32.9,3.51,37.33,18.18
1123200,438.57,-260.61,-259.07,41.9,38.72,5.89,33.33,3.94,35.12,17.99
1123300,434.83,-257.57,-259.49,41.7,38.8,6.21,33.15,3.76,47.48,18.02
1123400,441.48,-259.74,-259.4,41.7,38.66,6.01,33.34,3.96,48.05,18.34
1123500,430.66,-259.28,-259.36,41.74,38.68,6.07,33.12,3.73,43.97,17.87
1123600,429.83,-259.78,-258.95,41.68,38.7,5.77,32.96,3.57,37.52,17.83
1123700,424.01,-260.82,-259.49,41.9,38.64,5.79,33.14,3.75,43.74,18.1
1123800,431.5,-260.57,-259.57,41.76,38.66,5.83,33.01,3.62,29.44,18.22
1123900,425.67,-260.32,-259.9,41.74,38.66,5.97,33.35,3.96,37.37,17.99
1124000,429.83,-258.86,-259.45,41.88,38.7,6.07,33.36,3.98,42.05,18.06
1124100,429,-259.86,-259.36,41.74,38.52,5.85,33.09,3.71,39.07,18.06
1124200,433.99,-261.07,-258.95,41.86,38.98,6.01,33.11,3.73,45.9,18.06
1124300,421.93,-261.03,-258.9,41.88,38.7,5.87,33.16,3.77,37.49,18.58
1124400,421.51,-258.7,-259.57,41.66,38.62,6.37,33.05,3.66,45.09,18.18
1124500,425.26,-261.32,-259.15,42.12,38.76,5.93,33.45,4.06,39.54,18.97
1124600,413.19,-258.66,-259.65,41.56,38.62,5.91,33.16,3.77,40.97,18.06
1124700,426.09,-258.82,-259.2,42.06,38.7,5.79,33.03,3.65,50.85,17.59
1124800,431.08,-260.24,-258.95,41.98,38.8,6.17,32.92,3.53,37.41,17.99
1124900,413.19,-259.74,-259.2,41.94,38.66,5.95,33.32,3.94,35.51,17.67
1125000,421.51,-258.24,-259.32,41.96,38.84,5.85,32.86,3.47,47.01,17.51
1125100,423.59,-260.61,-258.61,41.58,38.76,6.19,33.09,3.71,46.75,17.75
1125200,407.78,-259.07,-259.45,41.96,38.78,5.45,33.14,3.75,38.45,18.22
1125300,416.1,-262.36,-258.57,41.68,38.8,5.29,33.07,3.68,39.77,18.26
1125400,410.28,-257.62,-259.65,41.82,38.64,6.05,32.83,3.44,42.97,17.79
1125500,418.6,-258.24,-259.61,42.15,38.76,5.91,33.03,3.65,35.7,18.1
1125600,421.51,-258.99,-259.7,41.98,38.78,5.77,32.86,3.47,37.29,17.47
1125700,407.37,-259.36,-260.03,41.82,38.9,6.07,33.03,3.65,30.57,17.75
1125800,406.53,-260.44,-259.07,41.66,38.6,6.25,32.91,3.52,39.81,18.38
1125900,406.12,-259.36,-259.24,41.98,38.62,6.07,32.8,3.42,45.98,17.99
1126000,403.21,-259.94,-259.65,42.14,38.62,5.93,32.76,3.38,40.19,17.95
1126100,411.11,-259.24,-259.32,41.92,38.7,5.91,32.73,3.34,48.21,17.55
1126200,415.69,-258.9,-259.4,41.68,38.72,6.03,33.04,3.65,38.07,17.63
1126300,404.04,-259.53,-259.7,41.72,38.66,5.89,32.87,3.48,28.81,18.65
1126400,413.19,-258.03,-259.82,41.82,38.88,5.79,33.01,3.62,34.38,18.38
1126500,409.45,-260.44,-259.03,41.7,38.82,6.11,32.85,3.46,33.33,17.75
1126600,411.11,-258.07,-259.45,41.74,38.52,6.07,32.89,3.51,31.12,18.02
1126700,404.45,-259.32,-259.28,41.92,38.7,6.09,32.84,3.45,38.49,18.69
1126800,402.79,-260.03,-259.9,41.74,38.56,5.79,32.91,3.53,43.09,17.83
1126900,404.45,-258.99,-259.45,41.8,38.9,6.03,32.51,3.13,36.67,17.87
1127000,400.71,-259.03,-259.82,41.82,38.8,5.89,32.89,3.51,36.56,18.3
1127100,399.46,-259.94,-259.57,41.98,38.74,6.05,32.47,3.09,41.97,18.62
1127200,410.7,-258.95,-259.57,41.84,38.98,5.93,32.91,3.52,25.53,17.83
1127300,406.53,-258.66,-259.57,41.76,38.66,5.91,32.83,3.44,45.63,18.5
1127400,395.72,-259.03,-259.7,41.58,38.78,6.27,33.05,3.66,35.51,17.47
1127500,406.95,-259.24,-259.07,41.74,38.46,5.99,32.99,3.6,48.09,18.89
1127600,411.11,-259.28,-259.2,42.12,38.56,5.97,32.74,3.36,36.79,18.34
1127700,407.37,-259.32,-259.94,41.9,38.9,5.73,32.71,3.32,38.07,18.26
1127800,398.21,-259.07,-259.74,41.68,38.74,6.09,33.09,3.71,42.63,18.06
1127900,398.21,-259.2,-259.45,41.74,38.78,5.97,32.82,3.43,34.19,18.97
1128000,407.78,-260.73,-259.61,41.94,38.82,6.07,32.9,3.51,38.61,18.22
1128100,395.72,-261.07,-259.32,42,38.66,5.99,32.79,3.4,46.21,17.99
1128200,398.21,-260.24,-260.07,41.94,38.76,5.87,32.98,3.59,36.13,18.3
1128300,393.64,-259.74,-259.32,41.48,38.62,5.95,32.78,3.4,47.13,18.22
1128400,396.55,-259.82,-259.57,41.7,38.74,5.89,32.95,3.56,39.07,18.26
1128500,401.13,-260.49,-259.45,41.64,38.6,6.11,32.93,3.54,35.08,18.1
1128600,404.04,-258.95,-259.2,41.76,39.06,5.95,32.84,3.45,45.86,18.06
1128700,397.38,-259.9,-259.03,41.7,38.9,5.99,32.84,3.45,42.74,18.42
1128800,394.47,-258.03,-259.57,41.72,38.74,6.01,32.87,3.48,33.37,18.06
1128900,385.73,-257.62,-259.53,41.78,38.68,6.03,32.87,3.48,35.08,18.26
1129000,397.38,-260.28,-258.9,41.7,38.84,5.83,32.89,3.5,46.09,18.3
1129100,400.71,-260.15,-258.7,41.64,38.76,5.89,33.14,3.75,39.88,18.02
1129200,394.47,-257.91,-259.36,41.68,38.94,5.91,32.75,3.36,45.05,17.95
1129300,393.22,-261.32,-259.65,41.88,38.74,6.07,33.13,3.75,32.01,18.89
1129400,386.15,-259.45,-259.7,42.04,38.56,5.57,32.95,3.57,47.13,17.83
1129500,389.06,-260.28,-259.7,41.98,38.58,6.03,32.97,3.59,27.96,18.14
1129600,404.04,-258.53,-258.78,41.64,38.8,5.77,33.03,3.65,34.03,18.54
1129700,397.38,-259.94,-259.78,41.86,38.74,5.99,33.15,3.76,37.49,18.06
1129800,387.81,-257.99,-258.86,41.72,38.72,6.15,33.03,3.65,45.17,18.3
1129900,395.72,-261.11,-259.65,41.64,38.64,5.73,32.95,3.56,43.71,17.99
1130000,391.56,-259.78,-259.53,42.04,38.32,5.85,33.17,3.78,43.47,17.63
1130100,383.65,-260.53,-259.86,41.7,38.94,5.91,32.94,3.55,36.94,18.14
1130200,399.88,-261.19,-259.61,41.86,38.74,5.83,32.92,3.53,30.73,17.99
1130300,402.79,-260.36,-259.57,41.8,38.72,5.91,33.13,3.74,34.69,18.22
1130400,386.98,-259.78,-258.86,41.76,38.92,5.93,33.07,3.68,43.13,18.26
1130500,387.4,-260.24,-259.28,41.72,38.88,6.37,33.05,3.66,38.88,18.62
1130600,385.32,-259.49,-259.2,41.98,38.64,6.11,33.34,3.95,40.31,18.34
1130700,386.15,-260.61,-259.32,41.78,38.8,5.97,33.14,3.75,32.48,19.05
1130800,399.46,-259.7,-259.65,41.9,38.8,5.91,33.13,3.75,43.67,17.87
1130900,390.73,-260.36,-259.36,41.66,39.12,5.89,32.92,3.53,43.86,18.22
1131000,393.22,-259.65,-259.32,41.76,38.92,6.17,33.2,3.82,46.21,17.87
1131100,384.48,-259.7,-259.2,41.7,38.74,6.21,33.11,3.72,36.01,18.34
1131200,383.65,-259.57,-259.4,41.66,38.68,6.21,33.36,3.97,46.75,18.65
1131300,382.4,-259.61,-259.36,41.94,38.6,6.05,33.15,3.76,43.71,18.02
1131400,393.64,-259.94,-259.94,41.74,38.68,5.95,33.02,3.63,27.49,18.58
1131500,375.33,-260.24,-259.32,41.82,38.62,6.09,33.07,3.68,31.97,18.3
1131600,393.22,-259.2,-260.11,41.7,38.72,5.95,33.22,3.84,38.14,19.09
1131700,391.56,-260.15,-258.82,41.96,38.92,5.75,32.93,3.54,45.4,18.5
1131800,394.05,-259.7,-259.86,41.9,38.84,5.75,33.18,3.79,33.18,18.1
1131900,386.57,-260.36,-259.65,42.04,38.86,6.05,33.26,3.87,37.14,18.38
1132000,382.4,-259.2,-259.65,41.96,38.74,5.93,33.06,3.67,39,18.93
1132100,375.33,-259.7,-259.32,41.86,38.86,6.03,32.9,3.51,43.24,18.58
1132200,383.65,-259.78,-258.78,41.64,38.68,5.93,33.04,3.65,34.11,18.42
1132300,378.66,-259.45,-259.24,41.9,38.8,5.67,33.06,3.67,38.65,17.91
1132400,386.57,-259.07,-259.15,41.84,38.8,5.97,33.23,3.84,40.81,17.99
1132500,386.57,-258.99,-259.03,41.78,38.9,5.93,33.14,3.75,39.11,18.26
1132600,389.06,-259.74,-259.53,41.9,38.6,6.07,32.99,3.6,23.88,18.06
1132700,378.66,-259.53,-258.7,41.84,38.52,6.13,32.93,3.55,34.15,18.54
1132800,379.91,-258.86,-259.07,42.02,38.92,5.71,32.96,3.57,37.91,18.46
1132900,389.89,-259.24,-259.36,41.86,39.08,6.01,33.02,3.63,48.67,18.65
1133000,378.66,-260.86,-259.28,41.9,38.6,6.13,32.89,3.5,47.09,19.01
1133100,387.4,-259.15,-259.03,41.94,38.8,5.83,33.04,3.65,43.55,17.83
1133200,384.07,-260.19,-259.36,41.94,38.6,5.97,32.9,3.51,38.96,18.06
1133300,381.16,-258.03,-259.49,41.82,38.72,5.85,32.94,3.55,34.19,18.26
1133400,385.32,-260.19,-258.99,41.98,38.7,5.91,32.82,3.44,48.28,18.65
1133500,386.57,-259.74,-258.66,41.92,38.78,5.91,32.96,3.57,38.45,18.62
1133600,384.07,-260.15,-259.28,41.76,38.92,5.99,32.75,3.36,43.4,18.73
1133700,391.14,-259.99,-259.82,41.8,38.92,6.07,32.91,3.53,37.49,18.42
1133800,393.64,-260.94,-259.49,41.92,38.92,5.93,32.75,3.36,36.17,18.3
1133900,381.16,-259.78,-259.24,41.68,38.68,5.91,32.98,3.59,41.78,18.34
1134000,374.92,-258.9,-259.65,41.68,38.58,5.95,32.74,3.35,39.92,18.77
1134100,385.32,-260.94,-259.61,41.8,38.66,5.89,32.84,3.45,42.16,18.26
1134200,380.32,-258.74,-260.07,41.86,38.94,6.13,32.76,3.37,43.86,17.71
1134300,378.24,-259.65,-259.4,41.62,38.66,5.95,32.97,3.59,27.56,18.5
1134400,384.07,-260.78,-259.36,42,38.92,6.03,32.72,3.34,32.44,18.46
1134500,373.25,-258.57,-259.4,41.96,38.62,5.91,32.88,3.49,34.15,18.22
1134600,395.72,-260.61,-259.7,41.66,38.46,5.97,32.84,3.45,39.38,18.06
1134700,370.76,-258.28,-259.32,41.82,38.48,6.01,32.87,3.48,36.6,18.14
1134800,366.6,-258.61,-259.24,41.64,38.54,5.99,32.86,3.47,32.91,17.59
1134900,377.41,-259.78,-259.15,41.74,38.62,5.89,32.97,3.58,34.85,18.93
1135000,371.59,-260.73,-259.36,41.88,38.76,6.15,32.9,3.51,26.98,18.46
1135100,367.01,-259.94,-259.2,41.96,38.66,6.09,32.89,3.5,52.61,17.87
1135200,379.49,-260.61,-259.4,41.8,38.58,5.31,32.98,3.59,43.78,17.71
1135300,371.17,-259.78,-259.15,41.76,38.38,5.81,32.95,3.57,48.55,17.91
1135400,380.74,-258.49,-259.74,41.6,38.66,6.29,32.86,3.47,35.12,17.83
1135500,374.92,-260.57,-259.36,41.86,38.58,6.07,32.9,3.51,35.35,18.73
1135600,374.5,-260.98,-259.94,41.8,38.8,5.83,33.07,3.68,45.17,17.63
1135700,367.84,-257.78,-259.15,41.78,38.86,6.01,32.94,3.55,28.85,18.93
1135800,371.59,-258.99,-259.32,42.02,38.56,5.97,32.94,3.55,35.86,19.4
1135900,377,-259.2,-259.57,41.84,38.48,5.85,32.95,3.57,44.51,17.59
1136000,370.34,-259.24,-259.78,41.78,38.62,6.03,33.03,3.64,41.78,17.95
1136100,363.27,-259.57,-259.2,41.66,38.66,5.83,33.01,3.63,39.38,17.75
1136200,366.6,-259.36,-259.82,41.6,38.74,5.97,33.2,3.81,41.01,17.55
1136300,372,-258.45,-260.07,41.76,38.66,5.87,33.16,3.77,37.6,18.1
1136400,363.68,-258.7,-259.07,41.82,38.58,6.01,33.13,3.74,21.49,18.65
1136500,370.34,-260.11,-259.53,41.68,38.54,6.17,33.15,3.76,31.82,19.09
1136600,371.17,-259.4,-259.49,41.7,38.68,6.13,33.15,3.76,28.42,18.5
1136700,369.51,-258.86,-259.4,41.68,38.7,5.99,33.18,3.8,26.67,18.26
1136800,366.6,-260.49,-259.45,41.6,38.7,6.13,33.13,3.75,47.78,17.95
1136900,362.02,-261.61,-259.65,41.66,38.62,5.61,33.19,3.8,32.56,18.5
1137000,365.35,-259.53,-259.36,41.8,38.72,5.83,32.96,3.57,33.26,17.95
1137100,378.24,-259.07,-259.4,41.7,38.66,6.09,33.09,3.71,48.32,19.01
1137200,378.24,-259.11,-259.28,41.84,38.8,6.17,32.99,3.61,51.58,18.73
1137300,370.34,-258.74,-259.65,41.74,38.52,6.31,33.16,3.77,49.63,18.73
1137400,365.76,-258.28,-259.11,41.8,38.94,6.19,33.04,3.65,41.85,19.56
1137500,361.6,-259.28,-259.45,41.78,38.58,6.07,33.18,3.79,41.58,18.93
1137600,371.17,-258.57,-260.11,42,38.54,6.17,32.96,3.57,41.2,18.1
1137700,375.33,-259.57,-259.53,41.76,38.52,6.05,33.13,3.75,42.16,17.83
1137800,374.92,-259.78,-259.65,41.76,38.66,5.87,33.01,3.62,39.07,19.13
1137900,366.18,-259.94,-259.7,41.62,38.64,5.99,33.17,3.78,37.6,18.1
1138000,357.44,-259.4,-259.28,41.98,38.6,6.03,32.97,3.59,35.04,18.14
1138100,363.27,-259.74,-259.57,41.66,38.7,6.01,33.12,3.73,40.62,18.62
1138200,364.1,-259.74,-259.2,41.64,38.78,6.29,33.05,3.66,26.27,17.83
1138300,364.93,-259.65,-259.94,41.88,38.58,5.85,33.05,3.67,43.09,17.83
1138400,370.76,-259.94,-258.66,41.74,38.74,5.99,32.8,3.41,29.83,19.21
1138500,370.34,-259.24,-259.78,41.82,38.58,6.43,33,3.61,38.34,18.93
1138600,364.93,-259.36,-259.61,41.56,38.58,5.91,32.84,3.45,35.12,19.01
1138700,354.95,-259.86,-259.11,41.86,38.7,5.95,33.07,3.68,38.92,18.46
1138800,358.27,-259.99,-259.24,41.68,38.74,6.05,32.91,3.53,28.85,18.77
1138900,368.26,-258.82,-259.45,41.7,38.58,6.05,32.9,3.51,34.89,17.79
1139000,5326.99,-246.05,-244.1,41.9,35.49,4.31,32.81,3.42,47.28,18.22
1139100,5331.57,-246.8,-244.31,42.04,37.68,7.48,32.84,3.45,34.19,18.14
1139200,5342.39,-246.88,-245.18,42.06,37.42,7.54,32.85,3.46,31.58,18.54
1139300,5339.47,-247.09,-244.85,41.78,38.06,7.56,33.07,3.69,48.28,18.73
1139400,5338.23,-246.97,-244.31,41.84,37.72,7.72,32.83,3.44,27.13,18.34
1139500,5344.05,-246.84,-245.43,42.1,37.5,7.68,32.78,3.4,36.48,18.58
1139600,5348.21,-246.64,-245.35,41.98,37.58,7.74,32.95,3.57,36.28,18.02
1139700,5350.29,-246.22,-245.84,41.44,37.6,7.66,32.89,3.5,35,18.54
1139800,5349.04,-248.01,-245.26,42.08,37.66,7.56,32.68,3.29,44.48,18.06
1139900,5353.2,-247.09,-245.55,42.04,37.5,7.62,32.91,3.53,35.28,19.05
1140000,5346.13,-247.05,-245.6,41.9,37.52,7.5,33,3.61,38.76,18.02
1140100,5352.37,-246.8,-245.68,42,37.52,7.54,32.8,3.41,35.7,18.22
1140200,5347.79,-247.38,-245.35,42.04,37.7,7.66,32.86,3.47,35.74,18.38
1140300,5356.95,-248.22,-245.97,42.12,37.62,7.66,32.72,3.33,27.41,18.65
1140400,5355.28,-247.26,-245.64,41.98,37.58,7.64,32.76,3.37,31.62,18.42
1140500,5356.53,-246.8,-245.97,41.96,37.52,7.66,32.74,3.36,41.78,18.26
1140600,5355.28,-247.76,-245.76,42.08,37.9,7.72,32.8,3.41,36.94,18.38
1140700,5344.47,-246.68,-246.14,41.84,37.52,7.66,33.03,3.65,35.28,18.42
1140800,5359.44,-247.84,-246.18,41.86,37.62,7.72,32.92,3.53,33.68,18.77
1140900,5361.52,-248.05,-245.84,42.06,37.58,7.66,32.89,3.5,39.5,18.73
1141000,5357.36,-247.92,-246.14,41.88,37.56,7.74,32.9,3.51,34.81,19.52
1141100,5354.04,-247.47,-246.18,41.86,37.56,7.68,33.03,3.65,31.43,18.62
1141200,5354.04,-247.43,-245.6,41.94,37.56,7.6,32.89,3.51,39.65,18.18
1141300,5356.11,-248.47,-246.05,41.98,37.46,7.74,33.07,3.68,38.03,19.29
1141400,5356.11,-246.93,-245.8,42.31,37.72,7.76,32.96,3.57,49.16,18.26
1141500,5359.86,-247.34,-246.14,42.12,37.74,7.84,33.13,3.75,47.63,18.69
1141600,5354.87,-247.43,-246.39,41.8,37.5,7.72,32.76,3.38,36.13,18.02
1141700,5365.27,-247.72,-245.55,41.9,37.4,7.78,33.08,3.69,31.86,18.3
1141800,5365.68,-248.92,-245.97,42.02,37.46,7.56,32.93,3.54,46.9,19.92
1141900,5357.36,-247.67,-246.09,42.08,37.7,7.7,33.03,3.64,49.74,18.1
1142000,5359.86,-247.88,-246.05,42,37.52,7.62,33.04,3.65,39.5,19.17
1142100,5351.95,-247.88,-245.97,41.94,37.4,7.64,33.15,3.76,45.9,19.36
1142200,5347.79,-247.55,-246.22,41.98,37.62,7.54,33.04,3.65,43.09,19.05
1142300,5353.2,-248.05,-246.18,42.23,37.86,7.88,33.15,3.76,39.27,17.83
1142400,5357.36,-248.51,-245.84,41.94,37.74,7.84,33.17,3.78,40.23,18.34
1142500,5360.69,-248.05,-246.18,41.98,37.72,7.88,33.08,3.69,43.63,17.87
1142600,5360.28,-247.51,-246.3,41.9,37.38,7.32,32.98,3.59,30.49,18.26
1142700,5351.95,-248.34,-246.18,41.98,37.56,4.45,32.99,3.6,39.69,18.22
1142800,5357.36,-248.09,-246.55,41.76,37.66,4.53,32.97,3.59,37.6,18.42
1142900,5359.44,-248.13,-246.26,41.76,37.46,4.37,33.01,3.63,37.21,18.73
1143000,5364.02,-248.26,-246.26,42.04,37.62,4.71,32.87,3.48,41.01,17.67
1143100,5363.19,-248.47,-246.43,42.04,37.64,4.69,32.99,3.61,40.7,18.14
1143200,5353.2,-248.17,-246.43,41.98,37.5,4.59,32.91,3.52,41.51,17.91
1143300,5356.53,-247.97,-246.05,41.98,37.6,4.67,32.72,3.34,27.25,18.42
1143400,5356.53,-247.84,-246.76,42.06,37.82,4.75,33.05,3.66,43.51,18.62
1143500,5363.6,-248.71,-246.47,42.02,37.36,4.69,32.78,3.39,32.48,19.01
1143600,5360.69,-246.88,-246.3,41.88,37.56,4.49,32.94,3.55,51.96,17.91
1143700,5358.61,-247.84,-246.39,42.06,37.5,4.65,32.75,3.36,38.65,18.42
1143800,5354.87,-248.92,-246.88,42.21,37.94,4.63,33.06,3.67,33.61,18.97
1143900,5361.11,-248.42,-246.43,42.15,37.36,4.75,32.84,3.45,31.23,18.69
1144000,5357.78,-247.67,-246.72,42.17,37.64,4.51,33.02,3.63,41.93,18.1
1144100,5360.28,-248.05,-246.43,42.14,37.5,4.69,33.01,3.62,35.12,18.62
1144200,5364.44,-248.59,-246.47,41.92,37.5,4.59,32.65,3.26,51.12,19.09
1144300,5369.84,-249.34,-246.14,42.04,37.52,4.43,32.87,3.48,47.17,18.18
1144400,5359.03,-249.17,-246.26,42,37.46,4.47,32.86,3.47,30.69,18.5
1144500,5351.12,-247.55,-246.97,42,37.42,4.61,32.88,3.49,37.56,18.3
1144600,5363.19,-248.67,-246.43,42.02,37.42,4.69,32.65,3.26,37.64,18.77
1144700,5358.2,-247.76,-246.51,41.88,37.42,4.85,32.84,3.45,32.44,17.79
1144800,5362.36,-248.17,-246.59,41.86,37.88,4.53,33,3.61,41.16,18.77
1144900,5361.94,-248.09,-246.64,41.94,37.64,4.81,32.9,3.51,38.72,18.65
1145000,5363.19,-247.13,-246.97,42.1,37.5,4.53,32.97,3.58,35.82,18.26
1145100,5363.6,-248.05,-246.01,42,37.78,4.63,32.98,3.59,36.17,18.5
1145200,5360.69,-248.59,-246.14,42.17,37.26,4.55,33,3.61,46.55,19.01
1145300,5363.19,-248.63,-247.05,42.08,37.44,4.77,33.06,3.67,38.34,18.3
1145400,5361.11,-248.05,-246.39,41.94,37.5,4.37,33.11,3.73,43.4,19.21
1145500,5366.93,-248.84,-246.88,42.02,37.6,4.47,32.96,3.57,45.9,19.72
1145600,5367.35,-247.92,-246.84,42.23,37.64,4.61,33.09,3.7,34.15,18.18
1145700,5367.35,-248.05,-247.13,41.76,37.52,4.65,32.76,3.37,35.31,18.73
1145800,5365.27,-248.63,-246.59,42.21,37.5,4.61,33.03,3.64,36.98,19.13
1145900,5364.85,-248.84,-246.72,41.96,37.48,4.27,32.91,3.53,46.25,19.48
1146000,5362.77,-248.01,-246.55,42.31,37.24,4.61,33.05,3.66,38.96,19.52
1146100,5366.52,-248.76,-246.59,42.06,37.48,4.43,33.06,3.67,35.08,18.77
1146200,5363.6,-249.17,-246.76,41.84,37.72,4.65,32.82,3.43,30.06,19.36
1146300,5361.94,-249.26,-246.84,42.33,37.36,4.69,33.22,3.84,26.9,19.25
1146400,5362.77,-247.55,-246.64,41.88,37.66,4.65,33.09,3.71,41.74,18.46
1146500,5362.36,-249.17,-247.22,41.96,37.3,4.55,32.86,3.47,37.95,18.42
1146600,5364.44,-248.76,-247.05,42.14,37.52,4.79,32.95,3.56,37.76,18.69
1146700,5366.52,-248.17,-246.8,42.17,37.46,4.67,32.97,3.58,35.97,18.54
1146800,5368.6,-248.34,-247.09,42.06,37.66,4.47,33.07,3.68,22.78,18.34
1146900,5362.77,-248.22,-246.68,42.21,37.38,4.63,32.87,3.48,31.19,18.3
1147000,5358.2,-249.67,-247.09,41.86,37.62,4.73,33.11,3.72,25.53,18.14
1147100,5364.44,-249.26,-246.97,41.96,37.48,4.59,33.01,3.62,34.15,18.06
1147200,5370.68,-248.51,-246.97,41.84,37.62,4.63,32.8,3.42,34.23,18.38
1147300,5366.1,-248.22,-246.47,41.94,37.52,4.51,32.85,3.46,52.58,18.54
1147400,5359.44,-249.13,-247.09,42.06,37.48,4.65,33.13,3.75,40.73,18.73
1147500,5364.02,-248.96,-246.97,41.82,37.8,4.67,32.97,3.59,44.4,17.99
1147600,5367.35,-248.84,-246.84,42.12,37.56,4.63,32.84,3.45,44.09,18.73
1147700,5367.76,-248.51,-247.09,42.17,37.28,4.63,32.91,3.53,38.03,18.89
1147800,5371.09,-247.51,-246.59,42.27,37.32,4.55,32.8,3.42,45.59,19.01
1147900,5361.52,-250,-247.43,41.84,37.76,4.71,32.8,3.41,35.82,18.22
1148000,5363.19,-249.01,-247.01,42.04,37.56,4.61,32.93,3.54,44.78,18.38
1148100,5366.1,-248.55,-246.43,41.86,37.62,4.53,32.98,3.59,29.99,18.3
1148200,5360.69,-249.01,-246.34,42.15,37.58,4.51,32.83,3.44,41.31,19.29
1148300,5367.76,-247.72,-246.8,42.08,37.6,4.69,33.13,3.75,36.56,18.81
1148400,5369.01,-248.01,-246.43,42.15,37.46,4.75,33.07,3.69,37.02,17.99
1148500,5369.84,-247.55,-247.22,41.98,37.56,4.67,32.87,3.48,40.81,18.62
1148600,5368.6,-248.88,-246.84,42.02,37.58,4.59,32.7,3.31,34.81,18.38
1148700,5368.6,-248.3,-247.38,41.92,37.64,4.83,32.88,3.49,34.34,18.73
1148800,5362.77,-250.21,-246.93,41.86,37.44,4.23,32.79,3.4,39.61,18.85
1148900,5365.27,-247.55,-246.84,42.31,37.58,4.69,32.89,3.51,31.47,18.06
1149000,5364.44,-247.72,-247.51,41.24,37.78,4.83,32.78,3.39,45.82,18.58
1149100,5368.18,-248.09,-247.26,41.98,37.48,4.67,32.72,3.34,49.4,18.62
1149200,5369.84,-248.47,-247.38,42.04,37.32,4.59,32.82,3.43,37.06,19.13
1149300,5369.01,-247.09,-246.93,41.96,37.5,4.99,33.04,3.65,37.45,18.58
1149400,5378.17,-249.88,-246.72,41.82,37.74,4.47,32.62,3.23,30.34,18.89
1149500,5372.34,-247.01,-247.01,41.94,37.62,4.47,32.77,3.38,38.26,19.13
1149600,5364.85,-248.09,-246.68,41.82,37.4,4.65,32.92,3.53,47.21,18.65
1149700,5367.76,-249.09,-247.01,42.17,37.6,4.71,32.97,3.59,35.08,18.81
1149800,5371.09,-248.22,-247.3,42.1,37.62,4.59,32.79,3.4,37.72,19.17
1149900,5366.52,-247.92,-247.43,42.08,37.52,4.75,32.96,3.57,35.97,18.93
1150000,5369.84,-250.09,-247.22,42.08,37.62,4.37,32.89,3.5,42.36,18.58
1150100,5369.43,-250.5,-246.8,41.74,37.32,4.77,33.15,3.76,45.01,18.73
1150200,5366.52,-248.92,-247.01,41.88,37.46,4.53,33.09,3.71,39.34,18.89
1150300,5369.84,-246.88,-247.26,41.8,37.52,4.71,32.99,3.61,42.28,18.3
1150400,5371.92,-250.3,-247.13,42.14,37.46,4.65,32.91,3.53,35.66,18.58
1150500,5370.68,-249.63,-247.13,42.1,37.52,4.75,32.97,3.59,38.72,18.73
1150600,5372.34,-250.63,-247.22,42.25,37.62,4.47,32.89,3.51,47.13,18.77
1150700,5380.66,-250.05,-247.34,42,37.4,4.79,33.12,3.73,42.05,18.58
1150800,5372.34,-249.55,-247.34,41.86,37.5,4.55,33.1,3.71,32.63,19.36
1150900,5371.92,-250.17,-246.72,41.78,37.34,4.79,33.13,3.75,44.17,18.22
1151000,5366.52,-247.8,-247.51,41.86,37.66,4.45,32.99,3.61,35.39,19.36
1151100,5362.77,-247.55,-247.3,41.86,37.86,4.23,32.78,3.39,39.65,18.93
1151200,5369.84,-249.59,-246.93,41.84,37.36,4.61,33.23,3.84,45.01,18.46
1151300,5375.25,-248.47,-247.13,41.78,37.66,4.47,33.18,3.79,24.59,18.85
1151400,5373.17,-250.46,-246.76,41.94,37.64,4.87,33.05,3.67,39.92,19.09
1151500,5360.28,-247.34,-247.76,42.19,37.44,4.71,32.84,3.45,35.97,18.22
1151600,5375.25,-250.21,-246.59,41.94,37.5,4.71,33.02,3.63,40.77,18.97
1151700,5373.59,-250.21,-246.84,41.92,37.52,4.79,33.21,3.82,36.17,19.05
1151800,5369.01,-248.67,-247.3,42.08,37.6,4.45,33.05,3.66,48.17,19.09
1151900,5363.19,-247.22,-246.84,41.96,37.66,4.57,33.03,3.64,24.59,18.81
1152000,5365.27,-249.3,-246.76,42.02,37.58,4.47,33.08,3.69,32.32,18.69
1152100,5360.69,-248.13,-247.51,41.88,37.56,4.47,33.13,3.75,38.45,18.1
1152200,5363.6,-247.55,-247.13,41.9,37.52,4.79,33.12,3.73,38.65,18.5
1152300,5369.01,-249.26,-247.63,41.96,37.44,4.57,33.11,3.72,42.43,18.34
1152400,5364.85,-247.92,-246.84,41.96,37.46,4.59,33.05,3.67,31.04,18.62
1152500,5364.85,-248.34,-247.67,42.04,37.32,4.45,32.87,3.48,39.96,18.38
1152600,5370.68,-249.26,-246.8,41.8,37.44,4.87,32.7,3.31,35.24,18.73
1152700,5363.19,-247.97,-247.3,42.29,37.32,4.49,32.82,3.43,37.33,19.09
1152800,5376.5,-248.92,-247.3,41.88,37.56,4.73,33.01,3.62,34.46,18.73
1152900,5375.25,-247.67,-247.51,42.06,37.44,4.39,32.87,3.48,35.16,18.93
1153000,5376.5,-250.88,-246.51,41.78,37.54,4.59,32.96,3.57,29.95,18.85
1153100,5380.25,-248.55,-247.59,42.21,37.46,4.59,32.62,3.23,47.67,19.17
1153200,5364.02,-248.59,-247.51,41.96,37.54,4.59,33.22,3.84,40.16,18.62
1153300,5374.42,-248.51,-246.88,42.19,37.46,4.51,32.68,3.3,41.55,18.3
1153400,5387.32,-249.46,-247.13,42.23,37.54,4.49,32.69,3.3,43.94,18.34
1153500,5385.65,-249.84,-247.59,42.06,37.52,4.79,32.97,3.58,40.31,18.54
1153600,5382.33,-249.8,-247.43,42.19,37.34,4.39,32.59,3.2,26.74,18.5
1153700,5373.59,-249.75,-247.67,42.31,37.42,4.75,32.68,3.3,40.23,19.13
1153800,5374,-249.84,-247.13,42,37.8,4.75,32.99,3.6,35.55,19.21
1153900,5376.08,-248.34,-247.43,42.14,37.48,4.55,32.68,3.29,48.82,18.38
1154000,5375.25,-250.09,-247.47,41.94,37.4,4.55,32.97,3.58,33.64,18.69
1154100,5373.17,-248.59,-247.97,42.02,37.32,4.19,32.95,3.56,37.68,18.62
1154200,5374,-248.17,-247.3,41.86,37.76,4.55,32.93,3.54,41.97,18.46
1154300,5364.85,-249.01,-247.26,42.23,37.54,4.75,33.13,3.74,35.12,18.89
1154400,5383.57,-250.88,-247.55,41.98,37.68,4.41,32.6,3.22,33.49,18.5
1154500,5371.09,-246.84,-246.97,41.96,37.82,4.85,33.07,3.69,28.85,18.65
1154600,5374.42,-250.75,-247.22,42.12,37.52,4.93,32.77,3.38,28.97,19.01
1154700,5375.25,-247.22,-247.05,41.86,37.9,4.73,32.81,3.42,37.41,18.46
1154800,5370.26,-250.25,-247.18,41.82,37.44,4.51,32.78,3.39,42.16,18.97
1154900,5387.73,-250.21,-248.17,42.08,37.48,4.75,32.87,3.48,29.24,18.73
1155000,5373.17,-249.38,-246.55,41.98,37.74,5.07,32.91,3.52,36.75,18.62
1155100,5370.26,-250.34,-247.13,41.88,37.54,4.73,33.13,3.75,36.01,18.5
1155200,5371.51,-248.71,-247.63,41.94,37.54,4.59,32.59,3.2,41.35,19.21
1155300,5374,-247.63,-247.47,41.96,37.46,4.31,32.71,3.32,30.3,18.85
1155400,5376.92,-249.09,-247.38,41.82,37.46,4.55,33.03,3.64,35.16,18.89
1155500,5371.09,-249.84,-247.05,41.78,37.64,4.73,32.89,3.5,37.6,18.89
1155600,5367.76,-250.3,-247.3,42.06,37.42,4.79,33.2,3.81,42.7,19.01
1155700,5361.52,-247.01,-246.97,41.86,37.62,4.59,32.84,3.45,35.39,18.38
1155800,5370.68,-247.72,-247.67,41.86,37.58,4.47,32.98,3.59,39.23,18.73
1155900,5372.34,-250.21,-246.8,42.06,37.56,4.77,33.02,3.63,36.59,18.89
1156000,5372.76,-248.13,-247.72,41.98,37.46,4.55,32.89,3.5,43.4,18.73
1156100,5371.92,-249.21,-247.05,41.86,37.44,4.53,32.86,3.47,43.51,18.5
1156200,842.54,-259.24,-258.95,42.06,37.44,4.57,32.93,3.54,36.32,18.69
1156300,726.47,-259.74,-258.86,41.98,37.72,4.87,33.03,3.64,49.63,20.11
1156400,666.14,-259.32,-260.11,42.02,37.62,4.57,33.13,3.74,42.32,19.52
1156500,620.79,-260.32,-259.03,42.04,37.56,4.87,32.83,3.44,36.05,19.88
1156600,580.44,-259.74,-259.65,41.94,37.24,4.41,32.99,3.6,37.21,18.85
1156700,559.22,-259.94,-258.99,41.96,37.36,4.63,33.01,3.63,36.94,18.38
1156800,538.42,-261.36,-259.49,41.92,37.52,4.73,32.92,3.53,39.19,18.42
1156900,545.91,-258.74,-260.19,41.96,37.56,4.55,33.02,3.63,44.28,18.22
1157000,521.36,-259.94,-259.24,41.92,37.46,4.49,33.04,3.65,41.97,19.25
1157100,527.19,-258.36,-259.45,41.8,37.56,4.61,32.93,3.55,36.44,19.48
1157200,512.21,-257.99,-259.61,41.94,37.58,4.73,32.93,3.55,39.38,18.54
1157300,513.04,-260.9,-258.7,42.14,37.58,4.65,33.19,3.8,38.88,19.6
1157400,500.98,-258.03,-258.9,42.1,37.58,4.75,33.09,3.7,37.06,19.48
1157500,508.88,-260.4,-259.78,42.04,37.56,4.53,32.86,3.47,29.99,19.05
1157600,498.06,-260.53,-259.36,41.98,37.6,4.55,32.78,3.4,36.75,18.89
1157700,491.41,-258.99,-258.78,42.23,37.62,4.67,32.85,3.46,40.89,18.18
1157800,488.08,-259.4,-259.36,42.14,37.48,4.61,32.91,3.52,34.19,18.54
1157900,488.91,-258.53,-259.74,42.04,37.5,4.31,32.89,3.5,26.67,18.42
1158000,488.08,-258.61,-259.11,42.08,37.54,4.49,32.99,3.6,54.45,18.3
1158100,470.19,-261.44,-259.03,41.82,37.44,4.61,32.75,3.36,54.99,18.65
1158200,471.02,-258.32,-260.07,42.14,37.46,5.03,32.99,3.61,32.75,19.25
1158300,472.68,-261.15,-258.66,42,37.64,4.63,32.84,3.45,47.86,18.69
1158400,478.51,-259.86,-259.74,42.06,37.48,4.29,32.77,3.38,44.94,19.17
1158500,462.28,-260.24,-259.32,41.86,37.38,4.69,32.86,3.47,44.59,18.58
1158600,475.18,-260.28,-259.24,41.86,37.54,4.87,33.01,3.62,41.39,18.85
1158700,461.04,-261.11,-259.28,42.1,37.52,4.47,32.79,3.4,39.88,19.29
1158800,465.61,-258.61,-259.74,42.29,37.82,4.67,33.07,3.69,44.01,18.97
1158900,462.7,-259.28,-259.24,42.14,37.62,4.83,32.97,3.59,31.7,18.65
1159000,465.2,-260.36,-259.74,42.08,37.56,4.75,32.75,3.36,33.84,18.54
1159100,446.06,-259.2,-259.4,41.98,37.46,4.55,32.73,3.34,45.13,19.44
1159200,459.37,-258.45,-259.4,42.17,37.52,4.45,32.88,3.49,36.87,18.3
1159300,446.89,-259.86,-259.53,42.12,37.58,4.41,32.79,3.4,40.54,18.54
1159400,446.89,-260.65,-259.45,41.72,37.36,4.99,32.93,3.55,43.82,19.64
1159500,443.15,-260.4,-259.11,41.92,37.38,4.37,32.69,3.3,40.39,19.25
1159600,451.05,-259.78,-259.49,41.9,37.66,4.67,32.73,3.34,35.59,19.17
1159700,441.48,-259.24,-259.65,42.17,37.56,4.55,32.88,3.49,34.07,18.73
1159800,446.47,-260.65,-258.99,42.04,37.68,4.53,32.71,3.32,38.92,19.13
1159900,446.06,-259.03,-259.82,41.94,37.54,4.89,32.68,3.3,36.09,18.65
1160000,435.66,-258.45,-259.78,42.1,37.52,4.61,33.04,3.65,29.01,18.62
1160100,435.24,-258.9,-259.57,42,37.46,4.67,33,3.61,36.83,19.13
1160200,440.65,-259.07,-259.15,41.78,37.44,4.81,32.88,3.49,44.48,18.5
1160300,440.65,-257.87,-258.82,42.12,37.36,4.59,32.82,3.44,36.44,18.77
1160400,438.99,-261.73,-258.66,41.9,37.34,4.49,32.93,3.55,38.49,18.38
1160500,438.57,-261.4,-259.32,42.04,37.46,4.63,32.96,3.57,39.23,18.73
1160600,445.64,-260.44,-259.32,42.1,37.5,4.63,32.79,3.4,32.52,19.21
1160700,426.09,-259.28,-259.24,42,37.5,4.63,32.93,3.54,34.34,18.38
1160800,426.92,-258.66,-259.82,41.94,37.6,4.57,32.96,3.57,29.2,18.34
1160900,435.66,-260.49,-259.07,42.21,37.36,4.59,33.07,3.69,37.68,18.69
1161000,420.26,-258.82,-259.65,42.1,37.48,4.85,32.92,3.53,32.98,18.81
1161100,424.84,-257.74,-259.7,41.82,37.38,4.33,32.92,3.53,43.47,19.13
1161200,431.5,-261.4,-258.82,41.9,37.24,4.55,33.01,3.63,44.82,18.3
1161300,430.66,-261.15,-259.2,42.12,37.64,4.65,33.04,3.65,40.23,18.77
1161400,434.41,-259.57,-259.49,41.96,37.48,4.47,33.03,3.64,50.35,18.73
1161500,425.67,-259.53,-259.9,42.14,37.54,4.75,33.08,3.69,35.39,19.29
1161600,418.6,-259.03,-259.07,42.08,37.6,4.67,32.95,3.56,24.39,18.65
1161700,417.77,-259.15,-259.49,42.1,37.38,4.65,32.95,3.56,43.32,19.25
1161800,414.02,-259.07,-259.57,42.06,37.38,4.73,33.08,3.69,37.41,18.42
1161900,429.42,-259.74,-259.24,41.88,37.34,4.61,32.98,3.59,37.64,18.38
1162000,428.58,-258.36,-259.74,41.94,37.78,4.47,33,3.61,35.16,18.77
1162100,425.67,-258.95,-259.78,42.12,37.48,4.31,32.85,3.46,47.01,18.46
1162200,427.34,-258.36,-259.2,42.19,37.7,4.61,32.99,3.61,36.21,18.89
1162300,426.5,-258.78,-259.94,42.1,37.58,4.59,32.94,3.55,38.26,18.65
1162400,417.35,-258.53,-259.9,42.08,37.56,4.49,32.85,3.46,48.9,18.5
1162500,413.61,-259.49,-259.53,42.12,37.5,4.55,32.86,3.47,31.35,18.46
1162600,419.43,-260.07,-259.2,42.02,37.44,4.51,32.88,3.49,42.01,19.21
1162700,416.94,-260.78,-259.57,42.14,37.18,4.65,32.82,3.44,44.9,19.48
1162800,417.35,-261.4,-259.86,42.04,37.34,4.75,32.9,3.51,48.59,19.32
1162900,416.1,-258.78,-259.07,41.94,37.26,4.71,32.88,3.49,41.66,19.4
1163000,420.26,-260.86,-259.28,42.06,37.44,4.41,32.79,3.4,28.5,18.85
1163100,414.86,-260.57,-259.2,42.23,37.54,4.59,32.81,3.42,45.55,19.84
1163200,421.51,-258.99,-259.24,41.94,37.26,4.87,32.82,3.44,48.44,18.02
1163300,406.95,-259.53,-259.24,41.98,37.52,4.63,32.87,3.48,39.61,18.89
1163400,415.27,-258.86,-259.65,42.15,37.52,4.73,32.65,3.26,40.46,19.68
1163500,414.44,-259.24,-259.07,41.96,37.4,4.69,32.83,3.44,42.01,18.3
1163600,403.21,-259.36,-259.07,41.98,37.62,4.13,32.64,3.26,45.17,19.29
1163700,409.03,-258.95,-259.53,42.04,37.44,4.55,32.89,3.51,38.84,18.46
1163800,410.28,-260.19,-259.49,41.96,37.58,4.47,32.74,3.35,39.96,18.77
1163900,410.7,-260.15,-259.32,41.86,37.6,4.71,32.78,3.39,32.28,18.42
1164000,409.03,-259.2,-259.24,41.88,37.44,4.49,32.92,3.53,32.75,18.65
1164100,404.45,-259.53,-259.32,42.06,37.44,4.99,32.87,3.48,39.96,18.89
1164200,408.2,-259.7,-259.49,41.94,37.48,4.79,32.95,3.57,38.11,19.17
1164300,401.54,-260.69,-259.7,42.02,37.56,4.67,32.88,3.49,31.12,19.6
1164400,402.37,-260.57,-259.74,42.12,37.36,4.61,32.69,3.3,44.9,19.01
1164500,406.95,-259.78,-259.11,42.15,37.32,4.49,32.92,3.53,34.07,18.42
1164600,402.79,-258.9,-259.11,41.9,37.5,4.57,32.81,3.42,36.17,19.64
1164700,395.3,-259.86,-259.24,42.12,37.46,4.71,32.98,3.59,42.05,19.44
1164800,400.71,-260.03,-259.28,42.1,37.26,4.85,32.95,3.56,51.47,19.21
1164900,404.45,-259.36,-259.53,42.02,37.08,4.59,32.8,3.42,41.04,19.68
1165000,397.38,-259.49,-259.57,42.17,37.48,4.55,33,3.61,45.32,19.25
1165100,401.96,-259.07,-259.03,42.06,37.38,4.55,32.93,3.55,50.93,19.4
1165200,407.37,-259.24,-259.11,41.92,37.36,4.73,33.03,3.65,46.4,19.8
1165300,399.88,-260.07,-259.4,41.8,37.54,5.17,32.9,3.51,40.23,18.69
1165400,394.47,-260.32,-259.2,42.02,37.56,4.49,33.11,3.73,47.94,19.01
1165500,392.39,-260.24,-259.15,41.98,37.32,4.69,33.03,3.65,39.58,18.34
1165600,399.05,-259.28,-259.74,41.92,37.34,4.75,32.82,3.43,35.55,18.89
1165700,395.3,-259.45,-259.32,42.06,37.36,4.49,32.97,3.58,40.54,18.58
1165800,403.21,-259.86,-259.49,41.84,37.34,4.55,33.09,3.7,36.9,19.48
1165900,404.04,-259.86,-258.99,42,37.48,4.53,32.9,3.51,37.68,19.25
1166000,401.96,-260.69,-259.32,42.14,37.38,4.83,33.03,3.65,32.56,18.89
1166100,384.48,-259.32,-259.24,42.02,37.38,4.45,33.09,3.71,45.09,19.09
1166200,388.23,-259.45,-259.24,41.84,37.32,4.59,32.99,3.6,42.24,19.44
1166300,391.56,-259.74,-259.45,41.86,37.6,4.71,32.92,3.53,38.45,19.48
1166400,392.39,-259.45,-259.94,41.96,37.5,4.59,32.91,3.53,36.13,19.21
1166500,393.22,-259.57,-259.53,41.98,37.16,4.55,32.93,3.54,45.9,18.46
1166600,402.79,-259.94,-259.53,41.88,37.26,4.69,32.8,3.42,46.01,18.81
1166700,393.22,-259.82,-259.49,42.02,37.36,4.43,33.01,3.63,34.38,19.48
1166800,398.63,-259.94,-259.53,41.96,37.34,4.77,32.84,3.45,42.2,19.13
1166900,396.13,-259.32,-259.86,42.04,37.16,4.13,33,3.61,30.96,19.52
1167000,388.23,-259.28,-259.61,42.08,37.34,4.39,32.88,3.49,29.4,19.8
1167100,394.89,-259.15,-259.49,42.02,37.38,4.57,32.88,3.49,31.54,18.89
1167200,394.89,-258.99,-259.45,42.02,37.54,4.63,32.84,3.45,40.46,18.69
1167300,387.4,-259.36,-259.7,42.04,37.26,4.93,32.78,3.4,42.36,18.97
1167400,390.73,-259.2,-259.15,42.08,37.26,4.65,32.92,3.53,38.76,18.69
1167500,390.31,-259.82,-259.07,42,37.08,4.79,32.78,3.39,34.81,18.97
1167600,389.06,-259.36,-259.86,42.12,37.4,4.39,32.71,3.32,32.83,19.84
1167700,389.48,-258.99,-260.19,42.04,37.1,4.63,32.91,3.53,32.44,20.11
1167800,384.48,-260.11,-259.61,41.8,37.08,4.71,32.9,3.51,45.05,19.48
1167900,384.07,-259.45,-259.32,41.9,36.98,4.49,32.83,3.44,38.49,19.88
1168000,384.07,-259.11,-259.53,41.92,37.22,4.67,32.91,3.52,32.95,19.64
1168100,391.14,-259.74,-259.24,41.86,37.16,4.69,32.79,3.4,26.67,19.01
1168200,388.23,-260.4,-259.36,42.21,37.06,4.63,32.72,3.33,44.28,18.97
1168300,383.24,-259.07,-259.07,42.04,37.06,4.49,32.72,3.34,39.42,19.64
1168400,377,-258.82,-258.95,41.96,37.02,4.89,32.8,3.41,43.44,18.85
1168500,386.15,-259.15,-258.49,41.9,37.02,4.39,32.75,3.36,40.04,18.89
1168600,380.32,-259.78,-259.07,42.14,37.02,4.59,32.76,3.38,45.28,19.32
1168700,377,-259.45,-259.32,42.1,37.22,4.75,32.88,3.49,36.94,19.8
1168800,381.16,-259.82,-259.28,41.98,37.14,4.63,32.85,3.46,39.54,18.89
1168900,378.66,-259.82,-259.32,42.14,37.22,4.75,32.81,3.42,40.66,18.81
1169000,379.49,-258.74,-259.11,41.6,37,4.69,32.85,3.46,41.16,19.92
1169100,380.74,-259.61,-259.57,41.94,36.96,4.37,32.84,3.45,34.97,18.26
1169200,376.58,-260.19,-259.24,41.9,37.16,4.55,32.94,3.55,32.13,18.34
1169300,381.16,-259.4,-259.49,41.88,37.06,4.59,32.95,3.56,40.7,19.29
1169400,391.56,-259.65,-259.74,42.15,37.26,4.69,32.89,3.5,35.86,18.58
1169500,388.23,-259.53,-259.4,42.06,37.08,4.79,33.01,3.62,52.38,19.48
1169600,380.32,-258.78,-259.53,41.78,37,4.45,32.97,3.58,21.61,19.29
1169700,379.91,-259.07,-259.57,42.23,37.1,5.31,32.89,3.5,36.29,19.09
1169800,386.57,-259.65,-259.15,42.02,37.18,4.67,33.04,3.65,36.75,18.93
1169900,380.74,-258.78,-259.53,42.02,37.04,4.79,33.03,3.65,46.59,19.17
1170000,381.16,-258.99,-259.11,41.96,37.04,4.85,32.94,3.55,39.23,20.27
1170100,377.83,-259.45,-259.03,41.94,36.98,4.67,32.94,3.55,37.45,18.69
1170200,379.49,-258.99,-259.45,42.21,37.1,4.81,32.99,3.6,41.35,18.85
1170300,378.66,-259.28,-259.49,42.06,37.1,4.49,32.91,3.53,46.36,19.01
1170400,383.24,-258.86,-259.49,41.96,37.04,4.47,32.97,3.58,35.12,18.5
1170500,380.74,-258.49,-259.15,42.08,37.26,4.81,32.95,3.56,32.52,18.81
1170600,377.83,-260.28,-259.65,41.96,36.74,4.69,32.87,3.48,37.95,18.89
1170700,371.17,-260.19,-259.74,42.25,37.02,4.47,32.98,3.59,47.17,19.13
1170800,381.57,-260.24,-259.45,41.94,36.88,4.37,32.85,3.46,44.24,19.4
1170900,379.08,-259.53,-259.53,41.84,36.76,4.65,33.04,3.65,40.27,19.21
1171000,380.74,-259.86,-259.61,42.06,36.94,4.73,32.95,3.56,43.63,18.89
1171100,385.32,-260.03,-259.03,41.9,36.84,4.63,32.86,3.47,30.57,19.29
1171200,375.75,-259.65,-259.57,42.19,36.92,4.61,32.99,3.6,31.93,19.17
1171300,365.35,-258.78,-259.57,41.96,37.06,4.47,32.88,3.49,41.51,19.09
1171400,373.67,-260.15,-259.49,41.86,36.8,4.63,32.79,3.4,37.33,19.32
1171500,369.09,-260.65,-259.36,41.8,36.9,4.49,32.95,3.56,41.66,18.77
1171600,377.41,-260.78,-258.99,42.12,37.1,4.43,32.93,3.55,46.01,19.32
1171700,367.01,-259.2,-259.36,41.98,36.86,4.51,32.79,3.4,29.09,18.38
1171800,380.74,-260.03,-259.24,42.08,36.8,4.69,32.88,3.49,39.96,18.42
1171900,375.33,-259.36,-259.24,42.12,36.84,4.73,32.97,3.59,31.97,19.36
1172000,367.01,-259.32,-259.57,42.06,36.88,4.69,32.8,3.42,39.31,19.13
1172100,370.34,-260.24,-258.9,42.1,36.92,4.89,32.9,3.51,41.66,18.85
1172200,373.67,-259.74,-259.53,42.27,36.72,4.57,32.93,3.54,43.94,18.89
1172300,369.09,-259.36,-259.57,41.76,37.16,4.47,32.84,3.45,35.32,19.52
1172400,371.17,-259.86,-259.24,41.84,36.7,4.95,32.77,3.38,45.09,18.97
1172500,377,-259.53,-259.36,41.88,36.96,4.75,32.89,3.5,39.85,18.77
1172600,369.09,-259.65,-259.45,42.14,37.02,4.67,32.95,3.56,25.29,19.29
1172700,367.01,-260.03,-259.07,41.92,37.28,4.67,32.89,3.5,36.87,19.25
1172800,372,-260.36,-259.78,41.76,37.16,4.77,32.69,3.3,39.92,19.13
1172900,371.59,-259.53,-259.11,41.84,36.82,4.71,32.93,3.54,36.28,19.13
1173000,358.69,-259.45,-259.57,42.15,36.96,4.55,33.01,3.62,36.25,18.97
1173100,364.52,-260.44,-259.53,42,37.02,4.65,32.71,3.32,49.82,19.21
1173200,369.51,-259.32,-259.32,42.08,36.52,4.73,32.84,3.45,40.7,19.17
1173300,5324.5,-245.51,-243.85,42.21,36.82,4.65,32.99,3.6,34.69,18.62
1173400,5344.05,-247.26,-245.43,41.82,36.94,4.85,32.78,3.39,44.36,19.8
1173500,5342.8,-247.01,-245.1,42.08,36.96,4.47,32.92,3.53,49.66,18.85
1173600,5346.55,-247.38,-245.68,41.74,37.16,4.93,32.79,3.4,44.21,18.85
1173700,5344.88,-247.01,-245.68,41.88,37.1,4.57,32.75,3.36,38.88,19.13
1173800,5348.63,-247.22,-245.55,41.74,36.78,4.73,32.83,3.44,32.56,19.95
1173900,5352.79,-248.51,-246.3,41.76,36.86,4.67,33.01,3.63,50.24,19.36
1174000,5356.11,-248.63,-246.01,41.9,36.76,4.63,32.95,3.56,44.59,19.17
1174100,5354.87,-247.47,-245.68,41.84,36.88,4.55,32.99,3.6,43.74,18.3
1174200,5357.36,-247.84,-246.47,42.27,36.76,4.63,32.97,3.59,38.84,18.54
1174300,5348.21,-248.42,-246.14,41.94,36.66,4.69,33.22,3.83,56.13,18.58
1174400,5356.11,-247.84,-246.09,41.88,36.74,4.69,32.93,3.54,46.98,19.13
1174500,5352.79,-247.26,-246.05,42.23,36.74,4.45,32.78,3.4,39.42,19.05
1174600,5360.69,-246.76,-246.43,41.9,36.84,4.51,32.28,2.89,36.36,19.09
1174700,5353.62,-249.42,-246.76,41.98,36.62,4.95,32.24,2.85,37.8,18.58
1174800,5356.11,-247.01,-246.55,41.8,36.54,4.51,31.85,2.46,51.08,19.01
1174900,5354.04,-249.46,-246.47,41.7,36.58,4.93,32.16,2.78,45.4,19.76
1175000,5362.36,-248.01,-246.47,42.06,36.5,4.67,32.14,2.75,45.01,19.84
1175100,5362.36,-247.22,-246.47,42.08,36.38,4.91,28.97,-0.41,51.58,19.09
1175200,5354.04,-249.38,-246.97,42.19,34.83,7,0.52,-28.87,125.41,19.44
1175300,4756.19,-14.88,547.61,42.17,28.44,7.62,8.52,-20.87,198.36,19.4
1175400,5553.32,-659.19,169.83,42.21,22.46,7.2,4.89,-24.5,322.57,18.89
1175500,-2257.02,1069.89,1069.89,41.92,11.37,5.31,6.72,-22.66,340.86,19.17
1175600,-1577.33,1069.89,1069.89,40.94,11.43,6.33,2.88,-26.51,337.23,19.05
1175700,4518.22,803.95,-34.72,39.44,0.74,2.74,2.85,-26.54,319.99,19.44
1175800,5879.9,-615.52,-25.82,40.3,0.56,-0.91,1.68,-27.71,286.24,18.85
1175900,5207.17,-667.47,695.52,42.25,-0.32,6.71,2.1,-27.29,276.02,18.85
1176000,842.54,1069.89,1069.89,41.38,-0.48,4.93,1.66,-27.73,249.94,19.4
1176100,5977.26,-983.41,92.47,42.33,-0.26,5.67,1.94,-27.44,222.31,19.44
1176200,-1187.98,1069.89,1069.89,42.37,-0.08,6.55,1.45,-27.94,219.52,19.32
1176300,-1096.05,1069.89,1069.89,42.79,-0.04,6.43,1.73,-27.65,206.42,19.29
1176400,1460.77,1069.89,1069.89,42.33,0,7.06,2.23,-27.16,202.47,19.17
1176500,2053.62,1069.89,1069.89,42.45,0.08,6.63,2.29,-27.09,185.21,19.32
1176600,3877.11,442.26,1069.89,42.29,0.2,6.61,2.14,-27.25,172.9,18.97
1176700,4253.62,34.95,1069.39,42.29,0.14,7.2,2.09,-27.3,165.55,19.13
1176800,3986.11,11.86,1069.89,42.33,0.08,6.51,1.89,-27.5,145.31,19.29
1176900,2042.39,1069.89,1069.89,42.45,0.12,6.69,1.97,-27.42,138.65,19.44
1177000,506.8,1069.89,1069.89,42.61,0.1,7.06,2.04,-27.34,148.96,19.44
1177100,1752,1069.89,1069.89,42.29,0.06,6.98,1.98,-27.4,126.96,19.13
1177200,1400.44,1069.89,1069.89,42.31,0.28,6.75,2.08,-27.31,125.25,19.01
1177300,4617.65,154.48,529.15,42.33,0.24,6.63,1.92,-27.47,115.97,19.4
1177400,6515.19,-1293.03,-428,42.49,0.08,6.61,2.05,-27.34,111.49,18.97
1177500,6476.92,-1280.6,-385.58,42.31,0.12,6.53,2.01,-27.38,108.76,18.77
1177600,6280.55,-1237.64,-183.91,42.51,0.24,6.69,1.85,-27.53,109.26,19.09
1177700,6257.25,-1192.47,-217.89,42.39,0.26,6.65,1.98,-27.4,114.92,19.01
1177800,6439.06,-1326.97,-306.32,42.41,0.28,6.49,1.86,-27.53,104.96,19.17
1177900,6268.9,-1286.17,-147.94,42.27,0.22,6.63,1.82,-27.57,103.77,19.29
1178000,6621.28,-1413.8,-428.21,42.37,0,7.02,1.98,-27.4,101.78,18.77
1178100,6933.31,-1508.21,-665.76,42.35,0.12,6.61,1.87,-27.52,103.58,20.07
1178200,7247.83,-1653.39,-900.11,42.21,0.06,7.02,2.05,-27.34,91.31,19.01
1178300,7433.8,-1655.55,-1072.12,42.39,0.24,6.51,1.97,-27.42,92.45,19.17
1178400,7000.29,-1655.55,-710.22,42.35,-0.04,6.67,1.98,-27.41,89.4,19.52
1178500,6383.31,-1324.14,-238.57,42.21,0.3,6.95,1.73,-27.65,95.55,18.97
1178600,5955.21,-1071.03,99,42.27,0.1,6.93,1.92,-27.46,96.42,19.44
1178700,5625.29,-877.86,295.56,42.53,0.1,6.63,1.8,-27.59,85.44,19.09
1178800,5653.58,-852.74,245.86,42.25,0.26,6.75,1.76,-27.63,89.4,18.81
1178900,5784.63,-910.05,149.62,42.19,0.16,6.81,1.89,-27.5,92.11,19.4
1179000,5956.04,-995.68,30.66,42.21,0.36,6.93,1.92,-27.47,88.49,19.13
1179100,5841.63,-960.87,127.66,42.55,0.18,6.77,1.79,-27.59,96.65,18.81
1179200,5913.19,-956.17,46.84,42.37,0.12,6.93,1.81,-27.57,93.79,19.21
1179300,5972.68,-993.64,-3.78,42.41,0.16,6.63,2.12,-27.26,60.64,19.36
1179400,5940.23,-989.81,44.89,42.51,0.26,6.35,2.1,-27.28,68.25,19.21
1179500,5820.83,-926.23,124.58,42.51,0.04,7.12,1.59,-27.8,80.04,19.68
1179600,5632.36,-837.27,243.57,42.27,0.42,7.18,1.87,-27.52,65.63,19.13
1179700,5518.37,-763.28,311.24,42.47,0.1,6.53,1.7,-27.69,68.1,19.64
1179800,5471.36,-716.25,329.42,42.47,0.4,7.6,1.73,-27.65,69.85,19.09
1179900,5468.03,-725.48,337.32,42.39,0.14,7.4,1.9,-27.48,59.23,19.44
1180000,5451.39,-708.14,338.53,42.39,0.38,7.7,1.67,-27.71,58.58,19.13
1180100,5430.17,-701.03,352.55,42.39,0.26,7.6,2.04,-27.35,60.87,19.05
1180200,5431.83,-693.58,350.38,42.41,0.2,7.76,1.88,-27.51,56.44,19.68
1180300,5399.38,-682.89,371.68,42.33,0.18,7.14,1.79,-27.6,54.22,19.4
1180400,5354.87,-664.22,404.2,42.23,0.06,7,1.84,-27.55,57.51,19.68
1180500,5294.96,-624.55,434.19,42.63,0.08,7.7,1.74,-27.65,64.41,19.01
1180600,5269.58,-608.62,456.98,42.25,0.2,7.4,1.85,-27.53,63.84,19.01
1180700,5262.51,-594.31,453.16,42.21,0.34,7.38,1.75,-27.64,62.47,19.09
1180800,5231.3,-583.67,476.33,42.31,0.2,7.54,1.82,-27.57,59.23,20.11
1180900,5240.46,-589.61,463.47,42.08,0.08,7.34,1.77,-27.62,53.76,19.32
1181000,5207.17,-564.41,490.22,42.41,0.08,7.14,1.71,-27.67,59.45,19.44
1181100,5182.63,-542.95,497.12,42.65,0.08,7.4,1.74,-27.65,54.41,19.32
1181200,5183.88,-542.83,501.53,42.41,0.26,7.36,1.75,-27.63,49.55,19.32
1181300,5162.24,-531.02,521.2,42.41,0.38,7.38,1.68,-27.71,50.32,19.72
1181400,5141.02,-513.34,524.61,42.31,0,7.8,1.73,-27.65,41.7,19.29
1181500,5134.37,-514.05,529.61,42.41,0.24,7.78,1.78,-27.61,46.32,18.97
1181600,5121.47,-503.77,537.47,42.23,0.44,7.32,1.71,-27.67,52.73,19.52
1181700,5102.33,-496.33,551.98,42.55,0.18,7.34,1.56,-27.83,46.32,19.09
1181800,5116.06,-501.2,547.61,42.47,0.08,7.68,1.9,-27.49,36.28,19.48
1181900,5111.49,-491.46,548.32,42.27,0.06,7.68,1.98,-27.41,42.9,19.21
1182000,5109.41,-485.77,554.1,42.33,0.04,7.4,1.52,-27.87,52.15,19.4
1182100,5095.26,-488.35,552.77,42.51,0.22,7.5,1.85,-27.54,47.09,18.69
1182200,5088.19,-489.72,560.92,42.43,0.08,7.44,1.83,-27.56,39.88,19.64
1182300,5086.52,-477.99,565.29,42.39,0.08,7.6,1.83,-27.56,39.46,19.44
1182400,5092.76,-474.95,561.47,42.17,0.16,7.64,1.59,-27.8,45.63,19.56
1182500,5079.04,-469.84,567.45,42.45,0.12,7.54,1.94,-27.44,43.63,19.05
1182600,5083.61,-477.49,567,42.41,0.16,7.48,1.61,-27.77,38.07,19.36
1182700,5067.39,-471,572.15,42.47,0.1,7.56,1.7,-27.69,36.01,19.25
1182800,5075.29,-462.94,563.3,42.31,0.06,7.48,1.92,-27.46,38.38,19.56
1182900,5079.87,-472.75,576.23,42.31,0.16,7.28,1.67,-27.71,27.76,20.03
1183000,5064.47,-462.31,573.36,42.33,0.16,7.1,1.56,-27.83,37.33,19.84
1183100,5074.46,-467.09,577.56,42.25,0.32,7.7,1.75,-27.63,48.67,19.01
1183200,5080.28,-466.8,567.95,42.45,0.04,7.54,1.69,-27.69,30.92,19.05
1183300,5064.06,-454.08,581.64,42.49,0.04,7.34,1.78,-27.61,23.69,19.99
1183400,5071.96,-466.26,574.57,42.41,0.18,7.72,1.63,-27.75,40.7,19.64
1183500,5059.9,-455.99,582.26,41.9,0.18,7.36,1.46,-27.92,39.61,19.25
1183600,5068.63,-456.99,586.5,42.45,0.18,7.34,1.46,-27.93,42.59,19.17
1183700,5060.73,-453.37,580.97,42.25,-0.02,7.54,1.4,-27.99,43.01,18.93
1183800,5063.23,-447.92,580.47,42.17,0.16,7.34,1.58,-27.81,34.31,19.44
1183900,5056.15,-457.07,583.51,42.45,0.08,7.3,1.77,-27.61,39.11,19.21
1184000,5063.23,-452.95,577.15,42.51,0.16,7.8,1.9,-27.49,37.87,19.17
1184100,5055.32,-452.25,588.21,42.19,0.14,7,1.5,-27.88,35.78,19.29
1184200,5057.4,-449.96,577.35,42.47,0.14,7.5,1.92,-27.46,44.32,18.89
1184300,5061.15,-457.82,589,42.47,0.24,7.42,2.02,-27.37,50.01,19.88
1184400,5053.66,-460.52,586.96,42.31,0.24,7.16,1.42,-27.96,42.16,19.52
1184500,5057.82,-455.03,582.84,42.43,0.12,6.95,1.65,-27.73,38.38,19.64
1184600,5051.58,-453.5,589.96,42.39,0.28,7.44,1.56,-27.82,32.28,19.6
1184700,5059.9,-448.75,592.53,42.33,0.02,7.72,1.73,-27.66,35.94,19.36
1184800,5059.9,-456.2,588.17,42.27,0.3,7.6,1.68,-27.71,41.62,19.88
1184900,5054.07,-450.54,593.74,42.33,0.18,7.48,1.82,-27.57,36.36,18.65
1185000,5057.82,-452.25,588.71,42.49,0.14,7.62,1.81,-27.58,36.44,19.6
1185100,5043.67,-448.55,594.95,42.43,0.36,7.28,1.79,-27.6,38.14,19.4
1185200,5048.25,-442.31,593.82,42.33,0.06,7.62,1.68,-27.71,42.01,19.52
1185300,5066.97,-451.71,580.97,42.41,0.18,7.4,1.61,-27.77,33.64,18.85
1185400,5055.74,-456.16,589.5,42.29,0.24,7.46,1.78,-27.61,35.08,18.89
1185500,5046.17,-450.04,595.07,42.45,0.04,7.46,1.63,-27.76,33.57,19.29
1185600,5054.49,-456.07,591,42.53,0.28,7.36,1.64,-27.75,32.83,19.05
1185700,5050.33,-445.22,599.69,42.39,0.02,7.24,1.87,-27.52,41.97,19.76
1185800,5054.07,-446.34,594.07,42.43,0.08,7.5,1.76,-27.63,39.15,19.56
1185900,5048.25,-449.42,591.58,42.35,0.2,7.3,1.75,-27.63,37.56,19.44
1186000,5031.19,-436.49,601.69,42.41,0.26,7.34,1.63,-27.75,37.91,19.09
1186100,5048.66,-449.96,593.12,42.39,0.34,7.38,1.62,-27.77,36.48,19.4
1186200,5034.52,-437.23,611.17,42.41,0,7.44,1.68,-27.71,39.5,19.01
1186300,5060.31,-453.95,585.42,42.29,0.18,7.32,1.62,-27.77,41.12,19.52
1186400,5064.06,-454.74,587,42.81,0.3,7.3,1.78,-27.61,30.88,19.68
1186500,5057.82,-451.29,586.79,42.33,0.06,7.48,1.83,-27.56,40.89,19.32
1186600,5051.58,-449.71,594.16,42.25,0.2,7.54,1.53,-27.86,46.63,19.13
1186700,5046.58,-447.22,599.65,42.37,0.1,7.3,1.74,-27.65,32.36,19.48
1186800,5057.4,-449.38,595.24,42.41,0.22,7.42,1.51,-27.88,36.56,19.6
1186900,5053.66,-445.18,594.16,42.14,0.2,7.56,1.77,-27.61,29.05,19.64
1187000,5055.74,-454.74,587.75,42.31,0.26,7.2,1.71,-27.68,34.23,19.64
1187100,5044.5,-450.96,598.32,42.31,0.28,7.42,1.67,-27.71,40.62,19.21
1187200,5051.16,-449.46,601.93,42.37,0.14,7.32,1.77,-27.62,31.7,19.92
1187300,5051.99,-453.37,599.44,42.43,0.32,7.7,1.74,-27.65,29.28,19.84
1187400,5052.41,-446.67,600.31,42.29,0.18,7.56,1.75,-27.64,32.05,19.88
1187500,5053.66,-453.79,599.56,42.33,0.4,7.4,1.64,-27.75,40.39,19.8
1187600,5049.08,-445.72,598.77,42.25,0.2,7.4,1.68,-27.71,42.97,19.76
1187700,5040.76,-447.92,606.39,42.41,0.16,7.58,1.74,-27.65,24.2,19.25
1187800,5042.84,-445.59,609.38,42.19,0.26,7.64,1.75,-27.64,37.06,19.52
1187900,5049.5,-448.21,599.81,42.39,0.22,7.52,1.64,-27.75,39.69,19.21
1188000,5050.33,-449.92,599.02,42.33,0.06,7.46,1.71,-27.68,35.82,19.52
1188100,5045.34,-452.41,601.93,42.49,0.2,7.5,1.79,-27.6,37.6,19.92
1188200,5039.1,-444.84,600.35,42.43,0.3,7.56,1.71,-27.68,30.65,20.03
1188300,5042.42,-440.27,601.48,42.51,0.06,7.8,1.53,-27.86,46.82,18.81
1188400,5057.82,-454.66,596.28,42.17,0.34,7.16,1.83,-27.55,43.9,19.29
1188500,5033.69,-443.39,616.7,42.25,0.16,7.24,1.69,-27.7,36.94,19.68
1188600,5055.32,-450.63,592.83,42.49,0.14,7.06,1.63,-27.75,35.39,19.64
1188700,5051.99,-453.74,601.64,42.45,0.24,7.44,1.67,-27.71,32.95,20.19
1188800,5051.58,-452.12,599.4,42.37,-0.2,7.54,1.61,-27.78,38.72,19.21
1188900,5047,-447.42,607.63,42.33,0.08,7.24,1.72,-27.67,40.7,19.25
1189000,5054.07,-446.67,593.7,42.49,0.12,7.24,1.71,-27.67,39.07,19.52
1189100,5035.35,-443.64,600.4,42.39,0.16,7.42,1.75,-27.64,42.05,19.52
1189200,5044.92,-450.46,596.4,42.31,0.2,7.56,1.73,-27.66,36.56,20.07
1189300,5049.08,-452,602.35,42.49,0.14,7.5,1.58,-27.81,38.76,19.64
1189400,5048.66,-445.93,601.48,42.33,0.08,7.24,1.77,-27.62,31.39,19.6
1189500,5046.58,-445.3,601.93,42.37,0.2,7.36,1.68,-27.71,38.65,19.68
1189600,5035.35,-439.23,615.58,42.45,0.18,7.46,1.53,-27.86,27.6,19.52
1189700,5044.09,-444.51,594.16,42.57,0.22,7.64,1.77,-27.61,29.79,19.52
1189800,5047.83,-450.08,604.14,42.23,0.26,7.68,1.73,-27.66,33.61,19.44
1189900,5049.91,-450.83,605.8,42.41,0.28,7.4,1.75,-27.64,26.67,19.36
1190000,5053.24,-458.78,598.98,42.37,0.06,7.24,1.76,-27.63,35.28,20.27
1190100,5053.66,-454.53,601.98,42.31,0.18,7.46,1.73,-27.65,34.38,20.15
1190200,5051.16,-456.36,601.31,42.29,0.18,7.28,1.57,-27.82,25.37,19.52
1190300,5052.41,-455.57,600.02,42.35,0.2,7.68,1.76,-27.63,32.36,19.6
1190400,5049.5,-457.36,606.3,42.21,0.12,7.32,1.63,-27.75,32.01,19.68
1190500,5044.92,-445.05,600.44,42.35,0.28,7.2,1.59,-27.8,31.39,19.95
1190600,5047,-452,600.19,42.27,-0.02,7.6,1.63,-27.76,37.21,20.07
1190700,5046.58,-455.45,600.44,42.25,0.22,7.56,1.77,-27.61,36.91,20.23
1190800,5042.01,-450.71,604.64,42.39,0.14,7.62,1.76,-27.63,38.34,20.03
1190900,5044.92,-448.55,602.81,42.39,0.16,7.68,1.61,-27.78,34.23,19.56
1191000,5049.5,-446.38,601.6,42.21,0.18,7.52,1.67,-27.72,40.04,19.8
1191100,5042.84,-446.43,607.22,42.35,0.34,7.54,1.7,-27.69,31.7,19.48
1191200,5057.4,-454.95,593.62,42.39,0.2,7.5,1.69,-27.69,30.41,19.64
1191300,5045.75,-448.96,600.44,42.37,0.08,8.04,1.82,-27.57,44.4,19.8
1191400,5047.83,-451.29,605.39,42.39,0.26,7.56,1.63,-27.76,39.92,19.52
1191500,5047.83,-458.53,612.33,42.27,-0.06,7.72,1.63,-27.76,37.6,19.88
1191600,5048.66,-451.79,606.93,42.43,0.24,7.66,1.66,-27.73,24.67,20.11
1191700,5047,-448.96,610.59,42.55,0.26,7.44,1.58,-27.81,27.41,18.97
1191800,5042.84,-453.33,607.8,42.43,0.14,7.26,1.53,-27.86,38.61,19.52
1191900,5039.1,-453.74,612.67,42.33,0.06,7.3,1.63,-27.76,35.7,20.31
1192000,5037.43,-446.3,617.37,42.37,0.22,7.3,1.73,-27.66,34.81,19.6
1192100,5044.09,-449.5,605.51,42.23,0.26,7.76,1.68,-27.71,36.75,19.68
1192200,5041.18,-446.92,610.5,42.41,0.06,7.24,1.77,-27.61,29.99,19.68
1192300,5054.49,-449.17,594.86,42.37,0.18,7.36,1.71,-27.67,32.67,19.68
1192400,5045.75,-452.79,606.14,42.33,0.38,7.34,1.78,-27.61,41.58,19.17
1192500,5045.34,-448.55,598.52,42.31,0.1,7.54,1.58,-27.81,39.27,19.95
1192600,5059.9,-451.37,598.11,43.53,0.3,7.64,1.68,-27.71,33.68,19.72
1192700,5051.58,-453.29,604.06,42.37,0.12,7.5,1.71,-27.68,32.75,19.56
1192800,5042.42,-450.71,601.85,42.47,0.24,7.52,1.75,-27.63,34.15,19.92
1192900,5033.69,-448.25,610.88,42.27,0.18,7.5,1.57,-27.82,38.34,19.52
1193000,5049.5,-447.26,598.4,42.31,0.52,7.46,1.83,-27.56,38.61,19.95
1193100,5051.16,-448.71,601.02,42.37,0.28,7.42,1.63,-27.76,30.65,19.84
1193200,5046.17,-447.09,603.14,42.37,0.2,7.66,1.71,-27.67,39.27,19.25
1193300,5044.5,-455.99,605.39,42.29,0.22,7.48,1.61,-27.77,38.11,19.05
1193400,5058.23,-451.87,598.07,42.29,0.04,7.52,1.72,-27.67,46.67,18.81
1193500,5052.41,-454.91,606.63,42.63,0.14,7.54,1.54,-27.84,31.12,19.6
1193600,5048.66,-455.91,607.42,42.37,0.26,7.36,1.6,-27.79,30.3,19.6
1193700,5059.9,-453.7,597.44,42.49,0.18,7.56,1.74,-27.65,28.78,20.35
1193800,5052.41,-456.2,608.22,42.51,0.2,7.4,1.7,-27.69,28.54,20.78
1193900,5041.59,-453,604.47,42.51,0.24,7.24,1.65,-27.74,43.17,20.15
1194000,5046.17,-450.63,605.3,42.27,0.2,7.32,1.65,-27.74,32.63,20.19
1194100,5047,-447.84,607.22,42.31,-0.04,7.58,1.62,-27.77,41.55,19.48
1194200,5049.08,-452.21,606.76,42.41,0.04,7.36,1.71,-27.67,41.55,19.56
1194300,5046.58,-452.54,607.26,42.47,0.28,7.34,1.67,-27.72,40.77,20.07
1194400,5045.34,-460.4,605.55,42.35,0.14,7.4,1.63,-27.75,33.18,19.56
1194500,5047,-457.82,604.64,42.51,0.26,7.46,1.6,-27.79,34.58,19.84
1194600,5044.09,-452.08,608.38,42.39,0.2,7.66,1.67,-27.71,31.66,20.15
1194700,5042.42,-444.76,609.67,42.51,0.2,7.48,1.58,-27.81,34.65,19.76
1194800,5046.58,-451.12,613.5,42.29,0.16,7.54,1.59,-27.8,38.92,19.8
1194900,5041.18,-457.15,609.17,42.43,0,7.34,1.81,-27.58,28.78,19.84
1195000,5039.51,-450.75,611.25,42.39,0.3,7.4,1.54,-27.84,38.72,20.27
1195100,5048.66,-453.45,605.47,42.27,0.18,7.38,1.64,-27.75,37.68,20.15
1195200,5049.08,-454.78,607.01,42.51,0.28,7.46,1.66,-27.73,35.08,20.39
1195300,5048.25,-457.28,608.67,42.25,-0.02,7.44,1.66,-27.73,36.05,20.15
1195400,5051.16,-455.03,596.86,42.33,0.2,7.48,1.58,-27.81,35.2,20.15
1195500,5046.58,-458.03,606.59,42.31,0.14,7.6,1.6,-27.79,22.78,19.64
1195600,5062.81,-462.89,597.44,42.31,0.16,7.32,1.74,-27.65,48.05,19.52
1195700,5054.91,-456.99,601.89,42.33,0.22,7.56,1.57,-27.82,33.72,19.84
1195800,5054.91,-457.9,600.31,42.23,0.18,7.34,1.6,-27.79,39.03,19.95
1195900,5052.41,-451.12,602.39,42.14,0,7.58,1.63,-27.76,38.96,19.36
1196000,5044.09,-455.87,612.46,42.39,0.06,7.58,1.61,-27.78,33.02,19.32
1196100,5045.34,-453.95,605.47,42.53,0.26,7.58,1.67,-27.72,30.84,19.95
1196200,5047,-450.96,613.12,42.35,-0.02,7.24,1.64,-27.75,39.73,20.31
1196300,5041.59,-445.43,607.13,42.25,0.28,7.7,1.79,-27.6,36.48,19.92
1196400,5039.51,-449.13,609.59,42.23,0.14,7.56,1.63,-27.76,32.44,19.72
1196500,5042.84,-452.95,609.25,42.31,0.12,7.26,1.71,-27.68,35.97,19.64
1196600,5047.42,-456.91,603.76,42.45,0.22,7.34,1.71,-27.68,38.72,19.64
1196700,5036.18,-446.63,610.34,42.63,0.18,7.52,1.78,-27.61,41.35,19.56
1196800,5041.18,-450.17,612.71,42.43,-0.04,7.7,1.51,-27.88,31.04,20.15
1196900,5036.18,-448.84,615.49,42.23,0.26,7.74,1.46,-27.92,36.09,19.76
1197000,5046.17,-455.2,602.77,42.31,0.26,7.74,1.6,-27.79,33.92,19.99
1197100,5035.35,-453.58,611.17,42.29,0.36,7.16,1.75,-27.64,38.84,19.76
1197200,5037.85,-450.17,611.38,42.31,0.04,7.3,1.54,-27.84,29.17,19.64
1197300,5031.61,-443.56,623.98,42.29,0.02,7.76,1.54,-27.84,31.43,19.68
1197400,5036.18,-446.8,618.2,42.37,0.16,7.36,1.75,-27.63,31.35,19.95
1197500,5045.34,-450.38,598.48,42.35,0.1,7.76,1.77,-27.61,38.14,19.84
1197600,5048.66,-457.15,604.68,42.33,0.18,7.56,1.44,-27.95,32.28,19.99
1197700,5044.09,-451.08,608.09,42.21,0.02,7.86,1.57,-27.82,38.3,19.88
1197800,5051.16,-455.12,607.22,42.19,0.2,7.7,1.57,-27.82,39.34,20.11
1197900,5041.18,-449.46,609.59,42.55,0.06,7.42,1.6,-27.79,42.47,20.15
1198000,5042.84,-449.05,601.1,42.31,0.04,7.36,1.72,-27.67,34.85,19.95
1198100,5033.27,-449.46,613.21,42.21,0.06,7.34,1.59,-27.8,36.01,19.95
1198200,5033.27,-448.55,610.17,42.35,0.08,7.4,1.89,-27.5,35.9,19.68
1198300,5048.25,-449.54,605.72,42.63,-0.06,7.22,1.9,-27.49,45.32,20.03
1198400,5054.07,-464.77,599.06,42.41,0.06,7.22,1.91,-27.48,36.79,19.95
1198500,5047.83,-456.49,608.38,42.31,0.18,7.88,1.45,-27.94,36.59,20.39
1198600,5037.85,-456.53,606.84,42.55,0.02,7.32,1.78,-27.61,40.39,20.23
1198700,5042.01,-450.75,603.39,42.33,0.16,7.32,1.66,-27.73,43.32,19.68
1198800,5039.51,-449.84,606.76,42.25,0.26,7.32,1.6,-27.79,29.95,20.35
1198900,5041.59,-453.41,612.17,42.29,0.44,7.5,1.49,-27.9,32.52,19.84
1199000,5045.75,-454.2,609.67,42.33,0.14,7.3,1.66,-27.73,35.04,19.6
1199100,5053.24,-458.49,596.78,42.41,0.14,7.56,1.48,-27.9,46.32,19.92
1199200,5039.51,-449.34,604.51,42.61,0.24,7.76,1.86,-27.53,41.24,20.19
1199300,5041.59,-453.54,611.83,42.27,0.28,7.38,1.37,-28.02,31.7,20.51
1199400,5043.26,-447.01,601.98,42.31,0.32,7.56,1.67,-27.72,25.88,20.66
1199500,5033.27,-441.56,607.55,42.41,-0.1,7.58,1.41,-27.98,32.28,20.74
1199600,5039.1,-452.21,602.27,42.49,0.18,7.46,1.58,-27.81,47.05,20.51
1199700,5039.93,-454.04,609.59,42.39,0.08,7.36,1.47,-27.92,42.55,20.74
1199800,5042.84,-452.54,605.35,42.45,0.18,7.28,1.39,-28,43.78,20.15
1199900,5047,-451.25,602.64,42.49,0.12,7.46,1.76,-27.63,30.57,20.19
1200000,5037.43,-456.99,613.12,42.29,0.16,7.52,1.7,-27.69,29.17,20.23
1200100,5036.18,-456.49,614.29,42.51,0.22,7.34,1.94,-27.44,38.49,19.88
1200200,5039.1,-457.11,610.46,42.45,0,7.44,1.5,-27.89,31.86,20.27
1200300,5037.02,-445.8,605.84,42.37,0.06,7.3,1.65,-27.74,45.28,19.17
1200400,5041.59,-449.63,601.23,42.21,0.14,7.6,1.5,-27.89,36.83,19.76
1200500,5039.93,-456.12,603.18,42.41,0.1,8.66,1.74,-27.65,36.9,19.84
1200600,5025.37,-446.72,608.92,42.37,-0.06,7.8,1.71,-27.68,34.19,19.8
1200700,5037.02,-452.08,603.22,42.47,0.12,7.24,1.63,-27.76,31.86,19.72
1200800,5048.25,-456.45,601.6,42.43,0.18,7.42,1.5,-27.88,38.88,19.44
1200900,5036.18,-448.13,607.88,42.29,0.28,7.72,1.83,-27.55,42.01,20.23
1201000,5039.93,-446.05,601.1,42.41,0.18,7.4,1.6,-27.79,37.68,19.99
1201100,5041.59,-450.21,604.43,42.43,0.08,7.44,1.69,-27.7,33.22,20.31
1201200,5036.18,-447.09,600.98,42.08,0.24,7.42,1.54,-27.85,37.6,19.88
1201300,5044.5,-457.7,609.25,42.02,0.24,7.26,1.69,-27.69,34.27,20.27
1201400,5037.02,-457.4,614.08,42.41,0.32,7.22,1.33,-28.06,35.74,19.76
1201500,5042.01,-451,606.26,42.15,0.26,7.74,1.92,-27.47,40.27,19.99
1201600,5037.85,-456.74,612.04,42.53,-0.02,7.36,1.45,-27.94,34.69,19.92
1201700,5041.18,-455.53,606.59,42.43,0.12,7.56,1.62,-27.77,37.02,19.99
1201800,5040.34,-454.45,606.14,42.49,0.28,7.72,1.61,-27.77,40.08,20.03
1201900,5045.75,-455.82,599.36,42.35,0.42,7.76,1.73,-27.65,23.14,19.8
1202000,5037.02,-446.26,608.22,42.33,0.48,7.4,1.62,-27.77,35.2,20.27
1202100,5029.11,-449.54,607.22,42.45,0.26,6.85,1.46,-27.93,46.63,20.35
1202200,5050.74,-456.28,599.15,42.23,0,7.66,1.66,-27.73,41.47,20.27
1202300,5049.08,-463.23,608.42,42.15,0.34,7.58,1.8,-27.59,19.88,20.19
1202400,5047.83,-459.61,602.35,42.23,0.22,7.84,1.87,-27.52,27.88,19.95
1202500,5042.84,-454.83,608.59,42.41,0.26,7.06,1.29,-28.1,28.54,20.03
1202600,5044.92,-454.74,596.4,42.31,0.22,7.44,1.5,-27.88,27.33,19.95
1202700,5039.1,-450.13,601.56,42.43,0.44,7.18,1.51,-27.88,33.8,19.88
1202800,5036.18,-455.87,605.55,42.33,0.16,7.28,1.51,-27.88,37.02,20.43
1202900,5039.51,-447.8,606.14,42.33,0.08,7.16,1.52,-27.87,33.1,20.19
1203000,5042.42,-452.66,600.73,42.25,0.1,7.32,1.65,-27.74,27.8,19.95
1203100,5043.26,-456.16,603.72,42.43,0.44,7.14,1.49,-27.9,38.88,19.88
1203200,5042.01,-459.44,600.27,42.45,-0.04,7.86,1.67,-27.71,34.11,19.64
1203300,5043.26,-457.9,606.34,42.17,0.18,7.74,1.64,-27.75,38.26,20.07
1203400,5033.27,-442.39,602.77,42.41,0.06,7.26,1.66,-27.73,40.62,20.07
1203500,5042.01,-453.74,596.74,42.53,0.12,7.5,1.51,-27.88,30.57,20.07
1203600,5033.69,-450.75,603.39,42.37,0.26,7.28,1.49,-27.9,26.31,20.27
1203700,5039.93,-458.44,604.8,42.19,0.04,7.32,1.79,-27.6,39.34,20.39
1203800,5041.18,-454.37,598.98,42.15,0.14,7.78,1.48,-27.91,46.48,20.03
1203900,5040.34,-454.87,608.84,42.31,0.3,7.44,1.98,-27.41,34.34,20.27
1204000,5037.02,-447.92,600.4,42.53,0.2,7.56,1.35,-28.04,37.33,20.47
1204100,5035.77,-452,607.88,42.21,0.3,7.8,1.79,-27.59,33.06,19.4
1204200,5038.26,-452,601.44,42.06,0.28,7.5,1.71,-27.68,41.08,20.47
1204300,5035.77,-453.7,600.19,42.47,0.22,7.48,1.68,-27.71,35.63,20.03
1204400,5046.17,-460.61,595.32,42.37,0.1,7.72,1.38,-28,32.71,20.23
1204500,5051.58,-461.65,602.97,42.29,0.26,7.48,1.77,-27.62,42.2,19.84
1204600,5039.1,-454.45,599.77,42.35,0.06,7.18,1.44,-27.95,40.12,20.15
1204700,5039.51,-457.99,599.23,42.79,0.08,7.72,1.48,-27.91,31.86,19.72
1204800,5044.92,-458.98,602.52,42.35,0.44,7.3,1.44,-27.95,44.36,20.43
1204900,5034.1,-453.66,606.93,42.37,0.12,7.44,1.63,-27.75,44.94,19.92
1205000,5030.78,-449.21,605.39,42.27,0.12,7.46,1.58,-27.81,45.86,20.23
1205100,5034.52,-449,600.1,42.37,0.3,7.54,1.6,-27.79,30.61,20.07
1205200,5053.66,-457.11,593.66,42.35,0.24,7.02,1.64,-27.75,35.86,19.99
1205300,5041.59,-460.19,602.52,42.43,0.04,7.54,1.83,-27.56,29.75,19.76
1205400,5042.42,-453.74,604.1,42.19,0.14,7.58,1.5,-27.89,31.12,19.84
1205500,5045.34,-454.12,593.95,42.61,0.2,7.58,1.65,-27.73,42.36,19.76
1205600,5041.59,-460.69,606.47,42.51,0.2,7.4,1.71,-27.67,38.26,20.19
1205700,5051.58,-469.34,606.18,42.41,-0.02,7.58,1.29,-28.1,32.01,20.11
1205800,5039.1,-456.86,597.11,42.33,-0.1,7.36,1.29,-28.1,35.97,20.15
1205900,5032.02,-457.45,603.02,42.75,0.02,7.2,1.55,-27.84,34.85,20.15
1206000,5030.36,-457.9,611.09,42.43,0.12,7.5,1.61,-27.77,42.51,20.27
1206100,5043.67,-459.07,601.81,42.43,0.36,7.36,1.47,-27.92,41.62,20.23
1206200,5038.26,-450,601.6,42.41,0.26,7.26,1.61,-27.78,38.41,19.8
1206300,5041.18,-452.91,599.56,42.33,0.48,7.62,1.84,-27.55,33.57,20.03
1206400,5055.32,-456.78,585.21,42.35,0.04,7.28,1.39,-28,34.23,19.99
1206500,5042.01,-459.03,599.56,42.33,0.1,7.52,1.68,-27.71,32.09,20.11
1206600,5048.66,-463.23,596.24,42.35,0.1,7.74,1.62,-27.77,41.66,20.39
1206700,5033.69,-451.75,608.8,42.51,0.3,7.86,1.83,-27.55,46.32,20.15
1206800,5050.74,-454.53,598.52,42.47,0.02,7.58,1.54,-27.85,24.24,20.19
1206900,5052.82,-451,590.25,42.39,-0.04,7.6,1.36,-28.03,32.28,20.47
1207000,5041.18,-455.08,603.43,42.17,0.2,7.32,1.83,-27.55,32.91,20.11
1207100,5037.02,-454.41,596.65,42.37,-0.06,7.48,1.38,-28.01,38.3,19.88
1207200,5055.32,-462.69,591.99,42.35,0.28,7.44,1.71,-27.68,35.94,19.99
1207300,5042.01,-457.86,599.15,42.55,0.16,7.8,1.64,-27.75,42.93,20.23
1207400,5052.82,-453.41,598.19,42.35,0.2,7.26,1.67,-27.71,24.16,19.95
1207500,5047.42,-457.24,600.19,42.49,-0.08,7.42,1.75,-27.64,36.52,20.03
1207600,5042.84,-455.87,603.06,42.23,0.1,7.62,1.63,-27.75,38.65,20.51
1207700,5054.91,-456.53,591.29,42.27,0.16,7.32,1.71,-27.68,27.02,19.76
1207800,5051.58,-460.11,594.91,42.06,0.4,7.58,1.71,-27.68,35.63,20.74
1207900,5044.09,-456.41,598.15,42.41,0.08,7.38,1.39,-28,36.94,20.19
1208000,5044.5,-452.91,594.24,42.53,-0.02,7.38,1.66,-27.73,43.71,20.7
1208100,5039.1,-454.49,601.06,42.25,0.1,7.28,1.75,-27.63,36.28,20.19
1208200,5050.74,-454.53,598.15,42.27,0.08,7.18,1.36,-28.03,38.41,19.92
1208300,5051.99,-456.99,601.06,42.43,0,7.18,1.36,-28.02,38.11,20.11
1208400,5045.34,-461.36,601.27,42.41,-0.08,7.3,1.47,-27.92,46.48,19.68
1208500,5045.75,-463.23,601.23,42.31,0.1,7.2,1.65,-27.73,41.58,19.95
1208600,5042.01,-457.82,597.32,42.33,0.18,7.42,1.87,-27.52,27.17,19.76
1208700,5051.58,-458.57,604.47,42.35,0.18,7.22,1.77,-27.61,40.54,20.66
1208800,5048.66,-455.78,597.44,42.31,0.04,7.32,1.49,-27.9,39.19,20.31
1208900,5043.26,-456.74,603.43,42.51,0.14,7.2,1.75,-27.63,33.92,20.07
1209000,5032.44,-454.66,603.39,42.49,0.12,7.44,1.46,-27.92,39.65,20.27
1209100,5033.27,-449.13,600.94,42.51,0.16,7.32,1.73,-27.66,43.9,19.92
1209200,5039.93,-451.08,602.39,42.55,0.1,7.42,1.86,-27.53,36.05,20.23
1209300,5037.43,-448.09,598.73,42.65,-0.14,7.64,1.91,-27.48,42.63,19.68
1209400,5049.5,-453.37,595.61,42.17,0.12,7.26,1.46,-27.93,33.72,20.03
1209500,5037.43,-455.87,601.48,42.55,0.02,7.3,1.54,-27.85,42.55,20.15
1209600,5047,-452.54,600.52,42.39,0.12,7.72,1.75,-27.63,33.41,20.31
1209700,5038.68,-454.62,601.48,42.43,-0.06,7.24,1.65,-27.73,43.17,19.92
1209800,5041.59,-454.16,596.57,42.31,-0.02,7.56,1.44,-27.95,28.62,20.31
1209900,5048.66,-452.95,602.31,42.47,0.26,7.96,1.74,-27.65,35.08,20.51
1210000,5031.61,-456.66,604.01,42.19,-0.06,7.12,1.34,-28.04,40.97,19.99
1210100,5049.5,-456.91,594.16,42.51,0.24,7.48,1.73,-27.65,44.82,20.43
1210200,5041.59,-458.32,603.56,42.39,0.42,7.46,1.6,-27.79,35.31,20.39
1210300,5037.02,-448.21,608.84,42.43,0,7.66,1.81,-27.57,30.61,20.27
1210400,5064.47,-463.1,586.71,42.39,0.16,7.66,1.79,-27.59,39.58,20.58
1210500,5033.69,-448.25,601.64,42.43,0,7.4,1.56,-27.82,45.55,19.8
1210600,5040.34,-454.62,602.89,42.47,0.24,7.44,1.61,-27.77,46.67,20.27
1210700,5042.84,-456.45,605.3,42.31,0.16,8.4,1.6,-27.79,39.27,19.99
1210800,5043.26,-454.49,610.88,42.21,0.3,7.72,1.55,-27.84,39.03,20.98
1210900,5045.75,-454.53,600.65,42.25,0.18,7.64,1.67,-27.71,37.76,20.54
1211000,5039.1,-450.46,608.05,42.31,0.24,7.84,1.57,-27.82,37.25,20.15
1211100,5046.17,-452.29,600.27,42.23,-0.04,7.7,1.61,-27.78,38.8,20.11
1211200,5052.41,-462.98,590.25,42.43,0.1,7.3,1.46,-27.93,38.14,20.9
1211300,5058.65,-460.77,593.08,42.51,0.28,7.52,1.78,-27.61,37.68,20.66
1211400,5053.66,-456.49,592.53,42.59,0.16,7.26,1.71,-27.68,36.05,20.9
1211500,5050.33,-454.99,600.81,42.29,0.16,7.4,1.55,-27.84,38.53,20.15
1211600,5038.68,-447.01,596.03,42.19,0.2,7.64,1.51,-27.88,40.77,19.92
1211700,5030.78,-447.26,596.4,42.25,0.22,7.44,1.68,-27.71,36.21,20.47
1211800,5059.07,-459.11,592.29,42.29,0.18,7.72,1.36,-28.02,41.66,20.39
1211900,5048.66,-454.53,599.65,42.19,0.3,7.52,1.73,-27.66,28.89,20.27
1212000,5039.93,-453.37,601.93,42.21,0.22,7.68,1.54,-27.84,41.12,20.19
1212100,5044.5,-456.49,593.74,42.27,0.16,7.5,1.42,-27.97,37.33,20.15
1212200,5041.18,-454.41,602.52,42.47,0.28,7.3,1.78,-27.61,32.52,19.95
1212300,5044.5,-458.32,608.26,42.53,0.38,7.28,1.5,-27.89,45.94,20.58
1212400,5048.25,-458.74,604.85,42.41,0.2,7.46,1.52,-27.87,38.88,19.99
1212500,5040.76,-456.86,603.76,42.45,0.22,7.22,1.72,-27.67,36.36,20.7
1212600,5042.01,-457.32,600.15,42.23,0.08,7.42,1.67,-27.72,44.9,21.02
1212700,5045.75,-455.41,605.3,42.25,0.2,7.88,1.46,-27.92,34.42,20.15
1212800,5035.35,-450.54,603.22,42.43,0.22,7.46,1.7,-27.69,35.2,19.99
1212900,5052.82,-457.28,595.57,42.21,-0.08,7.6,1.52,-27.87,36.79,20.74
1213000,5045.75,-453.62,598.02,42.39,0.16,7.56,1.61,-27.78,28.78,20.31
1213100,5043.67,-448.88,604.47,42.27,0.08,7.5,1.61,-27.78,29.28,20.47
1213200,5047.83,-455.12,599.65,42.43,-0.02,7.38,1.82,-27.57,40.81,20.54
1213300,5039.93,-454.91,606.22,42.45,0.06,7.54,1.58,-27.81,41.04,20.47
1213400,5046.17,-450.29,599.31,42.41,-0.06,7.4,1.56,-27.83,35.66,20.11
1213500,5047,-451.67,600.06,42.39,0.1,7.4,1.6,-27.79,31.7,20.19
1213600,5037.43,-449,604.35,42.41,-0.08,7.34,1.75,-27.63,38.92,20.66
1213700,5048.66,-457.36,594.03,42.41,0.3,7.66,1.49,-27.9,41.04,20.62
1213800,5044.09,-455.28,598.86,42.41,0.2,7.52,1.5,-27.89,38.57,20.27
1213900,5039.51,-452.04,601.31,41.8,0.26,7.26,1.7,-27.69,36.09,20.03
1214000,5063.23,-461.44,586.13,42.29,0.3,7.38,1.71,-27.67,41.7,21.02
1214100,5050.33,-455.62,600.06,42.49,0.24,7.6,1.46,-27.93,39.38,20.82
1214200,5045.34,-455.62,594.66,42.35,0.12,7.4,1.62,-27.77,42.32,20.54
1214300,5064.47,-463.48,581.72,42.35,0.14,7.48,1.4,-27.99,38.18,20.78
1214400,5049.91,-460.94,601.48,42.33,0.08,7.66,1.67,-27.72,43.01,20.11
1214500,5052.41,-460.61,600.02,42.21,0.24,7.44,1.65,-27.73,36.32,20.43
1214600,5051.99,-457.36,597.4,42.39,0.32,7.48,1.61,-27.77,43.78,20.27
1214700,5053.66,-459.44,596.74,42.49,0.18,7.58,1.56,-27.82,37.06,20.98
1214800,5046.17,-454.37,599.69,42.33,0.1,7.44,1.67,-27.71,29.13,20.66
1214900,5041.59,-457.32,602.72,42.49,0,7.64,1.79,-27.59,32.28,20.43
1215000,5054.91,-462.6,595.86,42.45,0.04,7.44,1.73,-27.65,34.23,20.27
1215100,5046.17,-456.41,590.79,42.41,0.08,7.48,1.54,-27.84,33.33,20.74
1215200,5060.31,-460.07,597.11,42.53,0.22,7.3,1.57,-27.82,40.7,20.58
1215300,5037.85,-455.87,600.4,42.35,0.16,7.28,1.6,-27.79,37.14,20.54
1215400,5052.41,-465.64,593.53,42.39,0.18,7.44,1.68,-27.71,48.9,19.95
1215500,5050.33,-458.94,595.11,42.35,0.08,7.44,1.68,-27.71,45.21,20.15
1215600,5056.57,-460.65,597.28,42.41,0.1,7.42,1.64,-27.75,42.24,20.74
1215700,5051.58,-452.25,593.12,42.33,0.16,7.62,1.57,-27.82,26.16,20.7
1215800,5035.77,-453.83,600.69,42.33,0.16,7.26,1.57,-27.82,43.86,20.9
1215900,5034.1,-459.9,603.85,42.45,0.32,7.44,1.55,-27.84,40.85,20.39
1216000,5042.01,-460.23,600.23,42.27,0.18,7.56,1.63,-27.75,39.92,20.23
1216100,5055.32,-461.81,598.27,41.88,0.08,7.26,1.65,-27.73,44.63,20.51
1216200,5050.33,-469.59,601.6,42.45,0.22,7.3,1.58,-27.81,46.78,20.86
1216300,5039.1,-454.91,594.24,42.25,0.26,7.44,1.63,-27.75,38.34,20.07
1216400,5047,-460.52,601.69,42.27,0.14,7.36,1.61,-27.78,34.34,20.54
1216500,5044.5,-456.07,601.69,42.21,0.04,7.46,1.48,-27.91,39.69,20.7
1216600,5044.92,-458.28,603.97,42.43,0.24,7.5,1.63,-27.76,41.78,21.06
1216700,5038.26,-454.2,599.23,42.35,0.18,7.16,1.54,-27.84,41.55,20.19
1216800,5038.26,-456.24,600.6,42.49,0.14,7.58,1.42,-27.97,37.8,20.7
1216900,5044.5,-458.07,600.15,42.41,0.12,7.58,1.67,-27.72,43.63,20.7
1217000,5041.18,-459.15,604.18,42.29,0.14,7.54,1.57,-27.82,43.71,20.66
1217100,5043.26,-452.83,603.47,42.35,0.1,7.36,1.61,-27.77,39.54,20.03
1217200,5033.69,-453.12,604.85,42.43,0.08,7.6,1.49,-27.9,47.78,20.35
1217300,5048.25,-453.54,594.61,42.45,0.24,7.58,1.48,-27.9,51.35,20.86
1217400,5042.84,-459.98,605.97,42.39,0.08,7.5,1.68,-27.71,37.76,20.39
1217500,5036.18,-452.87,603.93,42.51,0.16,7.54,1.53,-27.86,40.27,20.7
1217600,5042.42,-450.29,604.22,42.39,0.12,7.32,1.65,-27.73,37.49,20.62
1217700,5040.76,-456.24,607.51,42.33,0.38,7.42,1.49,-27.9,45.51,20.43
1217800,5037.02,-453.91,609.13,42.43,0.18,7.6,1.55,-27.84,38.22,20.51
1217900,5036.6,-464.06,603.18,42.27,0.2,7.68,1.47,-27.92,43.13,20.66
1218000,5064.47,-460.32,576.81,42.43,0.26,7.14,1.57,-27.82,36.9,20.7
1218100,5047.42,-460.77,602.18,42.27,0.14,7.14,1.42,-27.96,37.29,20.43
1218200,5050.74,-461.48,601.52,42.31,0.18,7.5,1.4,-27.98,36.13,20.03
1218300,5036.18,-454.87,602.48,42.41,0.18,7.38,1.65,-27.73,44.78,20.51
1218400,5040.76,-456.49,597.98,42.45,0.14,7.9,1.6,-27.79,37.68,20.31
1218500,5048.66,-459.36,600.6,42.21,0.34,7.54,1.77,-27.62,40.81,20.9
1218600,5032.44,-455.45,600.73,42.59,0.26,7.66,1.52,-27.87,36.87,20.78
1218700,5046.58,-460.9,602.39,42.37,0.22,7.38,1.71,-27.67,33.18,20.7
1218800,5043.26,-454.58,599.61,42.33,0,7.62,1.57,-27.82,38.03,20.94
1218900,5045.34,-459.28,595.45,42.23,0.32,7.56,1.42,-27.97,33.99,21.02
1219000,5047.42,-459.4,605.47,42.41,0.14,7.2,1.56,-27.82,29.71,21.13
1219100,5035.77,-452.46,610.92,42.29,0.34,7.2,1.52,-27.87,36.4,20.86
1219200,5039.93,-450.71,600.85,42.29,0.16,7.5,1.5,-27.88,40.12,19.95
1219300,5056.57,-458.4,590.08,42.39,0.1,7.74,1.6,-27.79,35.39,20.7
1219400,5053.24,-460.36,594.99,42.47,0.16,7.4,1.56,-27.83,33.45,20.94
1219500,5034.94,-452.75,603.18,42.33,0.14,7.12,1.41,-27.98,33.49,20.66
1219600,5045.75,-456.61,592.7,42.33,0.22,7.24,1.78,-27.61,30.92,20.31
1219700,5048.66,-458.15,600.35,42.31,0.32,7.42,1.47,-27.92,40.77,20.62
1219800,5052.82,-461.65,597.78,42.47,0.04,7.38,1.52,-27.86,41.01,21.21
1219900,5049.08,-458.4,599.81,42.35,0.24,7.78,1.54,-27.84,36.21,20.31
1220000,5048.66,-459.44,592.45,42.29,-0.04,6.96,1.42,-27.96,36.21,21.41
1220100,5054.49,-466.14,590.91,42.35,0.26,7.42,1.39,-28,35.12,21.61
1220200,5042.01,-458.61,599.56,42.43,0.2,7.62,1.56,-27.82,35.7,21.53
1220300,5050.33,-462.69,604.72,42.35,0.34,7.42,1.61,-27.77,43.09,21.06
1220400,5037.85,-459.44,605.01,42.45,0.12,7.46,1.65,-27.74,42.97,21.41
1220500,5028.28,-455.03,610.5,42.25,0.16,7.64,1.69,-27.69,39.46,20.35
1220600,5043.26,-458.36,597.9,42.37,0.24,7.28,1.54,-27.84,34.69,20.86
1220700,5040.34,-461.23,603.89,42.43,0.08,7.4,1.57,-27.82,29.6,21.02
1220800,5037.43,-454.16,604.14,42.47,0.16,7.34,1.55,-27.84,45.05,20.66
1220900,5040.76,-455.12,602.68,42.31,0.16,7.38,1.58,-27.81,41.58,20.62
1221000,5039.93,-453.45,601.89,42.45,0.32,7.48,1.49,-27.9,44.24,20.58
1221100,5043.67,-462.31,602.89,42.39,-0.06,7.52,1.61,-27.78,31.27,20.82
1221200,5049.08,-463.19,598.02,42.37,0.16,7.28,1.44,-27.95,38.18,20.82
1221300,5040.76,-457.2,608.59,42.33,0.1,7.28,1.55,-27.84,38.65,20.9
1221400,5045.34,-460.52,601.52,42.37,0.16,7.5,1.52,-27.87,44.59,20.66
1221500,5041.18,-468.76,609.13,42.41,0.3,7.42,1.56,-27.83,36.67,21.13
1221600,5041.59,-462.6,610.84,42.31,0.02,7.46,1.56,-27.83,35.7,21.13
1221700,5043.67,-459.23,604.43,42.35,0.26,7.36,1.51,-27.88,44.48,20.9
1221800,5034.94,-455.66,607.38,42.29,0.14,7.34,1.57,-27.82,35,20.78
1221900,5034.94,-461.23,612.79,42.19,0.02,7.46,1.65,-27.74,44.51,20.54
1222000,5036.18,-455.78,611.38,42.45,0.32,7.66,1.36,-28.03,26.55,21.06
1222100,5036.18,-460.77,607.88,42.43,0.04,7.34,1.61,-27.77,40.23,20.54
1222200,5039.51,-459.57,605.51,42.27,0.1,7.44,1.6,-27.79,38.72,20.78
1222300,5035.35,-463.23,608.71,42.51,0.22,7.66,1.54,-27.85,48.74,20.86
1222400,5042.42,-461.31,604.18,42.37,0.18,7.58,1.7,-27.69,51.54,20.94
1222500,5039.1,-457.11,609.38,42.49,0.24,7.78,1.4,-27.99,36.4,20.51
1222600,5033.69,-457.49,603.76,42.31,0,7.48,1.5,-27.88,36.63,20.51
1222700,5038.68,-458.15,602.39,42.29,0.18,7.5,1.49,-27.9,43.97,20.98
1222800,5041.18,-460.07,604.89,42.25,0.16,7.22,1.61,-27.78,30.53,21.17
1222900,5035.35,-462.06,612.5,42.25,0.04,7.24,1.59,-27.8,36.63,20.51
1223000,5039.51,-452.37,603.1,42.59,0.12,7.68,1.4,-27.99,49.97,20.78
1223100,5037.43,-451.12,598.02,42.37,0.2,7.28,1.65,-27.73,43.4,21.06
1223200,5041.59,-468.43,605.89,42.25,0.16,7.32,1.69,-27.7,45.9,20.82
1223300,5034.94,-456.24,612.67,42.49,0.12,7.34,1.68,-27.71,35.31,20.74
1223400,5045.75,-456.61,605.51,42.49,0.28,7.26,1.69,-27.69,29.13,21.1
1223500,5044.09,-458.61,598.9,42.41,0.24,7.34,1.59,-27.8,28.62,20.35
1223600,5040.34,-462.1,608.8,42.51,0.02,7.4,1.61,-27.78,35.16,20.7
1223700,5040.76,-463.27,609.13,42.45,0.08,7.42,1.68,-27.71,29.95,20.9
1223800,5034.52,-461.69,602.18,42.27,0.3,7.44,1.58,-27.81,43.05,21.41
1223900,5047,-461.94,603.76,42.23,0.28,7.78,1.36,-28.03,35.74,20.66
1224000,5037.02,-458.98,606.47,42.53,0.34,7.36,1.79,-27.6,32.95,20.74
1224100,5039.93,-457.82,611.71,42.27,0.22,7.34,1.3,-28.09,36.94,21.06
1224200,5050.74,-466.55,591.58,42.37,0.12,7.4,1.7,-27.69,39.34,20.54
1224300,5027.45,-458.57,613.79,42.27,0.14,7.4,1.45,-27.94,42.05,20.7
1224400,5033.69,-456.95,607.92,42.33,0.18,7.16,1.6,-27.79,43.59,20.54
1224500,5037.02,-457.53,608.01,42.31,0.26,7.26,1.65,-27.74,37.25,20.39
1224600,5040.34,-460.4,607.67,42.15,0.2,7.6,1.44,-27.94,35.97,21.17
1224700,5038.26,-464.52,601.89,42.19,0.2,7.82,1.46,-27.93,39.34,20.58
1224800,5039.93,-462.64,605.39,42.55,0,7.38,1.59,-27.8,42.12,21.21
1224900,5039.93,-464.85,613.62,42.43,0.14,7.2,1.75,-27.64,37.64,20.86
1225000,5038.68,-467.55,615.58,42.33,0.1,7.72,1.79,-27.6,39.88,20.7
1225100,5033.27,-462.02,611.88,42.25,0.34,7.24,1.62,-27.77,41.74,21.69
1225200,5044.09,-466.3,607.01,42.35,0.14,7.64,1.31,-28.08,44.51,20.39
1225300,5045.34,-463.43,604.76,42.57,0.22,7.3,1.79,-27.59,33.26,21.02
1225400,5027.03,-461.27,615.04,42.29,0,7.56,1.68,-27.71,39.34,20.74
1225500,5039.1,-457.07,606.05,42.27,0.28,7.82,1.39,-28,42.09,21.17
1225600,5046.17,-464.31,603.43,42.27,0.04,7.22,1.34,-28.05,32.52,20.94
1225700,5042.42,-466.89,611.25,42.49,0.12,7.34,1.47,-27.92,41.24,20.98
1225800,5026.61,-456.78,604.6,42.39,0.06,7.32,1.36,-28.02,38.18,20.62
1225900,5044.09,-462.31,596.82,42.33,0.2,7.68,1.56,-27.82,35.55,20.35
1226000,5045.34,-466.6,610.79,42.33,0.1,7.62,1.77,-27.62,44.01,20.58
1226100,5036.6,-459.48,610.67,42.21,0.32,7.42,1.36,-28.02,50.62,20.62
1226200,5040.76,-466.47,606.22,42.53,0.2,7.52,1.69,-27.7,38.84,20.27
1226300,5034.52,-459.82,605.35,42.53,0.02,7.26,1.42,-27.96,45.48,20.7
1226400,5043.67,-464.35,605.22,42.45,0.04,7.38,1.69,-27.69,41.16,21.06
1226500,5027.45,-452.95,609.67,42.19,0.2,7.18,1.67,-27.71,39.34,20.82
1226600,5041.18,-459.19,604.8,42.17,-0.1,7.7,1.44,-27.95,39.11,20.54
1226700,5042.84,-459.32,597.98,42.35,0.1,7.58,1.51,-27.88,46.75,21.06
1226800,5034.94,-466.35,604.68,42.29,0.04,7.36,1.44,-27.95,49.55,20.98
1226900,5041.18,-458.82,600.69,42.23,0.18,7.66,1.34,-28.04,36.87,21.1
1227000,5035.77,-462.35,605.26,42.25,0.06,7.46,1.5,-27.88,43.63,21.1
1227100,5042.01,-469.17,602.64,42.37,0.16,6.93,1.56,-27.83,40.74,21.17
1227200,5041.59,-464.72,609.25,42.23,0.18,7.26,1.27,-28.12,34.54,20.54
1227300,5029.11,-463.85,617.16,42.33,0.24,7.62,1.84,-27.55,32.44,20.7
1227400,5044.09,-461.56,596.86,42.33,0.26,7.66,1.68,-27.71,35.12,20.51
1227500,5026.2,-455.24,608.96,42.17,0.22,7.36,1.52,-27.87,43.55,20.74
1227600,5042.84,-461.69,606.14,42.59,0.32,7.3,1.48,-27.91,36.79,21.25
1227700,5033.69,-458.61,607.26,42.27,0.3,7.26,1.61,-27.77,37.68,21.53
1227800,5034.1,-455.37,609.01,42.35,0,7.44,1.35,-28.04,30.14,21.02
1227900,5045.75,-461.52,598.19,42.49,0.28,7.28,1.4,-27.98,40.66,21.37
1228000,5043.26,-462.02,597.48,42.39,0.22,7.42,1.52,-27.86,30.61,21.1
1228100,5046.17,-461.48,609.05,42.57,0.06,7.48,1.54,-27.85,28.07,21.37
1228200,5037.43,-454.83,601.6,42.14,0.1,7.5,1.69,-27.69,31.78,20.9
1228300,5053.66,-462.94,595.82,42.33,0.34,7.04,1.59,-27.8,36.36,21.57
1228400,5042.01,-462.69,595.07,42.43,0.36,7.52,1.4,-27.99,35.31,20.94
1228500,5038.68,-455.66,600.1,42.23,0.12,7.86,1.7,-27.69,35.43,21.25
1228600,5041.59,-462.15,601.14,42.21,0.28,7.28,1.51,-27.88,38.34,21.29
1228700,5036.18,-459.32,606.72,42.41,0.14,7.38,1.4,-27.99,49.43,21.41
1228800,5049.08,-459.73,591.41,42.33,0.28,7.54,1.74,-27.65,39.3,20.74
1228900,5034.1,-461.56,608.13,42.45,0.1,7.76,1.78,-27.61,41.04,21.02
1229000,5029.94,-457.49,606.55,42.41,0.02,7.76,1.77,-27.62,34.58,20.98
1229100,5042.42,-464.47,597.07,42.45,0.22,7.16,1.34,-28.05,43.74,20.98
1229200,5038.68,-466.64,603.81,42.37,0,7.82,1.75,-27.63,43.78,21.1
1229300,5047.42,-465.68,606.93,42.19,0.34,7.64,1.42,-27.97,35.16,21.13
1229400,5047.42,-466.01,601.77,42.37,0.14,7.32,1.54,-27.85,39.69,21.88
1229500,5043.26,-465.14,597.98,42.95,0.28,7.42,1.55,-27.84,41.08,21.37
1229600,5040.34,-464.27,603.76,42.47,0.14,7.44,1.77,-27.61,33.41,21.06
1229700,5049.08,-460.73,601.81,42.1,0.02,7.48,1.53,-27.86,42.43,21.1
1229800,5039.51,-461.44,608.38,42.37,0.2,7.1,1.21,-28.17,45.36,21.17
1229900,5047.83,-462.06,593.12,42.39,0.2,7.52,1.35,-28.04,37.18,20.98
1230000,5039.51,-454.16,596.28,42.53,0.32,7.34,1.59,-27.8,25.69,20.62
1230100,5041.59,-460.98,601.14,42.49,0.16,7.66,1.54,-27.84,40.77,20.74
1230200,5047.42,-460.23,603.47,42.49,0.24,7.26,1.41,-27.98,47.55,20.86
1230300,5043.26,-465.31,602.6,42.37,-0.02,7.24,1.52,-27.87,46.94,21.21
1230400,5030.78,-458.03,607.3,42.65,0.28,6.89,1.52,-27.86,35.9,20.9
1230500,5041.59,-461.94,600.65,42.41,0.28,7.58,1.47,-27.92,32.05,21.02
1230600,5049.08,-464.1,601.39,42.35,0.06,7.6,1.6,-27.79,47.94,21.02
1230700,5034.94,-461.36,605.93,42.43,0.12,7.46,1.54,-27.84,40.93,20.86
1230800,5046.58,-463.52,595.16,42.39,0.18,7.52,1.47,-27.92,37.72,21.37
1230900,5036.18,-460.32,611.09,42.41,0.28,7.88,1.39,-28,37.45,21.13
1231000,5036.6,-459.32,608.88,42.25,0.2,7.46,1.71,-27.68,38.96,21.29
1231100,5038.68,-462.35,599.86,42.59,0.04,7.32,1.32,-28.07,33.33,20.66
1231200,5039.93,-462.81,599.56,42.29,0.24,7.58,1.73,-27.66,37.25,20.78
1231300,5052.41,-468.72,604.97,42.43,0.08,7.24,1.71,-27.68,46.86,21.17
1231400,5045.34,-464.52,607.51,42.43,0.14,7.64,1.42,-27.96,40.23,21.1
1231500,5055.32,-462.19,593.87,42.08,0.32,7.8,1.58,-27.81,38.18,21.1
1231600,5045.75,-464.52,597.23,42.29,0.22,7.66,1.4,-27.99,26.35,21.33
1231700,5046.17,-463.23,602.23,42.23,0.3,7.56,1.56,-27.82,31.66,21.06
1231800,5044.09,-462.98,606.47,42.43,0.02,7.7,1.5,-27.89,40.7,21.65
1231900,5050.74,-467.47,600.35,42.43,0.34,7.44,1.54,-27.84,33.88,21.02
1232000,5031.19,-462.39,611.13,42.49,0.08,7.98,1.29,-28.1,44.94,21.45
1232100,5025.37,-455.53,611.63,42.25,0.3,7.5,1.72,-27.67,40.74,21.69
1232200,5032.02,-453.04,600.02,42.23,0.22,7.78,1.48,-27.91,33.18,21.41
1232300,5040.34,-456.74,604.76,42.41,0.12,7.84,1.71,-27.68,38.72,21.13
1232400,5042.84,-458.53,600.15,42.35,-0.12,7.44,1.27,-28.12,39.03,21.17
1232500,5043.26,-460.81,605.72,42.47,0.26,7.1,1.22,-28.17,38.41,21.17
1232600,5037.43,-460.11,607.97,42.45,0,7.54,1.56,-27.82,38.8,21.53
1232700,5047.42,-465.1,597.78,42.51,0.06,7.74,1.36,-28.02,38.88,21.17
1232800,5043.26,-468.55,603.81,42.41,0.14,7.36,1.71,-27.67,29.17,20.51
1232900,5046.17,-460.44,603.76,42.43,-0.1,7.38,1.52,-27.86,42.63,20.98
1233000,5052.41,-469.09,596.78,42.33,-0.04,7.26,1.38,-28.01,43.24,21.13
1233100,5042.84,-462.6,607.09,42.35,0.12,7.36,1.67,-27.71,29.4,21.49
1233200,5045.34,-464.47,606.72,42.31,0.16,7.56,1.42,-27.96,42.36,20.98
1233300,5046.58,-466.18,598.86,42.43,0.16,7.42,1.47,-27.92,48.13,21.17
1233400,5025.78,-448.84,611.29,42.51,0.1,7.48,1.44,-27.94,40.54,20.94
1233500,5046.17,-461.36,601.77,42.45,-0.16,7.8,1.48,-27.91,44.44,21.69
1233600,5046.58,-466.93,606.18,42.17,0.38,7.22,1.31,-28.08,35.16,21.53
1233700,5039.51,-465.14,604.26,42.12,0.18,7.28,1.57,-27.82,35.43,21.41
1233800,5047.83,-462.35,596.69,42.35,0.28,7.34,1.56,-27.82,37.87,21.1
1233900,5044.92,-463.93,607.92,42.29,0.38,7.38,1.63,-27.75,26.16,21.1
1234000,5036.6,-460.57,608.34,42.55,-0.08,7.78,1.63,-27.75,35.55,21.1
1234100,5047.42,-466.1,607.42,42.29,0.32,7.5,1.44,-27.95,25.76,21.45
1234200,5044.92,-465.01,602.81,42.43,0.08,7.44,1.53,-27.86,34.31,21.41
1234300,5029.11,-451.46,602.06,42.25,0.24,7.68,1.52,-27.86,37.68,21.61
1234400,5049.91,-462.31,606.14,42.31,0.22,7.58,1.3,-28.09,36.94,21.41
1234500,5039.93,-457.74,608.96,42.47,0.18,7.5,1.73,-27.65,36.29,21.37
1234600,5052.82,-462.39,602.77,42.15,-0.02,7.24,1.42,-27.97,36.13,21.29
1234700,5034.1,-457.86,605.93,42.29,0.38,8.1,1.46,-27.93,36.63,20.94
1234800,5042.01,-461.9,608.13,42.31,0.12,7.66,1.27,-28.12,41.51,21.33
1234900,5044.5,-457.86,598.57,42.37,0.32,7.26,1.23,-28.16,38.76,20.9
1235000,5042.84,-458.49,608.09,42.35,0.38,7.78,1.53,-27.86,44.17,21.13
1235100,5025.37,-450.88,616.95,42.25,-0.02,7.28,1.52,-27.86,35,21.72
1235200,5043.67,-464.39,600.1,42.47,0.34,7.64,1.6,-27.79,37.29,21.57
1235300,5044.92,-461.81,605.22,42.45,0.16,7.36,1.7,-27.69,40.93,21.17
1235400,5047.42,-463.06,605.93,42.27,0.3,8.02,1.61,-27.78,38.69,21.37
1235500,5047.42,-469.96,610.79,42.23,0.16,7.22,1.73,-27.66,37.21,21.06
1235600,5049.08,-465.31,601.02,42.39,0.2,7.56,1.47,-27.92,45.17,21.57
1235700,5056.99,-462.85,599.81,42.25,0.26,7.46,1.44,-27.94,39.23,21.06
1235800,5042.42,-460.4,608.67,42.45,0.18,7.32,1.25,-28.13,39.27,20.9
1235900,5035.77,-451.42,603.76,42.45,0,7.78,1.63,-27.75,40.46,21.65
1236000,5051.16,-465.01,607.76,42.49,0.24,7.32,1.42,-27.97,41.24,21.37
1236100,5047.83,-461.52,596.28,42.47,0.32,7.38,1.69,-27.69,33.14,21.21
1236200,5054.49,-462.77,604.43,42.35,0.18,7.8,1.42,-27.97,34.97,21.21
1236300,5042.42,-462.23,605.84,42.29,0.14,7.68,1.72,-27.67,34.34,21.69
1236400,5034.94,-459.11,608.8,42.33,0.24,7.32,1.3,-28.09,44.01,21.21
1236500,5050.33,-469.63,609.75,42.45,0.1,7.38,1.46,-27.92,39.23,21.69
1236600,5030.78,-453.37,618.36,42.57,0.26,7.38,1.72,-27.67,44.01,21.37
1236700,5037.43,-458.4,608.92,42.31,0.22,7.38,1.55,-27.84,45.13,21.25
1236800,5041.59,-460.07,609.38,42.49,-0.06,7.38,1.58,-27.81,39.92,21.33
1236900,5036.6,-457.2,609.09,42.33,0.2,7.64,1.41,-27.98,43.47,21.45
1237000,5032.86,-457.07,613.71,42.41,0.06,7.44,1.36,-28.02,38.61,21.25
1237100,5040.76,-452,607.92,42.31,0.42,7.7,1.76,-27.63,33.8,21.41
1237200,5047,-461.27,606.93,42.37,0.26,7.64,1.57,-27.82,42.78,21.45
1237300,5048.25,-461.36,603.64,42.23,0.08,7.84,1.77,-27.62,43.74,21.69
1237400,5043.26,-464.14,618.74,42.29,0.22,7.48,1.32,-28.06,39.61,21.33
1237500,5042.01,-468.18,614.75,42.33,0.2,7.28,1.56,-27.82,37.56,21.29
1237600,5042.84,-460.07,610.42,42.47,0.24,7.18,1.6,-27.79,29.24,21.65
1237700,5030.78,-451.17,607.63,42.31,0.04,7.5,1.42,-27.97,43.36,21.41
1237800,5046.58,-459.48,604.93,42.49,0.18,7.32,1.61,-27.77,37.6,20.98
1237900,5042.42,-459.65,610.5,42.39,0.18,7.54,1.65,-27.73,39.65,21.57
1238000,5040.76,-454.7,605.72,42.51,0.42,7.34,1.44,-27.95,33.22,21.21
1238100,5051.16,-463.23,599.15,42.33,0.34,7.34,1.64,-27.75,47.05,21.96
1238200,5043.26,-465.01,619.99,42.21,0.12,7.48,1.54,-27.85,40.85,21.13
1238300,5031.61,-454.62,615.62,42.33,0.12,7.5,1.5,-27.88,41.55,21.53
1238400,5041.59,-459.65,610.13,42.47,0.08,7.12,1.39,-28,37.18,21.65
1238500,5030.78,-448.55,615.41,42.49,0.12,7.36,1.44,-27.94,33.1,21.33
1238600,5059.9,-463.1,601.6,42.59,0.24,7.46,1.38,-28,35.94,21.96
1238700,5053.66,-465.06,609.21,42.33,-0.02,7.94,1.65,-27.73,44.78,21.92
1238800,5047.83,-459.9,610.38,42.21,0.16,7.62,1.4,-27.98,42.66,20.98
1238900,5047,-460.61,606.3,42.47,0.12,7.36,1.39,-28,44.71,21.33
1239000,5053.66,-462.64,599.4,42.45,0.16,7.64,1.44,-27.94,45.4,21.25
1239100,5039.1,-458.57,608.88,42.31,0.16,7.26,1.53,-27.86,33.92,21.76
1239200,5046.17,-455.37,605.35,42.41,0.36,7.46,1.52,-27.87,39.69,21.92
1239300,5043.26,-457.74,605.76,42.33,0.22,7.28,1.46,-27.93,48.21,21.37
1239400,5052.41,-465.18,601.19,42.43,0.2,7.76,1.42,-27.96,33.37,21.41
1239500,5044.5,-464.81,608.51,42.55,0.12,7.42,1.54,-27.84,35.47,21.8
1239600,5045.75,-465.72,604.18,42.37,0.18,7.82,1.55,-27.84,43.51,21.88
1239700,5055.32,-467.59,605.89,42.21,0.26,7.46,1.54,-27.84,38.03,21.96
1239800,5049.91,-463.48,606.84,42.43,0.18,7.48,1.46,-27.92,44.48,22.08
1239900,5041.59,-456.32,610.25,42.27,0.08,7.54,1.51,-27.88,30.18,21.49
1240000,5040.76,-456.66,610.25,42.37,0.16,7.42,1.54,-27.84,37.6,21.57
1240100,5040.34,-455.49,607.18,42.27,0.16,7.52,1.32,-28.06,38.72,21.37
1240200,5044.09,-458.07,606.05,42.35,-0.02,7.46,1.52,-27.86,39.81,21.84
1240300,5044.5,-451.33,604.55,42.57,0.2,8.48,1.48,-27.91,43.32,22.2
1240400,5044.5,-461.85,607.8,42.45,0.04,7.58,1.53,-27.86,46.9,21.57
1240500,5041.18,-467.72,606.63,42.27,0.22,7.24,1.51,-27.88,47.09,21.49
1240600,5040.34,-459.28,610.13,42.43,0.14,7.58,1.42,-27.97,35.97,22.2
1240700,5041.59,-457.49,612.75,42.43,0.34,7.56,1.58,-27.81,32.71,22.12
1240800,5037.02,-464.52,617.86,42.33,0.26,7.58,1.59,-27.8,47.94,22
1240900,5045.75,-455.82,609.63,42.53,0.04,7.46,1.52,-27.86,37.87,21.96
1241000,5029.53,-458.69,607.34,42.29,0.22,7.36,1.54,-27.85,39.27,21.06
1241100,5050.74,-463.93,605.01,42.39,0.26,7.76,1.52,-27.86,29.2,22.59
1241200,5050.33,-457.82,605.93,42.43,0.32,7.24,1.53,-27.86,40.46,21.69
1241300,5049.5,-463.19,608.84,42.21,0.16,7.2,1.5,-27.88,39.23,21.37
1241400,5048.66,-464.14,607.42,42.37,-0.04,7.7,1.62,-27.77,40.81,22.43
1241500,5045.75,-461.31,605.51,42.69,0.18,7.7,1.5,-27.89,40.31,22.2
1241600,5036.18,-453.45,613.41,42.41,0.16,7.34,1.55,-27.84,35.82,21.57
1241700,5048.66,-465.06,604.39,42.47,0.14,7.36,1.56,-27.83,47.67,21.69
1241800,5039.1,-453.25,613.87,42.47,0.02,7.52,1.55,-27.84,25.37,21.49
1241900,5037.85,-457.65,612.87,42.27,0.18,7.66,1.42,-27.96,24.2,21.65
1242000,5047,-456.57,601.69,42.43,0.12,7.78,1.48,-27.9,41.39,21.57
1242100,5041.59,-458.4,607.67,42.45,0.14,7.48,1.43,-27.96,32.71,21.84
1242200,5046.17,-460.15,607.67,42.41,0.14,7.76,1.5,-27.88,36.59,21.45
1242300,5040.76,-449,608.3,42.31,0.14,7.68,1.39,-28,42.01,21.53
1242400,5047.83,-463.35,613.41,42.41,0.26,7.52,1.65,-27.74,41.16,22.16
1242500,5046.58,-462.1,606.93,42.39,0.16,7.54,1.4,-27.98,45.21,22.16
1242600,5043.67,-460.65,608.8,42.45,0.16,7.46,1.46,-27.93,28.89,21.53
1242700,5054.49,-470.63,606.47,42.25,0.2,8.06,1.6,-27.79,41.43,21.61
1242800,5047.83,-460.48,610.96,42.53,0.06,7.28,1.57,-27.82,41.51,21.53
1242900,5035.77,-463.02,615.66,42.31,0.12,7.34,1.47,-27.92,36.79,21.61
1243000,5043.67,-461.69,612.75,42.29,0.16,7.34,1.55,-27.84,33.22,21.76
1243100,5040.76,-462.81,616.08,42.35,0.2,7.22,1.4,-27.98,41.97,21.53
1243200,5041.18,-456.24,614.04,42.27,0.44,7.78,1.38,-28.01,37.64,21.69
1243300,5039.93,-460.11,607.67,42.37,0.18,7.6,1.46,-27.93,36.13,21.92
1243400,5056.15,-470.46,612.58,42.37,0.04,7.5,1.4,-27.98,44.17,21.57
1243500,5042.01,-457.7,613.83,42.33,0.32,7.48,1.44,-27.94,42.32,21.53
1243600,5044.09,-463.48,607.92,42.41,0.26,7.5,1.51,-27.88,42.43,21.8
1243700,5038.68,-456.53,612.33,42.43,0.18,7.56,1.5,-27.89,44.86,22.31
1243800,5031.61,-459.07,610.92,42.33,0.2,7.68,1.58,-27.81,37.64,21.25
1243900,5038.68,-464.18,620.36,42.35,0.14,7.18,1.36,-28.03,40.19,21.45
1244000,5037.43,-459.28,616.78,42.41,0.26,7.62,1.5,-27.88,39.5,21.92
1244100,5041.59,-457.15,614.62,42.53,0.06,7.1,1.33,-28.06,32.91,21.45
1244200,5035.35,-458.65,616.99,42.39,0.18,7.52,1.69,-27.69,46.98,22.12
1244300,5037.43,-456.07,607.55,42.41,0.16,7.58,1.63,-27.75,41.62,21.76
1244400,5036.6,-453.37,617.07,42.35,0.06,7.64,1.4,-27.98,50.66,22.43
1244500,5049.91,-464.18,603.6,42.27,0.12,7.66,1.44,-27.95,46.09,22
1244600,5049.08,-465.6,607.22,42.35,0.08,7.5,1.44,-27.94,38.92,21.53
1244700,5044.5,-465.35,617.78,42.23,0.32,7.28,1.65,-27.74,30.14,21.69
1244800,5039.93,-462.1,611.29,42.31,0.16,7.4,1.62,-27.77,41.35,22.2
1244900,5052.41,-462.52,609.96,42.39,0.34,7.4,1.42,-27.97,42.2,21.96
1245000,5046.58,-463.93,613.58,42.37,0.38,7.62,1.5,-27.88,49.09,22
1245100,5036.18,-450.92,610.46,42.33,0.08,7.42,1.52,-27.87,42.16,21.84
1245200,5042.84,-462.31,607.51,42.45,0.16,7.52,1.53,-27.86,37.33,21.8
1245300,5041.18,-470.26,618.86,42.35,0.12,7.18,1.3,-28.09,43.55,21.96
1245400,5035.77,-460.4,619.61,42.19,0.14,7.78,1.54,-27.84,51.85,21.69
1245500,5034.94,-458.53,613.83,42.31,0.18,7.14,1.63,-27.75,40.5,22.24
1245600,5044.09,-460.11,609.84,42.31,0.04,7.72,1.42,-27.97,34.62,21.65
1245700,5045.34,-465.39,604.47,42.43,0.18,7.42,1.36,-28.02,42.16,21.96
1245800,5040.76,-466.43,614.66,42.43,-0.12,7.44,1.44,-27.94,37.14,22
1245900,5039.51,-459.48,611.58,42.39,0.18,7.62,1.55,-27.84,33.26,21.76
1246000,5048.25,-461.48,605.93,42.33,0.16,7.22,1.56,-27.82,40.89,22
1246100,5048.25,-463.56,609.71,42.33,0.16,7.34,1.56,-27.82,41.78,22.43
1246200,5045.75,-466.35,607.55,42.27,-0.04,7.32,1.61,-27.78,41.39,22.04
1246300,5042.01,-460.57,613.58,42.45,0.36,7.5,1.51,-27.88,45.05,21.92
1246400,5029.11,-457.7,613.46,42.39,0.2,7.12,1.34,-28.04,46.9,22.27
1246500,5032.44,-454.78,619.86,42.29,0.08,7.58,1.63,-27.76,39.27,22.04
1246600,5027.45,-450.96,617.7,42.29,0.2,7.38,1.41,-27.98,45.28,21.61
1246700,5045.34,-462.44,606.76,42.29,0.26,7.22,1.44,-27.95,49.36,22.08
1246800,5047,-465.81,612.29,42.23,0.12,7.68,1.54,-27.84,38.61,22
1246900,5038.26,-462.85,614.29,42.35,0.04,7.3,1.55,-27.84,45.59,22.35
1247000,5049.5,-464.27,607.13,42.41,0.42,7.48,1.42,-27.96,42.43,21.8
1247100,5052.82,-466.51,610.13,42.19,0.14,7.88,1.7,-27.69,32.91,22.31
1247200,5043.26,-462.44,610.59,42.25,0.06,7.1,1.41,-27.98,33.72,22.04
1247300,5041.59,-455.82,601.89,42.31,-0.16,7.34,1.61,-27.77,29.83,22
1247400,5033.27,-451.71,612.54,42.37,0,7.32,1.39,-28,42.93,22.35
1247500,5037.43,-454.16,608.55,42.47,0.14,7.68,1.61,-27.78,37.33,21.53
1247600,5038.68,-460.02,619.57,42.29,0.3,8.52,1.5,-27.89,36.13,21.61
1247700,5038.26,-458.94,621.57,42.23,0.04,7.72,1.64,-27.75,31.74,21.57
1247800,5034.1,-456.24,619.11,42.31,0.34,7.56,1.44,-27.95,43.4,21.8
1247900,5045.75,-458.9,612.21,42.33,0.26,7.24,1.54,-27.85,44.36,22.24
1248000,5038.26,-457.99,617.03,42.37,0.4,7.5,1.58,-27.81,46.63,22.47
1248100,5046.58,-461.77,605.18,42.39,0.24,7.42,1.6,-27.79,42.01,22
1248200,5036.6,-456.57,618.24,42.25,0,7.52,1.62,-27.77,49.63,21.8
1248300,5047.42,-466.35,616.82,42.35,0,7.28,1.5,-27.89,37.56,22.35
1248400,5028.69,-455.37,621.15,42.15,0.16,7.34,1.53,-27.86,38.53,22.2
1248500,5042.42,-466.39,612.87,42.33,0.04,7.66,1.31,-28.08,31.82,21.84
1248600,5042.01,-458.82,611.71,42.55,0.12,7.58,1.48,-27.91,38.18,21.72
1248700,5039.51,-454.74,610.29,42.45,0.14,7.62,1.36,-28.02,39.03,21.88
1248800,5046.58,-462.19,612,42.25,0.28,7.26,1.67,-27.72,51.85,22.39
1248900,5043.67,-464.6,608.38,42.33,0.08,7.48,1.53,-27.86,39.81,22.16
1249000,5044.5,-463.23,606.18,42.41,0,7.66,1.44,-27.95,36.05,22.63
1249100,5056.15,-463.93,607.88,42.49,-0.06,7.22,1.54,-27.85,44.98,22.55
1249200,5041.18,-462.52,617.24,42.33,-0.02,7.4,1.42,-27.97,39,22.51
1249300,5043.67,-467.22,619.94,42.45,0.1,7.26,1.46,-27.93,35.04,22.12
1249400,5032.86,-463.14,612.58,42.31,0.04,7.24,1.33,-28.06,39.07,22.16
1249500,5019.13,-443.39,617.53,42.39,0.08,7.44,1.32,-28.06,42.51,22.04
1249600,5040.76,-461.48,608.59,42.43,-0.02,7.62,1.58,-27.81,44.51,21.69
1249700,5037.85,-463.89,619.78,42.19,0.24,7.44,1.56,-27.83,48.01,22
1249800,5048.66,-467.72,615.87,42.35,0.24,7.38,1.48,-27.9,38.45,22.27
1249900,5035.77,-462.98,617.57,42.59,0.12,7.36,1.56,-27.83,38.14,22.12
1250000,5039.1,-463.39,614.99,42.27,0.12,7.36,1.36,-28.03,36.79,21.84
1250100,5039.93,-461.52,616.24,42.23,0.14,7.52,1.57,-27.82,41.2,22
1250200,5040.76,-461.06,613.54,42.41,0.2,7.42,1.41,-27.98,40.93,22
1250300,5044.09,-462.44,609.3,42.33,0.2,7.54,1.48,-27.91,39.81,21.92
1250400,5042.42,-467.26,613,42.31,0.34,7.3,1.48,-27.9,44.17,21.84
1250500,5038.26,-461.69,611.13,42.25,0.2,7.8,1.61,-27.77,34.77,21.45
1250600,5039.51,-456.07,610.54,42.29,0.14,7.44,1.3,-28.09,44.05,22.9
1250700,5045.34,-462.23,611.04,42.27,0.1,7.48,1.52,-27.86,38.61,22.51
1250800,5046.17,-463.89,616.08,42.57,0.2,7.2,1.61,-27.77,37.49,22.43
1250900,5044.5,-466.47,617.74,42.45,0.22,7.16,1.44,-27.94,41.28,22.27
1251000,5046.17,-471.79,612.5,42.37,0.22,7.72,1.45,-27.94,36.05,21.92
1251100,5043.67,-463.64,611.96,42.35,0.02,7.7,1.37,-28.02,46.75,22.27
1251200,5037.43,-459.36,623.52,42.35,0.16,7.6,1.64,-27.75,39.58,21.76
1251300,5038.68,-460.19,617.12,42.31,0.2,7.4,1.56,-27.83,33.49,22.08
1251400,5044.92,-465.72,614.5,42.25,0.14,7.32,1.32,-28.06,37.99,22.59
1251500,5041.18,-464.81,608.67,42.23,0.08,7.48,1.22,-28.17,41.62,22.24
1251600,5043.67,-461.73,609.88,42.39,0.1,7.86,1.37,-28.02,46.17,22.08
1251700,5030.78,-450.17,622.65,42.21,0.56,7.76,1.4,-27.98,48.55,22.24
1251800,5037.43,-456.66,609.42,42.21,0.36,7.68,1.46,-27.93,40.73,22.2
1251900,5041.18,-459.32,610.17,42.33,0.16,7.54,1.61,-27.78,41.7,22.86
1252000,5040.34,-458.61,604.76,42.29,0.04,7.54,1.41,-27.98,37.91,22.75
1252100,5037.43,-458.03,605.43,42.45,0.18,7.6,1.46,-27.92,36.94,22.71
1252200,5049.91,-463.98,600.98,42.41,0.2,7.4,1.4,-27.99,33.22,22.51
1252300,5054.91,-470.09,605.97,42.43,-0.06,7.28,1.35,-28.04,41.93,22.43
1252400,5049.08,-467.01,606.59,42.41,0.12,7.58,1.36,-28.02,37.1,22.12
1252500,5039.51,-466.01,614.7,42.21,0.08,7.6,1.41,-27.98,25.53,22.43
1252600,5042.84,-465.14,608.46,42.33,0.24,7.4,1.75,-27.64,41.93,22.9
1252700,5038.68,-460.52,603.56,42.39,0.18,7.2,1.65,-27.74,39.38,22.12
1252800,5020.79,-456.78,622.36,42.39,0.14,7.4,1.6,-27.79,36.21,22.12
1252900,5036.6,-457.11,609.8,42.37,0.14,7.46,1.46,-27.92,37.72,22.31
1253000,5047,-461.6,602.48,42.23,0.18,7.24,1.27,-28.12,41.66,22.04
1253100,5034.52,-458.86,615.87,42.21,0.34,7.54,1.53,-27.86,40.66,22.16
1253200,5041.18,-465.64,611.71,42.41,0.42,7.56,1.5,-27.89,46.28,22.08
1253300,5046.58,-463.89,611.04,42.31,0.16,7.46,1.58,-27.81,46.67,22
1253400,5043.26,-461.19,610.96,42.37,0.22,7.18,1.66,-27.73,51.27,22.12
1253500,5030.78,-459.19,615.78,42.35,0.4,7.68,1.75,-27.64,36.21,22.82
1253600,5037.43,-465.64,607.34,42.23,0.26,7.56,1.36,-28.02,33.18,22.31
1253700,5040.76,-471.29,610,42.43,0.18,7.58,1.3,-28.09,46.82,22.47
1253800,5044.5,-469.88,609.42,42.45,0.1,7.48,1.52,-27.86,33.76,22.51
1253900,5039.1,-460.48,615.29,42.31,0.06,7.24,1.29,-28.1,40.27,22.82
1254000,5042.01,-460.94,607.09,42.37,0.26,7.26,1.54,-27.84,38.84,22.35
1254100,5042.42,-463.31,604.14,42.29,-0.04,7.4,1.47,-27.92,33.49,21.8
1254200,5043.26,-465.56,610.59,42.47,0.16,7,1.55,-27.84,35,22.08
1254300,5042.84,-460.65,606.34,42.17,0.32,7.24,1.33,-28.06,40.7,23.18
1254400,5056.15,-469.05,597.53,42.17,-0.06,7.14,1.52,-27.87,40.77,22.75
1254500,5039.51,-455.08,606.76,42.35,0.32,7.54,1.34,-28.04,40.04,22.51
1254600,5053.24,-466.14,595.65,42.43,0.04,7.78,1.56,-27.83,43.94,22.2
1254700,5039.1,-465.01,608.71,42.59,0.34,7.64,1.36,-28.02,43.28,22.12
1254800,5038.26,-459.44,605.26,42.21,0.2,7.78,1.55,-27.84,41.82,22.43
1254900,5040.76,-466.64,607.67,42.47,0,7.7,1.43,-27.96,36.4,22.47
1255000,5032.86,-457.65,605.47,42.17,0.04,7.7,1.48,-27.91,49.74,22.35
1255100,5039.93,-461.27,606.59,42.67,0.02,7.9,1.43,-27.96,26.82,22.35
1255200,5038.26,-460.86,609.75,42.27,0.38,7.66,1.53,-27.86,47.09,22.39
1255300,5036.18,-463.1,610.05,42.35,0.22,7.36,1.77,-27.61,42.05,21.84
1255400,5034.52,-454.2,615.87,42.23,0.04,7.4,1.46,-27.93,44.67,22.04
1255500,5041.18,-464.52,607.13,42.57,0,7.4,1.36,-28.02,39.73,22.12
1255600,5036.6,-463.56,615.2,42.47,0.18,7.34,1.4,-27.99,45.78,22.31
1255700,5039.93,-464.6,600.73,42.43,-0.06,7.66,1.46,-27.92,40.16,22.82
1255800,5045.75,-469.05,603.43,42.35,0.02,8.5,1.31,-28.08,36.36,22.55
1255900,5034.94,-460.86,605.22,42.33,0.02,7.88,1.46,-27.93,37.68,22.43
1256000,5030.36,-457.82,613.95,42.23,0.26,7.34,1.35,-28.04,39.3,22.47
1256100,5040.34,-463.14,608.3,42.41,0.14,7.26,1.31,-28.08,46.59,22.47
1256200,5041.59,-463.81,605.01,42.45,0.32,7.18,1.6,-27.79,42.78,22.31
1256300,5034.52,-455.08,602.18,42.41,0.08,7.44,1.23,-28.15,42.86,22.51
1256400,5038.26,-469.26,605.51,42.41,0.08,7.32,1.42,-27.96,39.07,22.82
1256500,5044.92,-465.43,605.22,42.33,0.22,7.26,1.29,-28.1,44.67,22.71
1256600,5037.85,-464.68,604.18,42.29,0.18,7.46,1.74,-27.65,43.86,22.59
1256700,5032.02,-466.3,614.12,42.43,0.24,7.58,1.44,-27.94,45.86,21.96
1256800,5039.51,-464.06,605.26,42.27,0.16,7.34,1.49,-27.9,34.27,22.43
1256900,5038.68,-462.48,607.92,42.45,0.06,7.82,1.32,-28.07,42.82,22.51
1257000,5039.1,-460.07,612.17,42.33,-0.14,7.14,1,-28.39,35.51,22.67
1257100,5034.94,-464.64,618.7,42.14,0.02,7.42,1.57,-27.82,36.52,22.24
1257200,5045.75,-458.61,600.27,42.51,0.34,7.68,1.47,-27.92,31.35,22.08
1257300,5042.01,-462.94,598.48,42.45,0.14,7.48,1.43,-27.96,40.04,22.39
1257400,5038.26,-464.14,605.47,42.29,0.22,7.56,1.34,-28.04,43.32,22.51
1257500,5043.67,-461.27,601.23,42.35,0.52,7.62,1.32,-28.06,44.05,22.24
1257600,5047,-465.51,605.3,42.29,0.36,7.52,1.38,-28,41.7,22.67
1257700,5046.17,-470.34,606.59,42.45,0.02,7.62,1.61,-27.78,36.83,22.67
1257800,5033.69,-458.36,594.53,42.21,0.26,7.04,1.49,-27.9,40.39,22.16
1257900,5037.85,-463.81,603.85,42.23,0.22,7.42,1.3,-28.09,37.06,22.12
1258000,5037.02,-464.35,607.63,42.47,0.14,7.72,1.57,-27.82,35.2,22
1258100,5047.83,-454.78,602.1,42.57,0.1,7.64,1.56,-27.82,43.78,22.51
1258200,5046.58,-472.75,607.01,42.61,0.08,7.68,1.3,-28.09,40.12,22.47
1258300,5040.76,-466.3,608.8,42.19,0.14,7.44,1.52,-27.86,43.01,22.43
1258400,5041.18,-465.14,599.36,42.33,0.3,7.34,1.32,-28.07,40.19,22.67
1258500,5032.44,-456.57,607.26,42.35,0.62,7.9,1.76,-27.63,40.81,22.43
1258600,5035.77,-463.1,600.98,42.45,0.2,7.46,1.57,-27.82,36.09,22.75
1258700,5042.01,-459.15,604.14,42.41,0.24,7.68,1.55,-27.84,40.7,22.67
1258800,5034.52,-463.02,607.26,42.43,0.26,7.42,1.58,-27.81,40.04,22.31
1258900,5047,-465.39,602.97,42.33,0.28,7.96,1.38,-28,45.67,22.51
1259000,5038.68,-462.44,600.73,42.31,0.32,7.36,1.5,-27.88,37.06,22.9
1259100,5039.1,-468.01,607.97,42.41,0.12,7.62,1.83,-27.55,45.13,22.2
1259200,5041.59,-463.93,604.18,42.47,0.2,7.68,1.58,-27.81,44.67,22.47
1259300,5039.51,-455.24,603.85,42.27,0.16,7.8,1.7,-27.69,42.05,22.67
1259400,5039.51,-461.77,600.65,42.57,0.2,7.28,1.21,-28.18,48.55,22.12
1259500,5045.75,-466.76,597.82,42.14,0.1,7.44,1.59,-27.8,43.51,22.55
1259600,5035.35,-463.02,610.5,42.51,0.08,7.46,1.46,-27.93,39.15,22.82
1259700,5035.77,-461.11,605.39,42.35,0.16,7.58,1.39,-28,37.91,22.51
1259800,5043.26,-465.01,604.01,42.37,0.26,7.42,1.45,-27.94,46.32,22.63
1259900,5042.84,-461.48,597.78,42.33,0.26,7.54,1.42,-27.96,44.94,22.59
1260000,5045.34,-465.81,598.32,42.55,0.3,7.6,1.48,-27.9,44.82,22.27
1260100,5039.93,-468.43,611.04,42.27,0.36,7.5,1.27,-28.12,44.44,22.78
1260200,5042.01,-464.43,607.72,42.49,-0.08,7.38,1.57,-27.82,37.33,22.67
1260300,5044.92,-466.43,598.52,42.25,0.16,7.02,1.51,-27.88,40.7,23.14
1260400,5062.81,-474.41,585.51,42.31,0.44,7.32,1.52,-27.87,42.24,22.86
1260500,5047.83,-464.81,596.82,42.23,-0.16,7.8,1.38,-28.01,40.58,22.86
1260600,5051.58,-466.35,596.19,42.53,0.2,7.54,1.5,-27.88,46.28,22.75
1260700,5052.41,-465.85,598.4,42.27,0.32,7.46,1.54,-27.85,39.81,22.2
1260800,5046.17,-463.64,603.72,42.33,0.22,7.48,1.13,-28.25,40.12,22.27
1260900,5050.33,-473.42,601.44,42.35,0.12,7.38,1.48,-27.9,37.72,22.24
1261000,5032.02,-465.43,609.59,42.33,0.22,7.42,1.7,-27.69,36.25,22.94
1261100,5045.34,-462.48,599.02,42.31,0.3,7.44,1.64,-27.75,34.19,23.14
1261200,5049.08,-462.27,593.99,42.35,0.22,7.62,1.53,-27.86,37.8,23.1
1261300,5048.25,-462.1,600.48,42.45,0.06,7.38,1.53,-27.86,46.28,23.02
1261400,5045.75,-456.61,603.47,42.33,0.2,7.54,1.48,-27.91,43.17,22.12
1261500,5045.75,-465.76,604.89,42.23,0.1,7.56,1.5,-27.89,40.46,22.51
1261600,5034.94,-461.65,606.76,42.57,0,7.26,1.51,-27.88,41.43,22.39
1261700,5055.32,-470.3,600.89,42.51,0.04,7.56,1.57,-27.82,45.13,22.04
1261800,5040.34,-462.81,615.87,42.29,0.08,7.4,1.44,-27.94,45.59,22.55
1261900,5047,-463.52,609.09,42.31,0.22,7.48,1.24,-28.15,37.52,23.81
1262000,5050.33,-466.26,602.39,42.37,0.18,7.64,1.32,-28.07,36.21,23.18
1262100,5042.42,-462.6,608.51,42.31,-0.08,7.8,1.58,-27.81,34.58,23.3
1262200,5055.74,-462.31,591.41,42.43,0.1,7.34,1.48,-27.91,39.96,22.94
1262300,5044.09,-463.6,602.64,42.35,0.36,7.76,1.47,-27.92,43.24,22.59
1262400,5060.73,-471.84,587.09,42.45,0.18,7.64,1.61,-27.77,39.27,22.51
1262500,5047.83,-470.34,595.86,42.37,0.2,7.4,1.63,-27.76,44.32,22.55
1262600,5046.17,-469.38,602.72,42.49,0.3,7.34,1.46,-27.92,48.09,23.02
1262700,5041.59,-464.52,602.02,42.41,0.42,7.44,1.54,-27.84,35.2,22.67
1262800,5056.57,-471,603.18,42.37,0.06,7.74,1.36,-28.02,39.92,22.94
1262900,5029.94,-462.56,606.05,42.49,0.12,7.4,1.44,-27.95,44.94,22.67
1263000,5034.1,-466.76,605.89,42.37,0.06,7.6,1.47,-27.92,33.1,22.47
1263100,5037.43,-465.81,603.97,42.53,0.16,7.26,1.39,-28,46.94,23.26
1263200,5041.18,-459.03,601.19,42.15,0.26,7.6,1.65,-27.74,37.83,22.63
1263300,5047.42,-468.09,603.14,42.37,0.2,7.62,1.6,-27.79,28.81,22.86
1263400,5049.91,-466.05,599.27,42.45,0.16,7.3,1.32,-28.06,40.73,23.14
1263500,5039.93,-460.48,605.35,42.43,0.14,7.44,1.31,-28.08,36.05,22.94
1263600,5055.74,-480.61,601.39,42.45,0,7.26,1.29,-28.1,39.5,23.1
1263700,5048.66,-463.43,597.23,42.25,0.3,7.46,1.23,-28.15,34.58,22.78
1263800,5054.91,-470.34,613.08,42.55,0.2,7.32,1.46,-27.93,36.36,22.31
1263900,5048.25,-466.51,603.02,42.27,0.02,7.52,1.4,-27.99,42.09,23.22
1264000,5044.5,-460.52,600.44,42.41,0.16,7.38,1.26,-28.13,40.77,22.78
1264100,5047.83,-462.35,599.11,42.27,0.08,7.54,1.38,-28.01,37.41,23.18
1264200,5036.18,-463.31,612.5,42.43,0.06,7.48,1.15,-28.23,42.47,22.75
1264300,5039.51,-459.03,600.98,42.35,0.06,7.36,1.6,-27.79,42.55,22.94
1264400,5046.58,-466.22,600.73,42.21,0.22,7.62,1.46,-27.93,42.55,23.45
1264500,5039.1,-457.65,605.43,42.39,0.36,7.14,1.48,-27.91,41.04,22.59
1264600,5043.67,-464.35,601.85,42.37,0,7.44,1.4,-27.98,46.94,22.98
1264700,5051.16,-469.71,603.39,42.33,0.18,7.58,1.35,-28.04,38.92,22.47
1264800,5038.26,-466.1,612.37,42.25,0.2,6.93,1.29,-28.1,37.64,22.43
1264900,5053.66,-468.67,598.4,42.47,0.1,7.44,1.47,-27.92,38.41,23.02
1265000,5041.18,-461.69,602.72,42.29,0.24,7.8,1.55,-27.84,41.2,23.49
1265100,5037.43,-456.16,610,42.47,0.16,7.32,1.46,-27.92,39.77,22.78
1265200,5045.75,-460.52,595.49,42.45,0.2,7.62,1.37,-28.02,41.82,22.59
1265300,5050.74,-469.38,603.27,42.47,0.22,7.34,1.54,-27.84,42.39,22.82
1265400,5034.94,-458.82,607.63,42.31,0.22,7.56,1.33,-28.06,46.9,23.37
1265500,5044.09,-464.27,604.22,42.31,0.18,7.52,1.29,-28.1,37.99,22.82
1265600,5039.1,-464.18,608.76,42.35,0.04,7.08,1.53,-27.86,37.1,22.98
1265700,5050.74,-466.84,597.65,42.35,0.48,7.62,1.48,-27.9,36.36,23.33
1265800,5040.76,-465.31,600.27,42.45,0.18,7.72,1.29,-28.1,32.75,23.92
1265900,5042.84,-464.72,607.84,42.49,0.18,7.86,1.3,-28.09,39.38,23.06
1266000,5044.92,-459.82,604.1,42.39,0.22,7.66,1.38,-28,44.75,22.94
1266100,5041.18,-462.19,605.59,42.45,0.16,7.78,1.36,-28.02,39.81,23.14
1266200,5040.76,-465.89,603.64,42.39,0.2,7.72,1.38,-28.01,30.96,23.26
1266300,5059.48,-474.58,594.07,42.37,0.22,7.52,1.46,-27.93,42.2,22.94
1266400,5039.93,-466.39,601.06,42.33,-0.02,7.58,1.54,-27.85,43.47,22.67
1266500,5056.15,-468.01,605.1,42.25,0.08,7.22,1.56,-27.83,36.79,22.9
1266600,5042.42,-462.48,610.09,42.27,0.08,7.7,1.42,-27.96,33.88,23.41
1266700,5037.85,-468.47,605.89,42.27,0,7.54,1.5,-27.88,39.46,22.78
1266800,5036.6,-458.9,604.31,42.31,-0.06,7.44,1.48,-27.91,41.82,22.75
1266900,5037.02,-462.1,604.93,42.39,0.3,7.38,1.42,-27.97,43.97,23.1
1267000,5041.59,-460.81,604.43,42.53,0.16,7.8,1.46,-27.92,43.28,23.57
1267100,5043.26,-465.97,600.6,42.47,0.12,7.86,1.36,-28.03,39.34,23.06
1267200,5053.66,-476.2,596.4,42.35,0.26,7.58,1.5,-27.88,37.68,22.86
1267300,5044.09,-465.43,605.43,42.37,0.04,7.82,1.28,-28.11,45.4,22.9
1267400,5038.26,-465.31,603.56,42.41,0.14,7.34,1.56,-27.82,34.15,22.82
1267500,5052.41,-469.3,603.52,42.45,0.22,7.5,1.55,-27.84,39.69,22.94
1267600,5034.94,-457.28,607.63,42.21,0.02,7.32,1.42,-27.97,37.76,23.22
1267700,5044.92,-466.01,599.11,42.25,0.16,7.36,1.34,-28.04,40.12,23.37
1267800,5048.25,-461.85,599.27,42.47,0.24,7.38,1.43,-27.96,43.9,22.78
1267900,5045.75,-458.86,597.61,42.39,0.14,7.62,1.36,-28.03,35.66,22.98
1268000,5045.34,-462.52,601.64,42.41,0.3,7.32,1.51,-27.88,44.32,23.57
1268100,5045.34,-463.73,604.06,42.43,0.24,7.26,1.38,-28,43.86,23.65
1268200,5039.1,-462.1,614.66,42.43,0.28,7.42,1.44,-27.95,38.03,22.78
1268300,5047.83,-471.46,604.01,42.29,-0.02,7.52,1.43,-27.96,32.98,22.43
1268400,5036.6,-465.18,607.09,42.51,0.22,7.48,1.54,-27.84,42.7,22.51
1268500,5043.26,-468.47,605.76,42.47,0.28,7.3,1.38,-28,35.43,22.75
1268600,5032.02,-454.29,610.17,42.31,0.28,7.66,1.4,-27.98,33.84,23.02
1268700,5036.6,-462.64,607.01,42.51,0.02,7.24,1.38,-28,45.48,23.53
1268800,5037.85,-462.19,605.93,42.35,0.26,7.36,1.48,-27.91,39.15,23.33
1268900,5038.68,-465.01,605.8,42.29,0.06,7.42,1.48,-27.91,35.97,23.1
1269000,5039.93,-459.32,599.65,42.55,0.2,7.4,1.46,-27.92,44.28,22.9
1269100,5040.76,-467.14,604.89,42.25,0.22,7.42,1.46,-27.92,42.43,23.06
1269200,5047.83,-470.55,605.05,42.37,0.12,7.56,1.43,-27.96,38.14,23.22
1269300,5048.66,-471.42,608.59,42.35,0.24,7.62,1.35,-28.04,46.75,23.33
1269400,5052.41,-470.09,604.31,42.31,0.1,7.68,1.56,-27.82,48.36,22.94
1269500,5049.91,-465.89,599.81,42.37,0.32,7.24,1.6,-27.79,41.12,23.1
1269600,5038.26,-459.82,608.26,42.19,0.4,7.6,1.45,-27.94,33.99,22.9
1269700,5050.74,-466.97,601.44,42.47,0.18,7.38,1.52,-27.86,44.98,23.14
1269800,5048.25,-464.89,602.81,42.31,0.26,6.93,1.38,-28,32.98,22.75
1269900,5037.02,-466.05,602.64,42.27,0.36,7.52,1.54,-27.84,40.31,22.75
1270000,5038.26,-465.35,601.02,42.27,0.3,7.64,1.44,-27.94,41.08,22.9
1270100,5042.84,-462.35,608.26,42.47,0.22,7.76,1.41,-27.98,41.78,23.06
1270200,5037.02,-460.69,604.93,42.27,0.16,7.4,1.3,-28.09,44.59,22.94
1270300,5052.41,-467.84,599.44,42.29,0.18,7.22,1.32,-28.06,34.07,22.9
1270400,5041.59,-466.05,603.14,42.35,0.06,7.26,1.48,-27.9,35.35,23.49
1270500,5053.24,-470.96,595.4,42.23,0.22,7.88,1.4,-27.98,33.99,23.14
1270600,5046.58,-467.18,599.94,42.41,0.3,7.48,1.31,-28.08,41.12,23.06
1270700,5043.26,-466.6,605.51,42.27,0.06,7.3,1.42,-27.97,47.78,23.02
1270800,5050.74,-465.85,594.78,42.49,0.22,7.58,1.53,-27.86,41.55,22.86
1270900,5044.5,-463.02,598.07,42.41,0.12,7.46,1.28,-28.11,35.97,22.67
1271000,5054.49,-469.96,599.9,42.45,0.2,7.64,1.44,-27.95,32.95,22.71
1271100,5050.74,-477.24,602.56,42.37,0.2,7.4,1.31,-28.08,37.14,22.98
1271200,5052.41,-474,596.36,42.41,0.34,7.3,1.39,-28,44.17,22.98
1271300,5042.84,-464.68,605.89,42.49,0.18,7.26,1.48,-27.91,37.99,23.14
1271400,5042.84,-466.64,603.76,42.37,0.14,7.6,1.37,-28.02,44.17,24
1271500,5042.84,-464.27,602.93,42.39,0.06,7.54,1.35,-28.04,45.67,23.61
1271600,5042.42,-465.14,600.06,42.14,0.34,7.54,1.47,-27.92,41.16,23.96
1271700,5049.5,-467.43,602.31,42.27,0.14,7.54,1.38,-28,47.36,23.96
1271800,5039.1,-465.35,606.97,42.39,0.24,7.4,1.32,-28.06,40.73,23.57
1271900,5032.02,-459.11,615.37,42.37,0.24,7.4,1.41,-27.98,44.4,23.41
1272000,5042.01,-474.46,610.09,42.49,0.32,7.48,1.4,-27.98,35.7,22.94
1272100,5039.93,-468.67,604.6,42.33,0.16,7.2,1.4,-27.99,33.96,22.98
1272200,5040.76,-464.89,600.69,42.29,0.22,7.34,1.37,-28.02,43.36,23.1
1272300,5044.5,-465.72,609.3,42.43,0.28,7.28,1.37,-28.02,38.42,23.81
1272400,5044.09,-463.89,605.14,42.45,0.26,7.56,1.5,-27.89,38.22,23.45
1272500,5044.09,-467.01,597.86,42.49,0.2,7.36,1.42,-27.97,29.67,22.9
1272600,5046.58,-470.42,600.27,42.37,0.44,7.4,1.37,-28.02,36.56,23.02
1272700,5030.78,-461.6,606.22,42.33,0.2,7.4,1.48,-27.91,45.05,23.14
1272800,5048.66,-466.05,600.52,42.35,0.18,7.56,1.41,-27.98,40.89,23.3
1272900,5051.58,-468.22,599.86,42.41,0.34,7.22,1.51,-27.88,33.33,23.14
1273000,5045.34,-476.78,609.09,42.45,0.24,7.66,1.39,-28,39.07,23.26
1273100,5038.68,-461.77,605.55,42.21,0.14,7.18,1.42,-27.97,49.82,23.06
1273200,5046.58,-465.51,602.48,42.29,0.14,7.1,1.3,-28.09,43.2,23.02
1273300,5048.25,-470.75,604.6,42.27,0.04,7.32,1.56,-27.82,44.05,23.33
1273400,5048.66,-474.7,611.21,42.47,0.12,7.46,1.15,-28.23,38.07,23.3
1273500,5041.18,-469.55,603.14,42.25,0.22,7.64,1.47,-27.92,45.55,23.81
1273600,5042.42,-469.46,606.18,42.25,0.16,7.46,1.34,-28.05,41.93,23.57
1273700,5033.27,-463.1,616.58,42.33,0.04,7.26,1.43,-27.96,39.73,23.06
1273800,5042.84,-467.26,610.17,42.41,0.2,8.3,1.44,-27.95,44.09,22.59
1273900,5039.1,-459.53,607.55,42.27,0.38,7.52,1.21,-28.17,33.37,23.45
1274000,5049.5,-468.01,603.81,42.35,-0.06,7.56,1.39,-28,44.55,23.96
1274100,5039.51,-463.93,604.64,42.35,0.18,7.12,1.5,-27.88,38.76,22.98
1274200,5049.91,-468.01,597.11,42.33,0.24,7.08,1.42,-27.96,44.63,22.94
1274300,5045.34,-468.88,610.09,42.31,0.24,7.1,1.5,-27.89,37.64,22.71
1274400,5049.08,-472.33,602.93,42.37,0.3,7.08,1.19,-28.19,46.01,23.57
1274500,5057.4,-465.56,587.5,42.25,0.04,7.48,1.44,-27.94,39.5,23.96
1274600,5041.18,-465.39,600.15,42.45,0.22,7.34,1.31,-28.08,35.9,24.12
1274700,5037.02,-460.44,609.71,42.27,0.2,7.4,1.42,-27.97,41.51,23.69
1274800,5032.86,-460.44,603.39,42.41,0.2,7.36,1.32,-28.06,36.05,23.37
1274900,5044.5,-469.76,605.47,42.37,0.34,7.64,1.48,-27.9,44.86,23.26
1275000,5031.61,-457.28,611.25,42.21,0.26,7.5,1.42,-27.97,37.83,23.69
1275100,5036.6,-467.47,604.22,42.29,0.14,7.62,1.43,-27.96,39.61,22.94
1275200,5044.5,-472.13,601.14,42.35,0.18,7.42,1.29,-28.1,32.67,23.41
1275300,5039.93,-464.93,602.64,42.59,0.36,7.78,1.48,-27.91,43.71,23.18
1275400,5045.34,-470.26,605.64,42.25,0.08,7.46,1.42,-27.96,37.49,23.37
1275500,5044.5,-463.85,605.51,42.49,0.2,7.46,1.27,-28.12,44.21,24.12
1275600,5050.74,-475.7,602.1,42.57,0.04,7.44,1.48,-27.9,41.35,23.57
1275700,5039.1,-466.68,607.34,42.21,0.06,7.48,1.29,-28.1,41.39,23.49
1275800,5048.25,-472.92,603.35,42.17,0.2,7.58,1.34,-28.04,28.93,23.33
1275900,5044.09,-468.47,610.71,42.47,0.16,7.66,1.54,-27.84,32.83,23.41
1276000,5033.69,-464.64,616.62,42.41,0.22,7.64,1.51,-27.88,46.09,23.06
1276100,5041.18,-467.01,607.47,42.41,0.1,7.52,1.36,-28.03,32.71,23.14
1276200,5042.84,-469.13,600.52,42.45,0.28,7.62,1.38,-28.01,52.84,23.81
1276300,5033.69,-467.68,609.38,42.39,0.34,7.36,1.56,-27.83,44.28,23.37
1276400,5065.72,-480.78,596.32,42.27,-0.04,7.54,1.46,-27.92,31.97,23.57
1276500,5042.01,-468.97,612.75,42.33,0.12,7.5,1.44,-27.95,36.52,23.96
1276600,5043.26,-465.64,604.43,42.25,0.28,7.28,1.44,-27.95,42.74,23.3
1276700,5034.52,-465.76,601.81,42.51,0.12,7.76,1.46,-27.93,40.43,23.26
1276800,5039.93,-453.25,595.24,42.43,0.16,7.4,1.38,-28.01,30.06,23.96
1276900,5048.66,-467.18,596.86,42.45,0.06,7.4,1.5,-27.88,42.01,23.22
1277000,5037.43,-462.27,604.1,42.41,0.06,7.54,1.4,-27.98,32.4,23.45
1277100,5042.01,-471.88,609.25,42.35,0.2,7.1,1.5,-27.88,41.43,23.37
1277200,5049.91,-468.84,592.04,42.35,0.08,7.76,1.66,-27.73,27.6,23.41
1277300,5048.25,-473,597.23,42.31,0.24,7.64,1.56,-27.82,42.12,23.26
1277400,5040.76,-474.12,609.75,42.31,0.02,7.68,1.29,-28.1,39.69,23.41
1277500,5040.34,-468.43,611.92,42.45,-0.02,7.5,1.4,-27.98,39,23.33
1277600,5038.68,-467.84,606.55,42.39,0.22,7.46,1.28,-28.11,31.51,23.41
1277700,5040.34,-468.13,605.68,42.67,-0.04,7.36,1.32,-28.07,38.61,23.81
1277800,5043.67,-462.69,599.27,42.33,0.02,7.58,1.36,-28.02,43.74,23.26
1277900,5051.99,-474.04,593.53,42.31,0.32,7.28,1.49,-27.9,39.92,23.69
1278000,5044.92,-474.83,608.05,42.25,0.22,7.4,1.27,-28.12,32.75,23.81
1278100,5037.02,-462.44,611.25,42.29,0.08,7.84,1.4,-27.99,34.93,23.37
1278200,5046.17,-464.31,597.98,42.37,0.06,7.66,1.33,-28.06,36.48,23.41
1278300,5039.93,-469.96,601.14,42.23,0,7.78,1.15,-28.23,34.54,23.84
1278400,5046.17,-469.76,602.89,42.29,0.1,7.88,1.56,-27.82,39.42,23.69
1278500,5043.67,-470.46,608.76,42.41,0.3,7.8,1.6,-27.79,38.49,23.69
1278600,5051.99,-470.21,603.76,42.25,0.16,7.52,1.46,-27.92,45.44,23.45
1278700,5047,-472.58,611.67,42.19,0.18,7.66,1.07,-28.31,37.25,23.14
1278800,5038.26,-467.39,600.31,42.37,0.12,7.34,1.5,-27.88,44.09,23.22
1278900,5051.16,-474.79,595.99,42.43,0.32,7.36,1.34,-28.05,44.13,23.18
1279000,5031.61,-462.06,603.31,42.53,0.2,7.38,1.2,-28.19,38.38,23.18
1279100,5051.16,-468.63,592.33,42.49,0.14,7.38,1.56,-27.82,37.72,23.49
1279200,5049.91,-469.84,603.43,42.31,0.28,7.78,1.54,-27.85,39.81,23.1
1279300,5037.02,-469.42,602.1,42.25,0.18,7.76,1.26,-28.13,32.4,23.14
1279400,5046.17,-470.3,596.24,42.41,0.16,7.34,1.29,-28.1,42.2,24.43
1279500,5039.93,-466.97,608.01,42.61,0.1,7.28,1.57,-27.82,42.39,24.08
1279600,5040.76,-465.85,600.44,42.47,0.26,7.2,1.35,-28.04,35.2,23.73
1279700,5033.69,-467.09,604.1,42.27,0.26,7.28,1.42,-27.96,27.72,23.96
1279800,5037.43,-469.76,601.64,42.31,0.26,7.32,1.54,-27.85,41.7,23.92
1279900,5044.5,-471.75,602.39,42.21,0.04,7.2,1.21,-28.18,44.86,23.73
1280000,5051.16,-477.03,603.1,42.47,0.44,7.86,1.38,-28.01,34.31,23.14
1280100,5050.74,-473.37,603.76,42.39,0.3,7.56,1.23,-28.15,34.62,23.18
1280200,5048.25,-467.84,597.73,42.45,0.22,7.46,1.38,-28,44.67,23.77
1280300,5037.85,-468.01,604.18,42.37,0.18,7.2,1.4,-27.99,35.51,23.81
1280400,5029.11,-462.44,608.96,42.69,0.32,7.44,1.65,-27.74,42.82,23.69
1280500,5048.66,-469.88,600.56,42.49,0.02,7.44,1.58,-27.81,40.54,23.57
1280600,5041.59,-464.6,606.26,42.31,0.12,7.54,1.33,-28.06,42.16,23.49
1280700,5050.74,-467.3,602.89,42.51,0.18,7.46,1.41,-27.98,50.35,23.81
1280800,5059.07,-471.71,592.87,42.23,0.24,7.42,1.27,-28.12,41.7,23.3
1280900,5042.42,-473.42,601.14,42.45,0.14,7.52,1.23,-28.15,44.17,22.94
1281000,5043.67,-469.13,600.35,42.55,0.1,7.38,1.38,-28.01,34.85,23.69
1281100,5041.18,-462.1,598.27,42.33,0.1,7.58,1.66,-27.73,44.82,23.37
1281200,5049.91,-468.84,599.06,42.51,0.24,7.66,1.13,-28.26,38.92,24.16
1281300,5054.07,-467.93,600.44,42.25,-0.26,7.4,1.5,-27.88,33.18,23.57
1281400,5059.48,-472.25,588.92,42.21,0.16,7.66,1.38,-28,46.55,23.57
1281500,5040.76,-471.42,605.18,42.41,0.22,7.26,1.52,-27.86,40.23,24.51
1281600,5040.34,-468.8,600.27,42.33,0.08,6.85,1.57,-27.82,46.63,24.16
1281700,5039.1,-473.37,606.97,42.17,0.12,7.54,1.4,-27.99,45.05,24.12
1281800,5050.33,-476.33,605.76,42.53,0.14,7.26,1.32,-28.07,45.55,23.53
1281900,5048.66,-469.09,597.23,42.41,0.22,7.32,1.53,-27.86,42.24,24.43
1282000,5057.82,-476.33,595.03,42.45,0.08,7.52,1.48,-27.91,44.32,23.3
1282100,5050.74,-474.21,598.23,42.57,0,7.28,1.52,-27.86,44.17,23.53
1282200,5061.15,-470.67,593.99,42.49,0.02,7.46,1.28,-28.11,37.6,23.37
1282300,5047.42,-471.38,599.61,42.35,0.26,7.6,1.32,-28.07,39.58,24.24
1282400,5047.42,-478.49,608.59,42.23,0.38,7.44,1.15,-28.23,35.16,24.59
1282500,5040.76,-469.76,600.69,42.27,0.02,7.92,1.51,-27.88,48.01,23.69
1282600,5044.92,-463.56,602.89,42.27,-0.04,7.54,1.41,-27.98,45.09,23.73
1282700,5053.24,-465.51,595.36,42.23,0.28,7.76,1.4,-27.98,40.35,23.06
1282800,5049.08,-469.13,594.49,42.39,0.04,7.62,1.28,-28.11,54.3,23.69
1282900,5037.85,-478.32,618.95,42.27,0.2,7.36,1.28,-28.11,41.43,23.41
1283000,5039.51,-466.64,596.99,42.55,0.1,7.42,1.43,-27.96,40.66,23.84
1283100,5041.18,-468.22,604.43,42.29,0.12,7.68,1.33,-28.06,49.01,23.69
1283200,5044.92,-474.79,597.61,42.29,-0.02,7.46,1.46,-27.93,42.7,23.3
1283300,5055.74,-470.38,600.19,42.23,0.26,7.58,1.44,-27.94,45.86,23.33
1283400,5045.75,-473.17,603.93,42.51,0.06,7.46,1.42,-27.97,35.97,24.08
1283500,5050.33,-472.92,594.74,42.31,0.36,7.58,1.34,-28.04,44.63,23.45
1283600,5039.93,-467.22,598.98,42.23,0.2,7.6,1.21,-28.18,48.63,24.12
1283700,5038.68,-469.51,608.71,42.31,0.12,7.66,1.63,-27.75,55.83,23.81
1283800,5048.25,-471.79,600.65,42.29,0.1,7.4,1.48,-27.91,40.08,23.53
1283900,5037.43,-471.63,607.09,42.45,0.26,7.54,1.29,-28.1,38.18,23.84
1284000,5041.18,-466.47,602.06,42.39,-0.26,7.42,1.23,-28.16,26.27,24.08
1284100,5044.5,-472.88,604.06,42.39,0.06,7.42,1.23,-28.15,31.04,24.32
1284200,5044.5,-467.84,599.36,42.25,0.02,7.46,1.3,-28.09,37.37,24.59
1284300,5054.07,-472.88,598.44,42.27,0,7.44,1.5,-27.89,43.24,23.65
1284400,5050.33,-468.88,599.86,42.29,0.12,7.62,1.37,-28.02,26.04,24.35
1284500,5050.74,-472.5,600.23,42.57,0.1,7.54,1.41,-27.98,46.9,24.39
1284600,5049.08,-470.92,597.65,42.33,0.3,7.18,1.45,-27.94,41.93,23.53
1284700,5044.5,-475.7,609.75,42.37,0.44,7.16,1.44,-27.94,41.55,23.57
1284800,5044.5,-467.47,613.58,42.29,0.38,7.46,1.14,-28.25,50.09,23.53
1284900,5047.42,-466.01,598.65,42.29,0.42,7.42,1.21,-28.17,42.12,23.65
1285000,5049.5,-468.38,602.77,42.31,0.38,7.44,1.4,-27.99,40.89,23.88
1285100,5055.74,-463.77,592.12,42.41,0.42,7.24,1.56,-27.83,41.55,23.45
1285200,5044.5,-467.63,603.76,42.43,0.32,7.26,1.26,-28.13,42.28,23.69
1285300,5053.66,-471.63,600.1,42.41,0.04,7.48,1.46,-27.93,38.18,23.77
1285400,5065.31,-473.42,594.78,42.25,0.56,7.42,1.44,-27.94,38.14,24.51
1285500,5048.25,-464.47,609.42,42.14,0.46,7.4,1.34,-28.05,37.22,23.92
1285600,5046.58,-463.19,599.19,42.17,0.08,7.58,1.55,-27.84,37.25,23.73
1285700,5044.92,-466.05,597.73,42.45,0.02,7.58,1.19,-28.19,41.28,23.41
1285800,5049.91,-477.78,608.17,42.41,0.06,7.6,1.17,-28.21,45.82,23.61
1285900,5047.83,-471.09,603.27,42.29,0.38,7.24,1.36,-28.03,31.93,24.35
1286000,5054.49,-472.71,599.06,42.31,0.14,7.6,1.6,-27.79,37.14,23.96
1286100,5038.26,-466.68,609.55,42.31,0.16,7.54,1.6,-27.79,36.71,23.92
1286200,5045.34,-462.27,598.32,42.39,0.14,7.56,1.54,-27.84,46.71,23.61
1286300,5047,-471.09,600.77,42.45,0.08,7.58,1.42,-27.97,41.35,23.57
1286400,5038.68,-457.4,604.93,42.43,0.1,7.32,1.36,-28.02,36.9,23.92
1286500,5052.41,-470.71,600.69,42.15,0.2,7.34,1.44,-27.94,43.82,23.73
1286600,5051.16,-466.68,600.52,42.33,0.46,7.28,1.21,-28.17,40.16,23.65
1286700,5052.82,-468.72,601.35,42.47,0.22,7.6,1.53,-27.86,46.55,23.96
1286800,5053.24,-471.92,598.44,42.29,-0.04,7.46,1.46,-27.92,37.45,23.73
1286900,5052.82,-469.67,606.63,42.31,0.3,7.58,1.43,-27.96,36.52,23.81
1287000,5043.26,-465.89,605.89,42.39,0.12,7.22,1.42,-27.97,42.55,24.43
1287100,5047.42,-462.15,605.47,42.21,0.24,7.26,1.27,-28.12,44.75,24.08
1287200,5047.83,-469.8,606.72,42.43,0.06,7.62,1.78,-27.61,41.35,23.96
1287300,5043.67,-465.14,592.29,42.29,0.08,7.46,1.63,-27.75,41.55,23.88
1287400,5051.99,-472.04,602.6,42.31,0.02,7.4,1.21,-28.18,44.28,24.12
1287500,5044.09,-462.1,607.72,42.39,0.14,7.46,1.32,-28.06,33.18,23.77
1287600,5057.4,-469.76,604.51,42.59,0,7.4,1.5,-27.89,38.03,23.81
1287700,5053.24,-474.29,599.69,42.33,0.06,7.44,1.55,-27.84,49.7,24.24
1287800,5053.24,-469.8,600.23,42.33,0.02,7.4,1.64,-27.75,39.31,23.96
1287900,5060.73,-472.42,593.62,42.33,0.18,7.48,1.6,-27.79,45.4,24.39
1288000,5052.41,-466.3,598.48,42.31,0.24,7.42,1.46,-27.93,47.59,24.32
1288100,5049.91,-465.06,606.01,42.31,0.1,7.3,1.19,-28.2,43.82,24.47
1288200,5048.66,-469.88,598.82,42.31,0.06,7.22,1.1,-28.29,46.28,24.16
1288300,5037.02,-467.97,611.21,42.23,0.08,7.46,1.12,-28.27,41.28,23.96
1288400,5051.58,-469.09,599.31,42.71,0.42,7.9,1.54,-27.85,33.99,23.84
1288500,5053.24,-471.79,606.01,42.39,0.26,7.64,1.32,-28.07,44.51,23.77
1288600,5030.78,-459.28,613.29,42.55,0.18,7.38,1.27,-28.12,41.55,24.12
1288700,5055.32,-467.39,603.56,42.45,0.34,7.6,1.46,-27.93,38.22,24.16
1288800,5044.09,-464.52,604.76,42.14,0.2,7.26,1.08,-28.31,45.78,23.77
1288900,5048.25,-472.13,605.05,42.33,0.18,7.12,1.17,-28.21,41.12,24.16
1289000,5046.17,-466.6,608.67,42.39,0.26,7.42,1.32,-28.06,32.98,23.77
1289100,5051.99,-476.83,609.05,42.35,0.32,7.4,1.46,-27.93,44.98,24.43
1289200,5048.66,-465.51,603.18,42.29,0.1,7.9,1.38,-28,41.74,24.12
1289300,5054.91,-475.45,603.47,42.21,0.06,7.56,1.56,-27.83,32.79,23.53
1289400,5043.67,-470.55,610.13,42.35,0.14,7.28,1.11,-28.28,39.88,24.2
1289500,5063.23,-474.46,595.24,42.43,0.12,7.46,1.48,-27.91,43.67,24.55
1289600,5057.4,-468.8,600.4,42.43,0.36,7.4,1.27,-28.12,43.44,24.43
1289700,5055.74,-469.76,599.81,42.29,0.14,7.28,1.17,-28.21,37.37,24.55
1289800,5051.58,-475.58,603.6,42.31,0.16,7.66,1.31,-28.08,41.12,24.32
1289900,5050.33,-468.51,599.02,42.39,0.02,7.68,1.33,-28.06,36.01,24.32
1290000,5055.74,-465.43,596.36,42.39,0.36,7.34,1.31,-28.08,39.69,24.04
1290100,5051.58,-468.59,609.75,42.59,0.22,7.28,1.36,-28.02,40.97,24.67
1290200,5057.4,-467.84,600.98,42.37,0.26,7.28,1.48,-27.9,45.75,24
1290300,5054.91,-469.67,602.89,42.31,-0.04,7.32,1.32,-28.06,48.21,23.84
1290400,5055.32,-466.51,603.89,42.61,0.24,7.54,1.52,-27.87,52.27,24.24
1290500,5050.33,-469.09,607.51,42.17,0.18,7.56,1.31,-28.08,43.97,23.73
1290600,5041.59,-458.4,604.8,42.33,0.2,7.56,1.29,-28.1,47.94,24
1290700,5051.58,-465.6,604.51,42.31,0.42,7.44,1.44,-27.94,34.77,24.04
1290800,5044.09,-464.85,604.85,42.57,0.08,7.36,1.42,-27.96,36.32,24.04
1290900,5051.58,-466.97,605.93,42.31,0.06,7.74,1.38,-28,36.87,24.08
1291000,5059.9,-471.84,600.06,42.59,-0.08,7.38,1.35,-28.04,35.82,24.24
1291100,5054.91,-470.09,612.92,42.31,0.22,7.42,1.44,-27.94,41.97,24
1291200,5059.48,-465.56,588.92,42.25,0.16,7.52,1.34,-28.05,44.98,23.88
1291300,5046.17,-462.81,606.14,42.41,0.18,7.32,1.55,-27.84,45.25,24.24
1291400,5045.75,-464.77,604.43,42.53,0.24,7.32,1.28,-28.11,41.58,24.39
1291500,5042.84,-466.3,610.88,42.31,0.38,7.6,1.36,-28.03,54.3,23.84
1291600,5047.42,-469.42,606.97,42.39,0.02,7.76,1.28,-28.11,47.59,24.08
1291700,5052.41,-467.8,603.89,42.37,0.08,7.22,1.29,-28.1,36.67,24.2
1291800,5049.08,-469.46,609.05,42.39,0.14,7.26,1.23,-28.15,41.12,24.2
1291900,5038.26,-460.73,604.55,42.43,0.28,7.54,1.3,-28.09,41.47,24.12
1292000,5056.99,-463.98,604.26,42.35,0.3,7.32,1.38,-28.01,43.36,24.28
1292100,5050.33,-474.5,610.88,42.35,0.08,7.3,1.3,-28.09,43.71,23.96
1292200,5046.17,-463.93,609.34,42.33,0.14,7.44,1.48,-27.91,38.38,24.39
1292300,5041.59,-468.18,607.38,42.47,0.22,7.48,1.31,-28.08,41.85,23.96
1292400,5038.26,-463.64,612.21,42.27,0.14,7.36,1.38,-28,40.5,23.96
1292500,5037.85,-466.72,612,42.39,0.34,7.44,1.43,-27.96,46.9,24.75
1292600,5041.59,-466.43,613.12,42.37,0.3,7.64,1.32,-28.06,45.67,24.32
1292700,5041.18,-465.97,621.11,42.37,0.18,7.42,1.38,-28.01,42.39,24.12
1292800,5047.83,-467.63,617.62,42.25,0.22,7.54,1.36,-28.02,41.31,24.2
1292900,5052.41,-464.56,600.81,42.23,0.08,7.42,1.37,-28.02,46.63,23.92
1293000,5042.01,-461.81,619.36,42.1,0.12,7.44,1.32,-28.07,41.51,24.35
1293100,5048.25,-464.52,608.46,42.47,0.28,7.22,1.27,-28.12,38.96,23.61
1293200,5057.82,-470.63,616.78,42.27,0.08,7.3,1.36,-28.02,37.06,23.81
1293300,5051.58,-465.18,605.39,42.25,0.2,7.16,1.45,-27.94,37.56,24.28
1293400,5059.07,-474.08,603.6,42.31,0.2,7.26,1.48,-27.91,46.28,23.92
1293500,5054.07,-470.09,602.77,42.37,0.24,7.42,1.48,-27.91,40.23,24.51
1293600,5050.74,-468.59,610.05,42.31,0.12,7.4,1.36,-28.02,34.58,24.79
1293700,5052.82,-464.93,599.56,42.47,0.28,7.7,1.4,-27.99,30.65,25.18
1293800,5044.5,-462.39,604.06,42.47,0.16,7.72,1.3,-28.09,36.32,24.79
1293900,5047.42,-468.59,609.75,42.27,0.24,7.2,1.51,-27.88,40.89,23.96
1294000,5041.18,-467.05,608.76,42.55,0.34,7.46,1.31,-28.08,50.97,24.32
1294100,5041.59,-459.94,602.23,42.43,0.26,7.32,1.28,-28.11,42.86,24.43
1294200,5039.93,-466.18,616.08,42.51,0.18,7.44,1.28,-28.11,36.48,23.92
1294300,5039.93,-458.86,614.08,42.35,0.18,7,1.54,-27.84,36.48,24.32
1294400,5042.84,-464.81,615.45,42.45,0.02,7.58,1.28,-28.11,44.44,24.67
1294500,5056.99,-468.55,595.2,42.35,0.2,7.58,1.27,-28.12,36.56,24.59
1294600,5043.67,-468.22,605.51,42.25,0.24,7.68,1.45,-27.94,50.16,24
1294700,5049.5,-466.72,608.55,42.35,0.22,7.64,1.5,-27.88,47.32,23.45
1294800,5040.76,-466.89,617.12,42.27,0.02,7.36,1.52,-27.87,33.18,24.16
1294900,5055.74,-466.8,598.69,42.33,0.16,7.76,1.44,-27.95,41.01,24.2
1295000,5052.82,-462.48,608.01,42.29,0.14,7.4,1.36,-28.02,36.56,24.04
1295100,5049.91,-474.62,610.79,42.45,0.12,7.5,1.21,-28.18,38.57,24.43
1295200,5047.83,-469.22,610.46,42.39,0.08,7.18,1.41,-27.98,37.45,24.16
1295300,5049.5,-460.9,610.42,42.35,0.02,7.5,1.34,-28.04,41.62,23.65
1295400,5050.33,-466.43,606.22,42.41,0.4,7.4,1.42,-27.97,41.97,24.16
1295500,5052.41,-466.22,605.93,42.39,0.12,7.46,1.41,-27.98,46.05,24.51
1295600,5043.67,-469.3,612.87,42.35,0.28,7.46,1.23,-28.15,38.14,24.32
1295700,5049.08,-464.64,603.39,42.21,0.06,7.54,1.42,-27.97,45.48,24.55
1295800,5044.09,-464.35,609.25,42.49,0.22,7.6,1.35,-28.04,43.32,24.35
1295900,5061.56,-477.16,606.97,42.71,0.22,7.52,1.36,-28.02,36.9,24.08
1296000,5046.17,-467.22,611.17,42.49,0.14,7.34,1.44,-27.95,41.85,24.39
1296100,5046.17,-472.13,607.34,42.31,0.14,7.54,1.42,-27.97,42.32,24.24
1296200,5039.51,-464.52,613,42.33,0.18,7.48,1.28,-28.11,35.08,24.55
1296300,5047.83,-460.23,615.12,42.51,0.18,7.34,1.48,-27.91,42.36,24
1296400,5041.59,-466.39,611.63,42.39,0.04,7.5,1.42,-27.97,44.82,24.2
1296500,5040.34,-462.98,608.88,42.27,0.04,7.4,1.38,-28.01,39.38,24.79
1296600,5047.42,-464.85,609.71,42.21,-0.02,7.52,1.34,-28.04,42.36,23.92
1296700,5051.16,-468.92,609.96,42.25,0,7.74,1.49,-27.9,39.03,24.12
1296800,5033.69,-461.98,617.2,42.37,0.02,7.72,1.34,-28.05,43.67,24.39
1296900,5040.76,-461.31,612.04,42.21,0.2,7.48,1.58,-27.81,43.01,24.43
1297000,5054.49,-466.84,602.72,42.33,0.08,7.92,1.37,-28.02,44.21,24.55
1297100,5049.5,-469.09,606.63,42.47,0.06,7.62,1.36,-28.03,40.62,24.63
1297200,5042.42,-471.63,618.41,42.25,0.06,7.62,1.36,-28.03,34.07,24.55
1297300,5043.26,-465.89,608.22,42.31,0,7.58,1.36,-28.02,34.46,24.32
1297400,5037.43,-462.15,605.3,42.39,-0.04,7.6,1.54,-27.85,41.16,24.63
1297500,5051.16,-467.93,610.34,42.33,0.3,7.4,1.21,-28.18,48.59,24.32
1297600,5054.49,-470.5,609.34,42.31,0.28,7.42,1.46,-27.93,41.7,24.55
1297700,5051.99,-468.47,615.12,42.29,0.24,7.44,1.36,-28.02,45.05,24.43
1297800,5049.08,-466.01,612.37,42.41,0.36,7.52,1.23,-28.16,43.28,24.08
1297900,5037.43,-466.26,621.28,42.37,0.36,7.36,1.38,-28.01,37.14,24.47
1298000,5047.42,-464.35,609.5,42.15,0.24,7.28,1.36,-28.03,40,24.43
1298100,5038.26,-467.3,610.17,42.21,0.26,7.62,1.38,-28,35.55,24.63
1298200,5049.5,-467.63,605.8,42.35,0.28,7.38,1.5,-27.89,46.09,24.39
1298300,5040.76,-461.6,618.61,42.43,0.12,7.34,1.38,-28.01,42.47,24.28
1298400,5042.01,-462.94,613.5,42.47,0.34,7.38,1.19,-28.19,39.19,24.59
1298500,5056.99,-469.26,605.35,42.31,0.28,7.56,1.51,-27.88,33.14,25.1
1298600,5038.26,-467.09,616.95,42.33,0.16,7.54,1.5,-27.88,29.28,24.75
1298700,5047.42,-463.19,607.88,42.45,0.22,7.38,1.39,-28,38.96,24.79
1298800,5057.4,-473.67,603.93,42.27,0.16,7.3,1.25,-28.13,30.18,24.2
1298900,5050.33,-467.18,610.75,42.31,0.04,7.54,1.36,-28.03,40.39,24.08
1299000,5056.57,-478.45,609.09,42.31,0.06,7.74,1.4,-27.99,37.06,24.04
1299100,5031.61,-468.92,616.53,42.27,-0.1,7.22,1.25,-28.13,44.28,24.16
1299200,5046.17,-465.85,606.18,42.31,0.36,7.76,1.38,-28,44.01,25.06
1299300,5039.93,-459.32,610.17,42.43,0.26,7.48,1.36,-28.02,33.02,24.28
1299400,5048.25,-471.25,608.34,42.31,0.04,7.32,1.4,-27.98,36.52,24.47
1299500,5049.5,-466.01,608.17,42.49,0.02,7.22,1.3,-28.09,42.28,24.35
1299600,5042.84,-465.81,619.74,42.19,0.06,7.82,1.45,-27.94,49.74,24.86
1299700,5045.34,-462.56,608.8,42.43,0.38,7.3,1.32,-28.06,48.82,24.47
1299800,5040.76,-460.52,613,42.35,0.42,7.4,1.36,-28.02,38.76,23.77
1299900,5045.34,-465.06,615.2,42.25,0.12,7.38,1.33,-28.06,41.89,24.55
1300000,5058.65,-469.63,603.6,42.33,0.04,7.42,1.2,-28.19,48.9,24.71
1300100,5039.1,-473.91,631.96,42.43,0.12,7.58,1.47,-27.92,40.81,24.67
1300200,5042.84,-465.97,613.16,42.45,0.2,7.5,1.38,-28,41.08,24.32
1300300,5049.91,-465.51,606.09,42.35,-0.14,7.42,1.28,-28.11,37.29,24.32
1300400,5045.75,-460.61,611.67,42.27,0.08,7.42,1.42,-27.97,38.03,23.84
1300500,5042.84,-467.76,614.87,42.65,0.12,7.88,1.21,-28.17,45.55,24.79
1300600,5043.67,-459.32,610,42.47,0.48,7.36,1.36,-28.03,30.92,24.35
1300700,5036.6,-467.01,609.46,42.35,0.18,7.44,1.27,-28.12,33.02,24.55
1300800,5027.45,-459.11,614.79,42.41,0.32,7.6,1.42,-27.97,42.9,24.47
1300900,5037.02,-464.47,609.01,42.37,0.12,7.32,1.36,-28.02,45.13,24.82
1301000,5034.52,-462.69,621.19,42.69,0,7.4,1.34,-28.05,44.32,24.55
1301100,5041.18,-464.02,613.66,42.37,0.22,7.3,1.31,-28.08,36.17,24.9
1301200,5044.5,-468.43,610.75,42.69,0.36,7.6,1.29,-28.1,40.54,24.16
1301300,5034.52,-462.19,616.28,42.25,0.24,7.24,1.34,-28.04,34.23,24.47
1301400,5041.59,-456.57,605.47,42.35,0.22,7.72,1.32,-28.06,40.54,24.67
1301500,5042.84,-464.93,614.95,42.49,0.4,7.52,1.48,-27.91,42.09,24.82
1301600,5041.59,-470.96,619.61,42.21,0.06,7.42,1.23,-28.16,39.96,25.22
1301700,5049.5,-471.25,613.71,42.41,0.16,7.46,1.34,-28.04,45.09,24.43
1301800,5031.19,-458.69,614.62,42.17,0.18,7.4,1.36,-28.02,41.55,24.63
1301900,5044.09,-461.6,603.68,42.29,0.12,7.24,1.45,-27.94,30.26,24.39
1302000,5044.5,-466.1,616.2,42.35,0.18,7.84,1.27,-28.12,35.66,24.71
1302100,5037.85,-464.56,621.07,42.25,0.12,7.82,1.27,-28.12,40.27,24.67
1302200,5042.84,-466.39,613.79,42.53,0.22,7.54,1.53,-27.86,43.2,24.43
1302300,5050.33,-472.96,602.6,42.37,0.16,7.9,1.13,-28.26,39.73,24.67
1302400,5044.09,-468.51,605.84,42.31,0.38,7.24,1.27,-28.12,38.34,24.71
1302500,5038.68,-464.81,618.32,42.25,-0.06,7.64,1.43,-27.96,33.41,24.55
1302600,5036.18,-465.43,617.32,42.37,0.18,7.66,1.4,-27.99,39.15,24.63
1302700,5044.92,-467.18,613.41,42.33,0.42,7.6,1.29,-28.1,36.32,24.63
1302800,5034.52,-470.59,616.7,42.27,0.26,7.4,1.44,-27.94,40.08,24.59
1302900,5031.61,-460.19,612.83,42.29,0.4,7.36,1.17,-28.21,41.28,24.32
1303000,5044.92,-473.79,610.09,42.23,0.26,7.78,1.36,-28.03,47.86,24.86
1303100,5037.02,-466.84,611,42.41,0.32,7.3,1.45,-27.94,34.54,24.51
1303200,5049.91,-470.17,608.13,42.21,0.26,7.3,1.23,-28.16,38.69,24.55
1303300,5035.77,-463.81,609.84,42.21,0.1,7.82,1.41,-27.98,41.04,24.63
1303400,5049.5,-471.38,605.64,42.33,0.16,7.88,1.25,-28.13,42.66,24.55
1303500,5054.07,-473.62,601.44,42.41,0.16,7.26,1.49,-27.9,38.34,25.14
1303600,5045.75,-472.25,615.33,42.45,0.24,7.8,1.27,-28.12,41.51,24.28
1303700,5047.83,-463.39,609.75,42.33,0.16,7.86,1.23,-28.15,35.39,24
1303800,5046.58,-472.17,609.71,42.31,0.26,7.92,1.19,-28.2,37.68,24.39
1303900,5022.04,-459.03,620.48,42.27,0.34,7.38,1.11,-28.27,46.86,24.98
1304000,5043.26,-465.76,606.01,42.47,0.06,7.54,1.33,-28.06,40.93,24.43
1304100,5041.18,-465.56,611.63,42.29,0.18,7.32,1.31,-28.08,42.74,24.59
1304200,5034.94,-464.18,612.25,42.57,-0.06,7.08,1.56,-27.83,35.35,24.75
1304300,5032.44,-453.79,617.32,42.53,0.14,7.48,1.31,-28.08,39.27,24.67
1304400,5041.59,-462.94,605.89,42.41,0,7.48,1.32,-28.06,36.52,24.79
1304500,5051.58,-470.13,603.02,42.41,0.34,7.18,1.32,-28.06,40.35,25.49
1304600,5037.02,-466.3,608.8,42.31,0.18,7.2,1.34,-28.05,38.57,24.79
1304700,5058.65,-477.24,602.43,42.21,0.5,7.64,1.33,-28.06,41.01,24.86
1304800,5047.83,-469.17,609.34,42.29,0.52,7.62,1.44,-27.95,41.08,24.47
1304900,5038.26,-465.43,606.34,42.39,0.42,7.64,1.61,-27.78,39.03,24.35
1305000,5041.59,-466.89,613.54,42.51,0.18,7.76,1.55,-27.84,42.28,24.32
1305100,5056.99,-471.59,604.76,42.51,0.1,7.32,1.25,-28.13,47.32,25.14
1305200,5054.07,-470.13,605.1,42.57,-0.02,7.32,1.37,-28.02,42.59,24.94
1305300,5041.18,-465.39,610.34,42.25,0.04,7.32,1.07,-28.31,38.84,24.79
1305400,5039.51,-465.14,610.75,42.49,0.2,7.4,1.38,-28.01,43.4,25.45
1305500,5046.58,-463.68,604.72,42.33,0.1,7.58,1.33,-28.06,43.97,24.63
1305600,5035.35,-466.26,607.55,42.43,0.12,7.78,1.25,-28.14,33.49,24.35
1305700,5032.02,-460.11,609.71,42.27,0.62,7.44,1.34,-28.04,42.16,24.79
1305800,5039.51,-468.63,616.95,42.47,0.04,7.52,1.52,-27.86,36.63,25.1
1305900,5040.34,-470.92,615.91,42.23,0.2,7.28,1.19,-28.2,41.39,25.1
1306000,5043.67,-467.05,607.26,42.39,0.02,7.44,1.21,-28.17,36.52,24.75
1306100,5039.1,-469.96,611.63,42.17,0.18,7.52,1.26,-28.13,35.86,24.86
1306200,5051.16,-469.05,603.68,42.47,0.26,7.7,1.41,-27.98,38.22,24.98
1306300,5042.42,-468.88,608.01,42.51,0.34,7.88,1.58,-27.81,42.16,24.12
1306400,5044.5,-469.09,600.94,42.43,0.3,7.18,1.19,-28.2,35,25.57
1306500,5037.85,-467.39,614.58,42.14,0.32,7.6,1.61,-27.78,41.16,24.86
1306600,5042.01,-471.5,605.84,42.41,0,7.64,1.28,-28.11,40.35,24.67
1306700,5044.92,-468.92,608.34,42.29,0.28,7.68,1.27,-28.12,37.68,25.1
1306800,5049.5,-464.72,599.23,42.14,0.16,7.2,1.23,-28.16,40.23,24.51
1306900,5043.26,-464.18,605.93,42.63,0.08,7.48,1.36,-28.02,40.77,24.9
1307000,5034.1,-465.47,607.38,42.29,0.1,7.2,1.11,-28.27,32.17,24.71
1307100,5031.61,-465.35,611.92,42.51,0.2,7.28,1.13,-28.26,44.94,24.59
1307200,5047.42,-470.09,598.11,42.61,0.12,7.26,1.11,-28.28,45.25,25.14
1307300,5041.59,-473.33,616.03,42.47,0.04,7.5,1.25,-28.13,51.01,25.06
1307400,5042.01,-470.21,607.72,42.31,0.14,7.38,1.17,-28.21,44.59,24.71
1307500,5042.01,-467.68,607.51,42.35,0.38,7.48,1.24,-28.15,48.78,24.82
1307600,5032.86,-469.88,607.92,42.49,0.08,7.66,1.52,-27.86,45.32,25.29
1307700,5038.26,-466.14,606.3,42.51,0.28,7.5,1.45,-27.94,39.07,25.02
1307800,5054.07,-471.25,603.14,42.37,0.44,7.46,1.54,-27.84,47.82,24.86
1307900,5043.67,-474.12,613.21,42.27,0.58,7.22,1.37,-28.02,42.36,25.18
1308000,5043.26,-468.3,610.13,42.21,0.32,7.52,1.46,-27.93,44.55,24.51
1308100,5034.52,-465.39,609.01,42.45,-0.04,7.84,1.32,-28.06,30.38,24.63
1308200,5041.59,-467.97,609.84,42.35,0.44,7.1,1.39,-28,42.36,24.94
1308300,5044.92,-467.88,605.43,42.25,0.12,7.44,1.33,-28.06,45.63,24.51
1308400,5034.52,-466.76,611.04,42.47,0.1,7.34,1.22,-28.17,39.03,24.63
1308500,5040.34,-465.56,607.55,42.49,0.32,7.16,1.46,-27.93,41.78,25.14
1308600,5060.31,-479.24,596.82,42.39,0.14,7.36,1.32,-28.07,45.09,25.37
1308700,5042.42,-467.47,601.81,42.31,0.12,7.88,1.29,-28.1,34.54,25.33
1308800,5040.34,-458.94,608.09,42.21,0.34,7.28,1.38,-28.01,38.84,25.45
1308900,5056.57,-469.76,601.02,42.19,0.08,7.74,1.5,-27.89,36.4,25.65
1309000,5048.66,-466.55,600.1,42.21,0.3,7.18,1.25,-28.14,43.05,25.02
1309100,5050.74,-468.8,601.52,42.61,0.26,7.42,1.44,-27.94,37.14,24.98
1309200,5050.74,-470.84,603.93,42.39,0.1,7.84,1.32,-28.06,41.01,25.22
1309300,5044.5,-465.89,601.14,42.41,0.42,7.4,1.46,-27.92,38.49,25.33
1309400,5047.42,-465.26,598.19,42.19,-0.02,7.32,1.63,-27.76,44.98,25.1
1309500,5038.68,-465.39,614.95,42.41,0.14,7.24,1.05,-28.34,40.39,24.82
1309600,5034.94,-467.09,605.76,42.35,0.2,7.28,1.4,-27.98,32.75,25.06
1309700,5054.91,-473.29,596.19,42.43,0.3,7.9,1.23,-28.15,41.7,25.22
1309800,5053.24,-469.76,601.69,42.57,0.06,7.64,1.21,-28.17,38.49,25.26
1309900,5044.92,-458.74,599.06,42.47,0.14,7.78,1.28,-28.11,46.25,24.55
1310000,5042.84,-466.14,598.19,42.27,0.16,7.82,1.25,-28.13,43.01,24.94
1310100,5043.67,-469.63,602.43,42.39,0.06,7.58,1.24,-28.15,36.75,25.18
1310200,5041.59,-466.64,599.4,42.08,0.06,7.42,1.46,-27.92,45.21,24.94
1310300,5048.25,-467.39,595.86,42.27,0.02,7.54,1.36,-28.03,47.71,24.9
1310400,5049.5,-469.51,602.93,42.47,0.56,7.26,1.04,-28.35,44.32,26.12
1310500,5042.42,-469.76,613.37,42.55,0.38,7.64,1.36,-28.03,32.6,24.82
1310600,5049.91,-472.67,600.31,42.23,0.12,7.4,1.25,-28.14,32.75,24.86
1310700,5036.6,-472.58,603.89,42.35,0.06,7.44,1.48,-27.91,37.68,24.63
1310800,5042.01,-472.96,607.3,42.37,0.1,7.88,1.13,-28.25,39.54,24.82
1310900,5044.92,-468.55,603.64,42.31,0.24,7.82,1.6,-27.79,46.48,25.37
1311000,5034.1,-461.19,607.42,42.31,0.2,7.38,1.27,-28.12,35.51,24.16
1311100,5039.93,-464.85,603.22,42.35,0.26,7.58,1.31,-28.08,42.36,25.49
1311200,5044.09,-478.86,605.39,42.63,0.26,7.36,1.21,-28.17,37.29,24.82
1311300,5048.25,-466.26,594.95,42.29,0.24,7.32,1.29,-28.1,44.63,24.94
1311400,5044.92,-469.13,598.19,42.47,0.42,7.3,1.42,-27.97,46.63,25.57
1311500,5039.93,-464.39,608.38,42.41,0.22,7.62,1.49,-27.9,44.82,25.18
1311600,5048.66,-470.21,596.94,42.41,0.2,7.42,1.53,-27.86,41.01,25.29
1311700,5047.83,-478.78,601.06,42.39,0.26,7.52,1.54,-27.85,43.67,25.1
1311800,5044.92,-467.63,603.27,42.25,0.26,7.42,1.23,-28.15,36.59,24.94
1311900,5030.78,-466.18,601.06,42.57,0.1,7.6,1.44,-27.94,41.35,25.76
1312000,5056.99,-470.8,595.82,42.27,0.32,7.9,1.36,-28.02,46.71,24.75
1312100,5039.93,-468.26,608.01,42.25,0.06,7.1,1.14,-28.25,41.24,25.1
1312200,5043.26,-465.89,599.81,42.67,0.12,7.52,1.25,-28.14,32.05,25.26
1312300,5043.26,-471.05,600.15,42.15,0.14,7.38,1.21,-28.18,39.77,25.06
1312400,5049.08,-470.75,601.27,42.33,0.3,7.98,1.48,-27.91,38.26,25.33
1312500,5055.32,-476.78,602.02,42.35,0.14,7.36,1.5,-27.88,41.24,24.79
1312600,5047.83,-470.46,605.55,42.45,0.26,7.46,1.5,-27.88,38.07,24.98
1312700,5049.08,-464.64,598.77,42.35,0.18,7.7,1.32,-28.07,42.16,25.57
1312800,5042.42,-470.63,601.93,42.31,0.1,7.3,1.17,-28.22,42.12,25.22
1312900,5037.85,-469.13,605.59,42.45,0.16,7.54,1.74,-27.65,39.69,25.53
1313000,5052.82,-468.01,596.24,42.45,0.22,7.4,1.38,-28,39,25.06
1313100,5058.23,-474.54,594.49,42.45,0.42,7.4,1.42,-27.96,43.13,25.92
1313200,5045.34,-468.43,598.73,42.29,0.16,7.42,1.35,-28.04,46.98,25.73
1313300,5049.5,-473.79,596.15,42.33,0.26,7.42,1.4,-27.98,42.63,26.08
1313400,5054.49,-468.55,601.1,42.25,0.28,7.6,1.27,-28.12,38.57,25.18
1313500,5042.01,-464.43,601.6,42.35,0.18,7.78,1.59,-27.8,36.75,25.53
1313600,5043.26,-465.47,604.85,42.25,0.14,7.24,1.42,-27.96,36.63,24.79
1313700,5043.67,-469.05,610,42.41,0.1,7.26,1.24,-28.15,36.59,24.98
1313800,5063.23,-471.59,589.42,42.49,0.12,7.64,1.33,-28.06,39.07,25.53
1313900,5056.99,-472.79,591.16,42.37,0.32,7.38,1.4,-27.99,42.74,24.9
1314000,5046.17,-470.67,593.78,42.53,0.46,7.5,1.26,-28.13,41.51,24.71
1314100,5052.82,-470.01,601.69,42.53,0.42,7.52,1.24,-28.15,38.38,25.26
1314200,5050.74,-469.42,605.35,42.19,0.26,7.8,1.19,-28.2,43.24,25.8
1314300,5049.91,-465.47,603.39,42.25,0.32,7.26,1.12,-28.27,40.27,25.57
1314400,5047.42,-465.51,602.64,42.29,-0.04,7.88,1.63,-27.76,36.28,26.08
1314500,5051.16,-470.09,599.9,42.39,0.32,7.24,1.28,-28.11,42.55,25.18
1314600,5036.18,-448.55,601.31,42.19,-0.06,7.32,1.44,-27.94,48.24,25.1
1314700,5054.49,-472.75,595.86,42.25,0.36,7.88,1.44,-27.95,38.14,25.73
1314800,5047,-471.05,605.39,42.41,-0.08,7.26,1.31,-28.08,48.67,25.65
1314900,5059.07,-477.08,590.79,42.33,0.28,7.76,1.31,-28.08,42.66,25.06
1315000,5037.02,-467.05,601.6,42.41,0.34,7.6,1.15,-28.23,36.25,25.02
1315100,5068.22,-472,590.29,42.37,0.16,7.46,1.48,-27.9,37.95,25.76
1315200,5046.58,-471.54,598.23,42.47,0.14,7.22,1.17,-28.22,45.21,25.41
1315300,5044.92,-463.39,609.21,42.33,0.14,7.68,1.38,-28.01,40,25.26
1315400,5046.58,-463.73,591.37,42.39,0.5,7.48,1.32,-28.06,32.24,25.22
1315500,5049.08,-475.12,598.65,42.57,0.3,7.96,1.29,-28.1,46.55,25.29
1315600,5063.23,-478.95,590.46,42.31,0.22,7.48,1.15,-28.24,52.5,24.75
1315700,5055.74,-474.41,603.85,42.47,0.1,7.46,1.39,-28,50.32,24.71
1315800,5049.08,-472.54,600.6,42.39,0.14,7.38,1.3,-28.09,30.34,25.49
1315900,5041.59,-467.8,599.77,42.35,0.14,7.74,1.3,-28.09,29.09,25.14
1316000,5048.25,-470.92,603.47,42.21,0.12,7.88,1.34,-28.05,34.62,25.49
1316100,5043.67,-470.8,606.88,42.35,0.2,7.84,1.26,-28.13,44.67,25.88
1316200,5047,-465.6,596.99,42.45,0.04,7.34,1.29,-28.1,34.97,25.53
1316300,5060.31,-472.92,596.15,42.33,0.22,7.44,1.23,-28.15,32.56,25.29
1316400,5042.84,-474.33,605.51,42.41,0.12,7.36,1.42,-27.96,32.13,25.06
1316500,5043.26,-465.72,602.1,42.27,0.22,7.9,1.37,-28.02,34.89,25.06
1316600,5044.09,-460.94,598.36,42.29,0.02,7.46,1.17,-28.22,33.57,25.96
1316700,5056.15,-467.34,596.53,42.31,0.16,7.54,1.34,-28.04,42.32,25.49
1316800,5051.99,-468.67,599.77,42.43,0.24,7.22,1.32,-28.06,34.34,25.53
1316900,5061.15,-476.12,598.94,42.33,0.24,7.84,1.26,-28.13,42.09,25.29
1317000,5055.74,-474.21,604.14,42.37,0.12,7.62,1.29,-28.1,39.54,25.06
1317100,5049.91,-464.6,603.76,42.37,0.2,7.52,1.37,-28.02,37.64,25.14
1317200,5057.4,-466.64,602.81,42.53,0.26,7.44,1.32,-28.07,42.55,25.1
1317300,5033.69,-458.94,611.42,42.31,0.22,7.16,1.15,-28.24,45.55,24.82
1317400,5054.49,-471.25,596.53,42.27,0.2,7.4,1.37,-28.02,33.61,25.88
1317500,5032.44,-461.73,607.34,42.23,0.16,7.52,1.34,-28.04,44.98,25.76
1317600,5047.83,-468.22,597.48,42.47,0.1,7.54,1.25,-28.13,31.23,25.06
1317700,5047.42,-472.04,599.02,42.27,0.26,7.22,1.4,-27.98,34.54,25.06
1317800,5045.75,-467.43,605.64,42.31,0.1,7.44,1.38,-28.01,44.09,25.61
1317900,5047.42,-475.54,601.89,42.41,0.2,7.5,1.28,-28.11,38.57,25.53
1318000,5043.26,-469.96,601.85,42.37,0.12,7.54,1.46,-27.92,40.66,25.76
1318100,5046.17,-470.17,600.27,42.53,0.36,7.88,1.14,-28.25,36.21,25.06
1318200,5048.25,-466.1,600.98,42.43,0.2,7.3,1.42,-27.96,33.57,25.33
1318300,5041.59,-460.32,602.93,42.39,0.2,7.42,1.38,-28,36.9,25.53
1318400,5055.32,-467.18,596.9,42.39,0.32,7.42,1.27,-28.12,34.89,24.98
1318500,5054.49,-467.93,595.86,42.49,0.2,7.62,1.42,-27.96,30.73,25.02
1318600,5043.67,-470.05,601.19,42.55,0.3,7.82,1.23,-28.15,40.12,25.18
1318700,5044.5,-477.49,610.42,42.37,0.2,7.18,1.46,-27.92,39.69,25.53
1318800,5053.24,-472.75,605.05,42.27,0.14,7.4,1.51,-27.88,32.91,25.49
1318900,5039.1,-462.48,605.1,42.39,0.24,7.94,1.21,-28.18,29.2,25.8
1319000,5036.18,-459.07,608.22,42.31,0.3,7.64,1.23,-28.15,38.22,25.41
1319100,5044.09,-468.47,602.72,42.41,0.16,7.62,1.2,-28.19,42.24,25.22
1319200,5037.02,-464.02,606.26,42.47,0.14,7.26,1.41,-27.98,39.15,25.1
1319300,5045.34,-460.81,593.28,42.17,0.2,7.26,1.38,-28,39.58,25.41
1319400,5051.99,-467.01,596.36,42.37,0.2,7.44,1.34,-28.04,40.93,25.76
1319500,5049.08,-468.92,594.32,42.25,0.28,7.56,1.35,-28.04,37.83,25.92
1319600,5038.26,-470.3,607.92,42.23,0.24,7.44,1.42,-27.97,50.47,25.45
1319700,5044.92,-469.88,603.1,42.27,0.18,7.06,1.26,-28.13,41.82,25.45
1319800,5049.08,-470.09,600.98,42.47,0.16,7.36,1.38,-28,41.74,25.22
1319900,5049.91,-467.55,604.26,42.27,0.22,7.64,1.43,-27.96,33.45,25.57
1320000,5052.82,-459.98,592.41,42.51,0.2,7.38,1.39,-28,49.59,25.14
1320100,5046.17,-465.14,601.98,42.43,0.2,7.32,1.34,-28.04,33.92,25.37
1320200,5038.68,-465.22,603.27,42.45,0.24,7.32,1.34,-28.05,45.36,25.29
1320300,5041.18,-466.43,605.01,42.43,0.16,7.74,1.24,-28.15,36.09,25.57
1320400,5050.33,-470.3,603.22,42.33,0.16,7.18,1.34,-28.05,48.13,25.53
1320500,5030.36,-459.9,614.16,42.39,0.16,7.28,1.45,-27.94,45.21,25.53
1320600,5042.42,-468.09,605.26,42.39,-0.04,7.58,1.36,-28.03,43.4,25.73
1320700,5044.92,-469.8,600.77,42.33,0.18,8,1.27,-28.12,23.45,25.02
1320800,5034.52,-461.69,605.72,42.25,0.1,7.72,1.46,-27.93,35.66,25.73
1320900,5054.07,-462.23,599.4,42.04,0.18,7.36,1.4,-27.98,44.44,25.8
1321000,5054.49,-472.92,595.45,42.47,0.18,7.3,1.23,-28.15,39.81,25.8
1321100,5044.09,-465.85,599.06,42.35,0.16,7.4,1.4,-27.99,32.67,25.41
1321200,5061.56,-481.44,593.37,42.33,0.16,7.58,1.29,-28.1,28.97,25.26
1321300,5035.77,-471.09,613.62,42.31,0.22,7.34,1.48,-27.91,39.11,25.02
1321400,5035.35,-465.43,606.47,42.39,0.28,7.48,1.15,-28.23,46.25,25.73
1321500,5039.93,-461.15,594.57,42.51,0.22,7.7,1.32,-28.07,40.77,26.04
1321600,5054.91,-467.97,602.23,42.31,0.32,7.72,1.22,-28.17,41.51,26
1321700,5045.75,-469.67,606.22,42.31,0.2,7.74,1.29,-28.1,37.99,25.18
1321800,5035.35,-466.68,600.27,42.39,0.04,7.56,1.36,-28.02,31.23,25.57
1321900,5044.92,-467.84,602.89,42.39,0.18,7.52,1.31,-28.08,42.01,25.49
1322000,5045.75,-467.09,600.23,42.37,0.26,7.46,1.27,-28.12,30.34,25.73
1322100,5043.26,-465.35,605.64,42.35,0.14,7.3,1.42,-27.97,37.37,25.29
1322200,5046.17,-466.18,597.86,42.31,0.22,7.74,1.49,-27.9,38.11,25.73
1322300,5047.42,-469.84,598.52,42.39,0.08,7.26,1.41,-27.98,42.24,25.26
1322400,5047.42,-467.68,598.82,42.33,0.22,7.6,1.27,-28.12,35.63,25.1
1322500,5058.23,-471.71,596.65,42.23,0.24,7.6,1.29,-28.1,42.47,25.14
1322600,5054.49,-471.5,600.85,42.53,0.22,7.54,1.26,-28.13,43.63,25.41
1322700,5042.42,-471.05,610.09,42.45,0.22,7.6,1.19,-28.19,35.55,25.57
1322800,5037.02,-466.93,610.96,42.39,0.2,7.68,1.31,-28.08,33.41,25.73
1322900,5041.18,-469.38,609.09,42.35,0.5,7.62,1.27,-28.12,49.47,25.69
1323000,5042.84,-461.98,600.94,42.51,0.04,7.62,1.16,-28.23,42.66,25.92
1323100,5049.91,-467.26,600.31,42.43,0.34,7.4,1.34,-28.04,38.14,25.69
1323200,5049.08,-469.01,599.23,42.39,0.2,7.58,1.34,-28.04,39.19,26.08
1323300,5044.5,-472.04,604.31,42.47,0.24,7.98,1.32,-28.06,38.61,25.69
1323400,5037.43,-472.33,610.71,42.43,0.08,7.68,1.37,-28.02,47.74,26.04
1323500,5046.58,-472.17,609.88,42.37,0.16,7.58,1.41,-27.98,37.68,26.12
1323600,5036.18,-465.51,607.13,42.51,0.08,7.6,1.27,-28.12,31.74,25.45
1323700,5052.82,-471.59,601.6,42.31,0.22,7.38,1.26,-28.13,32.09,25.84
1323800,5033.69,-469.3,611.79,42.17,0.4,7.52,1.36,-28.03,44.4,25.73
1323900,5037.43,-464.6,609.05,42.45,0.14,7.54,1.38,-28,41.16,25.22
1324000,5043.26,-462.94,604.39,42.53,0.18,7.38,1.42,-27.96,43.47,25.57
1324100,5032.02,-462.73,614.66,42.37,0.38,7.54,1.31,-28.08,39.3,26.27
1324200,5040.34,-461.9,602.72,42.27,0.2,7.5,1.27,-28.12,41.01,25.49
1324300,5033.27,-465.89,606.72,42.25,0.24,7.38,1.35,-28.04,46.09,25.41
1324400,5048.25,-465.39,602.14,42.31,0.24,7.56,1.27,-28.12,48.51,26
1324500,5040.76,-467.01,607.13,42.37,0.3,7.5,1.11,-28.28,52.15,26.12
1324600,5045.75,-466.84,603.72,42.19,-0.22,7.34,1.25,-28.13,37.87,26.04
1324700,5045.75,-466.68,605.93,42.45,0.24,7.56,1.34,-28.04,36.17,25.88
1324800,5046.58,-468.38,604.85,42.39,0.28,7.28,1.39,-28,39.69,25.57
1324900,5032.02,-453.87,605.35,42.17,0.2,7.66,1.45,-27.94,44.4,25.84
1325000,5039.1,-466.14,606.18,42.39,0.1,7.4,1.43,-27.96,36.83,25.61
1325100,5031.19,-463.93,613.46,42.29,0.12,7.6,1.36,-28.02,38.76,26.04
1325200,5049.5,-458.78,601.85,42.19,0.12,7.16,1.42,-27.97,38.8,25.96
1325300,5051.58,-466.64,591.37,42.29,0.36,7.26,1.36,-28.03,37.41,25.88
1325400,5042.84,-467.93,606.76,42.21,0.14,7,1.28,-28.11,35.97,25.18
1325500,5034.94,-464.39,599.61,42.39,0.1,7.64,1.29,-28.1,44.75,25.76
1325600,5044.09,-468.01,614.16,42.39,0.04,7.62,1.32,-28.06,37.68,25.92
1325700,5038.26,-465.22,612,42.37,0.24,7.24,1.4,-27.98,35.63,25.45
1325800,5046.58,-465.14,604.51,42.35,0.16,7.2,1.23,-28.15,35.28,26.39
1325900,5038.68,-463.35,605.01,42.39,0.12,7.6,1.42,-27.96,37.56,25.53
1326000,5033.69,-458.74,606.93,42.49,0.24,7.32,1.35,-28.04,33.8,25.69
1326100,5030.78,-460.07,605.22,42.45,0.28,7.46,1.29,-28.1,41.01,25.73
1326200,5040.76,-471,605.43,42.21,0.1,7.66,1.28,-28.11,42.47,25.41
1326300,5046.17,-468.51,607.67,42.41,0.16,7.46,1.21,-28.17,30.57,25.53
1326400,5039.51,-471.38,609.88,42.45,0.28,7.76,1.32,-28.07,40.12,25.8
1326500,5043.26,-472.46,610.34,42.41,0.18,7.22,1.27,-28.12,38.45,25.65
1326600,5038.68,-469.22,605.39,42.61,0.54,7.4,1.26,-28.13,39.88,26.16
1326700,5051.99,-472.58,603.47,42.35,0.18,7.32,1.37,-28.02,37.72,25.53
1326800,5029.53,-462.35,622.44,42.43,0.26,7.44,1.27,-28.12,42.97,25.65
1326900,5043.26,-461.06,606.76,42.43,0.2,7.68,1.23,-28.15,51.12,25.33
1327000,5039.51,-467.63,607.55,42.35,0.34,7.56,1.41,-27.98,36.83,25.61
1327100,5042.84,-469.34,609.13,42.27,0.14,7.34,1.31,-28.08,46.21,26.08
1327200,5039.93,-462.69,607.76,42.37,0.3,7.34,1.29,-28.1,34.31,25.88
1327300,5045.34,-468.09,608.09,42.41,0.14,7.66,1.21,-28.18,39.34,25.49
1327400,5047,-470.8,603.97,42.47,0.18,7.56,1.18,-28.21,34.31,25.49
1327500,5036.18,-462.15,613.58,42.15,0.1,7.46,1.19,-28.2,31.86,26.43
1327600,5050.74,-466.97,596.15,42.37,0.26,7.34,1.19,-28.19,42.86,25.8
1327700,5039.51,-463.14,611.46,42.41,0.22,7.5,1.38,-28,38.07,25.65
1327800,5049.5,-470.96,603.35,42.41,0.28,7.54,1.29,-28.1,45.09,25.69
1327900,5038.26,-462.64,613.5,42.31,0.26,7.44,1.39,-28,39.85,25.96
1328000,5051.99,-469.05,594.03,42.59,0.3,7.74,1.4,-27.99,38.88,25.73
1328100,5048.66,-466.35,601.1,42.37,0.1,7.56,1.23,-28.16,38.22,25.73
1328200,5042.84,-469.13,603.47,42.33,0.22,7.42,1.36,-28.02,44.24,25.84
1328300,5033.69,-453.74,605.89,42.33,0.16,7.38,1.46,-27.92,37.14,25.76
1328400,5034.52,-463.64,612.17,42.45,0.1,7.34,1.35,-28.04,53.72,26.2
1328500,5032.86,-465.47,608.84,42.53,0.34,7.54,1.5,-27.89,48.47,25.29
1328600,5047,-463.81,599.65,42.45,0.16,7.72,1.17,-28.21,48.86,26.2
1328700,5020.37,-456.28,618.24,42.37,0.16,7.36,1.19,-28.2,37.02,25.65
1328800,5040.34,-466.97,606.93,42.47,0.16,7.46,1.43,-27.96,40.81,25.92
1328900,5041.59,-462.19,603.31,42.45,0.14,7.46,1.38,-28.01,42.39,25.22
1329000,5045.75,-467.76,604.26,42.53,0.16,7.56,1.17,-28.22,44.36,25.76
1329100,5039.51,-469.38,613.33,42.53,0.36,7.3,1.27,-28.12,46.75,25.37
1329200,5046.17,-470.67,601.44,42.41,0.26,7.5,1.29,-28.1,43.51,26.04
1329300,5044.92,-469.96,613.37,42.29,0.28,7.28,1.25,-28.14,36.94,25.73
1329400,5044.5,-466.93,596.78,42.27,0.18,7.42,1.37,-28.02,42.97,26.08
1329500,5035.35,-464.97,610.88,42.35,0.2,7.62,1.36,-28.02,41.16,25.84
1329600,5046.17,-465.14,600.89,42.27,0.32,7.28,1.23,-28.15,38.11,26.08
1329700,5034.94,-464.43,607.63,42.02,0.16,7.42,1.39,-28,33.26,26.51
1329800,5034.52,-459.61,605.3,42.23,0.28,7.74,1.29,-28.1,43.74,25.76
1329900,5028.69,-465.51,614.2,42.41,0.22,7.58,0.96,-28.42,41.31,26
1330000,5049.08,-466.93,601.06,42.41,0.16,7.74,1.34,-28.04,41.58,26.08
1330100,5042.42,-469.22,605.22,42.55,0.16,7.12,1.36,-28.02,36.83,25.65
1330200,5039.51,-467.47,607.05,42.21,0.26,7.42,1.11,-28.28,33.64,25.61
1330300,5042.84,-463.93,603.64,42.53,0.18,6.47,1.4,-27.99,44.36,25.8
1330400,5036.6,-459.23,604.01,42.39,0.46,7.26,1.36,-28.02,44.36,25.88
1330500,5038.26,-464.35,604.8,42.25,0.34,7.64,1.09,-28.3,35.2,25.88
1330600,5034.52,-466.93,611.04,42.31,0.14,7.26,1.22,-28.17,41.28,25.84
1330700,5045.34,-470.59,601.81,42.21,0.24,7.82,1.23,-28.16,35.24,25.76
1330800,5042.84,-472.42,607.47,42.27,0.26,7.56,1.12,-28.27,45.09,25.61
1330900,5041.59,-467.76,608.46,42.35,0.24,7.34,1.05,-28.34,45.17,26.16
1331000,5046.17,-473.21,609.75,42.53,-0.24,7.5,1.52,-27.86,39.42,26
1331100,5043.26,-467.14,605.8,42.53,0.18,7.08,1.5,-27.88,43.44,26
1331200,5041.59,-469.17,604.6,42.27,0.3,7.4,1.13,-28.25,44.67,25.92
1331300,5035.35,-463.48,601.02,42.49,0.4,7.4,1.08,-28.31,49.4,26.27
1331400,5039.1,-464.72,605.72,42.37,0.16,7.34,1.3,-28.09,46.09,25.84
1331500,5044.5,-467.39,602.72,42.39,0.5,7.72,1.46,-27.92,43.94,26.31
1331600,5043.26,-467.8,606.09,42.33,-0.12,7.62,1.11,-28.28,41.7,25.65
1331700,5022.04,-457.28,614.75,42.43,0.24,7.1,1.21,-28.18,34.42,26.12
1331800,5041.59,-463.48,601.56,42.41,0.28,7.44,1.49,-27.9,48.24,26.16
1331900,5037.85,-468.18,608.46,42.61,0,6.96,1.34,-28.05,37.83,25.76
1332000,5036.6,-462.73,607.55,42.39,0.22,7.52,1.03,-28.36,43.09,25.92
1332100,5039.51,-470.17,611.67,42.25,0.32,7.56,1.32,-28.07,36.56,25.92
1332200,5025.37,-459.86,606.72,42.47,0.06,7.3,1.21,-28.17,39.92,26.23
1332300,5041.59,-466.6,606.26,42.33,0.36,7.34,1.41,-27.98,32.44,25.61
1332400,5038.26,-465.18,603.97,42.37,0,7.44,1.4,-27.99,40.08,26.04
1332500,5049.91,-466.8,593.49,42.31,0.06,7.34,1.19,-28.2,34.38,26.04
1332600,5049.08,-470.88,605.05,42.27,-0.02,7.32,1.12,-28.27,33.37,25.84
1332700,5033.69,-467.51,602.72,42.41,0.16,8.18,1.07,-28.32,36.87,26.04
1332800,5029.53,-462.6,608.55,42.47,0.22,7.94,1.2,-28.19,43.55,25.76
1332900,5043.26,-468.67,601.69,42.35,0.06,7.34,1.33,-28.06,46.63,25.8
1333000,5032.86,-464.1,606.97,42.49,0.12,7.6,1.65,-27.74,40.7,26.12
1333100,5035.77,-465.68,604.47,42.41,0.18,7.72,1.23,-28.16,38.84,26.2
1333200,5049.08,-468.67,603.6,42.35,0.12,7.18,1.44,-27.95,37.33,25.88
1333300,5035.35,-467.93,607.55,42.49,0.18,7.24,1.56,-27.83,38.38,26.43
1333400,5032.02,-463.19,605.89,42.37,0.14,7.28,1.27,-28.12,44.24,25.92
1333500,5042.01,-468.47,606.14,42.43,0.22,7.64,1.01,-28.38,34.31,26.08
1333600,5040.34,-467.01,611.71,42.67,-0.02,7.38,1.23,-28.16,39.69,25.96
1333700,5038.68,-465.31,604.06,42.59,0.22,7.44,1.14,-28.25,47.36,25.76
1333800,5041.18,-469.13,595.95,42.12,0.32,7.56,1.25,-28.13,39.3,26.08
1333900,5044.09,-468.22,604.47,42.23,0.38,7.52,1.25,-28.13,45.98,25.88
1334000,5045.34,-469.59,608.84,42.27,0.26,7.42,1.3,-28.09,42.32,25.8
1334100,5037.43,-463.73,608.13,42.41,0.34,7.36,1.31,-28.08,42.43,26.12
1334200,5038.26,-459.36,597.61,42.33,0.32,7.48,1.54,-27.84,40.27,26.39
1334300,5034.52,-461.6,604.1,42.55,0.24,7.44,1.18,-28.21,42.51,26
1334400,5033.27,-466.01,607.55,42.33,0.28,7.66,1.33,-28.06,39.73,25.41
1334500,5043.26,-470.34,602.43,42.23,0.3,7.7,1.34,-28.05,38.53,26.12
1334600,5041.59,-467.8,605.8,42.63,0.34,7.4,1.55,-27.84,43.44,26.08
1334700,5045.34,-469.76,607.42,42.49,0.02,7.1,1.13,-28.25,36.79,26
1334800,5048.25,-471.25,594.86,42.29,0.34,7.52,1.46,-27.93,38.72,26.16
1334900,5039.51,-470.21,600.56,42.45,0.12,7.78,1.21,-28.18,43.71,26.08
1335000,5037.02,-462.15,601.1,42.39,0.14,7.44,1.31,-28.08,37.06,25.8
1335100,5044.92,-467.43,599.23,42.47,0.16,7.3,1.21,-28.18,37.25,26
1335200,5043.26,-467.05,607.84,42.45,0.38,6.39,1.11,-28.28,42.12,26.04
1335300,5056.99,-470.42,593.74,42.15,0.08,7.3,1.17,-28.21,41.16,25.88
1335400,5042.01,-464.97,599.06,42.33,0.34,7.74,1.4,-27.98,36.09,26.63
1335500,5029.94,-461.69,602.43,42.23,0.12,7.56,1.14,-28.25,35.04,26.43
1335600,5048.25,-469.01,601.39,42.25,0.14,7.44,1.34,-28.04,33.88,25.92
1335700,5041.59,-468.3,603.39,42.41,0.34,7.36,1.34,-28.04,33.26,25.96
1335800,5040.34,-468.38,604.51,42.59,0.22,7.48,1.36,-28.03,34.97,26.04
1335900,5050.33,-473.17,600.94,42.25,0.32,7.12,1.29,-28.1,35.86,26.39
1336000,5033.27,-468.72,607.55,42.59,-0.06,7.52,1.31,-28.08,44.17,26.12
1336100,5050.33,-465.31,606.26,42.65,0.34,7.24,1.31,-28.08,39.46,26.16
1336200,5045.34,-470.71,598.36,42.39,0.2,7.76,1.06,-28.33,34.07,26.16
1336300,5034.52,-466.89,605.8,42.23,0.12,7.5,1.5,-27.88,33.8,25.49
1336400,5049.08,-470.26,595.49,42.49,0.16,7.36,1.12,-28.27,37.33,26.47
1336500,5047.83,-471,603.18,42.35,0.12,7.52,1.12,-28.27,37.91,26.12
1336600,5042.42,-462.85,596.82,42.55,0.16,7.4,1.17,-28.22,33.33,26.04
1336700,5051.58,-471.84,594.12,42.49,0.2,7.34,1.03,-28.35,48.74,26.27
1336800,5044.92,-469.76,604.51,42.49,0.02,7.38,1.42,-27.97,42.78,26.78
1336900,5036.18,-468.47,607.59,42.27,0.28,7.46,1.36,-28.02,44.55,25.96
1337000,5044.5,-465.35,603.1,42.39,0.18,7.78,1.4,-27.99,49.32,25.61
1337100,5042.42,-468.84,604.01,42.31,0.36,7.86,1.53,-27.86,47.17,26.12
1337200,5045.75,-463.35,599.31,42.21,0.28,7.2,1.17,-28.21,38.69,26.35
1337300,5042.42,-465.68,603.72,42.51,0.18,7.34,1.21,-28.17,38.92,26.35
1337400,5042.01,-468.55,604.47,42.23,0.14,7.3,1.39,-28,39.54,26.35
1337500,5043.67,-473.04,599.9,42.37,0.1,7.68,1.38,-28,31.47,25.96
1337600,5048.66,-478.82,599.94,42.31,0.22,7.34,1.23,-28.15,43.82,26.31
1337700,5044.09,-469.01,603.97,42.35,0.18,7.5,1.36,-28.03,40.85,26.51
1337800,5041.18,-473.42,609.05,42.33,0.16,7.8,1.4,-27.98,31,26.31
1337900,5036.6,-468.3,606.72,42.21,0.28,7.54,1.35,-28.04,46.4,25.57
1338000,5034.1,-462.89,605.35,42.29,0.16,7.38,1.34,-28.05,38.34,25.96
1338100,5047.83,-472.71,598.07,42.29,0.22,7.54,1.35,-28.04,39.5,26.08
1338200,5035.77,-463.27,606.26,42.23,0.18,7.8,1.53,-27.86,41.97,26.04
1338300,5044.09,-468.26,605.22,42.29,0.14,7.3,1.29,-28.1,41.28,26.67
1338400,5055.74,-474.5,598.86,42.51,0.2,7.42,1.43,-27.96,45.51,26.86
1338500,5055.74,-476.99,589.96,42.35,0.2,7.54,1.36,-28.03,35.55,26.43
1338600,5053.24,-470.88,602.72,42.43,0.3,7.44,1.23,-28.15,37.18,26.63
1338700,5057.82,-479.4,598.52,42.41,0.26,7.78,1.33,-28.06,45.05,26.12
1338800,5051.99,-469.3,600.31,42.33,0.18,7.26,1.25,-28.14,46.48,26.23
1338900,5048.25,-468.92,603.1,42.47,0.28,7.78,1.32,-28.06,40.5,26.2
1339000,5047.42,-471.38,601.02,42.21,0.4,7.46,1.26,-28.13,47.74,26.7
1339100,5035.35,-458.98,605.8,42.33,0.38,7.6,1.43,-27.96,38.65,26.35
1339200,5051.99,-469.84,601.85,42.45,0.44,7.36,1.22,-28.17,33.1,26.12
1339300,5040.76,-470.5,610.09,42.29,0.18,7.6,1.24,-28.15,38.57,26.23
1339400,5057.82,-468.59,593.99,42.29,0.4,7.3,1.23,-28.15,35.08,26.67
1339500,5047,-471.88,603.64,42.31,0.2,7.24,1.2,-28.19,39.07,26.2
1339600,5035.35,-467.3,607.47,42.29,0.22,7.54,1.4,-27.98,32.44,26.31
1339700,5059.48,-469.51,595.4,42.27,0.22,7.04,1.15,-28.23,36.32,26.27
1339800,5048.25,-469.22,612.33,42.35,0.2,7.44,1.27,-28.12,36.13,26.31
1339900,5039.93,-458.28,605.05,42.41,0.16,7.4,1.46,-27.92,35.94,26.2
1340000,5039.1,-463.43,618.86,42.17,0.28,7.44,1.42,-27.96,32.87,26
1340100,5042.01,-466.39,603.97,42.15,0.08,7.44,1.42,-27.97,29.32,26.23
1340200,5050.74,-462.06,599.73,42.31,0.24,7.26,1.25,-28.13,37.8,26.74
1340300,5053.24,-467.39,604.39,42.41,0.06,7.46,1.45,-27.94,40.54,26.35
1340400,5029.11,-452.91,612.5,42.37,0.22,7.32,1.34,-28.04,36.28,26.47
1340500,5048.25,-466.51,603.93,42.43,0.16,7.36,1.48,-27.91,39.34,26.04
1340600,5026.2,-456.74,620.57,42.35,0.16,7.4,1.26,-28.13,39.19,26.31
1340700,5036.18,-458.9,607.97,42.23,0.28,7.68,1.25,-28.13,45.36,27.17
1340800,5031.19,-463.56,620.15,42.37,0.18,7.66,1.43,-27.96,32.75,26.59
1340900,5040.76,-460.4,604.85,42.73,0.3,7.64,1.33,-28.06,43.78,26.7
1341000,5037.43,-464.56,612.58,42.31,0.24,7.38,1.25,-28.14,32.17,26.51
1341100,5042.01,-466.93,607.88,42.33,0.16,7.26,1.09,-28.3,32.21,26.35
1341200,5044.5,-471.25,605.35,42.39,0.28,7.3,1.16,-28.23,45.55,26.43
1341300,5048.66,-474.58,605.89,42.45,0.2,7.2,1.24,-28.15,46.59,26.47
1341400,5044.09,-467.55,610,42.47,0.12,7.44,1.37,-28.02,45.32,25.84
1341500,5042.01,-458.94,606.43,42.35,0.28,7.62,1.44,-27.95,36.48,26.59
1341600,5034.52,-455.49,608.09,42.39,0.22,7.64,1.25,-28.13,37.68,26.2
1341700,5042.01,-466.55,602.81,42.49,0.2,7.2,1.26,-28.13,37.64,26.35
1341800,5045.75,-471.54,609.84,42.33,0.08,7.54,1.3,-28.09,42.32,26.12
1341900,5048.66,-467.63,605.47,42.37,0.32,7.44,1.4,-27.98,36.63,26.2
1342000,5044.92,-461.77,611.25,42.43,0.04,7.62,1.11,-28.27,41.12,26.39
1342100,5051.99,-467.59,608.13,42.43,0.24,7.94,1.31,-28.08,37.33,26.59
1342200,5026.61,-460.61,613.12,42.27,-0.02,7.66,1.22,-28.17,40.85,26.23
1342300,5046.58,-466.14,600.06,42.45,0.2,7.54,1.23,-28.15,30.26,25.96
1342400,5056.57,-465.14,595.32,42.33,0.22,7.76,1.26,-28.13,37.52,26.31
1342500,5047.42,-468.38,605.35,42.31,0.3,7.44,1.27,-28.12,39.92,26.43
1342600,5050.33,-462.6,605.59,42.27,0.2,7.62,1.21,-28.18,32.36,26.23
1342700,5047,-465.26,600.98,42.23,0.16,7.3,1.25,-28.13,39.88,26.16
1342800,5055.32,-466.76,592.49,42.43,0.26,7.44,1.48,-27.9,36.28,26.04
1342900,5057.4,-472.13,600.6,42.33,0.26,7.62,1.19,-28.2,41.01,26.55
1343000,5049.91,-468.84,604.14,42.21,0.16,7.92,1.39,-28,31.04,26.16
1343100,5050.33,-467.8,612.17,42.12,0.18,7.3,1.27,-28.12,36.32,26.47
1343200,5043.67,-467.93,608.38,42.43,0.36,7.42,1.24,-28.15,35.2,26
1343300,5037.85,-467.01,610.46,42.29,0.06,7.88,1.14,-28.25,42.16,26.7
1343400,5041.18,-463.23,610,42.19,0.22,7.42,1.34,-28.04,43.51,26.67
1343500,5048.66,-464.56,604.18,42.35,0.1,7.5,1.16,-28.23,25.41,26.16
1343600,5043.26,-462.64,613.33,42.51,0.2,7.52,1.32,-28.07,36.13,26.59
1343700,5048.66,-462.94,604.1,42.45,0.2,5.81,1.29,-28.1,39.03,26.67
1343800,5039.1,-460.11,610.29,42.35,0,7.9,1.34,-28.05,47.59,26.67
1343900,5049.5,-471.29,602.39,42.35,0.3,7.76,1.13,-28.26,36.52,26.51
1344000,5051.58,-470.67,606.84,42.47,0.14,7.36,1.35,-28.04,41.43,26.23
1344100,5039.93,-468.09,612.12,42.39,0.1,7.58,1.37,-28.02,33.64,26.43
1344200,5061.15,-473.83,601.73,42.39,0.14,7.62,1.16,-28.23,47.94,26.63
1344300,5044.5,-467.93,607.42,42.29,0.18,7.66,1.31,-28.08,43.55,26.74
1344400,5047.42,-469.67,605.76,42.59,0.14,7.74,1.15,-28.24,38.76,26.51
1344500,5055.74,-461.65,594.95,42.39,0.14,7.1,1.23,-28.15,36.32,26.51
1344600,5051.16,-472.33,599.61,42.33,0.16,7.36,1.34,-28.04,38.8,26.74
1344700,5038.68,-464.27,603.18,42.25,0.3,7.62,1.24,-28.15,41.66,26.43
1344800,5049.5,-467.01,603.6,42.49,0.18,7.66,1.19,-28.19,34.11,26.59
1344900,5045.75,-468.76,611.09,42.47,0.38,7.8,1.23,-28.16,39.61,26.47
1345000,5043.67,-460.61,605.76,42.31,0.24,7.4,1.21,-28.18,41.93,26.43
1345100,5051.58,-466.39,604.18,42.49,0.2,7.42,1.38,-28.01,39.19,26.31
1345200,5057.4,-468.43,601.23,42.39,0.22,7.32,1.15,-28.23,41.31,27.17
1345300,5040.76,-462.85,609.8,42.29,0.26,7.64,1.37,-28.02,31.04,26.7
1345400,5044.92,-463.06,602.18,42.41,0.22,7.52,1.2,-28.19,38.49,26.23
1345500,5037.43,-464.14,614.29,42.59,0.02,6.96,1.25,-28.14,35.28,26.82
1345600,5042.01,-460.69,611.38,42.49,0.38,7.6,1.16,-28.23,43.63,26.86
1345700,5044.09,-468.3,607.8,42.53,0.28,7.52,1.14,-28.25,33.96,26.27
1345800,5049.08,-462.27,611.46,42.17,0.16,7.3,1.38,-28.01,42.97,26.7
1345900,5038.68,-468.18,608.92,42.49,0.28,7.66,1.29,-28.1,36.13,26.98
1346000,5034.52,-456.2,610.17,42.37,0.34,7.42,1.31,-28.08,45.55,26.27
1346100,5041.59,-465.97,610.88,42.27,0.16,7.4,1.31,-28.08,36.98,26.12
1346200,5034.1,-458.69,620.69,42.37,0.26,7.46,1.22,-28.17,43.44,27.37
1346300,5039.93,-465.06,612.83,42.47,0.14,7.7,1.22,-28.17,44.32,26.55
1346400,5060.31,-474.83,601.89,42.39,0.04,7.56,1.38,-28.01,30.92,27.02
1346500,5045.34,-462.35,604.1,42.37,0.3,7.62,1.44,-27.95,36.4,26.51
1346600,5054.49,-468.38,608.34,42.35,0.18,7.38,1.27,-28.12,33.68,26.23
1346700,5043.26,-469.13,607.09,42.39,0.22,7.6,1.25,-28.14,60.87,26.31
1346800,5053.66,-471.21,606.34,42.47,0.24,7.46,1.27,-28.12,42.82,26.74
1346900,5034.94,-469.05,620.78,42.51,0.12,7.66,1.17,-28.21,36.87,26.74
1347000,5041.18,-463.6,612.92,42.31,0.18,7.52,1.19,-28.2,34.46,26.7
1347100,5041.18,-465.72,601.14,42.55,0.36,7.58,1.27,-28.12,47.48,26.67
1347200,5054.49,-465.01,604.97,42.41,0.3,7.44,1.21,-28.17,33.96,26.31
1347300,5041.18,-456.49,609.63,42.15,-0.04,7.62,1.17,-28.21,28.07,26.67
1347400,5045.75,-466.35,602.43,42.49,0.2,7.72,1.4,-27.98,33.8,26.47
1347500,5042.42,-468.55,616.95,42.47,0.14,7.66,1.27,-28.12,33.76,26.74
1347600,5049.5,-465.1,600.06,42.31,0.12,7.62,1.34,-28.05,30.57,26.59
1347700,5057.82,-468.67,602.56,42.39,0.28,7.7,1.27,-28.12,32.24,26.2
1347800,5048.25,-474.66,619.99,42.39,0.08,7.44,1.32,-28.06,40.62,26.63
1347900,5043.26,-469.3,612.12,42.39,0.18,7.34,1.42,-27.97,41.28,26.39
1348000,5044.92,-471.34,607.59,42.35,0.12,7.42,1.31,-28.08,36.71,26.59
1348100,5037.43,-464.35,615.58,42.31,0.16,7.5,1.27,-28.12,33.76,26.82
1348200,5047.42,-466.3,605.3,42.19,0.32,7.62,1.34,-28.04,39.85,26.63
1348300,5045.75,-460.69,606.01,42.59,0.16,7.12,1.22,-28.17,28.85,27.45
1348400,5048.66,-471.92,609.05,42.25,0.32,7.46,1.18,-28.21,36.79,26.94
1348500,5042.84,-464.72,608.17,42.35,0.14,7.58,1.36,-28.03,40.46,26.47
1348600,5037.02,-464.31,612.12,42.37,0.24,7.52,1.21,-28.18,38.34,26.74
1348700,5045.34,-466.39,612.46,42.39,0.16,7.2,1.31,-28.08,44.17,27.02
1348800,5047.42,-468.13,607.63,42.23,0.14,7.2,1.26,-28.13,44.4,26.63
1348900,5054.49,-470.92,608.55,42.45,0.26,7.28,1.19,-28.2,49.28,26.9
1349000,5026.2,-458.03,623.4,42.33,0.18,7.8,1.27,-28.12,33.02,26.43
1349100,5054.49,-470.96,605.97,42.29,0.22,7.38,1.38,-28.01,39.77,26.98
1349200,5041.18,-460.32,608.55,42.41,0.32,7.46,1.21,-28.18,35.86,27.17
1349300,5052.41,-465.93,607.42,42.39,0.42,7.7,1.24,-28.15,32.6,26.98
1349400,5040.34,-459.9,615.29,42.15,0.32,7.7,1.36,-28.02,29.91,27.1
1349500,5044.09,-465.85,605.05,42.41,0.22,7.46,1.31,-28.08,29.05,26.47
1349600,5030.78,-457.78,609.46,42.39,0.3,7.72,1.25,-28.13,39.42,26.94
1349700,5040.34,-462.31,613.71,42.33,0.14,7.34,1.22,-28.17,45.78,26.86
1349800,5039.1,-468.13,621.03,42.25,0.2,7.82,1.31,-28.08,41.74,26.51
1349900,5032.02,-460.77,615.74,42.41,0.34,7.6,1.32,-28.07,33.68,27.37
1350000,5045.75,-470.88,619.69,42.47,0.18,7.16,1.17,-28.22,41.66,26.86
1350100,5046.17,-467.43,604.22,42.29,0.26,7.44,1.29,-28.1,38.76,27.21
1350200,5028.28,-454.62,613.16,42.47,0.36,7.24,1.1,-28.29,32.63,26.31
1350300,5047,-463.14,607.55,42.25,0.1,7.48,1.21,-28.17,50.85,26.35
1350400,5047.83,-471.42,610.21,42.45,0.34,7.64,1.4,-27.98,39.19,26.59
1350500,5040.76,-468.26,619.11,42.53,0.14,7.38,1.14,-28.25,39.03,26.67
1350600,5050.33,-469.84,605.55,42.45,0.02,7.4,1.26,-28.13,40,26.94
1350700,5047.42,-468.8,610,42.37,0.22,7.72,1.36,-28.02,37.87,26.9
1350800,5048.66,-463.85,610.09,42.33,0.28,7.32,1.36,-28.02,39.46,26.74
1350900,5031.19,-458.9,626.02,42.33,0.18,7.66,1.26,-28.13,43.4,26.82
1351000,5037.02,-459.28,612,42.31,0.18,7.56,1.48,-27.91,35.04,26.78
1351100,5042.84,-471,613.16,42.35,0.1,7.36,1.33,-28.06,32.21,26.82
1351200,5042.42,-465.51,611.33,42.79,0.04,7.34,1.29,-28.1,38.69,27.17
1351300,5053.24,-469.84,597.65,42.47,0.32,7.3,1.34,-28.04,37.52,26.86
1351400,5049.91,-466.43,607.8,42.33,0.16,7.48,1.27,-28.12,39.69,27.06
1351500,5040.76,-459.86,612.29,42.29,0.14,7.26,1.29,-28.1,37.87,26.7
1351600,5050.74,-472.42,604.51,42.23,0.12,7.78,1.22,-28.17,43.24,26.43
1351700,5044.92,-467.34,611.92,42.37,0.26,7.84,1.31,-28.08,37.1,27.64
1351800,5046.58,-465.47,602.97,42.23,0.38,7.46,1.36,-28.02,36.44,27.25
1351900,5045.34,-467.59,611.09,42.45,0.22,7.56,1.28,-28.11,41.51,27.13
1352000,5047,-467.76,608.71,42.37,0.2,7.58,1.42,-27.96,42.36,27.25
1352100,5049.5,-471.29,606.63,42.15,0.04,7.46,1.4,-27.98,43.97,26.94
1352200,5031.61,-461.73,613.95,42.47,0.3,7.42,1.27,-28.12,39.03,26.67
1352300,5046.58,-466.47,603.56,42.39,0.22,7.34,1.21,-28.18,45.94,26.74
1352400,5048.66,-468.63,608.17,42.47,0.16,7.5,1.38,-28.01,46.32,26.7
1352500,5046.58,-468.8,610.46,42.29,0.16,7.62,1.3,-28.09,45.17,26.7
1352600,5056.15,-477.66,612.12,42.29,0.28,7.16,1.29,-28.1,42.97,26.78
1352700,5051.99,-468.09,603.31,42.29,0.32,7.56,1.3,-28.09,38.53,26.55
1352800,5047.42,-467.3,606.47,42.37,0.3,7.32,1.42,-27.97,44.59,26.82
1352900,5047.42,-465.51,614.87,42.25,0.22,7.22,1.15,-28.24,49.7,26.7
1353000,5043.26,-463.89,611.25,42.33,0.18,7.28,1.16,-28.23,36.75,26.9
1353100,5044.09,-465.39,616.49,42.31,0.2,7.38,1.18,-28.21,39.19,27.37
1353200,5041.59,-469.55,612,42.55,0,7.82,1.05,-28.34,36.79,26.51
1353300,5032.02,-465.06,617.91,42.31,0.14,7.24,1.37,-28.02,31.97,26.78
1353400,5032.44,-465.68,617.91,42.37,0.18,7.36,1.37,-28.02,30.73,27.06
1353500,5039.1,-467.63,611.46,42.41,0.16,7.6,1.29,-28.1,49.7,27.25
1353600,5044.5,-465.06,608.84,42.35,0.16,7.38,1.29,-28.1,35.66,26.7
1353700,5037.85,-462.31,605.39,42.31,0.22,7.6,1.45,-27.94,38.53,26.67
1353800,5037.02,-465.14,617.2,42.43,0.04,7.56,1.15,-28.24,46.48,27.37
1353900,5036.18,-464.18,615.62,42.39,0.14,7.5,1.35,-28.04,38.84,27.02
1354000,5036.6,-457.49,616.03,42.17,0.22,7.28,1.38,-28.01,36.79,27.49
1354100,5044.09,-465.97,609.67,42.45,0.22,7.32,1.21,-28.17,31.43,26.7
1354200,5047.42,-471.59,603.18,42.33,0.36,7.34,1.32,-28.07,40.73,26.86
1354300,5051.16,-471.92,606.76,42.39,0.2,7.44,1.23,-28.16,45.51,26.9
1354400,5047.42,-475.12,609.05,42.51,0.14,7.82,1.29,-28.1,42.2,26.7
1354500,5041.59,-456.32,614.83,42.39,0.06,7.7,1.24,-28.15,38.03,27.29
1354600,5040.76,-464.22,615.24,42.53,0.32,7.36,1.55,-27.84,47.13,27.21
1354700,5039.1,-464.93,623.19,42.39,0.1,7.42,1.15,-28.23,29.44,27.53
1354800,5048.66,-471.46,609.38,42.41,0.18,7.42,1.15,-28.23,26.31,27.8
1354900,5053.66,-471.75,607.09,42.31,0.2,7.6,1.35,-28.04,41.35,26.98
1355000,5047,-467.14,614.16,42.33,0.26,7.78,1.08,-28.31,49.89,26.98
1355100,5036.6,-462.31,612.21,42.71,0.2,7.5,1.32,-28.07,37.49,27.21
1355200,5050.74,-470.01,608.46,42.27,0.12,7.44,1.18,-28.21,37.87,26.98
1355300,5035.35,-464.68,608.92,42.39,0.12,7.4,1.44,-27.94,37.99,26.78
1355400,5045.34,-470.96,612.92,42.49,0.26,7.52,1.34,-28.05,44.24,27.13
1355500,5049.91,-470.46,596.9,42.29,0.22,7.42,1.29,-28.1,42.74,26.82
1355600,5037.43,-467.59,616.33,42.35,0.08,7.32,1.23,-28.15,43.28,26.98
1355700,5044.5,-461.69,606.8,42.39,0.14,7.24,1.33,-28.06,43.86,27.33
1355800,5044.92,-466.51,607.8,42.51,0.26,7.54,1.27,-28.12,38.65,27.41
1355900,5046.58,-468.47,609.84,42.57,0.06,7.34,1.44,-27.95,39.19,27.21
1356000,5038.26,-462.1,614.29,42.29,0.38,7.34,1.35,-28.04,44.78,27.02
1356100,5036.6,-470.92,607.22,42.31,0.18,7.48,1.5,-27.88,38.45,26.98
1356200,5045.34,-465.64,610.46,42.41,0.12,7.38,1.46,-27.92,40.08,26.82
1356300,5050.74,-472.71,601.64,42.37,0.2,7.78,1.11,-28.27,38.96,26.86
1356400,5039.93,-466.43,611.71,42.29,0.14,7.82,1.29,-28.1,45.44,26.98
1356500,5041.18,-466.22,608.26,42.59,0,7.48,1.41,-27.98,37.49,27.06
1356600,5040.34,-461.6,605.47,42.49,0.28,7.42,1.46,-27.93,43.9,26.86
1356700,5042.42,-469.42,610.84,42.37,0.28,7.42,1.16,-28.23,42.55,26.86
1356800,5048.25,-467.3,605.18,42.33,-0.1,7.78,1.17,-28.22,43.59,26.43
1356900,5029.11,-466.22,614.62,42.35,0.1,7.26,1.13,-28.26,42.59,26.78
1357000,5044.92,-464.27,602.6,42.41,0.12,7.6,1.34,-28.05,40.46,27.13
1357100,5046.58,-467.43,608.76,42.37,0.36,7.46,1.02,-28.37,33.41,27.02
1357200,5035.77,-468.67,608.71,42.33,0.34,7.32,1.15,-28.24,44.9,27.49
1357300,5049.5,-471.46,604.93,42.43,0.32,7.32,1.32,-28.07,33.72,26.86
1357400,5035.35,-471.54,608.17,42.39,0.36,7.42,1.42,-27.97,47.94,27.06
1357500,5041.59,-466.89,600.6,42.27,0.42,7.44,1.36,-28.03,45.13,27.21
1357600,5042.42,-464.56,609.8,42.27,0.22,7.46,1.1,-28.29,34.27,26.86
1357700,5051.16,-480.82,609.42,42.43,0.24,7.42,1.36,-28.03,33.14,27.41
1357800,5045.75,-470.92,608.51,42.53,0.3,7.54,1.25,-28.14,45.01,27.21
1357900,5043.67,-467.63,607.34,42.25,0.34,7.42,1.31,-28.08,45.09,27.06
1358000,5047,-467.3,605.51,42.29,0.12,7.98,1.22,-28.17,47.24,27.1
1358100,5043.67,-469.09,608.92,42.37,0.46,7.8,1.32,-28.06,35.24,26.94
1358200,5041.59,-471.25,609.71,42.43,0.34,7.3,1.39,-28,41.35,26.74
1358300,5050.74,-468.47,603.22,42.33,0.24,7.72,1.39,-28,42.55,26.86
1358400,5032.44,-463.43,605.59,42.35,0.14,7.4,1.24,-28.15,34.03,26.98
1358500,5037.02,-462.85,610.46,42.19,0.3,7,1.11,-28.27,47.17,27.6
1358600,5044.5,-468.8,605.26,42.41,0.06,7.26,0.9,-28.48,46.17,27.56
1358700,5037.43,-465.6,613.41,42.33,-0.06,7.04,1.13,-28.25,43.32,27.37
1358800,5049.5,-466.55,595.7,42.41,0.02,7.58,1.29,-28.1,38.45,27.49
1358900,5036.18,-463.31,609.05,42.31,0.28,7.34,1.5,-27.89,38.26,27.29
1359000,5032.44,-461.77,612.58,42.65,0.1,7.24,1.34,-28.05,41.55,27.13
1359100,5042.42,-466.35,602.39,42.47,0.36,7.32,1.36,-28.03,35.78,27.6
1359200,5044.5,-469.34,612.71,42.45,0.18,7.62,1.52,-27.86,38.69,27.06
1359300,5037.43,-466.3,612.08,42.39,0.46,7.76,1.46,-27.93,42.93,27.45
1359400,5038.68,-457.74,609.55,42.67,0.02,7.6,1.25,-28.13,39.3,27.13
1359500,5038.68,-469.67,606.18,42.27,0.18,7.34,1.16,-28.23,39.58,27.8
1359600,5035.35,-465.1,613.37,42.41,0.2,7.42,1.45,-27.94,34.07,26.59
1359700,5042.01,-467.59,603.52,42.47,0.3,7.4,1.42,-27.97,46.13,27.06
1359800,5044.09,-469.88,605.84,42.35,0.18,7.72,1.36,-28.03,37.72,26.98
1359900,5043.67,-464.27,604.8,42.49,0.28,7.3,1.06,-28.33,39.46,26.94
1360000,5056.57,-470.42,593.53,42.31,0.54,7.46,1.4,-27.98,36.63,27.41
1360100,5038.68,-467.05,608.13,42.43,0.3,7.5,1.42,-27.97,43.44,27.37
1360200,5040.76,-466.47,601.27,42.41,0.16,7.76,1.32,-28.06,32.48,27.02
1360300,5044.09,-466.22,604.35,42.15,0.18,7.24,1.06,-28.33,40.62,26.9
1360400,5039.51,-466.68,606.18,42.53,0.18,7.38,1.12,-28.27,36.56,27.29
1360500,5045.34,-468.38,606.51,42.41,0.08,7.24,1.11,-28.28,40.08,27.17
1360600,5038.68,-469.09,607.05,42.49,0.06,7.54,1.33,-28.06,40.5,27.49
1360700,5036.6,-467.18,608.88,42.25,0.24,7.68,1.15,-28.23,26,27.53
1360800,5051.16,-463.48,596.99,42.47,0.28,7.54,1.11,-28.27,41.47,26.86
1360900,5046.58,-468.88,604.18,42.41,0.2,7.36,1.16,-28.23,46.55,27.53
1361000,5043.26,-474.95,611.25,42.49,0.06,7.58,0.99,-28.4,35.82,27.45
1361100,5042.84,-475.45,608.26,42.45,0.18,7.44,1.48,-27.9,43.09,27.33
1361200,5036.6,-468.88,606.26,42.59,0.12,7.56,1.19,-28.2,45.01,26.98
1361300,5051.58,-467.55,602.52,42.21,0,7.4,1.36,-28.03,37.83,27.45
1361400,5054.91,-475.7,601.64,42.27,0,6.45,1.22,-28.17,44.67,27.49
1361500,5031.61,-456.86,613.12,42.27,0.1,7.34,1.16,-28.23,43.13,27.53
1361600,5051.99,-469.26,594.49,42.25,0.18,7.34,1.1,-28.29,38.34,27.25
1361700,5049.5,-476.29,605.47,42.65,0.04,7.7,1.13,-28.25,35.78,27.53
1361800,5046.17,-468.22,604.8,42.25,0.2,7.64,1.4,-27.98,30.53,27.68
1361900,5057.4,-473.29,600.69,42.41,0,7.62,1.36,-28.03,32.4,27.84
1362000,5047.83,-468.72,605.55,42.61,0,7.58,1.19,-28.2,41.7,27.33
1362100,5040.34,-465.39,595.9,42.37,0.24,7.38,1.31,-28.08,38.14,27.21
1362200,5043.67,-469.67,596.82,42.29,0.2,7.16,1.32,-28.06,41.82,27.96
1362300,5042.42,-469.09,607.42,42.47,0.12,7.44,1.2,-28.19,38.76,27.29
1362400,5047,-467.09,602.31,42.37,0.12,7.38,1.27,-28.12,42.93,26.86
1362500,5056.57,-471.25,592.53,42.33,0.26,7.38,1.2,-28.19,45.36,26.94
1362600,5050.33,-472.83,595.32,42.61,0.3,7.48,1.36,-28.02,42.01,27.17
1362700,5048.25,-471.67,603.89,42.69,0.12,8.38,1.03,-28.35,38.96,27.33
1362800,5041.59,-473.79,606.88,42.47,0.1,7.36,1,-28.39,41.74,27.37
1362900,5051.16,-464.64,604.64,42.61,0.14,7.6,1.42,-27.96,44.21,27.6
1363000,5050.33,-471.59,599.86,42.37,0.14,7.38,1.2,-28.19,38.03,27.37
1363100,5045.34,-469.26,602.52,42.59,0.2,7.64,1.4,-27.99,38.11,27.37
1363200,5057.82,-476.29,597.9,42.47,0.06,7.58,1.12,-28.27,36.05,27.68
1363300,5056.15,-468.84,590.58,42.45,0.36,7.58,1.2,-28.19,35.63,27.56
1363400,5055.32,-470.63,598.11,42.33,0.24,7.52,1.2,-28.19,36.79,27.53
1363500,5050.33,-473.25,600.23,42.33,0.12,7.56,1.11,-28.27,38.49,27.64
1363600,5049.91,-464.89,595.78,42.21,0.34,7.84,1.12,-28.27,39.11,27.96
1363700,5038.68,-462.39,596.07,42.21,0.14,6.96,1.25,-28.13,43.55,27.17
1363800,5046.17,-475.54,597.82,42.45,0.04,7.42,1.12,-28.27,35.63,27.76
1363900,5044.09,-472.46,602.02,42.27,0.26,7.18,0.93,-28.46,36.48,27.41
1364000,5044.92,-464.35,598.77,42.25,0.28,7.84,1.4,-27.99,42.16,27.25
1364100,5042.42,-462.35,595.57,42.65,0.1,7.42,1.18,-28.21,40.54,27.96
1364200,5055.74,-477.03,597.82,42.19,0.3,7.68,1.14,-28.25,45.78,27.49
1364300,5048.66,-471.96,594.53,42.35,0.3,7.52,1.33,-28.06,39.54,27.21
1364400,5045.34,-463.02,595.78,42.25,0.32,7.52,1.42,-27.96,48.17,27.6
1364500,5054.91,-470.92,594.74,42.49,0.16,7.68,1.24,-28.15,31.35,27.45
1364600,5053.24,-471.59,596.11,42.21,0.3,7.76,1.38,-28,40.16,27.96
1364700,5042.84,-471.42,603.76,42.29,0.2,7.48,1.38,-28.01,41.04,26.94
1364800,5041.18,-470.26,604.22,42.29,0.14,7.62,1.36,-28.03,36.9,27.53
1364900,5051.16,-473.87,600.1,42.51,0.04,7.56,1.35,-28.04,30.02,27.45
1365000,5056.99,-470.92,601.81,42.61,0.02,7.56,0.97,-28.42,25.73,27.64
1365100,5052.41,-471.88,594.16,42.49,0,7.98,1.09,-28.3,32.28,27.99
1365200,5056.15,-474.75,607.51,42.49,-0.02,7.6,0.98,-28.41,35,27.8
1365300,5041.59,-468.26,606.84,42.27,0.2,7.5,1.24,-28.15,43.01,28.07
1365400,5048.66,-467.63,598.77,42.51,0.22,7.32,1.11,-28.27,35.55,27.25
1365500,5041.59,-464.64,605.01,42.63,0.04,7.44,1.17,-28.22,37.21,27.68
1365600,5052.41,-470.88,606.14,42.19,0.12,7.34,1.41,-27.98,41.55,27.1
1365700,5047.42,-467.8,602.06,42.23,0.26,7.58,1.15,-28.24,31.43,27.76
1365800,5038.68,-461.15,605.93,42.43,0.46,7.86,1.08,-28.31,41.35,27.41
1365900,5048.66,-467.34,595.82,42.41,0.36,7.52,1.58,-27.81,44.05,27.41
1366000,5046.17,-466.8,603.35,42.41,-0.02,7.2,1.03,-28.36,42.43,27.45
1366100,5048.25,-469.92,598.07,42.41,0.1,7.36,1.19,-28.2,44.01,27.8
1366200,5054.49,-472.21,592.41,42.43,0.04,7.08,1.15,-28.24,36.05,27.37
1366300,5047.42,-474.25,597.4,42.25,0.12,7.24,1.38,-28,36.28,27.92
1366400,5054.49,-469.13,599.56,42.19,0.08,7.64,1.52,-27.86,33.84,26.86
1366500,5045.75,-464.52,602.27,42.45,0.06,7.42,1.39,-28,36.79,26.94
1366600,5049.08,-469.88,602.64,42.35,0.08,7.56,1.34,-28.04,31.97,27.45
1366700,5057.82,-471.71,592.24,42.41,0.06,7.38,1.22,-28.17,28.81,27.92
1366800,5049.5,-470.92,599.31,42.33,0.36,7.36,0.94,-28.44,45.59,27.68
1366900,5029.94,-455.87,601.89,42.65,0.06,7.42,1.5,-27.88,39.85,27.25
1367000,5060.31,-469.67,595.95,42.33,0,7.7,1.37,-28.02,42.93,27.8
1367100,5036.18,-463.14,601.19,42.35,0.26,7.44,1.23,-28.15,43.4,27.64
1367200,5038.68,-463.52,602.23,42.57,0.28,7.34,1.48,-27.9,40.27,27.45
1367300,5047.83,-467.3,605.05,42.35,0.22,7.8,1.05,-28.33,41.89,28.11
1367400,5038.26,-465.89,601.06,42.33,0,7.22,1.13,-28.25,41.12,27.84
1367500,5043.67,-455.49,599.86,42.35,0.26,7.44,1.44,-27.94,43.86,26.86
1367600,5044.5,-467.05,600.6,42.39,0.22,7.2,1.4,-27.99,38.49,27.6
1367700,5031.19,-458.53,615.78,42.37,0.2,7.22,1.38,-28,41.04,27.21
1367800,5047.42,-470.92,602.02,42.67,0.22,7.36,1.35,-28.04,30.02,27.53
1367900,5049.08,-468.01,602.52,42.25,0.26,7.36,1.21,-28.17,32.32,27.76
1368000,5043.26,-468.3,605.55,42.33,0.24,7.64,1.18,-28.21,38.69,27.64
1368100,5057.82,-474.08,599.36,42.49,0.14,7.5,1.34,-28.05,36.52,27.6
1368200,5044.09,-467.63,606.88,42.65,0.36,7.38,1.47,-27.92,35.63,27.76
1368300,5051.58,-469.63,604.76,42.33,0.24,7.44,1.29,-28.1,39.11,27.84
1368400,5056.57,-470.38,599.61,42.41,0.22,6.98,1.37,-28.02,43.32,27.76
1368500,5057.82,-464.47,594.32,42.39,0.12,7.22,1.52,-27.86,42.93,27.25
1368600,5054.49,-473.62,592.53,42.55,0.34,7.34,1.27,-28.12,28.85,27.53
1368700,5056.15,-469.59,590.7,42.43,0.28,7,1.11,-28.27,35.82,27.92
1368800,5046.58,-463.93,599.98,42.27,0.08,7.62,1.09,-28.3,37.14,27.17
1368900,5044.09,-469.09,603.76,42.29,0.22,7.52,1.42,-27.97,41.55,27.53
1369000,5058.23,-477.62,602.93,42.25,0.1,7.68,1.26,-28.13,36.94,27.56
1369100,5048.25,-464.1,601.81,42.27,0.16,7.66,1.28,-28.11,34.89,27.33
1369200,5063.64,-475.79,599.81,42.35,0.26,7.72,1.21,-28.18,45.28,27.64
1369300,5034.1,-461.31,599.81,42.41,0.22,7.08,1.52,-27.87,42.51,27.8
1369400,5042.84,-475.99,607.76,42.14,0.2,7.6,1.34,-28.04,35.51,27.84
1369500,5045.75,-465.64,602.56,42.37,0.22,7.54,1.09,-28.3,46.4,27.6
1369600,5041.59,-465.68,604.51,42.41,0.26,7.38,1.39,-28,35.51,27.37
1369700,5048.66,-460.86,599.19,42.14,-0.02,7.52,1.21,-28.17,37.95,27.6
1369800,5049.08,-461.44,593.82,42.53,0.3,7.32,1.36,-28.02,41.55,27.84
1369900,5037.43,-463.02,606.09,42.37,0.14,7.5,1.34,-28.04,45.36,27.29
1370000,5049.91,-470.13,600.69,42.45,0.18,7.3,1.44,-27.94,40,27.64
1370100,5048.25,-474.12,608.84,42.19,0.2,7.46,1.08,-28.31,41.66,27.84
1370200,5049.91,-470.75,596.44,42.25,0.28,7.64,1.35,-28.04,37.37,28.23
1370300,5050.74,-467.8,600.65,42.47,0.36,7.26,1.19,-28.2,41.35,27.53
1370400,5048.25,-474,596.99,42.23,0.1,7.44,1.3,-28.09,27.99,27.84
1370500,5052.82,-472.83,593.12,42.39,0.04,7.4,1.33,-28.06,41.2,27.96
1370600,5050.33,-464.1,603.68,42.19,0.18,7.38,1.41,-27.98,39.81,27.76
1370700,5045.75,-469.84,605.47,42.43,0.3,7.46,1.33,-28.06,38.96,27.72
1370800,5050.74,-471.71,600.89,42.39,0.1,7.3,1.19,-28.2,39.19,27.88
1370900,5053.24,-474.95,599.06,42.23,0.12,7.66,1.14,-28.25,39.77,27.41
1371000,5057.82,-469.09,594.45,42.23,0.28,7.3,1.32,-28.06,43.4,28.03
1371100,5037.85,-464.31,604.22,42.35,0.04,7.4,1.14,-28.25,35.12,27.8
1371200,5053.66,-471.34,603.1,42.43,0.2,7.22,1.44,-27.95,44.44,27.68
1371300,5046.17,-467.97,606.68,42.43,0.08,7.52,1.1,-28.29,38.57,27.76
1371400,5050.74,-471.67,595.07,42.29,0.2,7.58,1.09,-28.3,38.72,27.72
1371500,5056.57,-472.75,598.61,42.27,0.02,7.32,1.15,-28.23,44.67,27.41
1371600,5052.41,-477.08,607.42,42.27,0.1,7.46,1.44,-27.95,32.01,28.11
1371700,5038.68,-466.84,605.55,42.43,0.1,7.42,1.35,-28.04,41.74,28.03
1371800,5054.49,-467.55,593.28,42.39,0.28,7.52,1.38,-28.01,39,27.8
1371900,5051.58,-468.67,600.19,42.45,0.12,7.46,1.21,-28.18,44.4,27.76
1372000,5064.06,-473.46,590.79,42.27,0.24,7.34,1.31,-28.08,42.01,27.76
1372100,5058.65,-475.74,600.85,42.25,0.18,7.2,1.28,-28.11,36.44,27.41
1372200,5047.42,-470.3,606.05,42.29,0.18,7.24,1.35,-28.04,44.86,27.96
1372300,5049.08,-467.8,597.65,42.51,0.22,7.82,1.32,-28.07,44.98,28.03
1372400,5054.91,-470.71,596.07,42.37,0.14,7.18,1.29,-28.1,42.05,27.6
1372500,5022.45,-456.53,615.66,42.47,0.28,7.62,1.29,-28.1,21.84,27.88
1372600,5048.66,-467.72,597.11,42.43,0.14,7.62,1.24,-28.15,41.97,27.72
1372700,5053.24,-471.38,602.68,42.35,0.22,7.58,1.25,-28.14,41.74,27.45
1372800,5062.81,-466.97,590.83,42.29,0.14,7.4,1.28,-28.11,41.58,27.45
1372900,5049.5,-467.39,604.06,42.49,0.26,7.44,1.32,-28.07,39.3,27.41
1373000,5044.5,-467.01,594.74,42.31,0.28,7.4,1.24,-28.15,50.09,27.53
1373100,5045.75,-468.26,599.15,42.47,0.2,7.46,1.21,-28.18,33.1,28.35
1373200,5039.51,-464.43,597.03,42.41,0.22,7.42,1.32,-28.07,37.72,27.72
1373300,5047.42,-467.93,601.56,42.49,0.28,7.36,1.33,-28.06,46.51,27.84
1373400,5043.67,-464.6,606.05,42.45,0.32,6.75,1.28,-28.11,34.62,28.03
1373500,5044.5,-472,598.32,42.29,0.46,7.2,1.33,-28.06,35.9,27.68
1373600,5038.68,-464.56,609.71,42.43,0.1,7.28,1.25,-28.14,37.87,27.99
1373700,5040.76,-465.14,605.39,42.27,0.34,7.56,1.23,-28.16,38.45,27.72
1373800,5059.48,-474.12,595.61,42.27,0.14,7.44,1.16,-28.23,38.96,28.15
1373900,5052.82,-468.34,603.39,42.29,0.22,7.7,1.19,-28.19,37.68,28.11
1374000,5050.33,-475.41,596.65,42.12,0.32,7.42,1.11,-28.28,39.23,27.72
1374100,5048.25,-471.13,608.13,42.47,0.1,7.56,1.28,-28.11,40.85,27.6
1374200,5035.35,-462.44,603.93,42.37,0.2,7.66,1.3,-28.09,47.55,28.23
1374300,5049.91,-468.09,598.73,42.43,0.14,7.34,1.29,-28.1,36.83,27.96
1374400,5050.74,-469.55,605.1,42.39,0.24,7.3,1.34,-28.05,34.97,27.88
1374500,5051.58,-468.97,597.57,42.47,0.32,7.86,1.29,-28.1,43.47,27.84
1374600,5044.09,-467.8,600.6,42.27,0.04,7.4,1.22,-28.17,36.98,27.72
1374700,5049.5,-475.83,597.9,42.41,0.16,7.32,1.06,-28.33,31.31,28.03
1374800,5060.73,-478.86,602.89,42.33,0.22,7.72,1.16,-28.23,38.65,28.15
1374900,5054.49,-471.46,593.33,42.35,0.18,7.36,1.13,-28.25,38.49,27.37
1375000,5050.74,-467.01,599.11,42.39,0.46,7.32,1.2,-28.19,49.93,28.31
1375100,5040.34,-473.12,601.81,42.41,0.44,7.74,1.21,-28.17,39.42,28.23
1375200,5046.58,-465.72,605.01,42.25,0.06,7.64,1.3,-28.09,39.92,28.35
1375300,5041.18,-463.77,608.17,42.29,0.14,7.54,1.07,-28.31,41.58,28.27
1375400,5041.18,-469.38,601.19,42.43,0,7.16,1.21,-28.18,39.34,27.84
1375500,5047.42,-467.97,600.31,42.29,0.16,7.58,1.24,-28.15,31.04,28.23
1375600,5051.58,-474.21,598.86,42.59,0.22,7.3,1.23,-28.16,24.86,28.19
1375700,5047.42,-471.59,601.19,42.37,0.28,7.38,1.1,-28.29,37.37,27.84
1375800,5043.67,-468.38,603.1,42.43,0.22,7.58,1.22,-28.17,47.21,27.64
1375900,5045.34,-464.64,604.39,42.37,0.14,7.38,1.19,-28.2,48.74,27.56
1376000,5044.5,-466.72,604.39,41.94,0.08,7.6,1.15,-28.23,39.77,28.15
1376100,5051.16,-470.55,601.56,42.27,0.22,7.46,1.17,-28.22,34.5,28.07
1376200,5040.76,-464.06,600.35,42.43,0.4,7.64,1.32,-28.07,43.17,27.92
1376300,5047.83,-470.8,599.06,42.37,0.26,7.02,1.22,-28.17,39.42,28.03
1376400,5050.33,-466.97,600.31,42.27,0.14,7.62,1.23,-28.15,50.2,27.84
1376500,5049.5,-469.55,601.39,42.41,0.24,7.52,1.42,-27.97,34.62,28.35
1376600,5045.75,-465.85,599.65,42.31,0.32,7.36,1.17,-28.21,32.87,27.96
1376700,5029.53,-459.65,612.87,42.53,0.16,7.34,1.22,-28.17,39.27,27.92
1376800,5046.58,-468.18,600.65,42.47,0.06,7.24,1.22,-28.17,49.43,28.39
1376900,5052.82,-472.54,601.77,42.49,0.16,7.6,1.19,-28.19,51.62,27.96
1377000,5054.07,-471.5,596.61,42.37,0.2,7.88,1.32,-28.07,36.48,29.05
1377100,5055.32,-473.79,597.65,42.43,0.2,7.66,1.39,-28,34.54,28.89
1377200,5046.17,-472.17,598.36,42.55,0.36,7.56,1.46,-27.92,48.51,28.62
1377300,5044.09,-471.05,607.8,42.27,0.42,7.66,1.38,-28,39.11,28.35
1377400,5036.6,-459.44,608.34,42.47,0.22,7.5,1.27,-28.12,46.25,27.96
1377500,5055.74,-468.22,596.24,42.43,0.22,7.52,1.34,-28.05,43.09,27.76
1377600,5048.66,-469.96,603.81,42.27,0.08,7.54,1.23,-28.16,37.99,28.07
1377700,5045.34,-475.7,607.18,42.39,0.12,7.32,1.25,-28.13,42.9,27.33
1377800,5039.93,-470.09,608.05,42.39,0.12,7.52,1.29,-28.1,31.04,28.7
1377900,5046.58,-465.35,605.39,42.49,0.46,7.44,1.28,-28.11,42.78,27.6
1378000,5055.32,-472.67,603.56,42.51,0.3,7.38,1.03,-28.36,40.16,27.84
1378100,5049.91,-469.26,593.53,42.17,0.06,7.36,1.34,-28.04,38.49,27.56
1378200,5035.77,-469.92,616.74,42.29,0.34,7.42,1.22,-28.17,38.41,27.96
1378300,5045.75,-468.18,601.02,42.51,0.42,7.64,1.19,-28.19,35.43,28.54
1378400,5049.91,-471.46,600.56,42.39,0.28,7.24,1.15,-28.24,36.75,28.85
1378500,5035.77,-469.84,612.71,42.37,0.28,7.64,1.35,-28.04,37.72,28.35
1378600,5049.91,-465.85,595.86,42.21,0.2,7.54,1.33,-28.06,32.98,28.27
1378700,5044.5,-467.97,607.09,42.49,0.12,7.42,1.32,-28.06,36.98,28.11
1378800,5049.5,-469.92,593.82,42.35,0.14,7.4,1.31,-28.08,37.33,28.58
1378900,5042.42,-471,610.34,42.45,0.18,7.42,1.25,-28.14,47.05,27.76
1379000,5043.26,-464.64,606.05,42.23,0.18,7.32,1.18,-28.21,44.24,27.84
1379100,5050.33,-471.42,603.52,42.47,0.3,7.52,1.29,-28.1,34.58,28.23
1379200,5045.75,-468.43,604.26,42.49,0.32,7.72,1.13,-28.25,42.66,28.23
1379300,5046.17,-463.81,599.27,42.29,0.3,7.36,1.29,-28.1,34.03,27.96
1379400,5034.94,-457.57,611.54,42.59,0.42,7.44,0.96,-28.42,32.17,27.41
1379500,5048.25,-470.09,597.69,42.59,0.3,7.48,1.32,-28.06,31.82,28.35
1379600,5045.75,-469.63,603.64,42.37,0.26,7.56,1.3,-28.09,39.3,28.58
1379700,5054.07,-469.96,596.53,42.47,0.22,7.44,1.19,-28.19,42.39,27.49
1379800,5047.42,-472.21,597.98,42.33,0.32,7.7,1.29,-28.1,38.88,28.11
1379900,5043.26,-466.39,604.39,42.59,0.3,7.18,1.27,-28.12,40.27,27.45
1380000,5040.34,-474,605.97,42.31,0.16,7.46,1.27,-28.12,27.41,27.72
1380100,5051.16,-470.01,602.23,42.45,0.22,7.3,1.12,-28.27,41.2,28.19
1380200,5048.25,-470.84,603.27,42.27,0.16,7.3,1.4,-27.99,38.84,28.46
1380300,5047.42,-471.75,600.65,42.31,0.24,7.7,1.31,-28.08,43.9,28.31
1380400,5046.58,-475.2,606.8,42.45,0.22,7.36,1.23,-28.15,36.28,28.54
1380500,5047,-468.63,601.35,42.31,0.18,7.58,1.31,-28.08,38.72,28.31
1380600,5056.15,-470.71,596.49,42.41,0.22,7.58,1.19,-28.19,47.28,28.15
1380700,5052.82,-471.25,599.86,42.51,0.26,7.76,1.1,-28.29,41.78,28.15
1380800,5042.42,-467.88,608.8,42.25,0.24,7.24,1.2,-28.19,41.31,27.96
1380900,5042.84,-470.01,602.97,42.63,0.3,7.46,1.31,-28.08,42.55,27.99
1381000,5039.51,-465.85,608.3,42.31,0.28,7.54,1.17,-28.21,35.39,28.19
1381100,5045.34,-466.6,603.14,42.57,0.36,7.6,1.42,-27.97,43.47,28.15
1381200,5046.17,-466.68,603.56,42.17,0.24,7.48,1.1,-28.29,44.71,28.5
1381300,5051.16,-473.33,600.1,42.53,0.2,7.66,1.26,-28.13,42.93,27.96
1381400,5044.09,-466.51,600.35,42.35,0.18,7.2,1.32,-28.07,44.01,27.99
1381500,5050.74,-477.62,602.52,42.31,0.12,7.36,1.23,-28.15,45.25,28.03
1381600,5039.93,-464.22,600.56,42.17,0.16,7.68,1.21,-28.17,34.85,28.19
1381700,5050.33,-468.8,603.64,42.23,0.32,7.8,1.23,-28.16,33.84,28.74
1381800,5048.25,-470.21,602.31,42.47,0.12,7.66,1.26,-28.13,32.75,28.39
1381900,5056.15,-478.12,596.65,42.27,0.06,7.6,1.2,-28.19,35.51,28.62
1382000,5042.84,-468.18,603.72,42.59,0.16,7.52,1.34,-28.05,39.58,28.11
1382100,5042.42,-468.47,604.31,42.39,0.18,7.42,1.46,-27.93,37.76,28.23
1382200,5040.34,-470.09,603.18,42.31,0.28,7.9,1.27,-28.12,42.97,27.88
1382300,5041.59,-462.27,604.47,42.37,0.1,7.32,1.35,-28.04,42.24,28.23
1382400,5045.34,-469.63,601.06,42.55,0.02,7.72,1.34,-28.04,37.02,28.15
1382500,5038.68,-464.97,601.44,42.43,0.18,7.34,1.17,-28.21,48.36,27.68
1382600,5049.5,-474,599.9,42.39,0.2,7.34,1.45,-27.94,30.26,28.46
1382700,5045.75,-477.28,607.42,42.21,0.22,7.72,0.98,-28.41,38.11,28.27
1382800,5042.01,-471.13,603.18,42.45,0.26,7.32,1.21,-28.17,44.17,28.07
1382900,5036.18,-470.46,607.84,42.37,0.24,7.66,1.38,-28,37.14,27.88
1383000,5045.75,-477.32,605.89,42.57,-0.06,7.32,1.25,-28.13,37.37,27.96
1383100,5041.59,-474.58,614.41,42.41,0.38,7.56,1.16,-28.23,34.34,27.84
1383200,5042.84,-469.92,599.27,42.39,0.3,7.54,1.3,-28.09,39.11,28.97
1383300,5046.58,-474,602.72,42.51,0.2,7.42,1.48,-27.9,40.46,27.84
1383400,5047,-471.63,608.34,42.43,0.12,7.62,1.02,-28.37,33.68,28.81
1383500,5044.92,-467.43,598.77,42.15,0.32,7.52,1.11,-28.27,39.34,28.11
1383600,5038.68,-469.88,604.47,42.59,0.16,7.58,1.46,-27.93,43.78,28.39
1383700,5046.58,-474.25,607.84,42.35,0.24,7.68,1.18,-28.21,41.7,28.31
1383800,5050.74,-472.08,609.67,42.37,0.24,7.16,1,-28.39,32.75,28.58
1383900,5042.84,-472.17,605.68,42.79,-0.02,7.16,1.13,-28.25,44.01,28.85
1384000,5044.09,-467.09,600.65,42.57,-0.08,7.32,1.33,-28.06,39.65,28.15
1384100,5047.83,-472.04,600.31,42.35,0.36,7.24,1.26,-28.13,44.09,28.27
1384200,5049.5,-475.33,599.69,42.29,0.3,7.32,1.29,-28.1,42.01,28.35
1384300,5038.68,-466.64,602.77,42.51,0.32,7.34,1.1,-28.29,44.4,28.5
1384400,5045.34,-469.84,599.36,42.27,0.24,7.52,1.04,-28.35,41.28,28.07
1384500,5040.34,-466.97,603.47,42.29,0,7.22,0.91,-28.48,40.19,28.42
1384600,5047,-475.16,603.18,42.43,0.14,7.62,1.18,-28.21,41.04,27.92
1384700,5032.44,-463.89,606.3,42.53,0.28,7.4,1.01,-28.38,36.44,28.78
1384800,5052.82,-468.8,594.7,42.35,0.04,7.62,1.13,-28.26,44.71,28.35
1384900,5050.33,-480.11,607.47,42.39,0.16,7.68,1.19,-28.2,40.19,28.03
1385000,5039.1,-469.63,607.13,42.45,-0.12,7.46,1.07,-28.32,35.74,28.07
1385100,5048.66,-473.58,595.57,42.27,0.18,7.4,1.28,-28.11,41.04,28.85
1385200,5044.92,-466.18,598.94,42.45,-0.04,7.5,1.42,-27.96,42.32,28.27
1385300,5048.25,-468.97,607.42,42.55,0.1,7.8,1.29,-28.1,44.71,28.23
1385400,5034.94,-470.05,608.09,42.63,0.08,7.26,1.22,-28.17,39.5,27.96
1385500,5039.1,-472.29,602.48,42.51,0.22,7.2,1.17,-28.21,42.43,28.31
1385600,5035.35,-466.84,603.52,42.37,0.1,7.8,1.35,-28.04,40.97,28.42
1385700,5050.33,-468.8,601.56,42.45,0.4,7.26,1.15,-28.23,38.8,29.05
1385800,5043.26,-473.75,602.39,42.37,0.4,7.5,1.16,-28.23,31.08,28.11
1385900,5050.33,-476.95,606.93,42.31,0.28,7.4,1.12,-28.27,40.97,28.11
1386000,5046.17,-473.42,599.52,42.45,0.06,7.44,1.23,-28.15,41.62,27.99
1386100,5036.18,-463.73,609.71,42.53,0.22,7.96,1.24,-28.15,45.32,28.23
1386200,5036.18,-469.05,602.85,42.31,-0.06,7.34,1.21,-28.17,40.93,28.46
1386300,5049.08,-476.33,605.26,42.39,0.08,7.76,1.26,-28.13,33.41,28.19
1386400,5046.17,-469.55,602.06,42.65,0.12,7.46,1.21,-28.18,28.54,28.35
1386500,5041.59,-467.76,605.3,42.45,0.02,7.44,1.33,-28.06,35.86,28.74
1386600,5047.83,-472.63,604.76,42.35,0.3,7.16,1.36,-28.02,44.4,28.54
1386700,5039.93,-468.09,602.93,42.59,0.02,7.38,1.46,-27.93,47.21,28.19
1386800,5055.74,-473.17,591.33,42.37,0.2,7.66,1.23,-28.15,36.09,27.96
1386900,5035.35,-471,613.04,42.53,-0.08,7.5,1.02,-28.37,47.9,28.78
1387000,5041.59,-471.05,600.19,42.23,0.16,7.44,1.37,-28.02,38.96,28.27
1387100,5043.26,-471.59,602.48,42.47,0.22,7.18,1.12,-28.27,39,28.5
1387200,5047,-470.67,597.53,42.41,0.18,7.32,1.15,-28.24,37.49,28.54
1387300,5043.67,-468.13,605.97,42.49,0.1,7.44,1.13,-28.26,37.83,28.31
1387400,5042.01,-469.26,603.68,42.35,-0.32,7.74,1.27,-28.12,36.71,28.66
1387500,5056.15,-469.67,595.53,42.51,0.04,7.68,1.21,-28.18,40.81,28.07
1387600,5046.17,-475.91,598.77,42.53,0.38,7.42,1.33,-28.06,41.58,28.74
1387700,5032.44,-466.55,609.34,42.51,0.1,7.22,1.38,-28.01,40.19,28.46
1387800,5045.34,-466.72,603.52,42.71,0.02,7.42,1.34,-28.05,44.63,28.42
1387900,5042.01,-469.71,602.18,42.45,0.08,7.48,1.3,-28.09,40.73,28.93
1388000,5047.83,-467.72,604.22,42.21,0,7.7,1.54,-27.84,34.54,28.19
1388100,5061.15,-475.12,589.54,42.71,0.32,7.44,1,-28.39,46.05,27.84
1388200,5051.16,-472.92,597.28,42.43,0.26,7.36,1.27,-28.12,42.9,28.62
1388300,5045.34,-468.97,600.19,42.59,0.24,7.16,0.9,-28.49,35.35,28.31
1388400,5059.9,-475.62,594.91,42.61,0.08,7.24,1.31,-28.08,39.85,28.11
1388500,5045.34,-473.17,607.47,42.47,0.18,7.34,1.32,-28.06,36.36,28.42
1388600,5035.35,-459.98,598.77,42.51,0.26,7.32,1.26,-28.13,30.14,28.07
1388700,5038.26,-465.81,601.48,42.67,0.28,7.42,1.31,-28.08,40.35,28.03
1388800,5032.02,-462.98,601.85,42.25,0.26,7.4,1.19,-28.19,40.35,28.35
1388900,5047,-470.92,598.86,42.61,0.16,7.44,1.21,-28.17,43.32,28.62
1389000,5039.1,-474,607.22,42.31,0.28,7.58,1.22,-28.17,36.71,28.42
1389100,5048.25,-472.54,596.9,42.49,0.18,7.08,1.31,-28.08,37.95,28.42
1389200,5039.51,-464.97,597.94,42.41,0.2,7.76,1.29,-28.1,33.96,28.31
1389300,5040.34,-469.71,604.35,42.33,0.24,7.36,1.44,-27.94,40.54,28.66
1389400,5052.41,-464.39,593.12,42.47,0.1,7.46,1.23,-28.15,51.24,28.46
1389500,5038.26,-472.96,598.57,42.73,0.26,7.38,1.41,-27.98,34.93,28.5
1389600,5040.76,-463.02,602.89,42.37,0.12,7.36,0.99,-28.4,33.84,28.46
1389700,5049.5,-471.21,595.82,42.41,0.2,7.34,1.64,-27.75,40.04,28.5
1389800,5042.42,-471.96,603.06,42.37,0.46,7.7,0.94,-28.44,40.81,28.39
1389900,5035.35,-459.11,610.42,42.35,0.3,7.46,1.42,-27.97,44.13,28.46
1390000,5061.98,-475.04,594.95,42.31,0.24,7.54,1,-28.39,43.13,28.7
1390100,5040.76,-470.63,607.8,42.57,0.06,7.42,1.33,-28.06,40.27,28.58
1390200,5039.1,-475.12,600.44,42.39,0.16,7.36,1.09,-28.3,43.78,29.13
1390300,5034.94,-468.22,609.13,42.47,0.12,7.84,1.48,-27.91,36.98,28.39
1390400,5034.94,-461.02,605.05,42.43,0.14,7.44,1.23,-28.16,42.7,28.54
1390500,5043.67,-465.47,599.9,42.51,-0.08,7.78,1.31,-28.08,32.87,28.97
1390600,5049.5,-468.8,607.05,42.55,0.16,7.72,1.38,-28.01,36.79,28.58
1390700,5038.68,-468.67,606.3,42.21,0.24,7.38,1.4,-27.98,37.06,28.74
1390800,5046.17,-477.37,599.11,42.33,0.38,7.08,1.29,-28.1,43.63,28.54
1390900,5038.68,-469.38,603.97,42.39,0.04,7.86,1.32,-28.07,33.61,28.58
1391000,5044.92,-468.8,603.14,42.23,0.12,7.84,1.13,-28.26,38.45,28.42
1391100,5054.49,-469.17,598.32,42.33,0.48,7.4,1.43,-27.96,40.39,28.54
1391200,5048.25,-466.64,597.61,42.35,0.12,7.5,1.45,-27.94,43.28,28.81
1391300,5052.41,-474.83,599.69,42.41,0.32,7.62,1.46,-27.93,39.85,28.85
1391400,5038.26,-468.3,608.55,42.35,0.22,7.06,1.28,-28.11,27.1,28.74
1391500,5054.07,-469.92,601.06,42.57,0.3,7.26,1.25,-28.13,33.49,28.66
1391600,5056.57,-477.53,601.81,42.23,0.46,7.3,1.19,-28.2,29.36,28.89
1391700,5037.43,-468.84,606.47,42.31,0.32,7.12,1.01,-28.38,39.73,28.85
1391800,5048.25,-465.51,595.82,42.43,0.16,7.62,1.45,-27.94,34.46,28.7
1391900,5045.75,-467.93,598.52,42.21,0.14,7.54,1.48,-27.91,37.95,28.5
1392000,5037.43,-467.01,613.66,42.65,0.18,7.24,1.15,-28.24,34.73,28.31
1392100,5047.83,-469.42,601.89,42.47,0.08,7.84,1.32,-28.06,38.41,28.7
1392200,5056.99,-467.43,604.76,42.39,0.2,7.32,1,-28.39,28.15,28.35
1392300,5049.5,-467.63,600.52,42.51,0.26,7.74,1.41,-27.98,35.94,28.97
1392400,5042.84,-465.1,601.69,42.55,0.18,7.48,1.24,-28.15,39.07,28.42
1392500,5037.02,-468.76,604.35,42.39,0.28,7.68,1.05,-28.33,44.21,28.81
1392600,5051.99,-468.43,598.61,42.49,0.12,7.36,1.38,-28.01,35.31,28.97
1392700,5047.83,-469.42,605.43,42.41,0.18,7.2,1.01,-28.38,46.78,28.58
1392800,5036.6,-455.12,601.69,42.47,0.14,7.24,1.13,-28.25,38.45,28.54
1392900,5049.08,-465.81,604.22,42.12,0.42,6.96,1.4,-27.98,39.23,28.93
1393000,5036.18,-458.24,599.11,42.41,0.24,7.36,1.15,-28.23,42.32,28.66
1393100,5042.42,-469.09,603.52,42.33,0.24,7.42,1.17,-28.21,39.34,28.85
1393200,5056.15,-477.08,604.47,42.59,0.12,7.36,1.26,-28.13,48.7,28.85
1393300,5044.5,-469.67,613.58,42.47,-0.02,7.16,1.04,-28.35,40.19,28.39
1393400,5048.66,-478.24,611.09,42.39,0.26,7.34,1.2,-28.19,36.32,28.58
1393500,5043.67,-465.22,610.92,42.31,0.34,7.6,1.29,-28.1,39.73,28.81
1393600,5041.59,-466.47,598.61,42.29,0.3,7.24,1.05,-28.33,37.6,28.85
1393700,5056.15,-470.26,595.36,42.67,0.26,7.36,1.4,-27.99,38.03,28.39
1393800,5037.02,-458.19,610.88,42.75,0.22,7.3,1.26,-28.13,38.69,28.54
1393900,5054.49,-463.81,594.82,42.45,0.28,7.76,1.35,-28.04,43.24,28.78
1394000,5044.5,-468.13,609.34,42.27,0.26,7.58,1.12,-28.27,38.69,28.81
1394100,5037.02,-467.01,608.71,42.43,0.2,7.36,1.17,-28.22,40.97,28.74
1394200,5049.5,-474.54,603.43,42.63,0.28,7.04,1.21,-28.18,44.21,28.5
1394300,5044.09,-465.26,611.46,42.31,0.26,7.54,1.01,-28.38,46.44,28.42
1394400,5047.42,-466.1,603.22,42.41,0.16,7.32,1.33,-28.06,39.96,28.35
1394500,5052.82,-467.84,602.27,42.27,0.12,7.86,1.16,-28.23,39,29.17
1394600,5017.46,-449.25,620.28,42.43,0.22,7.4,1.34,-28.04,39.58,28.7
1394700,5034.1,-464.27,610.59,42.63,0.12,7.64,1.05,-28.33,37.56,28.5
1394800,5048.25,-466.55,612.46,42.43,0.08,7.26,1.19,-28.19,36.9,29.13
1394900,5037.02,-458.28,607.84,42.37,0.08,7.22,1.27,-28.12,47.82,28.93
1395000,5058.65,-469.55,590.41,42.43,0.28,7.42,1.31,-28.08,39.19,28.74
1395100,5056.99,-471.29,593.7,42.41,0.04,7.74,1.46,-27.92,42.9,28.74
1395200,5046.58,-464.31,601.6,42.19,0.22,7.34,1.07,-28.32,39.61,28.23
1395300,5054.07,-470.01,598.69,42.51,0.14,7.08,1.36,-28.03,43.05,28.46
1395400,5045.75,-469.55,604.06,42.59,0.26,7.4,1.34,-28.04,43.2,28.46
1395500,5036.18,-468.84,614.58,42.45,0.1,7.48,1.01,-28.38,36.17,28.7
1395600,5043.67,-462.85,608.63,42.43,0.14,7.7,1.37,-28.02,36.36,28.7
1395700,5036.18,-462.31,609.3,42.31,0.22,7.36,1.07,-28.32,36.94,28.5
1395800,5046.58,-462.56,597.48,42.45,0.22,7.32,1.31,-28.08,36.94,28.74
1395900,5055.32,-480.03,596.28,42.51,0.24,7.38,1.26,-28.13,42.24,28.93
1396000,5048.66,-464.97,608.88,42.31,0.16,7.72,1.11,-28.28,41.04,28.66
1396100,5049.08,-472.67,604.55,42.39,0.12,7.66,1.07,-28.31,42.28,29.09
1396200,5043.67,-473.5,615.7,42.51,0.34,7.66,1.22,-28.17,41.08,28.5
1396300,5044.09,-466.55,606.76,42.45,0.16,6.91,1.31,-28.08,36.28,28.35
1396400,5037.85,-464.31,610.5,42.47,0.26,7.4,1.28,-28.11,31.97,28.35
1396500,5040.76,-465.85,607.72,42.27,0.32,7.62,1.19,-28.19,37.06,28.66
1396600,5054.07,-467.26,602.77,42.59,0.14,7.44,1.13,-28.26,39.61,28.35
1396700,5054.49,-471.21,606.22,42.45,0.28,7.26,1.49,-27.9,36.9,28.58
1396800,5039.51,-464.52,607.09,42.31,0.1,7.28,1.33,-28.06,41.39,28.39
1396900,5051.16,-465.76,600.35,42.37,0.18,7.32,1.3,-28.09,43.24,28.85
1397000,5044.09,-467.76,608.26,42.35,0.08,7.52,1.23,-28.15,46.75,28.54
1397100,5047.42,-468.05,604.72,42.53,0.2,7.2,1.21,-28.18,32.48,28.81
1397200,5051.16,-473.83,604.97,42.55,0.4,7.24,1.47,-27.92,41.43,28.78
1397300,5054.07,-465.97,600.27,42.37,0.32,7.42,1.17,-28.21,44.21,28.66
1397400,5047,-466.97,604.8,42.31,0.2,7.5,1.21,-28.18,45.9,29.17
1397500,5038.26,-463.52,601.39,42.27,0.1,7.56,1.25,-28.14,33.72,28.97
1397600,5054.91,-470.75,594.91,42.43,0.18,7.8,1.41,-27.98,36.67,29.79
1397700,5057.82,-472.04,594.12,42.31,0.18,7.46,1.25,-28.14,33.84,29.05
1397800,5048.25,-467.26,605.84,42.33,0.16,7.68,1.21,-28.17,37.49,29.01
1397900,5053.24,-468.43,600.81,42.43,0.26,7.54,1.23,-28.16,49.55,28.7
1398000,5049.5,-466.47,603.68,42.19,0.08,7.36,1.23,-28.16,41.39,28.85
1398100,5047.42,-471.21,606.51,42.27,0.24,7.38,1.23,-28.15,34.11,28.78
1398200,5052.41,-474.62,600.48,42.47,0.26,7.7,1.19,-28.2,38.22,28.31
1398300,5052.82,-472.42,607.18,42.39,0.12,7.34,1.34,-28.05,39.61,28.81
1398400,5037.02,-468.22,615.04,42.29,0.24,7.52,1.24,-28.15,38.96,29.2
1398500,5042.84,-461.77,605.43,42.51,0.18,7.54,1.25,-28.14,37.1,29.44
1398600,5052.41,-462.19,602.31,42.43,0.04,7.34,1.23,-28.16,46.51,28.74
1398700,5050.74,-465.47,596.82,42.43,0.2,7.2,1.38,-28.01,45.09,29.2
1398800,5054.07,-473.5,607.13,42.29,0.08,7.36,1.23,-28.15,39.61,29.52
1398900,5053.24,-472.08,604.64,42.43,0.1,7.44,1.28,-28.11,39.5,29.56
1399000,5056.57,-468.47,598.61,42.41,0.18,7.66,1.23,-28.15,42.78,29.24
1399100,5054.07,-476.87,606.8,42.23,0.2,7.46,1.22,-28.17,44.51,28.46
1399200,5053.24,-468.3,603.81,42.51,0.06,7.86,1.15,-28.23,41.43,28.97
1399300,5042.01,-471.09,598.9,42.43,0.24,7.8,1.12,-28.27,38.88,28.78
1399400,5044.92,-468.72,605.97,42.35,0.32,7.34,1.14,-28.25,40.39,28.85
1399500,5042.01,-466.8,613.58,42.43,0.04,7.3,1.38,-28.01,43.28,28.89
1399600,5051.16,-474.46,611.38,42.35,0.12,7.48,1.37,-28.02,36.9,29.28
1399700,5053.24,-466.14,606.01,42.33,-1.02,7.6,1.44,-27.95,33.84,28.85
1399800,5056.57,-468.92,602.85,42.35,0.3,7.44,1.4,-27.99,40.93,28.81
1399900,5057.82,-482.57,602.27,42.43,0.28,7.6,1.14,-28.25,49.66,28.7
1400000,5047.83,-469.3,606.88,42.63,0.06,7.58,1.21,-28.18,34.5,29.28
1400100,5051.99,-467.43,612.67,42.27,0.22,7.42,1.3,-28.09,41.01,29.28
1400200,5042.42,-466.84,611.46,42.37,0.02,7.48,1.16,-28.23,46.4,28.62
1400300,5036.18,-458.9,618.2,42.33,0.26,7.42,1.4,-27.98,32.36,28.93
1400400,5051.99,-468.67,601.98,42.51,0.14,7.4,1.31,-28.08,43.01,28.85
1400500,5034.52,-463.14,610.42,42.31,0.2,7.46,1.19,-28.19,43.44,29.05
1400600,5053.24,-465.39,600.73,42.49,0.42,7.7,1.21,-28.18,45.59,28.66
1400700,5045.75,-466.8,612,42.57,0.14,7.3,1.27,-28.12,42.93,28.66
1400800,5052.41,-469.63,605.18,42.51,0.14,7.48,1.32,-28.06,34.03,29.2
1400900,5053.66,-468.05,601.64,42.45,0.1,7.32,1.18,-28.21,44.67,28.93
1401000,5049.91,-473.54,608.67,42.43,0.34,7.44,1.15,-28.23,37.29,29.17
1401100,5045.34,-465.1,607.59,42.41,0.34,7.58,1.27,-28.12,47.55,28.15
1401200,5050.74,-465.31,611.88,42.51,0.16,7.54,1.15,-28.23,41.24,28.74
1401300,5051.99,-472.08,611.71,42.49,0.18,7.42,1.23,-28.16,36.25,29.28
1401400,5050.33,-468.59,600.4,42.63,0.16,7.32,1.23,-28.16,42.39,29.13
1401500,5044.09,-461.4,607.55,42.41,0.18,7.4,1.17,-28.21,41.16,29.75
1401600,5048.25,-471.38,609.09,42.31,0.24,7.62,1.19,-28.19,40.35,29.28
1401700,5057.4,-463.23,603.76,42.29,0.2,7.32,1.5,-27.89,39.61,28.89
1401800,5053.66,-470.59,607.92,42.47,0.18,7.18,1.27,-28.12,38.61,29.52
1401900,5048.66,-464.39,603.97,42.21,0.2,7.66,1.21,-28.17,40.08,28.89
1402000,5048.66,-466.51,604.39,42.61,0.26,7.16,1.3,-28.09,45.36,28.62
1402100,5041.18,-469.59,610.67,42.37,0.22,7.6,1.32,-28.06,35.59,29.95
1402200,5041.59,-458.69,615.04,42.53,0.32,7.52,1.18,-28.21,38.84,28.85
1402300,5047.83,-464.35,609.17,42.33,0.18,7.08,1.15,-28.24,44.36,28.5
1402400,5049.91,-468.38,611.79,42.41,0.18,7.44,1.27,-28.12,42.36,29.17
1402500,5050.74,-475.5,609.42,42.47,0.1,7.32,1.15,-28.23,40.93,28.81
1402600,5054.91,-479.28,609.92,42.43,0.08,7.42,1.4,-27.99,43.05,28.93
1402700,5041.18,-467.3,607.72,42.55,0.1,7.48,1.25,-28.13,36.01,29.4
1402800,5044.09,-471.79,608.22,42.45,0.12,7.54,1.05,-28.34,37.72,29.48
1402900,5049.08,-464.1,607.8,42.47,0.06,7.52,1.25,-28.14,37.76,29.48
1403000,5049.08,-464.72,598.61,42.43,0.22,7.56,1.29,-28.1,35.16,28.74
1403100,5043.67,-468.18,609.8,42.49,0.04,7.56,1.22,-28.17,38.69,29.01
1403200,5046.17,-461.23,605.68,42.47,0.1,7.54,1.4,-27.99,41.62,28.85
1403300,5056.57,-469.63,599.86,42.31,0.34,7.7,1.17,-28.22,38.8,29.13
1403400,5043.67,-470.67,612.37,42.53,0.28,7.5,1.27,-28.12,32.67,29.4
1403500,5046.58,-468.72,601.19,42.41,0.16,7.44,1.19,-28.19,41.74,29.09
1403600,5039.93,-461.77,604.72,42.31,0.1,7.6,1.34,-28.05,42.93,28.81
1403700,5040.34,-462.39,607.18,42.49,0.06,7.34,1.21,-28.18,35.82,29.36
1403800,5042.42,-465.47,616.41,42.35,0.04,7.78,1.13,-28.25,43.9,28.62
1403900,5051.99,-469.13,608.26,42.27,0.12,7.32,1.3,-28.09,39.42,28.62
1404000,5051.99,-472.92,608.59,42.33,0.08,7.56,1.21,-28.18,36.83,28.78
1404100,5059.48,-474.41,599.77,42.47,0.28,7.22,1.04,-28.35,42.51,29.4
1404200,5045.34,-472.33,609.5,42.45,0.2,7.6,1.3,-28.09,40.04,28.93
1404300,5044.5,-462.23,611.92,42.39,0.28,7.42,1.32,-28.06,24.98,29.05
1404400,5049.08,-466.93,606.63,42.33,0.32,7.4,1.21,-28.17,38.42,29.56
1404500,5039.51,-457.94,606.55,42.59,-0.02,7.56,1.17,-28.22,38.45,29.4
1404600,5051.58,-467.97,604.6,42.45,0.2,7.46,1.19,-28.19,38.07,29.75
1404700,5054.07,-475.54,604.31,42.55,0.22,7.32,1.23,-28.15,41.74,29.13
1404800,5034.94,-467.3,619.82,42.53,0.36,7.42,1.19,-28.2,35,28.89
1404900,5062.81,-478.53,602.48,42.43,0.2,7.74,1.33,-28.06,36.79,29.05
1405000,5041.59,-466.43,610.21,42.37,0.26,7.34,1.22,-28.17,52.61,28.54
1405100,5044.09,-463.77,610.54,42.59,0.28,7.6,1.24,-28.15,31.08,29.28
1405200,5054.07,-469.55,597.48,42.49,0.16,7.38,1.21,-28.18,34.31,28.78
1405300,5034.94,-465.18,616.58,42.43,0.28,7.44,1.23,-28.16,43.71,29.52
1405400,5046.58,-464.93,604.01,42.47,0.26,7.58,1.28,-28.11,30.06,29.52
1405500,5055.74,-474,603.14,42.37,0.08,7.4,1.23,-28.15,40.73,29.09
1405600,5046.17,-470.26,609.88,42.53,0.06,7.44,1.24,-28.15,38.41,29.44
1405700,5044.09,-471.21,607.67,42.47,0.12,7.66,1.27,-28.12,49.43,29.36
1405800,5037.85,-460.52,612.21,42.61,0.4,7.76,1.33,-28.06,36.09,28.62
1405900,5037.85,-463.68,618.57,42.41,0.24,7.36,1.22,-28.17,39.69,29.44
1406000,5044.92,-457.36,604.47,42.45,0.06,7.78,1.23,-28.16,36.05,28.74
1406100,5042.84,-462.64,614.04,42.41,0.16,7.04,1.19,-28.19,39.11,29.56
1406200,5050.33,-473.91,601.98,42.39,0.1,7.62,1.28,-28.11,36.59,29.48
1406300,5054.91,-470.71,602.6,42.53,0.32,7.62,1.19,-28.2,43.05,29.13
1406400,5048.66,-471.05,617.2,42.35,0.16,7.68,1.27,-28.12,33.1,28.93
1406500,5050.33,-461.06,605.26,42.51,0.42,7.46,1.24,-28.15,44.17,29.28
1406600,5049.91,-471.75,607.05,42.57,0.18,7.58,1.11,-28.28,42.2,28.93
1406700,5053.24,-467.26,604.6,42.65,0.12,7.74,1.09,-28.3,38.49,28.7
1406800,5048.25,-474.83,610.38,42.47,0.24,7.28,1.34,-28.04,45.55,29.75
1406900,5036.6,-459.77,612.62,42.37,0.28,7.28,1.44,-27.95,46.17,29.63
1407000,5044.5,-464.02,609.13,42.51,0.36,7.22,1.25,-28.14,49.01,28.7
1407100,5061.98,-469.55,596.4,42.57,0.2,7.62,1.26,-28.13,36.98,28.89
1407200,5045.75,-467.84,601.23,42.49,0.1,7.54,1.16,-28.23,38.07,29.09
1407300,5052.82,-471.63,602.48,42.51,0.38,7.54,1.36,-28.02,46.28,29.28
1407400,5056.15,-467.01,602.35,42.23,0.26,7.52,1.15,-28.24,40.73,29.75
1407500,5054.49,-464.72,597.4,42.37,0.18,7.52,1.23,-28.16,34.38,29.36
1407600,5057.82,-470.42,595.32,42.27,0.16,7.6,1.18,-28.21,42.09,29.24
1407700,5053.24,-472.71,603.56,42.51,0.24,7.46,1.05,-28.33,43.51,28.93
1407800,5041.59,-461.98,605.8,42.75,0.34,7.46,1.43,-27.96,41.24,28.89
1407900,5046.17,-471.46,612.33,42.37,0.34,6.83,1.1,-28.29,38.61,28.93
1408000,5044.92,-465.35,611.13,42.31,0.14,7.66,1.33,-28.06,34.81,28.97
1408100,5044.92,-466.8,611.33,42.39,0.06,7.56,1.05,-28.34,34.54,29.52
1408200,5037.43,-465.06,610.05,42.47,0.38,7.52,1.33,-28.06,40.58,29.13
1408300,5049.08,-468.34,604.55,42.61,0.14,7.38,1.35,-28.04,32.87,29.17
1408400,5047,-466.18,605.8,42.47,0.32,7.98,1.29,-28.1,41.82,29.05
1408500,5049.91,-470.38,610.96,42.37,0.06,7.5,1.21,-28.18,40.19,29.4
1408600,5042.01,-465.93,607.3,42.41,0.36,7.58,1.19,-28.19,37.76,29.28
1408700,5046.58,-468.01,610.67,42.21,0.1,7.36,1.12,-28.27,41.39,29.32
1408800,5037.02,-460.02,603.43,42.25,0.16,7.6,1.1,-28.29,32.83,29.24
1408900,5044.92,-466.55,604.26,42.59,0.16,7.26,1.23,-28.16,40.16,29.32
1409000,5040.34,-459.23,605.01,42.51,0.1,7.46,1.26,-28.13,41.58,28.97
1409100,5056.15,-470.09,601.64,42.25,0.32,7.6,1.03,-28.36,39.54,29.56
1409200,5054.49,-462.77,603.76,42.39,0.06,7.44,1.48,-27.91,42.36,29.32
1409300,5037.43,-472.29,612.12,42.29,0.18,7.82,1.31,-28.08,40.19,28.93
1409400,5042.84,-459.07,607.63,42.41,0.18,7.6,1.13,-28.26,43.55,29.2
1409500,5041.18,-467.88,609.96,42.55,0.1,7.32,1.42,-27.96,45.82,28.74
1409600,5040.34,-468.01,609.38,42.55,0.18,7.56,1.2,-28.19,35.66,29.32
1409700,5042.42,-463.43,605.14,42.51,0.12,7.16,1.25,-28.14,39.23,29.4
1409800,5022.87,-462.19,617.12,42.43,0.12,7.4,1.15,-28.24,42.97,29.13
1409900,5045.75,-465.39,606.3,42.59,0.12,7.54,1.25,-28.13,33.99,29.56
1410000,5048.25,-469.22,605.59,42.31,0.38,7.52,1.29,-28.1,37.02,28.97
1410100,5043.26,-463.52,607.55,42.45,0.28,7.54,1.34,-28.04,46.4,29.32
1410200,5046.17,-474.08,608.51,42.35,0.2,7.26,1.38,-28,38.8,29.32
1410300,5049.5,-477.12,609.42,42.49,0.2,7.6,1.18,-28.21,39.85,28.93
1410400,5041.18,-468.76,610.25,42.41,0.4,7.54,1.18,-28.21,40.66,29.75
1410500,5044.5,-467.76,605.18,42.45,0.16,7.36,1.28,-28.11,33.61,29.48
1410600,5044.09,-466.47,608.26,42.53,0.24,7.48,1.32,-28.07,39.92,29.52
1410700,5047,-462.15,608.51,42.29,0.08,7.48,1.17,-28.22,38.41,29.44
1410800,5054.49,-468.76,597.82,42.43,0.16,7.54,1.36,-28.03,39.07,29.01
1410900,5033.69,-462.35,608.67,42.87,0.02,7.62,1.25,-28.14,43.17,29.56
1411000,5038.26,-462.31,607.63,42.55,0.1,7.78,1.22,-28.17,38.49,28.78
1411100,5046.58,-470.26,611.96,42.37,0.22,7.46,1.29,-28.1,37.6,29.44
1411200,5048.66,-464.85,608.51,42.53,0.44,7.44,1.21,-28.18,37.91,28.85
1411300,5047,-465.51,595.7,42.19,0.16,7.24,1.19,-28.19,40.23,29.71
1411400,5043.67,-468.3,604.01,42.27,0.28,7.6,1.01,-28.38,37.49,29.05
1411500,5038.68,-457.36,603.81,42.35,0.1,7.2,1.19,-28.2,38.38,29.2
1411600,5054.49,-472.88,598.36,42.19,0.2,7.3,1.24,-28.15,36.36,29.28
1411700,5048.25,-468.13,609.3,42.81,0.08,7.48,1.24,-28.15,39.03,29.01
1411800,5051.16,-466.3,600.69,42.53,0.54,7.56,1.25,-28.13,43.28,29.24
1411900,5034.94,-466.64,608.92,42.31,0.44,7.68,1.27,-28.12,32.83,29.17
1412000,5046.17,-468.51,599.48,42.61,0.12,7.56,1.11,-28.28,38.84,29.4
1412100,5055.32,-469.88,595.99,42.45,0.26,7.74,1.32,-28.06,40.85,29.67
1412200,5054.07,-473.33,603.93,42.55,0.28,7.7,1.11,-28.28,38.26,29.56
1412300,5051.16,-471.5,602.68,42.37,0.22,7.84,1.06,-28.33,41.97,29.17
1412400,5048.25,-473.79,601.98,42.43,0.48,7.46,1.15,-28.23,37.72,29.83
1412500,5034.1,-465.51,611.5,42.57,0.22,7.52,1.34,-28.05,41.12,29.24
1412600,5053.24,-472.29,600.48,42.35,0.22,7.56,1.15,-28.23,40.43,29.28
1412700,5049.08,-470.01,611.71,42.51,0.22,7.62,1.58,-27.81,41.39,29.13
1412800,5045.34,-470.46,602.06,42.47,0.4,7.24,1.25,-28.13,40.5,29.32
1412900,5036.6,-462.27,598.9,42.65,0.24,7.34,1.26,-28.13,39.46,28.93
1413000,5049.5,-471.25,598.65,42.33,0.14,7.72,1.23,-28.15,41.85,29.56
1413100,5035.35,-463.27,606.51,42.29,0.42,7.18,1.13,-28.25,42.12,29.95
1413200,5046.17,-472,605.89,42.41,-0.02,7.46,1.28,-28.11,38.11,29.4
1413300,5050.74,-476.04,605.1,42.49,0.14,7.58,1.11,-28.28,42.66,29.6
1413400,5054.91,-472.08,602.97,42.51,0.38,7.68,1.39,-28,43.47,29.63
1413500,5034.1,-466.18,604.8,42.53,0.18,7.38,1.3,-28.09,34.46,29.32
1413600,5040.34,-465.76,606.14,42.55,0.14,7.58,1.27,-28.12,46.86,29.32
1413700,5047.83,-479.82,603.43,42.47,0.14,7.56,1.27,-28.12,46.48,29.32
1413800,5043.26,-468.26,606.18,42.65,0.2,7.36,1.09,-28.3,47.01,29.32
1413900,5053.66,-468.63,602.48,42.71,0.18,7.74,1.38,-28.01,37.8,29.63
1414000,5044.5,-473,604.1,42.31,0.64,7.02,1.11,-28.28,35,29.6
1414100,5056.15,-474.46,589.46,42.43,-0.06,7.4,1.28,-28.11,42.66,29.17
1414200,5049.91,-473.91,598.82,42.59,0.38,7.6,1.34,-28.04,30.65,29.67
1414300,5041.59,-469.67,605.8,42.51,0.04,7.64,1.11,-28.28,46.21,29.75
1414400,5044.09,-464.68,601.6,42.15,0.16,7.36,1.19,-28.2,43.36,29.56
1414500,5056.99,-475.95,601.1,42.45,0.5,7.32,1.38,-28.01,36.05,28.93
1414600,5041.18,-470.38,603.64,42.63,0.1,7.48,0.96,-28.43,44.05,29.52
1414700,5047,-467.3,602.1,42.49,0.2,7.76,1.42,-27.96,43.05,29.36
1414800,5046.17,-469.8,605.72,42.29,0.16,7.62,1.32,-28.07,34.54,29.71
1414900,5039.1,-464.06,614.41,42.29,0.4,7.36,1.24,-28.15,43.86,29.36
1415000,5053.66,-469.01,597.03,42.29,0.28,7.54,1.07,-28.32,37.72,29.83
1415100,5036.6,-465.93,603.14,42.31,0.3,7.36,1.25,-28.14,36.21,30.18
1415200,5048.66,-466.35,593.66,42.51,0.36,7.4,1.03,-28.36,33.02,30.22
1415300,5046.58,-472.25,599.69,42.53,0.36,7.4,1.17,-28.22,32.71,30.26
1415400,5047.42,-465.85,601.52,42.57,0,7.86,0.98,-28.41,41.51,29.6
1415500,5044.5,-469.3,600.15,42.41,0.46,7.24,1.4,-27.99,43.2,29.56
1415600,5044.5,-468.92,600.52,42.39,0.24,7.46,1.42,-27.97,39.54,29.32
1415700,5034.1,-463.19,604.26,42.57,0.1,7.3,1.2,-28.19,42.7,29.4
1415800,5050.33,-470.96,594.57,42.49,0.2,7.46,1.19,-28.19,43.05,29.4
1415900,5050.74,-469.8,601.52,42.41,0.16,7.84,1.25,-28.14,38.92,29.95
1416000,5048.25,-469.59,591.83,42.61,0.18,7.34,1.42,-27.96,38.88,29.4
1416100,5047,-473.42,596.24,42.57,0.16,7.26,1.03,-28.36,37.18,28.93
1416200,5043.26,-471.5,601.48,42.29,0.08,7.5,1.09,-28.3,47.32,29.91
1416300,5049.5,-462.81,590.95,42.41,0.22,7.18,0.84,-28.54,42.86,29.52
1416400,5053.66,-473.54,598.4,42.57,0.14,7.36,1.17,-28.21,40.08,29.4
1416500,5042.42,-464.93,602.1,42.41,0.24,7.34,1.27,-28.12,42.63,29.56
1416600,5054.91,-471.21,597.48,42.43,0.02,7.42,1.04,-28.35,49.24,29.48
1416700,5046.17,-475.37,597.65,42.43,0,7.34,0.95,-28.44,37.83,29.2
1416800,5044.5,-474.12,596.44,42.57,0.26,7.26,1.45,-27.94,37.1,29.44
1416900,5042.84,-462.06,604.22,42.45,0.46,7.74,1.44,-27.94,35.97,29.24
1417000,5045.34,-467.88,603.35,42.35,0.18,7.62,1.51,-27.88,42.9,29.95
1417100,5050.74,-468.51,601.31,42.31,0.16,7.82,1.22,-28.17,36.56,29.79
1417200,5051.58,-475.12,595.45,42.31,0.16,7.3,1.15,-28.24,37.83,29.44
1417300,5042.01,-468.76,605.39,42.65,0.16,7.48,1.23,-28.15,38.14,29.63
1417400,5040.34,-465.26,602.6,42.19,0.18,7.42,1.04,-28.35,39.65,29.87
1417500,5040.76,-470.05,608.13,42.59,0.1,7.6,1.32,-28.07,46.13,29.56
1417600,5057.82,-476.04,596.86,42.39,0.1,7.26,1.2,-28.19,38.76,29.13
1417700,5051.99,-467.97,594.45,42.51,0.12,7.44,1.33,-28.06,41.04,29.87
1417800,5045.75,-471.05,600.89,42.67,0.18,7.48,1.17,-28.21,30.34,29.67
1417900,5049.08,-471,602.43,42.33,0.5,7.94,1.27,-28.12,37.87,29.56
1418000,5041.59,-469.13,607.72,42.75,0.22,7.34,1.05,-28.34,36.13,29.6
1418100,5040.76,-466.22,607.8,42.49,0.14,7.52,1.3,-28.09,36.28,29.4
1418200,5043.67,-471.42,597.23,42.57,0.24,7.44,1.21,-28.17,38.53,29.63
1418300,5053.66,-470.96,599.48,42.55,0.14,7.72,0.96,-28.43,42.36,29.48
1418400,5042.84,-464.1,597.44,42.29,0.04,7.5,1.36,-28.02,50.39,29.24
1418500,5049.08,-470.21,607.76,42.49,0.3,7.34,1.52,-27.87,44.36,29.56
1418600,5040.76,-470.55,600.94,42.57,0.22,7.7,1.45,-27.94,35.74,29.48
1418700,5053.24,-466.1,599.11,42.25,0.5,8,1.21,-28.18,42.66,29.99
1418800,5042.01,-465.06,599.15,42.49,0.12,7.14,1.08,-28.31,33.76,30.02
1418900,5052.41,-468.18,598.02,42.29,0.56,7.44,1.21,-28.18,39.15,30.14
1419000,5044.09,-466.14,608.05,42.41,0.02,7.22,1.2,-28.19,43.44,29.01
1419100,5049.08,-467.47,601.81,42.35,0.3,7.28,1.09,-28.29,41.12,29.83
1419200,5044.09,-465.68,601.73,42.35,0.1,7.42,1.3,-28.09,43.44,29.83
1419300,5050.74,-474.12,597.19,42.39,0.3,7.44,1.32,-28.07,44.75,29.4
1419400,5054.07,-468.88,599.15,42.21,0.44,7.4,1.08,-28.31,41.58,29.4
1419500,5059.48,-471.75,596.28,42.53,0.36,7.84,1.23,-28.15,43.71,29.52
1419600,5049.08,-468.09,598.02,42.41,0.42,7.78,1.11,-28.28,48.74,29.71
1419700,5049.08,-467.43,598.94,42.31,0.48,7.52,1.23,-28.16,47.78,30.73
1419800,5055.74,-465.06,593.33,42.51,0.28,7.68,1.17,-28.22,43.44,30.1
1419900,5041.59,-466.64,600.73,42.57,0.12,7.64,1.17,-28.22,41.58,29.05
1420000,5042.01,-464.22,597.11,42.41,-0.02,7.54,1.49,-27.9,45.86,29.56
1420100,5051.99,-469.51,595.45,42.37,0.12,7.58,1.24,-28.15,44.48,29.52
1420200,5054.07,-472.21,602.81,42.61,0.5,7.3,0.94,-28.44,39.3,29.91
1420300,5039.1,-453.83,599.4,42.37,0.18,7.7,1.18,-28.21,42.36,30.26
1420400,5056.15,-471.09,590.54,42.55,-0.04,7.9,1.52,-27.86,40.93,29.01
1420500,5044.92,-474.87,601.6,42.43,0.38,7.4,1.03,-28.36,38.14,28.97
1420600,5052.41,-469.13,595.9,42.51,0.26,7.3,1.04,-28.35,32.6,29.99
1420700,5043.26,-469.34,598.48,42.55,0.24,7.34,1.17,-28.22,41.47,29.79
1420800,5047.42,-467.68,594.95,42.69,0.14,7.68,1.44,-27.95,38.69,29.4
1420900,5058.23,-474.54,593.87,42.55,0.4,7.78,1.02,-28.37,33.64,29.44
1421000,5047.42,-468.18,605.89,42.51,0.32,7.48,1,-28.39,34.77,29.75
1421100,5055.74,-462.56,596.36,42.49,0.08,7.44,1.09,-28.3,30.61,29.36
1421200,5054.07,-470.34,594.99,42.43,0.08,7.24,1.12,-28.27,35.08,29.24
1421300,5049.5,-471.75,598.57,42.25,0.56,7.62,1.23,-28.16,34.07,29.87
1421400,5064.89,-479.28,585.63,42.43,0.18,7.6,1.32,-28.06,45.17,30.57
1421500,5054.07,-467.43,595.57,42.57,0.16,7.26,1.42,-27.97,42.59,29.79
1421600,5043.26,-464.85,597.48,42.69,0.28,7.46,1.47,-27.92,31.62,29.48
1421700,5057.82,-464.56,594.2,42.29,0.14,7.34,1.12,-28.27,41.12,30.3
1421800,5054.07,-474.58,603.14,42.35,0.22,7.62,1.19,-28.2,37.56,30.57
1421900,5035.35,-472.88,605.64,42.63,0.32,7.22,1.32,-28.06,37.52,29.44
1422000,5044.5,-466.72,604.47,42.47,0.3,7.62,1.37,-28.02,34.23,29.79
1422100,5034.52,-458.86,606.76,42.33,0.16,7.54,0.94,-28.44,34.69,29.44
1422200,5047.83,-466.51,595.36,42.47,0.16,7.48,1.23,-28.16,30.84,29.17
1422300,5048.25,-464.18,597.69,42.45,0.2,7.4,1.22,-28.17,35.31,30.1
1422400,5049.91,-471.84,599.81,42.47,0.26,7.54,1.26,-28.13,38.96,30.1
1422500,5052.41,-471.67,600.19,42.43,0.06,7.52,1.31,-28.08,34.62,29.83
1422600,5053.24,-472.71,599.19,42.61,0.26,7.24,1.29,-28.1,39.27,29.95
1422700,5048.66,-469.46,601.64,42.35,0.1,7.5,1.21,-28.18,42.86,29.79
1422800,5049.91,-463.85,596.4,42.51,0.16,7.36,1.34,-28.05,42.55,30.02
1422900,5066.55,-475.41,600.23,42.35,0.02,7.56,1.03,-28.35,48.44,29.44
1423000,5049.08,-468.97,599.73,42.31,0.28,7.64,1.17,-28.21,32.91,29.48
1423100,5056.15,-467.09,592.45,42.27,0.18,7.38,1.22,-28.17,40.62,29.44
1423200,5059.07,-472.42,587.17,42.39,0.22,7.7,1.03,-28.35,39.3,29.28
1423300,5053.66,-475.2,599.4,42.45,0.12,7.5,1.08,-28.31,36.28,29.4
1423400,5056.99,-474.12,593.62,42.41,0.1,7.5,1.33,-28.06,36.79,29.95
1423500,5056.57,-477.12,593.16,42.41,0.02,7.5,1.35,-28.04,39.03,29.13
1423600,5053.66,-470.21,606.84,42.45,0.02,7.62,1.27,-28.12,40.43,29.09
1423700,5050.33,-467.34,596.9,42.69,0.02,7.4,1.34,-28.04,44.71,30.14
1423800,5051.16,-470.88,600.23,42.43,0.24,7.74,1.03,-28.36,36.4,29.44
1423900,5041.59,-466.01,603.18,42.41,0.2,7.78,1.34,-28.04,40.97,30.14
1424000,5042.01,-459.07,607.51,42.73,0.58,7.58,1.12,-28.27,41.39,29.6
1424100,5046.17,-468.92,596.32,42.45,0.24,7.56,1.16,-28.23,44.67,30.53
1424200,5033.69,-461.36,602.27,42.37,-0.02,7.28,1.29,-28.1,34.89,29.75
1424300,5049.08,-462.89,598.57,42.45,0.08,7.26,1.29,-28.1,43.82,29.79
1424400,5046.17,-461.4,596.49,42.39,0.26,7.7,1.19,-28.2,39.85,29.6
1424500,5049.5,-471.25,599.44,42.43,0.12,7.6,1.27,-28.12,36.98,29.91
1424600,5059.9,-474.95,595.32,42.41,0.36,7.54,1.11,-28.27,34.31,30.02
1424700,5050.33,-474.04,598.32,42.31,0.26,7.66,1.23,-28.15,38.11,29.95
1424800,5052.41,-473.79,604.76,42.17,0.14,7.16,1.28,-28.11,39.34,29.87
1424900,5057.82,-468.72,599.06,42.49,0.3,7.5,1.18,-28.21,39.77,29.95
1425000,5045.34,-467.88,603.85,42.51,0.26,7.54,1.14,-28.25,44.28,29.71
1425100,5052.41,-469.3,595.86,42.31,0.28,7.34,1.2,-28.19,43.59,30.22
1425200,5058.65,-471.71,593.74,42.49,0.22,7.78,1.13,-28.26,42.05,30.06
1425300,5029.11,-465.43,607.97,42.45,0.06,7.4,1.22,-28.17,37.37,29.71
1425400,5056.57,-476.29,601.14,42.55,0.42,7.54,1.16,-28.23,39.27,30.18
1425500,5051.99,-467.84,601.19,42.51,0.36,7.56,1.13,-28.25,41.93,29.91
1425600,5032.86,-458.65,600.69,42.53,0.02,7.3,1.18,-28.21,43.47,29.75
1425700,5047.42,-463.77,595.86,42.23,0.34,7.6,1.17,-28.21,42.36,29.6
1425800,5031.19,-457.61,598.73,42.37,0.22,7.48,1.31,-28.08,42.93,29.67
1425900,5054.91,-466.3,596.07,42.53,0.16,7.46,1.19,-28.2,40.16,29.71
1426000,5057.4,-466.72,599.31,42.63,0.34,7.56,1.21,-28.18,47.55,30.22
1426100,5056.99,-472.54,597.61,42.45,0.36,7.5,1.13,-28.25,45.82,29.71
1426200,5056.15,-471.29,599.23,42.49,0.28,7.5,1.12,-28.27,39.65,29.48
1426300,5051.58,-469.63,605.14,42.35,0.24,7.48,1.02,-28.37,42.36,29.79
1426400,5051.16,-467.43,598.11,42.45,0.18,7.52,1.13,-28.25,42.66,30.14
1426500,5050.33,-466.51,597.44,42.41,0.26,7.22,1.29,-28.1,44.24,30.1
1426600,5048.66,-467.68,604.76,42.51,0.14,7.46,1.18,-28.21,36.13,29.67
1426700,5042.42,-462.35,597.23,42.47,0.26,7.4,1.15,-28.23,41.93,30.41
1426800,5032.02,-458.15,607.22,42.35,0.38,7.24,1.34,-28.05,45.28,29.87
1426900,5050.74,-462.56,602.23,42.57,0.14,7.44,1.1,-28.29,41.08,29.6
1427000,5060.31,-475.79,594.74,42.31,0.3,7.38,1.32,-28.06,43.4,29.87
1427100,5047,-468.13,598.48,42.51,0.16,7.56,1.28,-28.11,36.21,29.83
1427200,5031.61,-456.82,604.6,42.65,0.26,7.46,1.28,-28.11,39.07,29.83
1427300,5040.76,-461.56,603.1,42.45,0.36,7.48,1.21,-28.17,43.13,29.56
1427400,5049.91,-468.97,600.98,42.51,0.02,7.44,1.09,-28.3,44.55,30.57
1427500,5044.5,-466.47,601.85,42.51,0.1,7.46,1.25,-28.13,41.08,29.95
1427600,5046.58,-466.01,602.81,42.59,0.04,7.44,1.05,-28.34,43.44,30.14
1427700,5042.84,-469.22,598.82,42.61,-0.04,7.54,1.06,-28.33,41.74,30.45
1427800,5049.5,-462.19,591.45,42.39,0.34,7.54,1.17,-28.21,36.28,29.79
1427900,5054.91,-468.63,589.12,42.47,0.24,7.5,1.15,-28.23,43.74,30.1
1428000,5040.76,-469.01,608.88,42.39,0.18,7.54,1.07,-28.31,38.57,30.26
1428100,5053.24,-465.93,599.11,42.51,0.08,7.54,1.1,-28.29,43.32,29.71
1428200,5046.58,-468.22,600.73,42.47,0.08,7.42,1.13,-28.25,29.79,29.56
1428300,5029.94,-459.61,616.49,42.39,0.2,7.42,1.34,-28.05,33.92,29.91
1428400,5040.76,-456.7,603.22,42.47,0.18,7.6,1.15,-28.24,36.63,29.99
1428500,5056.99,-472,600.52,42.35,0.22,7.12,0.98,-28.41,34.23,29.67
1428600,5044.09,-463.39,599.69,42.41,0.42,7.5,1.33,-28.06,45.78,30.26
1428700,5037.02,-461.15,610.59,42.33,0.06,7.52,1.17,-28.21,44.48,30.18
1428800,5051.58,-474,597.86,42.57,0.1,7.48,1.14,-28.25,48.4,30.49
1428900,5042.84,-466.26,602.93,42.55,0.14,7.48,1.17,-28.21,41.43,29.99
1429000,5044.5,-465.47,606.18,42.41,0.3,7.56,1.09,-28.3,38.65,29.79
1429100,5047.42,-462.98,592.74,42.29,0.24,7.56,1.13,-28.25,34.81,30.38
1429200,5058.65,-470.8,595.16,42.08,0.2,7.52,1.3,-28.09,38.38,30.06
1429300,5050.33,-468.05,593.87,42.63,0.26,7.3,1.22,-28.17,42.09,30.34
1429400,5048.25,-467.72,598.11,42.51,0.24,7.26,1.29,-28.1,42.59,29.52
1429500,5049.08,-471.88,595.24,42.45,-0.02,7.42,1.19,-28.19,38.07,29.91
