#version,serial,flight,call,time,state,state_name,acceleration,pressure,altitude,height,speed,temperature,drogue_voltage,main_voltage,battery_voltage,accel_x,accel_y,accel_z,gyro_roll,gyro_pitch,gyro_yaw,mag_x,mag_y,mag_z,tilt,pyro,igniter_a,igniter_b,igniter_c,igniter_d,connected,locked,nsat,latitude,longitude,altitude,year,month,day,hour,minute,second,pad_dist,pad_range,pad_az,pad_el,pdop,hdop,vdop,sat01,sat02,sat03,sat04,sat05,sat06,sat07,sat08,sat09,sat10,sat11,sat12,sat13,sat14,sat15,sat16,sat17,sat18,sat19,sat20,sat21,sat22,sat23,sat24,sat25,sat26,sat27,sat28,sat29,sat30,sat31,sat32
6,16410,3,KR4MFM,-0.3,3,   boost,14.58,91573,845.38,-57.44,0.1,52.7,4.17,4.2,4.11,19.25,-0.17,-1.17,-13.17,1.42,-7.87,0.7,-0.07,0.22,1.27,4.2,0,0,0,0,1,1,15,31.0423909,-103.522765,895,2026,6,20,23,46,36,0,18,130,-89,0.9,0.5,0.8,42,41,38,0,0,0,0,13,0,40,0,37,0,0,0,0,0,0,0,0,0,0,40,0,39,40,0,29,0,0,27,26
6,16410,3,KR4MFM,-0.29,3,   boost,12.57,91545,847.91,-54.91,0.18,52.7,4.17,4.2,4.11,24.66,-0.78,-0.73,-13.9,0.26,-6.53,0.7,-0.07,0.22,1.27,4.2,0,0,0,0,1,1,15,31.0423909,-103.522765,895,2026,6,20,23,46,36,0,18,130,-89,0.9,0.5,0.8,42,41,38,0,0,0,0,13,0,40,0,37,0,0,0,0,0,0,0,0,0,0,40,0,39,40,0,29,0,0,27,26
6,16410,3,KR4MFM,-0.28,3,   boost,16.6,91545,847.91,-54.91,0.3,52.7,4.17,4.2,4.11,25.02,-0.88,-0.17,-14.14,-0.29,-3.72,0.7,-0.07,0.22,1.27,4.2,0,0,0,0,1,1,15,31.0423909,-103.522765,895,2026,6,20,23,46,36,0,18,130,-89,0.9,0.5,0.8,42,41,38,0,0,0,0,13,0,40,0,37,0,0,0,0,0,0,0,0,0,0,40,0,39,40,0,29,0,0,27,26
6,16410,3,KR4MFM,-0.27,3,   boost,15.59,91526,849.63,-53.2,0.46,52.7,4.17,4.2,4.11,31.48,0.05,0.4,-14.02,0.13,-1.58,0.7,-0.08,0.22,1.27,4.2,0,0,0,0,1,1,15,31.0423909,-103.522765,895,2026,6,20,23,46,36,0,18,130,-89,0.9,0.5,0.8,42,41,38,0,0,0,0,13,0,40,0,37,0,0,0,0,0,0,0,0,0,0,40,0,39,40,0,29,0,0,27,26
6,16410,3,KR4MFM,-0.26,3,   boost,18.61,91526,849.63,-53.2,0.65,52.7,4.17,4.2,4.11,31.71,1.15,1.11,-13.96,-0.05,-1.52,0.7,-0.07,0.22,1.27,4.2,0,0,0,0,1,1,15,31.0423909,-103.522765,895,2026,6,20,23,46,36,0,18,130,-89,0.9,0.5,0.8,42,41,38,0,0,0,0,13,0,40,0,37,0,0,0,0,0,0,0,0,0,0,40,0,39,40,0,29,0,0,27,26
6,16410,3,KR4MFM,-0.25,3,   boost,20.62,91508,851.25,-51.57,0.85,52.7,4.17,4.2,4.11,36.22,1.71,1.92,-13.96,0.01,-4.51,0.7,-0.07,0.22,1.27,4.2,0,0,0,0,1,1,15,31.0423909,-103.522765,895,2026,6,20,23,46,36,0,18,130,-89,0.9,0.5,0.8,42,41,38,0,0,0,0,13,0,40,0,37,0,0,0,0,0,0,0,0,0,0,40,0,39,40,0,29,0,0,27,26
6,16410,3,KR4MFM,-0.24,3,   boost,23.64,91508,851.25,-51.57,1.08,52.7,4.17,4.2,4.11,37.71,1.19,1.69,-13.35,-0.48,-6.16,0.71,-0.07,0.22,1.27,4.2,0,0,0,0,1,1,15,31.0423909,-103.522765,895,2026,6,20,23,46,36,0,18,130,-89,0.9,0.5,0.8,42,41,38,0,0,0,0,13,0,40,0,37,0,0,0,0,0,0,0,0,0,0,40,0,39,40,0,29,0,0,27,26
6,16410,3,KR4MFM,-0.23,3,   boost,29.17,91501,851.89,-50.94,1.33,52.7,4.17,4.2,4.11,33.9,0.24,1.69,-13.41,0.13,-6.34,0.71,-0.07,0.22,1.27,4.2,0,0,0,0,1,1,15,31.0423909,-103.522765,895,2026,6,20,23,46,36,0,18,130,-89,0.9,0.5,0.8,42,41,38,0,0,0,0,13,0,40,0,37,0,0,0,0,0,0,0,0,0,0,40,0,39,40,0,29,0,0,27,26
6,16410,3,KR4MFM,-0.22,3,   boost,26.65,91501,851.89,-50.94,1.61,52.7,4.17,4.2,4.11,34.92,-0.56,1.8,-12.62,-0.23,-5.31,0.71,-0.07,0.22,1.27,4.2,0,0,0,0,1,1,15,31.0423909,-103.522765,895,2026,6,20,23,46,36,0,18,130,-89,0.9,0.5,0.8,42,41,38,0,0,0,0,13,0,40,0,37,0,0,0,0,0,0,0,0,0,0,40,0,39,40,0,29,0,0,27,26
6,16410,3,KR4MFM,-0.21,3,   boost,31.18,91478,853.97,-48.86,1.91,52.7,4.17,4.2,4.11,27.17,-0.68,1.51,-12.13,0.87,-3.05,0.71,-0.07,0.22,1.27,4.2,0,0,0,0,1,1,15,31.0423909,-103.522765,895,2026,6,20,23,46,36,0,18,130,-89,0.9,0.5,0.8,42,41,38,0,0,0,0,13,0,40,0,37,0,0,0,0,0,0,0,0,0,0,40,0,39,40,0,29,0,0,27,26
6,16410,3,KR4MFM,-0.2,3,   boost,38.72,91478,853.97,-48.86,2.23,52.7,4.17,4.2,4.11,22.9,-0.06,0.05,-11.21,3.25,-6.47,0.7,-0.07,0.22,1.27,4.2,0,0,0,0,1,1,15,31.0423909,-103.522765,895,2026,6,20,23,46,36,0,18,130,-89,0.9,0.5,0.8,42,41,38,0,0,0,0,13,0,40,0,37,0,0,0,0,0,0,0,0,0,0,40,0,39,40,0,29,0,0,27,26
6,16410,3,KR4MFM,-0.19,3,   boost,36.21,91471,854.6,-48.22,2.56,52.7,4.17,4.2,4.11,14.49,0.4,-1.06,-11.76,2.58,-5.25,0.7,-0.07,0.22,1.27,4.2,0,0,0,0,1,1,15,31.0423909,-103.522765,895,2026,6,20,23,46,36,0,18,130,-89,0.9,0.5,0.8,42,41,38,0,0,0,0,13,0,40,0,37,0,0,0,0,0,0,0,0,0,0,40,0,39,40,0,29,0,0,27,26
6,16410,3,KR4MFM,-0.18,3,   boost,29.67,91471,854.6,-48.22,2.89,52.7,4.17,4.2,4.11,12.52,0.58,-1.42,-9.2,5.99,-9.21,0.71,-0.07,0.21,1.27,4.2,0,0,0,0,1,1,15,31.0423909,-103.522765,895,2026,6,20,23,46,36,0,18,130,-89,0.9,0.5,0.8,42,41,38,0,0,0,0,13,0,40,0,37,0,0,0,0,0,0,0,0,0,0,40,0,39,40,0,29,0,0,27,26
6,16410,3,KR4MFM,-0.17,3,   boost,29.67,91439,857.49,-45.33,3.2,52.7,4.17,4.2,4.11,14.55,0.08,-1.88,-13.29,0.32,-7.02,0.71,-0.07,0.22,1.27,4.2,0,0,0,0,1,1,15,31.0423909,-103.522765,895,2026,6,20,23,46,36,0,18,130,-89,0.9,0.5,0.8,42,41,38,0,0,0,0,13,0,40,0,37,0,0,0,0,0,0,0,0,0,0,40,0,39,40,0,29,0,0,27,26
6,16410,3,KR4MFM,-0.16,3,   boost,33.19,91439,857.49,-45.33,3.5,52.7,4.17,4.2,4.11,15.85,-0.55,-1.73,-13.23,-0.84,-7.08,0.71,-0.07,0.22,1.27,4.2,0,0,0,0,1,1,15,31.0423909,-103.522765,895,2026,6,20,23,46,36,0,18,130,-89,0.9,0.5,0.8,42,41,38,0,0,0,0,13,0,40,0,37,0,0,0,0,0,0,0,0,0,0,40,0,39,40,0,29,0,0,27,26
6,16410,3,KR4MFM,-0.15,3,   boost,29.17,91422,859.03,-43.79,3.78,52.7,4.17,4.2,4.11,15.79,-0.92,-1.63,-12.62,-0.17,-5.43,0.71,-0.07,0.22,1.27,4.2,0,0,0,0,1,1,15,31.0423909,-103.522765,895,2026,6,20,23,46,36,0,18,130,-89,0.9,0.5,0.8,42,41,38,0,0,0,0,13,0,40,0,37,0,0,0,0,0,0,0,0,0,0,40,0,39,40,0,29,0,0,27,26
6,16410,3,KR4MFM,-0.14,3,   boost,23.64,91422,859.03,-43.79,4.02,52.7,4.17,4.2,4.11,22.57,-0.58,-1.31,-11.76,-0.54,-4.33,0.7,-0.07,0.22,1.27,4.2,0,0,0,0,1,1,15,31.0423909,-103.522765,895,2026,6,20,23,46,36,0,18,130,-89,0.9,0.5,0.8,42,41,38,0,0,0,0,13,0,40,0,37,0,0,0,0,0,0,0,0,0,0,40,0,39,40,0,29,0,0,27,26
6,16410,3,KR4MFM,-0.13,3,   boost,12.57,91400,861.02,-41.8,4.23,52.7,4.17,4.2,4.11,23.5,0.13,-0.34,-11.15,0.93,-3.9,0.7,-0.07,0.22,1.27,4.2,0,0,0,0,1,1,15,31.0423909,-103.522765,895,2026,6,20,23,46,36,0,18,130,-89,0.9,0.5,0.8,42,41,38,0,0,0,0,13,0,40,0,37,0,0,0,0,0,0,0,0,0,0,40,0,39,40,0,29,0,0,27,26
6,16410,3,KR4MFM,-0.12,3,   boost,16.09,91400,861.02,-41.8,4.42,52.7,4.17,4.2,4.11,32.04,0.98,0.85,-10.36,1.97,-5.31,0.71,-0.07,0.22,1.27,4.2,0,0,0,0,1,1,15,31.0423909,-103.522765,895,2026,6,20,23,46,36,0,18,130,-89,0.9,0.5,0.8,42,41,38,0,0,0,0,13,0,40,0,37,0,0,0,0,0,0,0,0,0,0,40,0,39,40,0,29,0,0,27,26
6,16410,3,KR4MFM,-0.11,3,   boost,14.08,91389,862.02,-40.81,4.6,52.7,4.17,4.2,4.11,36.22,1.14,1.62,-9.63,4.04,-7.57,0.71,-0.07,0.21,1.27,4.2,0,0,0,0,1,1,15,31.0423909,-103.522765,895,2026,6,20,23,46,36,0,18,130,-89,0.9,0.5,0.8,42,41,38,0,0,0,0,13,0,40,0,37,0,0,0,0,0,0,0,0,0,0,40,0,39,40,0,29,0,0,27,26
6,16410,3,KR4MFM,-0.1,3,   boost,17.1,91389,862.02,-40.81,4.79,52.7,4.17,4.2,4.11,37.46,0.93,2.14,-8.1,4.1,-10.62,0.71,-0.07,0.22,1.27,4.2,0,0,0,0,1,1,15,31.0423909,-103.522765,895,2026,6,20,23,46,36,0,18,130,-89,0.9,0.5,0.8,42,41,38,0,0,0,0,13,0,40,0,37,0,0,0,0,0,0,0,0,0,0,40,0,39,40,0,29,0,0,27,26
6,16410,3,KR4MFM,-0.09,3,   boost,22.63,91386,862.29,-40.53,5,52.7,4.17,4.2,4.11,35.52,0.18,1.94,-7.06,5.51,-12.14,0.71,-0.07,0.21,1.27,4.2,0,0,0,0,1,1,15,31.0423909,-103.522765,895,2026,6,20,23,46,36,0,18,130,-89,0.9,0.5,0.8,42,41,38,0,0,0,0,13,0,40,0,37,0,0,0,0,0,0,0,0,0,0,40,0,39,40,0,29,0,0,27,26
6,16410,3,KR4MFM,-0.08,3,   boost,26.65,91386,862.29,-40.53,5.24,52.7,4.17,4.2,4.11,29.74,-0.27,1.51,-6.58,5.69,-11.9,0.71,-0.07,0.22,1.27,4.2,0,0,0,0,1,1,15,31.0423909,-103.522765,895,2026,6,20,23,46,36,0,18,130,-89,0.9,0.5,0.8,42,41,38,0,0,0,0,13,0,40,0,37,0,0,0,0,0,0,0,0,0,0,40,0,39,40,0,29,0,0,27,26
6,16410,3,KR4MFM,-0.07,3,   boost,33.19,91361,864.55,-38.27,5.5,52.7,4.17,4.2,4.11,22.9,-0.31,0.54,-6.82,6.18,-11.35,0.71,-0.07,0.21,1.27,4.2,0,0,0,0,1,1,15,31.0423909,-103.522765,895,2026,6,20,23,46,36,0,18,130,-89,0.9,0.5,0.8,42,41,38,0,0,0,0,13,0,40,0,37,0,0,0,0,0,0,0,0,0,0,40,0,39,40,0,29,0,0,27,26
6,16410,3,KR4MFM,-0.06,3,   boost,29.17,91361,864.55,-38.27,5.76,52.7,4.17,4.2,4.11,16.97,0.01,-0.47,-7.12,5.93,-10.8,0.71,-0.07,0.21,1.27,4.2,0,0,0,0,1,1,15,31.0423909,-103.522765,895,2026,6,20,23,46,36,0,18,130,-89,0.9,0.5,0.8,42,41,38,0,0,0,0,13,0,40,0,37,0,0,0,0,0,0,0,0,0,0,40,0,39,40,0,29,0,0,27,26
6,16410,3,KR4MFM,-0.05,3,   boost,27.16,91340,866.45,-36.37,6.02,52.7,4.17,4.2,4.11,15.35,0.22,-1.42,-7.12,5.57,-10.62,0.71,-0.07,0.21,1.27,4.2,0,0,0,0,1,1,15,31.0423925,-103.5227672,913,2026,6,20,23,46,37,0,0,0,0,0.9,0.4,0.7,42,41,36,0,0,0,0,12,0,38,0,38,0,0,0,0,0,0,0,0,0,0,37,0,38,40,0,29,0,0,33,37
6,16410,3,KR4MFM,-0.04,3,   boost,22.13,91340,866.45,-36.37,6.26,52.7,4.17,4.2,4.11,16.6,0.29,-1.54,-7.61,4.04,-10.8,0.71,-0.07,0.21,1.27,4.2,0,0,0,0,1,1,15,31.0423925,-103.5227672,913,2026,6,20,23,46,37,0,0,0,0,0.9,0.4,0.7,42,41,36,0,0,0,0,12,0,38,0,38,0,0,0,0,0,0,0,0,0,0,37,0,38,40,0,29,0,0,33,37
6,16410,3,KR4MFM,-0.03,3,   boost,18.1,91319,868.36,-34.47,6.49,52.7,4.17,4.2,4.11,19.67,-0.04,-1.66,-7.92,1.78,-10.8,0.71,-0.07,0.21,1.27,4.2,0,0,0,0,1,1,15,31.0423925,-103.5227672,913,2026,6,20,23,46,37,0,0,0,0,0.9,0.4,0.7,42,41,36,0,0,0,0,12,0,38,0,38,0,0,0,0,0,0,0,0,0,0,37,0,38,40,0,29,0,0,33,37
6,16410,3,KR4MFM,-0.02,3,   boost,17.6,91319,868.36,-34.47,6.69,52.7,4.17,4.2,4.11,27.19,-0.29,-0.8,-8.22,0.62,-8.85,0.71,-0.07,0.21,1.27,4.2,0,0,0,0,1,1,15,31.0423925,-103.5227672,913,2026,6,20,23,46,37,0,0,0,0,0.9,0.4,0.7,42,41,36,0,0,0,0,12,0,38,0,38,0,0,0,0,0,0,0,0,0,0,37,0,38,40,0,29,0,0,33,37
6,16410,3,KR4MFM,-0.01,3,   boost,19.11,91317,868.54,-34.29,6.88,52.7,4.17,4.2,4.11,31.88,-0.27,0.56,-8.53,0.81,-6.89,0.71,-0.07,0.21,1.27,4.2,0,0,0,0,1,1,15,31.0423925,-103.5227672,913,2026,6,20,23,46,37,0,0,0,0,0.9,0.4,0.7,42,41,36,0,0,0,0,12,0,38,0,38,0,0,0,0,0,0,0,0,0,0,37,0,38,40,0,29,0,0,33,37
6,16410,3,KR4MFM,0,3,   boost,18.61,91317,868.54,-34.29,7.06,52.7,4.17,4.2,4.11,33.28,0.19,1.52,-8.1,0.75,-6.16,0.71,-0.07,0.21,1.27,4.2,0,0,0,0,1,1,15,31.0423925,-103.5227672,913,2026,6,20,23,46,37,0,0,0,0,0.9,0.4,0.7,42,41,36,0,0,0,0,12,0,38,0,38,0,0,0,0,0,0,0,0,0,0,37,0,38,40,0,29,0,0,33,37
6,16410,3,KR4MFM,0,3,   boost,18.61,91317,868.54,-34.29,7.06,52.7,4.17,4.2,4.11,33.28,0.19,1.52,-8.1,0.75,-6.16,0.71,-0.07,0.21,1.27,4.2,0,0,0,0,1,1,15,31.0423925,-103.5227672,913,2026,6,20,23,46,37,0,0,0,0,0.9,0.4,0.7,42,41,36,0,0,0,0,12,0,38,0,38,0,0,0,0,0,0,0,0,0,0,37,0,38,40,0,29,0,0,33,37
6,16410,3,KR4MFM,0,3,   boost,18.61,91317,868.54,-34.29,7.06,52.7,4.17,4.2,4.11,33.28,0.19,1.52,-8.1,0.75,-6.16,0.71,-0.07,0.21,1.27,4.2,0,0,0,0,1,1,15,31.0423925,-103.5227672,913,2026,6,20,23,46,37,0,0,0,0,0.9,0.4,0.7,42,41,36,0,0,0,0,12,0,38,0,38,0,0,0,0,0,0,0,0,0,0,37,0,38,40,0,29,0,0,33,37
6,16410,3,KR4MFM,0,3,   boost,18.61,91317,868.54,-34.29,7.06,52.7,4.17,4.2,4.11,33.28,0.19,1.52,-8.1,0.75,-6.16,0.71,-0.07,0.21,1.27,4.2,0,0,0,0,1,1,15,31.0423925,-103.5227672,913,2026,6,20,23,46,37,0,0,0,0,0.9,0.4,0.7,42,41,36,0,0,0,0,12,0,38,0,38,0,0,0,0,0,0,0,0,0,0,37,0,38,40,0,29,0,0,33,37
6,16410,3,KR4MFM,0,3,   boost,18.61,91317,868.54,-34.29,7.06,52.7,4.17,4.2,4.11,33.28,0.19,1.52,-8.1,0.75,-6.16,0.71,-0.07,0.21,1.27,4.2,0,0,0,0,1,1,15,31.0423925,-103.5227672,913,2026,6,20,23,46,37,0,0,0,0,0.9,0.4,0.7,42,41,36,0,0,0,0,12,0,38,0,38,0,0,0,0,0,0,0,0,0,0,37,0,38,40,0,29,0,0,33,37
6,16410,3,KR4MFM,0,3,   boost,18.61,91317,868.54,-34.29,7.06,52.7,4.17,4.2,4.11,33.28,0.19,1.52,-8.1,0.75,-6.16,0.71,-0.07,0.21,1.23,4.2,0,0,0,0,1,1,15,31.0423925,-103.5227672,913,2026,6,20,23,46,37,0,0,0,0,0.9,0.4,0.7,42,41,36,0,0,0,0,12,0,38,0,38,0,0,0,0,0,0,0,0,0,0,37,0,38,40,0,29,0,0,33,37
6,16410,3,KR4MFM,0,3,   boost,18.61,91317,868.54,-34.29,7.06,52.7,4.17,4.2,4.11,33.28,0.19,1.52,-8.1,0.75,-6.16,0.71,-0.07,0.21,1.2,4.2,0,0,0,0,1,1,15,31.0423925,-103.5227672,913,2026,6,20,23,46,37,0,0,0,0,0.9,0.4,0.7,42,41,36,0,0,0,0,12,0,38,0,38,0,0,0,0,0,0,0,0,0,0,37,0,38,40,0,29,0,0,33,37
6,16410,3,KR4MFM,0,3,   boost,18.61,91317,868.54,-34.29,7.06,52.7,4.17,4.2,4.11,33.28,0.19,1.52,-8.1,0.75,-6.16,0.71,-0.07,0.21,1.19,4.2,0,0,0,0,1,1,15,31.0423925,-103.5227672,913,2026,6,20,23,46,37,0,0,0,0,0.9,0.4,0.7,42,41,36,0,0,0,0,12,0,38,0,38,0,0,0,0,0,0,0,0,0,0,37,0,38,40,0,29,0,0,33,37
6,16410,3,KR4MFM,0,3,   boost,18.61,91317,868.54,-34.29,7.06,52.7,4.17,4.2,4.11,33.28,0.19,1.52,-8.1,0.75,-6.16,0.71,-0.07,0.21,1.18,4.2,0,0,0,0,1,1,15,31.0423925,-103.5227672,913,2026,6,20,23,46,37,0,0,0,0,0.9,0.4,0.7,42,41,36,0,0,0,0,12,0,38,0,38,0,0,0,0,0,0,0,0,0,0,37,0,38,40,0,29,0,0,33,37
6,16410,3,KR4MFM,0,3,   boost,18.61,91317,868.54,-34.29,7.06,52.7,4.17,4.2,4.11,33.28,0.19,1.52,-8.1,0.75,-6.16,0.71,-0.07,0.21,1.16,4.2,0,0,0,0,1,1,15,31.0423925,-103.5227672,913,2026,6,20,23,46,37,0,0,0,0,0.9,0.4,0.7,42,41,36,0,0,0,0,12,0,38,0,38,0,0,0,0,0,0,0,0,0,0,37,0,38,40,0,29,0,0,33,37
6,16410,3,KR4MFM,0,3,   boost,18.61,91317,868.54,-34.29,7.06,52.7,4.17,4.2,4.11,33.28,0.19,1.52,-8.1,0.75,-6.16,0.71,-0.07,0.21,1.12,4.2,0,0,0,0,1,1,15,31.0423925,-103.5227672,913,2026,6,20,23,46,37,0,0,0,0,0.9,0.4,0.7,42,41,36,0,0,0,0,12,0,38,0,38,0,0,0,0,0,0,0,0,0,0,37,0,38,40,0,29,0,0,33,37
6,16410,3,KR4MFM,0,3,   boost,18.61,91317,868.54,-34.29,7.06,52.7,4.17,4.2,4.11,33.28,0.19,1.52,-8.1,0.75,-6.16,0.71,-0.07,0.21,1.09,4.2,0,0,0,0,1,1,15,31.0423925,-103.5227672,913,2026,6,20,23,46,37,0,0,0,0,0.9,0.4,0.7,42,41,36,0,0,0,0,12,0,38,0,38,0,0,0,0,0,0,0,0,0,0,37,0,38,40,0,29,0,0,33,37
6,16410,3,KR4MFM,0,3,   boost,18.61,91317,868.54,-34.29,7.06,52.7,4.17,4.2,4.11,33.28,0.19,1.52,-8.1,0.75,-6.16,0.71,-0.07,0.21,1.06,4.2,0,0,0,0,1,1,15,31.0423925,-103.5227672,913,2026,6,20,23,46,37,0,0,0,0,0.9,0.4,0.7,42,41,36,0,0,0,0,12,0,38,0,38,0,0,0,0,0,0,0,0,0,0,37,0,38,40,0,29,0,0,33,37
6,16410,3,KR4MFM,0,3,   boost,18.61,91317,868.54,-34.29,7.06,52.7,4.17,4.2,4.11,33.28,0.19,1.52,-8.1,0.75,-6.16,0.71,-0.07,0.21,1.04,4.2,0,0,0,0,1,1,15,31.0423925,-103.5227672,913,2026,6,20,23,46,37,0,0,0,0,0.9,0.4,0.7,42,41,36,0,0,0,0,12,0,38,0,38,0,0,0,0,0,0,0,0,0,0,37,0,38,40,0,29,0,0,33,37
6,16410,3,KR4MFM,0,3,   boost,18.61,91317,868.54,-34.29,7.06,52.7,4.17,4.2,4.11,33.28,0.19,1.52,-8.1,0.75,-6.16,0.71,-0.07,0.21,0.98,4.2,0,0,0,0,1,1,15,31.0423925,-103.5227672,913,2026,6,20,23,46,37,0,0,0,0,0.9,0.4,0.7,42,41,36,0,0,0,0,12,0,38,0,38,0,0,0,0,0,0,0,0,0,0,37,0,38,40,0,29,0,0,33,37
6,16410,3,KR4MFM,0,3,   boost,18.61,91317,868.54,-34.29,7.06,52.7,4.17,4.2,4.11,33.28,0.19,1.52,-8.1,0.75,-6.16,0.71,-0.07,0.21,0.93,4.2,0,0,0,0,1,1,15,31.0423925,-103.5227672,913,2026,6,20,23,46,37,0,0,0,0,0.9,0.4,0.7,42,41,36,0,0,0,0,12,0,38,0,38,0,0,0,0,0,0,0,0,0,0,37,0,38,40,0,29,0,0,33,37
6,16410,3,KR4MFM,0,3,   boost,18.61,91317,868.54,-34.29,7.06,52.7,4.17,4.2,4.11,33.28,0.19,1.52,-8.1,0.75,-6.16,0.71,-0.07,0.21,0.84,4.2,0,0,0,0,1,1,15,31.0423925,-103.5227672,913,2026,6,20,23,46,37,0,0,0,0,0.9,0.4,0.7,42,41,36,0,0,0,0,12,0,38,0,38,0,0,0,0,0,0,0,0,0,0,37,0,38,40,0,29,0,0,33,37
6,16410,3,KR4MFM,0,3,   boost,18.61,91317,868.54,-34.29,7.06,52.7,4.17,4.2,4.11,33.28,0.19,1.52,-8.1,0.75,-6.16,0.71,-0.07,0.21,0.81,4.2,0,0,0,0,1,1,15,31.0423925,-103.5227672,913,2026,6,20,23,46,37,0,0,0,0,0.9,0.4,0.7,42,41,36,0,0,0,0,12,0,38,0,38,0,0,0,0,0,0,0,0,0,0,37,0,38,40,0,29,0,0,33,37
6,16410,3,KR4MFM,0,3,   boost,18.61,91317,868.54,-34.29,7.06,52.7,4.17,4.2,4.11,33.28,0.19,1.52,-8.1,0.75,-6.16,0.71,-0.07,0.21,0.8,4.2,0,0,0,0,1,1,15,31.0423925,-103.5227672,913,2026,6,20,23,46,37,0,0,0,0,0.9,0.4,0.7,42,41,36,0,0,0,0,12,0,38,0,38,0,0,0,0,0,0,0,0,0,0,37,0,38,40,0,29,0,0,33,37
6,16410,3,KR4MFM,0,3,   boost,18.61,91317,868.54,-34.29,7.06,52.7,4.17,4.2,4.11,33.28,0.19,1.52,-8.1,0.75,-6.16,0.71,-0.07,0.21,0.8,4.2,0,0,0,0,1,1,15,31.0423925,-103.5227672,913,2026,6,20,23,46,37,0,0,0,0,0.9,0.4,0.7,42,41,36,0,0,0,0,12,0,38,0,38,0,0,0,0,0,0,0,0,0,0,37,0,38,40,0,29,0,0,33,37
6,16410,3,KR4MFM,0,3,   boost,18.61,91317,868.54,-34.29,7.06,52.7,4.17,4.2,4.11,33.28,0.19,1.52,-8.1,0.75,-6.16,0.71,-0.07,0.21,0.8,4.2,0,0,0,0,1,1,15,31.0423925,-103.5227672,913,2026,6,20,23,46,37,0,0,0,0,0.9,0.4,0.7,42,41,36,0,0,0,0,12,0,38,0,38,0,0,0,0,0,0,0,0,0,0,37,0,38,40,0,29,0,0,33,37
6,16410,3,KR4MFM,0,3,   boost,18.61,91317,868.54,-34.29,7.06,52.7,4.17,4.2,4.11,33.28,0.19,1.52,-8.1,0.75,-6.16,0.71,-0.07,0.21,0.78,4.2,0,0,0,0,1,1,15,31.0423925,-103.5227672,913,2026,6,20,23,46,37,0,0,0,0,0.9,0.4,0.7,42,41,36,0,0,0,0,12,0,38,0,38,0,0,0,0,0,0,0,0,0,0,37,0,38,40,0,29,0,0,33,37
6,16410,3,KR4MFM,0,3,   boost,18.61,91317,868.54,-34.29,7.06,52.7,4.17,4.2,4.11,33.28,0.19,1.52,-8.1,0.75,-6.16,0.71,-0.07,0.21,0.76,4.2,0,0,0,0,1,1,15,31.0423925,-103.5227672,913,2026,6,20,23,46,37,0,0,0,0,0.9,0.4,0.7,42,41,36,0,0,0,0,12,0,38,0,38,0,0,0,0,0,0,0,0,0,0,37,0,38,40,0,29,0,0,33,37
6,16410,3,KR4MFM,0,3,   boost,18.61,91317,868.54,-34.29,7.06,52.7,4.17,4.2,4.11,33.28,0.19,1.52,-8.1,0.75,-6.16,0.71,-0.07,0.21,0.73,4.2,0,0,0,0,1,1,15,31.0423925,-103.5227672,913,2026,6,20,23,46,37,0,0,0,0,0.9,0.4,0.7,42,41,36,0,0,0,0,12,0,38,0,38,0,0,0,0,0,0,0,0,0,0,37,0,38,40,0,29,0,0,33,37
6,16410,3,KR4MFM,0,3,   boost,18.61,91317,868.54,-34.29,7.06,52.7,4.17,4.2,4.11,33.28,0.19,1.52,-8.1,0.75,-6.16,0.71,-0.07,0.21,0.71,4.2,0,0,0,0,1,1,15,31.0423925,-103.5227672,913,2026,6,20,23,46,37,0,0,0,0,0.9,0.4,0.7,42,41,36,0,0,0,0,12,0,38,0,38,0,0,0,0,0,0,0,0,0,0,37,0,38,40,0,29,0,0,33,37
6,16410,3,KR4MFM,0,3,   boost,18.61,91317,868.54,-34.29,7.06,52.7,4.17,4.2,4.11,33.28,0.19,1.52,-8.1,0.75,-6.16,0.71,-0.07,0.21,0.7,4.2,0,0,0,0,1,1,15,31.0423925,-103.5227672,913,2026,6,20,23,46,37,0,0,0,0,0.9,0.4,0.7,42,41,36,0,0,0,0,12,0,38,0,38,0,0,0,0,0,0,0,0,0,0,37,0,38,40,0,29,0,0,33,37
6,16410,3,KR4MFM,0,3,   boost,18.61,91317,868.54,-34.29,7.06,52.7,4.17,4.2,4.11,33.28,0.19,1.52,-8.1,0.75,-6.16,0.71,-0.07,0.21,0.72,4.2,0,0,0,0,1,1,15,31.0423925,-103.5227672,913,2026,6,20,23,46,37,0,0,0,0,0.9,0.4,0.7,42,41,36,0,0,0,0,12,0,38,0,38,0,0,0,0,0,0,0,0,0,0,37,0,38,40,0,29,0,0,33,37
6,16410,3,KR4MFM,0,3,   boost,18.61,91317,868.54,-34.29,7.06,52.7,4.17,4.2,4.11,33.28,0.19,1.52,-8.1,0.75,-6.16,0.71,-0.07,0.21,0.75,4.2,0,0,0,0,1,1,15,31.0423925,-103.5227672,913,2026,6,20,23,46,37,0,0,0,0,0.9,0.4,0.7,42,41,36,0,0,0,0,12,0,38,0,38,0,0,0,0,0,0,0,0,0,0,37,0,38,40,0,29,0,0,33,37
6,16410,3,KR4MFM,0,3,   boost,18.61,91317,868.54,-34.29,7.06,52.7,4.17,4.2,4.11,33.28,0.19,1.52,-8.1,0.75,-6.16,0.71,-0.07,0.21,0.79,4.2,0,0,0,0,1,1,15,31.0423925,-103.5227672,913,2026,6,20,23,46,37,0,0,0,0,0.9,0.4,0.7,42,41,36,0,0,0,0,12,0,38,0,38,0,0,0,0,0,0,0,0,0,0,37,0,38,40,0,29,0,0,33,37
6,16410,3,KR4MFM,0,3,   boost,18.61,91317,868.54,-34.29,7.06,52.7,4.17,4.2,4.11,33.28,0.19,1.52,-8.1,0.75,-6.16,0.71,-0.07,0.21,0.79,4.2,0,0,0,0,1,1,15,31.0423925,-103.5227672,913,2026,6,20,23,46,37,0,0,0,0,0.9,0.4,0.7,42,41,36,0,0,0,0,12,0,38,0,38,0,0,0,0,0,0,0,0,0,0,37,0,38,40,0,29,0,0,33,37
6,16410,3,KR4MFM,0,3,   boost,18.61,91317,868.54,-34.29,7.06,52.7,4.17,4.2,4.11,33.28,0.19,1.52,-8.1,0.75,-6.16,0.71,-0.07,0.21,0.79,4.2,0,0,0,0,1,1,15,31.0423925,-103.5227672,913,2026,6,20,23,46,37,0,0,0,0,0.9,0.4,0.7,42,41,36,0,0,0,0,12,0,38,0,38,0,0,0,0,0,0,0,0,0,0,37,0,38,40,0,29,0,0,33,37
6,16410,3,KR4MFM,0,3,   boost,18.61,91317,868.54,-34.29,7.06,52.7,4.17,4.2,4.11,33.28,0.19,1.52,-8.1,0.75,-6.16,0.71,-0.07,0.21,0.86,4.2,0,0,0,0,1,1,15,31.0423925,-103.5227672,913,2026,6,20,23,46,37,0,0,0,0,0.9,0.4,0.7,42,41,36,0,0,0,0,12,0,38,0,38,0,0,0,0,0,0,0,0,0,0,37,0,38,40,0,29,0,0,33,37
6,16410,3,KR4MFM,0,3,   boost,18.61,91317,868.54,-34.29,7.06,52.7,4.17,4.2,4.11,33.28,0.19,1.52,-8.1,0.75,-6.16,0.71,-0.07,0.21,0.94,4.2,0,0,0,0,1,1,15,31.0423925,-103.5227672,913,2026,6,20,23,46,37,0,0,0,0,0.9,0.4,0.7,42,41,36,0,0,0,0,12,0,38,0,38,0,0,0,0,0,0,0,0,0,0,37,0,38,40,0,29,0,0,33,37
6,16410,3,KR4MFM,0,3,   boost,18.61,91317,868.54,-34.29,7.06,52.7,4.17,4.2,4.11,33.28,0.19,1.52,-8.1,0.75,-6.16,0.71,-0.07,0.21,1.03,4.2,0,0,0,0,1,1,15,31.0423925,-103.5227672,913,2026,6,20,23,46,37,0,0,0,0,0.9,0.4,0.7,42,41,36,0,0,0,0,12,0,38,0,38,0,0,0,0,0,0,0,0,0,0,37,0,38,40,0,29,0,0,33,37
6,16410,3,KR4MFM,0,3,   boost,18.61,91317,868.54,-34.29,7.06,52.7,4.17,4.2,4.11,33.28,0.19,1.52,-8.1,0.75,-6.16,0.71,-0.07,0.21,1.11,4.2,0,0,0,0,1,1,15,31.0423925,-103.5227672,913,2026,6,20,23,46,37,0,0,0,0,0.9,0.4,0.7,42,41,36,0,0,0,0,12,0,38,0,38,0,0,0,0,0,0,0,0,0,0,37,0,38,40,0,29,0,0,33,37
6,16410,3,KR4MFM,0,3,   boost,18.61,91317,868.54,-34.29,7.06,52.7,4.17,4.2,4.11,33.28,0.19,1.52,-8.1,0.75,-6.16,0.71,-0.07,0.21,1.18,4.2,0,0,0,0,1,1,15,31.0423925,-103.5227672,913,2026,6,20,23,46,37,0,0,0,0,0.9,0.4,0.7,42,41,36,0,0,0,0,12,0,38,0,38,0,0,0,0,0,0,0,0,0,0,37,0,38,40,0,29,0,0,33,37
6,16410,3,KR4MFM,0,3,   boost,18.61,91317,868.54,-34.29,7.06,52.7,4.17,4.2,4.11,33.28,0.19,1.52,-8.1,0.75,-6.16,0.71,-0.07,0.21,1.24,4.2,0,0,0,0,1,1,15,31.0423925,-103.5227672,913,2026,6,20,23,46,37,0,0,0,0,0.9,0.4,0.7,42,41,36,0,0,0,0,12,0,38,0,38,0,0,0,0,0,0,0,0,0,0,37,0,38,40,0,29,0,0,33,37
6,16410,3,KR4MFM,0.01,3,   boost,14.08,91285,871.43,-31.39,7.25,52.7,4.17,4.2,4.11,39.5,0.83,2.14,-7.19,1.05,-6.34,0.71,-0.07,0.21,1.29,4.2,0,0,0,0,1,1,15,31.0423925,-103.5227672,913,2026,6,20,23,46,37,0,0,0,0,0.9,0.4,0.7,42,41,36,0,0,0,0,12,0,38,0,38,0,0,0,0,0,0,0,0,0,0,37,0,38,40,0,29,0,0,33,37
6,16410,3,KR4MFM,0.01,3,   boost,14.08,91285,871.43,-31.39,7.25,52.7,4.17,4.2,4.11,39.5,0.83,2.14,-7.19,1.05,-6.34,0.71,-0.07,0.21,1.29,4.2,0,0,0,0,1,1,15,31.0423925,-103.5227672,913,2026,6,20,23,46,37,0,0,0,0,0.9,0.4,0.7,42,41,36,0,0,0,0,12,0,38,0,38,0,0,0,0,0,0,0,0,0,0,37,0,38,40,0,29,0,0,33,37
6,16410,3,KR4MFM,0.02,3,   boost,20.62,91285,871.43,-31.39,7.46,52.7,4.19,4.2,4.11,12.16,0.2,-2.13,-6.27,3.61,-8.54,0.71,-0.07,0.21,1.37,4.19,0,0,0,0,1,1,15,31.0423925,-103.5227672,913,2026,6,20,23,46,37,0,0,0,0,0.9,0.4,0.7,42,41,36,0,0,0,0,12,0,38,0,38,0,0,0,0,0,0,0,0,0,0,37,0,38,40,0,29,0,0,33,37
6,16410,3,KR4MFM,0.02,3,   boost,20.62,91285,871.43,-31.39,7.46,52.7,4.19,4.2,4.11,12.16,0.2,-2.13,-6.27,3.61,-8.54,0.71,-0.07,0.21,1.37,4.19,0,0,0,0,1,1,15,31.0423925,-103.5227672,913,2026,6,20,23,46,37,0,0,0,0,0.9,0.4,0.7,42,41,36,0,0,0,0,12,0,38,0,38,0,0,0,0,0,0,0,0,0,0,37,0,38,40,0,29,0,0,33,37
6,16410,3,KR4MFM,0.03,3,   boost,24.14,91285,871.43,-31.39,7.68,52.7,4.19,4.2,4.11,18.74,0.14,-1.79,-5.35,3.8,-11.04,0.71,-0.07,0.21,1.47,4.19,0,0,0,0,1,1,15,31.0423925,-103.5227672,913,2026,6,20,23,46,37,0,0,0,0,0.9,0.4,0.7,42,41,36,0,0,0,0,12,0,38,0,38,0,0,0,0,0,0,0,0,0,0,37,0,38,40,0,29,0,0,33,37
6,16410,3,KR4MFM,0.04,3,   boost,28.67,91285,871.43,-31.39,7.92,52.7,4.19,4.2,4.11,26.34,-0.19,-0.7,-4.74,5.93,-13,0.71,-0.07,0.22,1.59,4.19,0,0,0,0,1,1,15,31.0423925,-103.5227672,913,2026,6,20,23,46,37,0,0,0,0,0.9,0.4,0.7,42,41,36,0,0,0,0,12,0,38,0,38,0,0,0,0,0,0,0,0,0,0,37,0,38,40,0,29,0,0,33,37
6,16410,3,KR4MFM,0.05,3,   boost,30.68,91273,872.52,-30.3,8.17,52.7,4.19,4.2,4.11,30.33,0,0.66,-3.83,5.57,-14.46,0.71,-0.07,0.22,1.73,4.19,0,0,0,0,1,1,15,31.0423925,-103.5227672,913,2026,6,20,23,46,37,0,0,0,0,0.9,0.4,0.7,42,41,36,0,0,0,0,12,0,38,0,38,0,0,0,0,0,0,0,0,0,0,37,0,38,40,0,29,0,0,33,37
6,16410,3,KR4MFM,0.06,3,   boost,23.64,91273,872.52,-30.3,8.42,52.7,4.19,4.2,4.11,36.23,0.14,1.44,-3.34,7.34,-14.58,0.71,-0.06,0.21,1.87,4.19,0,0,0,0,1,1,15,31.0423925,-103.5227672,913,2026,6,20,23,46,37,0,0,0,0,0.9,0.4,0.7,42,41,36,0,0,0,0,12,0,38,0,38,0,0,0,0,0,0,0,0,0,0,37,0,38,40,0,29,0,0,33,37
6,16410,3,KR4MFM,0.07,3,   boost,22.63,91252,874.42,-28.4,8.64,52.7,4.19,4.2,4.11,31.68,0.58,1.57,-3.16,7.34,-13.91,0.71,-0.06,0.21,2.01,4.19,0,0,0,0,1,1,15,31.0423925,-103.5227672,913,2026,6,20,23,46,37,0,0,0,0,0.9,0.4,0.7,42,41,36,0,0,0,0,12,0,38,0,38,0,0,0,0,0,0,0,0,0,0,37,0,38,40,0,29,0,0,33,37
6,16410,3,KR4MFM,0.08,3,   boost,19.61,91252,874.42,-28.4,8.84,52.7,4.19,4.2,4.11,30.01,0.84,1.7,-3.34,7.15,-13.42,0.7,-0.07,0.21,2.15,4.19,0,0,0,0,1,1,15,31.0423925,-103.5227672,913,2026,6,20,23,46,37,0,0,0,0,0.9,0.4,0.7,42,41,36,0,0,0,0,12,0,38,0,38,0,0,0,0,0,0,0,0,0,0,37,0,38,40,0,29,0,0,33,37
6,16410,3,KR4MFM,0.09,3,   boost,14.58,91242,875.33,-27.49,9,52.7,4.19,4.2,4.11,24.74,0.6,1.24,-4.5,5.51,-12.81,0.71,-0.06,0.21,2.28,4.19,0,0,0,0,1,1,15,31.0423925,-103.5227672,913,2026,6,20,23,46,37,0,0,0,0,0.9,0.4,0.7,42,41,36,0,0,0,0,12,0,38,0,38,0,0,0,0,0,0,0,0,0,0,37,0,38,40,0,29,0,0,33,37
6,16410,3,KR4MFM,0.1,3,   boost,9.05,91242,875.33,-27.49,9.12,52.7,4.19,4.2,4.11,19.66,0.15,0.07,-6.03,3.43,-11.84,0.7,-0.06,0.21,2.4,4.19,0,0,0,0,1,1,15,31.0423925,-103.5227672,913,2026,6,20,23,46,37,0,0,0,0,0.9,0.4,0.7,42,41,36,0,0,0,0,12,0,38,0,38,0,0,0,0,0,0,0,0,0,0,37,0,38,40,0,29,0,0,33,37
6,16410,3,KR4MFM,0.11,3,   boost,4.02,91229,876.51,-26.32,9.2,52.7,4.19,4.2,4.11,18.88,-0.29,-0.68,-6.58,1.9,-10.43,0.7,-0.06,0.21,2.5,4.19,0,0,0,0,1,1,15,31.0423925,-103.5227672,913,2026,6,20,23,46,37,0,0,0,0,0.9,0.4,0.7,42,41,36,0,0,0,0,12,0,38,0,38,0,0,0,0,0,0,0,0,0,0,37,0,38,40,0,29,0,0,33,37
6,16410,3,KR4MFM,0.12,3,   boost,1.01,91229,876.51,-26.32,9.26,52.7,4.19,4.2,4.11,19.12,-0.45,-0.88,-6.39,1.72,-8.66,0.7,-0.06,0.21,2.59,4.19,0,0,0,0,1,1,15,31.0423925,-103.5227672,913,2026,6,20,23,46,37,0,0,0,0,0.9,0.4,0.7,42,41,36,0,0,0,0,12,0,38,0,38,0,0,0,0,0,0,0,0,0,0,37,0,38,40,0,29,0,0,33,37
6,16410,3,KR4MFM,0.13,3,   boost,1.01,91226,876.78,-26.04,9.31,52.7,4.19,4.2,4.11,24.61,-0.22,-1.29,-6.09,2.58,-8.79,0.71,-0.06,0.21,2.68,4.19,0,0,0,0,1,1,15,31.0423925,-103.5227672,913,2026,6,20,23,46,37,0,0,0,0,0.9,0.4,0.7,42,41,36,0,0,0,0,12,0,38,0,38,0,0,0,0,0,0,0,0,0,0,37,0,38,40,0,29,0,0,33,37
6,16410,3,KR4MFM,0.14,3,   boost,3.52,91226,876.78,-26.04,9.36,52.7,4.19,4.2,4.11,28.72,0.29,-0.55,-5.66,3.98,-9.52,0.71,-0.06,0.21,2.78,4.19,0,0,0,0,1,1,15,31.0423925,-103.5227672,913,2026,6,20,23,46,37,0,0,0,0,0.9,0.4,0.7,42,41,36,0,0,0,0,12,0,38,0,38,0,0,0,0,0,0,0,0,0,0,37,0,38,40,0,29,0,0,33,37
6,16410,3,KR4MFM,0.15,3,   boost,5.03,91214,877.87,-24.96,9.43,52.7,4.19,4.2,4.11,33.87,0.57,0.7,-4.99,6.3,-12.51,0.71,-0.06,0.21,2.91,4.19,0,0,0,0,1,1,15,31.0423925,-103.5227672,913,2026,6,20,23,46,37,0,0,0,0,0.9,0.4,0.7,42,41,36,0,0,0,0,12,0,38,0,38,0,0,0,0,0,0,0,0,0,0,37,0,38,40,0,29,0,0,33,37
6,16410,3,KR4MFM,0.16,3,   boost,19.61,91214,877.87,-24.96,9.52,52.7,4.19,4.2,4.11,33.63,0.8,1.59,-4.32,8.8,-15.13,0.71,-0.06,0.21,3.07,4.19,0,0,0,0,1,1,15,31.0423925,-103.5227672,913,2026,6,20,23,46,37,0,0,0,0,0.9,0.4,0.7,42,41,36,0,0,0,0,12,0,38,0,38,0,0,0,0,0,0,0,0,0,0,37,0,38,40,0,29,0,0,33,37
6,16410,3,KR4MFM,0.17,3,   boost,16.09,91201,879.05,-23.78,9.63,52.7,4.19,4.2,4.11,33.68,0.7,1.48,-3.83,9.05,-17.51,0.71,-0.06,0.21,3.26,4.19,0,0,0,0,1,1,15,31.0423925,-103.5227672,913,2026,6,20,23,46,37,0,0,0,0,0.9,0.4,0.7,42,41,36,0,0,0,0,12,0,38,0,38,0,0,0,0,0,0,0,0,0,0,37,0,38,40,0,29,0,0,33,37
6,16410,3,KR4MFM,0.18,3,   boost,8.55,91201,879.05,-23.78,9.73,52.7,4.19,4.2,4.11,26.45,0.17,1.42,-4.01,8.44,-18,0.71,-0.06,0.21,3.45,4.19,0,0,0,0,1,1,15,31.0423925,-103.5227672,913,2026,6,20,23,46,37,0,0,0,0,0.9,0.4,0.7,42,41,36,0,0,0,0,12,0,38,0,38,0,0,0,0,0,0,0,0,0,0,37,0,38,40,0,29,0,0,33,37
6,16410,3,KR4MFM,0.19,3,   boost,5.53,91184,880.59,-22.24,9.82,52.7,4.19,4.2,4.11,22.47,-0.06,1.18,-5.11,7.21,-15.87,0.71,-0.06,0.21,3.62,4.19,0,0,0,0,1,1,15,31.0423925,-103.5227672,913,2026,6,20,23,46,37,0,0,0,0,0.9,0.4,0.7,42,41,36,0,0,0,0,12,0,38,0,38,0,0,0,0,0,0,0,0,0,0,37,0,38,40,0,29,0,0,33,37
6,16410,3,KR4MFM,0.2,3,   boost,3.02,91184,880.59,-22.24,9.89,52.7,4.19,4.2,4.11,17.13,-0.27,-0.04,-6.33,6.36,-14.34,0.71,-0.06,0.21,3.77,4.19,0,0,0,0,1,1,15,31.0423925,-103.5227672,913,2026,6,20,23,46,37,0,0,0,0,0.9,0.4,0.7,42,41,36,0,0,0,0,12,0,38,0,38,0,0,0,0,0,0,0,0,0,0,37,0,38,40,0,29,0,0,33,37
6,16410,3,KR4MFM,0.21,3,   boost,8.55,91156,883.13,-19.7,9.95,52.7,4.19,4.2,4.11,14.3,-0.14,-1.04,-7.31,4.04,-11.29,0.71,-0.06,0.21,3.89,4.19,0,0,0,0,1,1,15,31.0423925,-103.5227672,913,2026,6,20,23,46,37,0,0,0,0,0.9,0.4,0.7,42,41,36,0,0,0,0,12,0,38,0,38,0,0,0,0,0,0,0,0,0,0,37,0,38,40,0,29,0,0,33,37
6,16410,3,KR4MFM,0.22,3,   boost,7.54,91156,883.13,-19.7,10.01,52.7,4.19,4.2,4.11,17.52,-0.06,-1.62,-7.92,3,-10.92,0.71,-0.06,0.21,4,4.19,0,0,0,0,1,1,15,31.0423925,-103.5227672,913,2026,6,20,23,46,37,0,0,0,0,0.9,0.4,0.7,42,41,36,0,0,0,0,12,0,38,0,38,0,0,0,0,0,0,0,0,0,0,37,0,38,40,0,29,0,0,33,37
6,16410,3,KR4MFM,0.23,3,   boost,-0.5,91162,882.58,-20.24,10.08,52.7,4.19,4.2,4.11,23,0.15,-1.07,-8.53,2.27,-9.52,0.71,-0.06,0.21,4.1,4.19,0,0,0,0,1,1,15,31.0423925,-103.5227672,913,2026,6,20,23,46,37,0,0,0,0,0.9,0.4,0.7,42,41,36,0,0,0,0,12,0,38,0,38,0,0,0,0,0,0,0,0,0,0,37,0,38,40,0,29,0,0,33,37
6,16410,3,KR4MFM,0.24,3,   boost,2.01,91162,882.58,-20.24,10.16,52.7,4.19,4.2,4.11,24.29,0.17,-0.89,-7.98,2.64,-10.13,0.71,-0.05,0.21,4.2,4.19,0,0,0,0,1,1,15,31.0423925,-103.5227672,913,2026,6,20,23,46,37,0,0,0,0,0.9,0.4,0.7,42,41,36,0,0,0,0,12,0,38,0,38,0,0,0,0,0,0,0,0,0,0,37,0,38,40,0,29,0,0,33,37
6,16410,3,KR4MFM,0.25,3,   boost,17.6,91145,884.12,-18.7,10.28,52.7,4.19,4.2,4.11,30.05,0.35,-0.35,-7.31,3.31,-11.35,0.71,-0.05,0.21,4.32,4.19,0,0,0,0,1,1,15,31.0423925,-103.5227672,913,2026,6,20,23,46,37,0,0,0,0,0.9,0.4,0.7,42,41,36,0,0,0,0,12,0,38,0,38,0,0,0,0,0,0,0,0,0,0,37,0,38,40,0,29,0,0,33,37
6,16410,3,KR4MFM,0.26,3,   boost,23.13,91145,884.12,-18.7,10.44,52.7,4.19,4.2,4.11,32.19,0.26,0.47,-6.39,5.38,-12.88,0.71,-0.05,0.21,4.46,4.19,0,0,0,0,1,1,15,31.0423925,-103.5227672,913,2026,6,20,23,46,37,0,0,0,0,0.9,0.4,0.7,42,41,36,0,0,0,0,12,0,38,0,38,0,0,0,0,0,0,0,0,0,0,37,0,38,40,0,29,0,0,33,37
6,16410,3,KR4MFM,0.27,3,   boost,27.16,91134,885.12,-17.7,10.63,52.7,4.19,4.2,4.11,28.21,0.26,1.36,-6.58,7.83,-14.77,0.71,-0.05,0.2,4.62,4.19,0,0,0,0,1,1,15,31.0423925,-103.5227672,913,2026,6,20,23,46,37,0,0,0,0,0.9,0.4,0.7,42,41,36,0,0,0,0,12,0,38,0,38,0,0,0,0,0,0,0,0,0,0,37,0,38,40,0,29,0,0,33,37
6,16410,3,KR4MFM,0.28,3,   boost,21.62,91134,885.12,-17.7,10.83,52.7,4.19,4.2,4.11,26.72,0.43,1.87,-5.72,9.53,-16.84,0.71,-0.05,0.2,4.8,4.19,0,0,0,0,1,1,15,31.0423925,-103.5227672,913,2026,6,20,23,46,37,0,0,0,0,0.9,0.4,0.7,42,41,36,0,0,0,0,12,0,38,0,38,0,0,0,0,0,0,0,0,0,0,37,0,38,40,0,29,0,0,33,37
6,16410,3,KR4MFM,0.29,3,   boost,16.6,91122,886.21,-16.61,11.02,52.7,4.19,4.2,4.11,21.04,0.32,1.24,-4.99,10.69,-18.25,0.71,-0.05,0.2,5,4.19,0,0,0,0,1,1,15,31.0423925,-103.5227672,913,2026,6,20,23,46,37,0,0,0,0,0.9,0.4,0.7,42,41,36,0,0,0,0,12,0,38,0,38,0,0,0,0,0,0,0,0,0,0,37,0,38,40,0,29,0,0,33,37
6,16410,3,KR4MFM,0.3,3,   boost,16.6,91122,886.21,-16.61,11.2,52.7,4.19,4.2,4.11,21.3,0.43,0.57,-4.68,8.62,-17.64,0.71,-0.05,0.2,5.19,4.19,0,0,0,0,1,1,15,31.0423925,-103.5227672,913,2026,6,20,23,46,37,0,0,0,0,0.9,0.4,0.7,42,41,36,0,0,0,0,12,0,38,0,38,0,0,0,0,0,0,0,0,0,0,37,0,38,40,0,29,0,0,33,37
6,16410,3,KR4MFM,0.31,3,   boost,15.59,91102,888.02,-14.8,11.38,52.7,4.19,4.2,4.11,21.45,0.1,-0.75,-4.99,6.48,-15.26,0.71,-0.05,0.2,5.36,4.19,0,0,0,0,1,1,15,31.0423925,-103.5227672,913,2026,6,20,23,46,37,0,0,0,0,0.9,0.4,0.7,42,41,36,0,0,0,0,12,0,38,0,38,0,0,0,0,0,0,0,0,0,0,37,0,38,40,0,29,0,0,33,37
6,16410,3,KR4MFM,0.32,3,   boost,12.07,91102,888.02,-14.8,11.55,52.7,4.19,4.2,4.11,26.91,0.04,-1.42,-6.27,3.25,-12.45,0.71,-0.05,0.21,5.49,4.19,0,0,0,0,1,1,15,31.0423925,-103.5227672,913,2026,6,20,23,46,37,0,0,0,0,0.9,0.4,0.7,42,41,36,0,0,0,0,12,0,38,0,38,0,0,0,0,0,0,0,0,0,0,37,0,38,40,0,29,0,0,33,37
6,16410,3,KR4MFM,0.33,3,   boost,22.13,91105,887.75,-15.07,11.73,52.7,4.19,4.2,4.11,30.22,0,-0.81,-6.88,1.78,-10.37,0.71,-0.05,0.21,5.59,4.19,0,0,0,0,1,1,15,31.0423925,-103.5227672,913,2026,6,20,23,46,37,0,0,0,0,0.9,0.4,0.7,42,41,36,0,0,0,0,12,0,38,0,38,0,0,0,0,0,0,0,0,0,0,37,0,38,40,0,29,0,0,33,37
6,16410,3,KR4MFM,0.34,3,   boost,23.64,91105,887.75,-15.07,11.92,52.7,4.18,4.18,4.11,31.2,0.11,0.19,-6.51,3.13,-9.64,0.71,-0.05,0.21,5.69,4.2,0,0,0,0,1,1,15,31.0423925,-103.5227672,913,2026,6,20,23,46,37,0,0,0,0,0.9,0.4,0.7,42,41,36,0,0,0,0,12,0,38,0,38,0,0,0,0,0,0,0,0,0,0,37,0,38,40,0,29,0,0,33,37
6,16410,3,KR4MFM,0.34,3,   boost,23.64,91105,887.75,-15.07,11.92,52.7,4.18,4.18,4.11,31.2,0.11,0.19,-6.51,3.13,-9.64,0.71,-0.05,0.21,5.69,4.2,0,0,0,0,1,1,15,31.0423925,-103.5227672,913,2026,6,20,23,46,37,0,0,0,0,0.9,0.4,0.7,42,41,36,0,0,0,0,12,0,38,0,38,0,0,0,0,0,0,0,0,0,0,37,0,38,40,0,29,0,0,33,37
6,16410,3,KR4MFM,0.35,3,   boost,23.13,91099,888.3,-14.53,12.09,52.7,4.18,4.18,4.11,26.03,0.44,0.93,-4.87,5.57,-11.9,0.71,-0.04,0.2,5.82,4.2,0,0,0,0,1,1,15,31.0423925,-103.5227672,913,2026,6,20,23,46,37,0,0,0,0,0.9,0.4,0.7,42,41,36,0,0,0,0,12,0,38,0,38,0,0,0,0,0,0,0,0,0,0,37,0,38,40,0,29,0,0,33,37
6,16410,3,KR4MFM,0.36,3,   boost,15.59,91099,888.3,-14.53,12.25,52.7,4.18,4.18,4.11,20.9,0.5,1.18,-2.97,7.64,-15.5,0.71,-0.04,0.2,5.99,4.2,0,0,0,0,1,1,15,31.0423925,-103.5227672,913,2026,6,20,23,46,37,0,0,0,0,0.9,0.4,0.7,42,41,36,0,0,0,0,12,0,38,0,38,0,0,0,0,0,0,0,0,0,0,37,0,38,40,0,29,0,0,33,37
6,16410,3,KR4MFM,0.37,3,   boost,7.04,91084,889.66,-13.17,12.37,52.7,4.18,4.18,4.11,18.1,0.42,0.62,-1.27,9.47,-18.12,0.71,-0.04,0.2,6.19,4.2,0,0,0,0,1,1,15,31.0423925,-103.5227672,913,2026,6,20,23,46,37,0,0,0,0,0.9,0.4,0.7,42,41,36,0,0,0,0,12,0,38,0,38,0,0,0,0,0,0,0,0,0,0,37,0,38,40,0,29,0,0,33,37
6,16410,3,KR4MFM,0.38,3,   boost,0,91084,889.66,-13.17,12.46,52.7,4.18,4.18,4.11,19.29,0.13,0.09,-1.08,9.11,-18.8,0.71,-0.04,0.2,6.39,4.2,0,0,0,0,1,1,15,31.0423925,-103.5227672,913,2026,6,20,23,46,37,0,0,0,0,0.9,0.4,0.7,42,41,36,0,0,0,0,12,0,38,0,38,0,0,0,0,0,0,0,0,0,0,37,0,38,40,0,29,0,0,33,37
6,16410,3,KR4MFM,0.39,3,   boost,1.51,91074,890.57,-12.26,12.54,52.7,4.18,4.18,4.11,24.69,-0.01,-0.8,-1.69,7.15,-16.6,0.71,-0.04,0.2,6.57,4.2,0,0,0,0,1,1,15,31.0423925,-103.5227672,913,2026,6,20,23,46,37,0,0,0,0,0.9,0.4,0.7,42,41,36,0,0,0,0,12,0,38,0,38,0,0,0,0,0,0,0,0,0,0,37,0,38,40,0,29,0,0,33,37
6,16410,3,KR4MFM,0.4,3,   boost,9.56,91074,890.57,-12.26,12.63,52.7,4.18,4.18,4.11,27.16,0.06,-1.06,-2.67,4.71,-13.55,0.71,-0.04,0.2,6.72,4.2,0,0,0,0,1,1,15,31.0423925,-103.5227672,913,2026,6,20,23,46,37,0,0,0,0,0.9,0.4,0.7,42,41,36,0,0,0,0,12,0,38,0,38,0,0,0,0,0,0,0,0,0,0,37,0,38,40,0,29,0,0,33,37
6,16410,3,KR4MFM,0.41,3,   boost,16.09,91051,892.65,-10.17,12.75,52.7,4.18,4.18,4.11,33.22,0.22,-0.31,-3.34,3.37,-10.98,0.71,-0.04,0.2,6.83,4.2,0,0,0,0,1,1,15,31.0423925,-103.5227672,913,2026,6,20,23,46,37,0,0,0,0,0.9,0.4,0.7,42,41,36,0,0,0,0,12,0,38,0,38,0,0,0,0,0,0,0,0,0,0,37,0,38,40,0,29,0,0,33,37
6,16410,3,KR4MFM,0.42,3,   boost,21.62,91051,892.65,-10.17,12.9,52.7,4.18,4.18,4.11,28.53,0.45,0.28,-3.04,4.1,-9.88,0.71,-0.04,0.2,6.94,4.2,0,0,0,0,1,1,15,31.0423925,-103.5227672,913,2026,6,20,23,46,37,0,0,0,0,0.9,0.4,0.7,42,41,36,0,0,0,0,12,0,38,0,38,0,0,0,0,0,0,0,0,0,0,37,0,38,40,0,29,0,0,33,37
6,16410,3,KR4MFM,0.43,3,   boost,20.12,91062,891.65,-11.17,13.07,52.7,4.18,4.18,4.11,24.8,0.68,0.76,-1.69,4.83,-11.65,0.71,-0.04,0.2,7.06,4.2,0,0,0,0,1,1,15,31.0423925,-103.5227672,913,2026,6,20,23,46,37,0,0,0,0,0.9,0.4,0.7,42,41,36,0,0,0,0,12,0,38,0,38,0,0,0,0,0,0,0,0,0,0,37,0,38,40,0,29,0,0,33,37
6,16410,3,KR4MFM,0.44,3,   boost,20.12,91062,891.65,-11.17,13.26,52.7,4.18,4.18,4.11,20.37,0.27,1.03,0.32,7.52,-14.95,0.71,-0.04,0.2,7.23,4.2,0,0,0,0,1,1,15,31.0423925,-103.5227672,913,2026,6,20,23,46,37,0,0,0,0,0.9,0.4,0.7,42,41,36,0,0,0,0,12,0,38,0,38,0,0,0,0,0,0,0,0,0,0,37,0,38,40,0,29,0,0,33,37
6,16410,3,KR4MFM,0.45,3,   boost,18.61,91054,892.38,-10.44,13.45,52.7,4.18,4.18,4.11,18.24,0.09,0.78,1.91,9.11,-17.58,0.71,-0.04,0.2,7.42,4.2,0,0,0,0,1,1,15,31.0423925,-103.5227672,913,2026,6,20,23,46,37,0,0,0,0,0.9,0.4,0.7,42,41,36,0,0,0,0,12,0,38,0,38,0,0,0,0,0,0,0,0,0,0,37,0,38,40,0,29,0,0,33,37
6,16410,3,KR4MFM,0.46,3,   boost,21.12,91054,892.38,-10.44,13.64,52.7,4.18,4.18,4.11,23.12,-0.01,0.36,2.52,10.21,-18.8,0.71,-0.03,0.2,7.63,4.2,0,0,0,0,1,1,15,31.0423925,-103.5227672,913,2026,6,20,23,46,37,0,0,0,0,0.9,0.4,0.7,42,41,36,0,0,0,0,12,0,38,0,38,0,0,0,0,0,0,0,0,0,0,37,0,38,40,0,29,0,0,33,37
6,16410,3,KR4MFM,0.47,3,   boost,17.6,91030,894.56,-8.26,13.82,52.7,4.18,4.18,4.11,27.02,0.09,-0.23,1.48,8.13,-17.21,0.71,-0.03,0.2,7.82,4.2,0,0,0,0,1,1,15,31.0423925,-103.5227672,913,2026,6,20,23,46,37,0,0,0,0,0.9,0.4,0.7,42,41,36,0,0,0,0,12,0,38,0,38,0,0,0,0,0,0,0,0,0,0,37,0,38,40,0,29,0,0,33,37
6,16410,3,KR4MFM,0.48,3,   boost,11.06,91030,894.56,-8.26,14,52.7,4.18,4.18,4.11,34.52,0.41,-0.34,0.44,7.46,-14.95,0.71,-0.03,0.2,7.98,4.2,0,0,0,0,1,1,15,31.0423925,-103.5227672,913,2026,6,20,23,46,37,0,0,0,0,0.9,0.4,0.7,42,41,36,0,0,0,0,12,0,38,0,38,0,0,0,0,0,0,0,0,0,0,37,0,38,40,0,29,0,0,33,37
6,16410,3,KR4MFM,0.49,3,   boost,21.12,91036,894.01,-8.81,14.19,52.7,4.18,4.18,4.11,30.79,0.56,-0.02,-0.53,4.77,-11.9,0.71,-0.03,0.2,8.11,4.2,0,0,0,0,1,1,15,31.0423925,-103.5227672,913,2026,6,20,23,46,37,0,0,0,0,0.9,0.4,0.7,42,41,36,0,0,0,0,12,0,38,0,38,0,0,0,0,0,0,0,0,0,0,37,0,38,40,0,29,0,0,33,37
6,16410,3,KR4MFM,0.5,3,   boost,24.14,91036,894.01,-8.81,14.38,52.7,4.18,4.18,4.11,27.72,0.7,0.5,-0.53,3.67,-11.41,0.71,-0.03,0.2,8.23,4.2,0,0,0,0,1,1,15,31.0423925,-103.5227672,913,2026,6,20,23,46,37,0,0,0,0,0.9,0.4,0.7,42,41,36,0,0,0,0,12,0,38,0,38,0,0,0,0,0,0,0,0,0,0,37,0,38,40,0,29,0,0,33,37
6,16410,3,KR4MFM,0.51,3,   boost,26.65,91016,895.83,-6.99,14.56,52.7,4.18,4.18,4.11,19.49,0.2,0.44,0.38,4.41,-11.96,0.71,-0.03,0.2,8.36,4.2,0,0,0,0,1,1,15,31.0423925,-103.5227672,913,2026,6,20,23,46,37,0,0,0,0,0.9,0.4,0.7,42,41,36,0,0,0,0,12,0,38,0,38,0,0,0,0,0,0,0,0,0,0,37,0,38,40,0,29,0,0,33,37
6,16410,3,KR4MFM,0.52,3,   boost,15.59,91016,895.83,-6.99,14.72,52.7,4.18,4.18,4.11,14.69,0.04,0.39,1.73,6.48,-13.91,0.71,-0.03,0.19,8.51,4.2,0,0,0,0,1,1,15,31.0423925,-103.5227672,913,2026,6,20,23,46,37,0,0,0,0,0.9,0.4,0.7,42,41,36,0,0,0,0,12,0,38,0,38,0,0,0,0,0,0,0,0,0,0,37,0,38,40,0,29,0,0,33,37
6,16410,3,KR4MFM,0.53,3,   boost,5.03,91003,897.01,-5.81,14.84,52.7,4.18,4.18,4.11,18.84,-0.14,0.19,3.43,9.17,-16.11,0.71,-0.03,0.2,8.69,4.2,0,0,0,0,1,1,15,31.0423925,-103.5227672,913,2026,6,20,23,46,37,0,0,0,0,0.9,0.4,0.7,42,41,36,0,0,0,0,12,0,38,0,38,0,0,0,0,0,0,0,0,0,0,37,0,38,40,0,29,0,0,33,37
6,16410,3,KR4MFM,0.54,3,   boost,1.01,91003,897.01,-5.81,14.93,52.7,4.18,4.18,4.11,18.92,0.37,0.38,4.35,8.68,-16.42,0.71,-0.03,0.2,8.87,4.2,0,0,0,0,1,1,15,31.0423925,-103.5227672,913,2026,6,20,23,46,37,0,0,0,0,0.9,0.4,0.7,42,41,36,0,0,0,0,12,0,38,0,38,0,0,0,0,0,0,0,0,0,0,37,0,38,40,0,29,0,0,33,37
6,16410,3,KR4MFM,0.55,3,   boost,0.5,90997,897.56,-5.27,15.01,52.7,4.18,4.18,4.11,15,0.18,0.22,3.43,8.92,-15.62,0.71,-0.03,0.2,9.05,4.2,0,0,0,0,1,1,15,31.0423925,-103.5227672,913,2026,6,20,23,46,37,0,0,0,0,0.9,0.4,0.7,42,41,36,0,0,0,0,12,0,38,0,38,0,0,0,0,0,0,0,0,0,0,37,0,38,40,0,29,0,0,33,37
6,16410,3,KR4MFM,0.56,3,   boost,8.05,90997,897.56,-5.27,15.11,52.7,4.18,4.18,4.11,15.88,0.14,-0.24,2.46,6.06,-13.55,0.71,-0.03,0.2,9.2,4.2,0,0,0,0,1,1,15,31.0423925,-103.5227672,913,2026,6,20,23,46,37,0,0,0,0,0.9,0.4,0.7,42,41,36,0,0,0,0,12,0,38,0,38,0,0,0,0,0,0,0,0,0,0,37,0,38,40,0,29,0,0,33,37
6,16410,3,KR4MFM,0.57,3,   boost,17.1,90985,898.65,-4.18,15.24,52.7,4.18,4.18,4.11,22.65,0.12,-0.61,1.6,4.71,-12.02,0.71,-0.02,0.19,9.33,4.2,0,0,0,0,1,1,15,31.0423925,-103.5227672,913,2026,6,20,23,46,37,0,0,0,0,0.9,0.4,0.7,42,41,36,0,0,0,0,12,0,38,0,38,0,0,0,0,0,0,0,0,0,0,37,0,38,40,0,29,0,0,33,37
6,16410,3,KR4MFM,0.58,3,   boost,30.17,90985,898.65,-4.18,15.41,52.7,4.18,4.18,4.11,28.92,0.28,-0.6,1.6,3.92,-10.62,0.71,-0.02,0.19,9.44,4.2,0,0,0,0,1,1,15,31.0423925,-103.5227672,913,2026,6,20,23,46,37,0,0,0,0,0.9,0.4,0.7,42,41,36,0,0,0,0,12,0,38,0,38,0,0,0,0,0,0,0,0,0,0,37,0,38,40,0,29,0,0,33,37
6,16410,3,KR4MFM,0.59,3,   boost,25.15,90984,898.74,-4.09,15.6,52.7,4.18,4.18,4.11,34.88,0.15,-0.13,2.09,4.77,-11.65,0.71,-0.02,0.19,9.56,4.2,0,0,0,0,1,1,15,31.0423925,-103.5227672,913,2026,6,20,23,46,37,0,0,0,0,0.9,0.4,0.7,42,41,36,0,0,0,0,12,0,38,0,38,0,0,0,0,0,0,0,0,0,0,37,0,38,40,0,29,0,0,33,37
6,16410,3,KR4MFM,0.6,3,   boost,20.62,90984,898.74,-4.09,15.78,52.7,4.18,4.18,4.11,29.11,0.32,1.06,3.43,6.6,-13.61,0.71,-0.02,0.19,9.71,4.2,0,0,0,0,1,1,15,31.0423925,-103.5227672,913,2026,6,20,23,46,37,0,0,0,0,0.9,0.4,0.7,42,41,36,0,0,0,0,12,0,38,0,38,0,0,0,0,0,0,0,0,0,0,37,0,38,40,0,29,0,0,33,37
6,16410,3,KR4MFM,0.61,3,   boost,14.58,90977,899.37,-3.45,15.96,52.7,4.18,4.18,4.11,24.34,0.57,1.45,4.11,8.74,-15.38,0.71,-0.02,0.19,9.89,4.2,0,0,0,0,1,1,15,31.0423925,-103.5227672,913,2026,6,20,23,46,37,0,0,0,0,0.9,0.4,0.7,42,41,36,0,0,0,0,12,0,38,0,38,0,0,0,0,0,0,0,0,0,0,37,0,38,40,0,29,0,0,33,37
6,16410,3,KR4MFM,0.62,3,   boost,7.54,90977,899.37,-3.45,16.11,52.7,4.18,4.18,4.11,18.61,0.47,0.79,5.39,9.41,-15.87,0.71,-0.02,0.19,10.07,4.2,0,0,0,0,1,1,15,31.0423925,-103.5227672,913,2026,6,20,23,46,37,0,0,0,0,0.9,0.4,0.7,42,41,36,0,0,0,0,12,0,38,0,38,0,0,0,0,0,0,0,0,0,0,37,0,38,40,0,29,0,0,33,37
6,16410,3,KR4MFM,0.63,3,   boost,8.05,90952,901.64,-1.18,16.25,52.7,4.18,4.18,4.11,20.01,0.64,0.24,4.11,7.76,-14.71,0.71,-0.02,0.19,10.23,4.2,0,0,0,0,1,1,15,31.0423925,-103.5227672,913,2026,6,20,23,46,37,0,0,0,0,0.9,0.4,0.7,42,41,36,0,0,0,0,12,0,38,0,38,0,0,0,0,0,0,0,0,0,0,37,0,38,40,0,29,0,0,33,37
6,16410,3,KR4MFM,0.64,3,   boost,21.12,90952,901.64,-1.18,16.4,52.7,4.18,4.18,4.11,28.06,0.41,-0.42,3.86,6.24,-12.69,0.71,-0.02,0.19,10.37,4.2,0,0,0,0,1,1,15,31.0423925,-103.5227672,913,2026,6,20,23,46,37,0,0,0,0,0.9,0.4,0.7,42,41,36,0,0,0,0,12,0,38,0,38,0,0,0,0,0,0,0,0,0,0,37,0,38,40,0,29,0,0,33,37
6,16410,3,KR4MFM,0.65,3,   boost,22.63,90958,901.1,-1.73,16.54,52.7,4.18,4.18,4.11,28.31,0.38,-0.15,3.43,4.29,-10.68,0.71,-0.02,0.19,10.49,4.2,0,0,0,0,1,1,15,31.0423925,-103.5227672,913,2026,6,20,23,46,37,0,0,0,0,0.9,0.4,0.7,42,41,36,0,0,0,0,12,0,38,0,38,0,0,0,0,0,0,0,0,0,0,37,0,38,40,0,29,0,0,33,37
6,16410,3,KR4MFM,0.66,3,   boost,13.58,90958,901.1,-1.73,16.68,52.7,4.19,4.2,4.11,32.14,0.29,0.29,2.95,5.14,-10.98,0.71,-0.01,0.19,10.61,4.19,0,0,0,0,1,1,15,31.0423925,-103.5227672,913,2026,6,20,23,46,37,0,0,0,0,0.9,0.4,0.7,42,41,36,0,0,0,0,12,0,38,0,38,0,0,0,0,0,0,0,0,0,0,37,0,38,40,0,29,0,0,33,37
6,16410,3,KR4MFM,0.66,3,   boost,13.58,90958,901.1,-1.73,16.68,52.7,4.19,4.2,4.11,32.14,0.29,0.29,2.95,5.14,-10.98,0.71,-0.01,0.19,10.61,4.19,0,0,0,0,1,1,15,31.0423925,-103.5227672,913,2026,6,20,23,46,37,0,0,0,0,0.9,0.4,0.7,42,41,36,0,0,0,0,12,0,38,0,38,0,0,0,0,0,0,0,0,0,0,37,0,38,40,0,29,0,0,33,37
6,16410,3,KR4MFM,0.67,3,   boost,8.55,90945,902.28,-0.55,16.81,52.7,4.19,4.2,4.11,25.04,0.19,0.34,3.86,6.42,-11.9,0.71,-0.01,0.19,10.74,4.19,0,0,0,0,1,1,15,31.0423925,-103.5227672,913,2026,6,20,23,46,37,0,0,0,0,0.9,0.4,0.7,42,41,36,0,0,0,0,12,0,38,0,38,0,0,0,0,0,0,0,0,0,0,37,0,38,40,0,29,0,0,33,37
6,16410,3,KR4MFM,0.68,3,   boost,7.04,90945,902.28,-0.55,16.94,52.7,4.19,4.2,4.11,18.41,0.37,0.34,4.47,7.83,-13.79,0.71,-0.01,0.19,10.9,4.19,0,0,0,0,1,1,15,31.0423925,-103.5227672,913,2026,6,20,23,46,37,0,0,0,0,0.9,0.4,0.7,42,41,36,0,0,0,0,12,0,38,0,38,0,0,0,0,0,0,0,0,0,0,37,0,38,40,0,29,0,0,33,37
6,16410,3,KR4MFM,0.69,3,   boost,13.08,90917,904.82,2,17.07,52.7,4.19,4.2,4.11,17.22,0.37,0.32,4.17,8.8,-14.22,0.71,-0.01,0.19,11.06,4.19,0,0,0,0,1,1,15,31.0423925,-103.5227672,913,2026,6,20,23,46,37,0,0,0,0,0.9,0.4,0.7,42,41,36,0,0,0,0,12,0,38,0,38,0,0,0,0,0,0,0,0,0,0,37,0,38,40,0,29,0,0,33,37
6,16410,3,KR4MFM,0.7,3,   boost,17.1,90917,904.82,2,17.22,52.7,4.19,4.2,4.11,25.84,0.47,0.39,3.8,7.64,-13.49,0.71,-0.01,0.19,11.22,4.19,0,0,0,0,1,1,15,31.0423925,-103.5227672,913,2026,6,20,23,46,37,0,0,0,0,0.9,0.4,0.7,42,41,36,0,0,0,0,12,0,38,0,38,0,0,0,0,0,0,0,0,0,0,37,0,38,40,0,29,0,0,33,37
6,16410,3,KR4MFM,0.71,3,   boost,22.13,90928,903.82,1,17.39,52.7,4.19,4.2,4.11,30.11,0.54,0.2,3.68,6.18,-11.78,0.71,-0.01,0.18,11.35,4.19,0,0,0,0,1,1,15,31.0423925,-103.5227672,913,2026,6,20,23,46,37,0,0,0,0,0.9,0.4,0.7,42,41,36,0,0,0,0,12,0,38,0,38,0,0,0,0,0,0,0,0,0,0,37,0,38,40,0,29,0,0,33,37
6,16410,3,KR4MFM,0.72,3,   boost,21.62,90928,903.82,1,17.57,52.7,4.19,4.2,4.11,34.39,0.58,0.59,3.5,5.2,-10.56,0.71,-0.01,0.19,11.46,4.19,0,0,0,0,1,1,15,31.0423925,-103.5227672,913,2026,6,20,23,46,37,0,0,0,0,0.9,0.4,0.7,42,41,36,0,0,0,0,12,0,38,0,38,0,0,0,0,0,0,0,0,0,0,37,0,38,40,0,29,0,0,33,37
6,16410,3,KR4MFM,0.73,3,   boost,21.12,90909,905.55,2.73,17.75,52.7,4.19,4.2,4.11,29.02,0.4,0.91,3.25,5.63,-10.8,0.71,-0.01,0.19,11.59,4.19,0,0,0,0,1,1,15,31.0423925,-103.5227672,913,2026,6,20,23,46,37,0,0,0,0,0.9,0.4,0.7,42,41,36,0,0,0,0,12,0,38,0,38,0,0,0,0,0,0,0,0,0,0,37,0,38,40,0,29,0,0,33,37
6,16410,3,KR4MFM,0.74,3,   boost,20.12,90909,905.55,2.73,17.92,52.7,4.19,4.2,4.11,21.56,0.4,0.7,3.25,6.67,-11.78,0.71,-0.01,0.19,11.72,4.19,0,0,0,0,1,1,15,31.0423925,-103.5227672,913,2026,6,20,23,46,37,0,0,0,0,0.9,0.4,0.7,42,41,36,0,0,0,0,12,0,38,0,38,0,0,0,0,0,0,0,0,0,0,37,0,38,40,0,29,0,0,33,37
6,16410,3,KR4MFM,0.75,3,   boost,11.57,90906,905.82,3,18.06,52.7,4.19,4.2,4.11,16.93,0.34,0.25,3.01,8.01,-12.94,0.71,-0.01,0.18,11.87,4.19,0,0,0,0,1,1,15,31.0423925,-103.5227672,913,2026,6,20,23,46,37,0,0,0,0,0.9,0.4,0.7,42,41,36,0,0,0,0,12,0,38,0,38,0,0,0,0,0,0,0,0,0,0,37,0,38,40,0,29,0,0,33,37
6,16410,3,KR4MFM,0.76,3,   boost,6.03,90906,905.82,3,18.19,52.7,4.19,4.2,4.11,20.47,0.45,0.14,2.21,7.89,-13.3,0.71,-0.01,0.18,12.02,4.19,0,0,0,0,1,1,15,31.0423925,-103.5227672,913,2026,6,20,23,46,37,0,0,0,0,0.9,0.4,0.7,42,41,36,0,0,0,0,12,0,38,0,38,0,0,0,0,0,0,0,0,0,0,37,0,38,40,0,29,0,0,33,37
6,16410,3,KR4MFM,0.77,3,   boost,7.54,90884,907.82,5,18.31,52.7,4.19,4.2,4.11,28.11,0.45,-0.06,2.09,6.73,-11.53,0.71,0,0.19,12.15,4.19,0,0,0,0,1,1,15,31.0423925,-103.5227672,913,2026,6,20,23,46,37,0,0,0,0,0.9,0.4,0.7,42,41,36,0,0,0,0,12,0,38,0,38,0,0,0,0,0,0,0,0,0,0,37,0,38,40,0,29,0,0,33,37
6,16410,3,KR4MFM,0.78,3,   boost,18.61,90884,907.82,5,18.43,52.7,4.19,4.2,4.11,28.31,0.62,-0.22,0.93,4.83,-9.7,0.71,0,0.19,12.26,4.19,0,0,0,0,1,1,15,31.0423925,-103.5227672,913,2026,6,20,23,46,37,0,0,0,0,0.9,0.4,0.7,42,41,36,0,0,0,0,12,0,38,0,38,0,0,0,0,0,0,0,0,0,0,37,0,38,40,0,29,0,0,33,37
6,16410,3,KR4MFM,0.79,3,   boost,15.09,90887,907.55,4.73,18.54,52.7,4.19,4.2,4.11,29.15,0.41,-0.29,0.63,3.8,-8.54,0.71,0,0.18,12.35,4.19,0,0,0,0,1,1,15,31.0423925,-103.5227672,913,2026,6,20,23,46,37,0,0,0,0,0.9,0.4,0.7,42,41,36,0,0,0,0,12,0,38,0,38,0,0,0,0,0,0,0,0,0,0,37,0,38,40,0,29,0,0,33,37
6,16410,3,KR4MFM,0.8,3,   boost,9.56,90887,907.55,4.73,18.65,52.7,4.19,4.2,4.11,20.97,0.29,0.42,0.38,5.14,-9.4,0.71,0,0.18,12.46,4.19,0,0,0,0,1,1,15,31.0423925,-103.5227672,913,2026,6,20,23,46,37,0,0,0,0,0.9,0.4,0.7,42,41,36,0,0,0,0,12,0,38,0,38,0,0,0,0,0,0,0,0,0,0,37,0,38,40,0,29,0,0,33,37
6,16410,3,KR4MFM,0.81,3,   boost,9.05,90865,909.55,6.73,18.76,52.7,4.19,4.2,4.11,17.75,0.25,0.55,1.11,6.3,-10.5,0.71,0,0.18,12.58,4.19,0,0,0,0,1,1,15,31.0423925,-103.5227672,913,2026,6,20,23,46,37,0,0,0,0,0.9,0.4,0.7,42,41,36,0,0,0,0,12,0,38,0,38,0,0,0,0,0,0,0,0,0,0,37,0,38,40,0,29,0,0,33,37
6,16410,3,KR4MFM,0.82,3,   boost,8.55,90865,909.55,6.73,18.88,52.7,4.19,4.2,4.11,19.61,0.34,0.53,1.05,7.46,-11.59,0.71,0,0.18,12.72,4.19,0,0,0,0,1,1,15,31.0423925,-103.5227672,913,2026,6,20,23,46,37,0,0,0,0,0.9,0.4,0.7,42,41,36,0,0,0,0,12,0,38,0,38,0,0,0,0,0,0,0,0,0,0,37,0,38,40,0,29,0,0,33,37
6,16410,3,KR4MFM,0.83,3,   boost,9.05,90847,911.19,8.36,19.01,52.7,4.19,4.2,4.11,26.36,0.64,0.29,0.81,7.09,-11.47,0.71,0,0.18,12.85,4.19,0,0,0,0,1,1,15,31.0423925,-103.5227672,913,2026,6,20,23,46,37,0,0,0,0,0.9,0.4,0.7,42,41,36,0,0,0,0,12,0,38,0,38,0,0,0,0,0,0,0,0,0,0,37,0,38,40,0,29,0,0,33,37
6,16410,3,KR4MFM,0.84,3,   boost,21.62,90847,911.19,8.36,19.16,52.7,4.19,4.2,4.11,30.4,0.65,-0.22,-0.35,5.87,-10.13,0.71,0,0.18,12.96,4.19,0,0,0,0,1,1,15,31.0423925,-103.5227672,913,2026,6,20,23,46,37,0,0,0,0,0.9,0.4,0.7,42,41,36,0,0,0,0,12,0,38,0,38,0,0,0,0,0,0,0,0,0,0,37,0,38,40,0,29,0,0,33,37
6,16410,3,KR4MFM,0.85,3,   boost,24.14,90843,911.55,8.73,19.33,52.7,4.19,4.2,4.11,32.33,0.7,0.28,-1.14,4.1,-8.24,0.71,0,0.18,13.06,4.19,0,0,0,0,1,1,15,31.0423925,-103.5227672,913,2026,6,20,23,46,37,0,0,0,0,0.9,0.4,0.7,42,41,36,0,0,0,0,12,0,38,0,38,0,0,0,0,0,0,0,0,0,0,37,0,38,40,0,29,0,0,33,37
6,16410,3,KR4MFM,0.86,3,   boost,24.64,90843,911.55,8.73,19.51,52.7,4.19,4.2,4.11,25.09,0.41,0.63,-1.27,4.22,-7.44,0.71,0,0.18,13.14,4.19,0,0,0,0,1,1,15,31.0423925,-103.5227672,913,2026,6,20,23,46,37,0,0,0,0,0.9,0.4,0.7,42,41,36,0,0,0,0,12,0,38,0,38,0,0,0,0,0,0,0,0,0,0,37,0,38,40,0,29,0,0,33,37
6,16410,3,KR4MFM,0.87,3,   boost,20.62,90851,910.82,8,19.68,52.7,4.19,4.2,4.11,19.33,0.27,0.45,-1.08,5.2,-7.99,0.71,0,0.18,13.23,4.19,0,0,0,0,1,1,15,31.0423925,-103.5227672,913,2026,6,20,23,46,37,0,0,0,0,0.9,0.4,0.7,42,41,36,0,0,0,0,12,0,38,0,38,0,0,0,0,0,0,0,0,0,0,37,0,38,40,0,29,0,0,33,37
6,16410,3,KR4MFM,0.88,3,   boost,9.56,90851,910.82,8,19.83,52.7,4.19,4.2,4.11,18.17,0.25,0.43,-0.35,6.54,-9.82,0.71,0,0.18,13.35,4.19,0,0,0,0,1,1,15,31.0423925,-103.5227672,913,2026,6,20,23,46,37,0,0,0,0,0.9,0.4,0.7,42,41,36,0,0,0,0,12,0,38,0,38,0,0,0,0,0,0,0,0,0,0,37,0,38,40,0,29,0,0,33,37
6,16410,3,KR4MFM,0.89,3,   boost,4.53,90823,913.37,10.55,19.96,52.7,4.19,4.2,4.11,23.31,0.47,0.69,-0.72,6.73,-10.8,0.71,0,0.18,13.47,4.19,0,0,0,0,1,1,15,31.0423925,-103.5227672,913,2026,6,20,23,46,37,0,0,0,0,0.9,0.4,0.7,42,41,36,0,0,0,0,12,0,38,0,38,0,0,0,0,0,0,0,0,0,0,37,0,38,40,0,29,0,0,33,37
6,16410,3,KR4MFM,0.9,3,   boost,11.06,90823,913.37,10.55,20.1,52.7,4.19,4.2,4.11,29.89,0.6,0.03,-1.75,7.21,-10.5,0.71,0.01,0.18,13.6,4.19,0,0,0,0,1,1,15,31.0423925,-103.5227672,913,2026,6,20,23,46,37,0,0,0,0,0.9,0.4,0.7,42,41,36,0,0,0,0,12,0,38,0,38,0,0,0,0,0,0,0,0,0,0,37,0,38,40,0,29,0,0,33,37
6,16410,3,KR4MFM,0.91,3,   boost,15.59,90820,913.64,10.82,20.24,52.7,4.19,4.2,4.11,33.67,0.71,-0.06,-2.18,4.96,-8.48,0.71,0.01,0.18,13.7,4.19,0,0,0,0,1,1,15,31.0423925,-103.5227672,913,2026,6,20,23,46,37,0,0,0,0,0.9,0.4,0.7,42,41,36,0,0,0,0,12,0,38,0,38,0,0,0,0,0,0,0,0,0,0,37,0,38,40,0,29,0,0,33,37
6,16410,3,KR4MFM,0.92,3,   boost,26.15,90820,913.64,10.82,20.4,52.7,4.19,4.2,4.11,25.27,0.54,0.37,-3.1,4.04,-6.41,0.71,0.01,0.18,13.77,4.19,0,0,0,0,1,1,15,31.0423925,-103.5227672,913,2026,6,20,23,46,37,0,0,0,0,0.9,0.4,0.7,42,41,36,0,0,0,0,12,0,38,0,38,0,0,0,0,0,0,0,0,0,0,37,0,38,40,0,29,0,0,33,37
6,16410,3,KR4MFM,0.93,3,   boost,22.13,90812,914.37,11.55,20.58,52.7,4.19,4.2,4.11,18.86,0.32,0.41,-2.97,3.61,-6.1,0.71,0.01,0.17,13.84,4.19,0,0,0,0,1,1,15,31.0423925,-103.5227672,913,2026,6,20,23,46,37,0,0,0,0,0.9,0.4,0.7,42,41,36,0,0,0,0,12,0,38,0,38,0,0,0,0,0,0,0,0,0,0,37,0,38,40,0,29,0,0,33,37
6,16410,3,KR4MFM,0.94,3,   boost,15.59,90812,914.37,11.55,20.76,52.7,4.19,4.2,4.11,17.8,0.27,0.2,-3.04,4.41,-7.26,0.71,0.01,0.18,13.92,4.19,0,0,0,0,1,1,15,31.0423925,-103.5227672,913,2026,6,20,23,46,37,0,0,0,0,0.9,0.4,0.7,42,41,36,0,0,0,0,12,0,38,0,38,0,0,0,0,0,0,0,0,0,0,37,0,38,40,0,29,0,0,33,37
6,16410,3,KR4MFM,0.94,3,   boost,15.59,90812,914.37,11.55,20.76,52.7,4.19,4.2,4.11,17.8,0.27,0.2,-3.04,4.41,-7.26,0.71,0.01,0.18,13.92,4.19,0,0,0,0,1,1,15,31.0423925,-103.5227672,913,2026,6,20,23,46,37,0,0,0,0,0.9,0.4,0.7,42,41,36,0,0,0,0,12,0,38,0,38,0,0,0,0,0,0,0,0,0,0,37,0,38,40,0,29,0,0,33,37
6,16410,3,KR4MFM,0.94,3,   boost,15.59,90812,914.37,11.55,20.76,52.7,4.19,4.2,4.11,17.8,0.27,0.2,-3.04,4.41,-7.26,0.71,0.01,0.18,13.92,4.19,0,0,0,0,1,1,15,31.0423925,-103.5227672,913,2026,6,20,23,46,37,0,0,0,0,0.9,0.4,0.7,42,41,36,0,0,0,0,12,0,38,0,38,0,0,0,0,0,0,0,0,0,0,37,0,38,40,0,29,0,0,33,37
6,16410,3,KR4MFM,0.95,3,   boost,17.1,90785,916.83,14,20.95,52.7,4.19,4.2,4.11,22.81,0.4,0.48,-2.12,5.81,-8.24,0.71,0.01,0.18,14.02,4.19,0,0,0,0,1,1,15,31.0423905,-103.5227535,947,2026,6,20,23,46,38,1,34,100,88,0.9,0.4,0.7,41,41,35,0,0,0,0,14,0,34,0,37,0,0,0,0,0,0,0,0,0,0,37,0,35,37,0,29,0,0,33,40
6,16410,3,KR4MFM,0.96,3,   boost,22.13,90785,916.83,14,21.13,52.7,4.19,4.2,4.11,32.9,0.59,0.41,-3.34,5.99,-8.11,0.71,0.01,0.18,14.12,4.19,0,0,0,0,1,1,15,31.0423905,-103.5227535,947,2026,6,20,23,46,38,1,34,100,88,0.9,0.4,0.7,41,41,35,0,0,0,0,14,0,34,0,37,0,0,0,0,0,0,0,0,0,0,37,0,35,37,0,29,0,0,33,40
6,16410,3,KR4MFM,0.97,3,   boost,20.62,90784,916.92,14.09,21.3,52.7,4.19,4.2,4.11,31.17,0.74,0.31,-3.77,4.9,-6.1,0.71,0.01,0.18,14.2,4.19,0,0,0,0,1,1,15,31.0423905,-103.5227535,947,2026,6,20,23,46,38,1,34,100,88,0.9,0.4,0.7,41,41,35,0,0,0,0,14,0,34,0,37,0,0,0,0,0,0,0,0,0,0,37,0,35,37,0,29,0,0,33,40
6,16410,3,KR4MFM,0.98,3,   boost,16.6,90784,916.92,14.09,21.45,52.7,4.19,4.2,4.11,24.41,0.63,0.75,-4.32,3.67,-5.61,0.71,0.01,0.18,14.26,4.2,0,0,0,0,1,1,15,31.0423905,-103.5227535,947,2026,6,20,23,46,38,1,34,100,88,0.9,0.4,0.7,41,41,35,0,0,0,0,14,0,34,0,37,0,0,0,0,0,0,0,0,0,0,37,0,35,37,0,29,0,0,33,40
6,16410,3,KR4MFM,0.98,3,   boost,16.6,90784,916.92,14.09,21.45,52.7,4.19,4.2,4.11,24.41,0.63,0.75,-4.32,3.67,-5.61,0.71,0.01,0.18,14.26,4.2,0,0,0,0,1,1,15,31.0423905,-103.5227535,947,2026,6,20,23,46,38,1,34,100,88,0.9,0.4,0.7,41,41,35,0,0,0,0,14,0,34,0,37,0,0,0,0,0,0,0,0,0,0,37,0,35,37,0,29,0,0,33,40
6,16410,3,KR4MFM,0.99,3,   boost,11.06,90775,917.74,14.91,21.59,52.7,4.19,4.2,4.11,18.33,0.4,0.39,-4.2,3.67,-5.61,0.71,0.01,0.18,14.33,4.2,0,0,0,0,1,1,15,31.0423905,-103.5227535,947,2026,6,20,23,46,38,1,34,100,88,0.9,0.4,0.7,41,41,35,0,0,0,0,14,0,34,0,37,0,0,0,0,0,0,0,0,0,0,37,0,35,37,0,29,0,0,33,40
6,16410,3,KR4MFM,1,3,   boost,8.05,90775,917.74,14.91,21.72,52.7,4.19,4.2,4.11,21.95,0.41,0.4,-3.83,4.41,-6.89,0.71,0.01,0.18,14.41,4.2,0,0,0,0,1,1,15,31.0423905,-103.5227535,947,2026,6,20,23,46,38,1,34,100,88,0.9,0.4,0.7,41,41,35,0,0,0,0,14,0,34,0,37,0,0,0,0,0,0,0,0,0,0,37,0,35,37,0,29,0,0,33,40
6,16410,3,KR4MFM,1.01,3,   boost,11.57,90775,917.74,14.91,21.85,52.7,4.19,4.2,4.11,28.82,0.47,0.21,-3.1,5.44,-6.89,0.71,0.01,0.17,14.49,4.2,0,0,0,0,1,1,15,31.0423905,-103.5227535,947,2026,6,20,23,46,38,1,34,100,88,0.9,0.4,0.7,41,41,35,0,0,0,0,14,0,34,0,37,0,0,0,0,0,0,0,0,0,0,37,0,35,37,0,29,0,0,33,40
6,16410,3,KR4MFM,1.02,3,   boost,12.57,90775,917.74,14.91,21.99,52.7,4.19,4.2,4.11,32.88,0.68,0.27,-3.95,5.08,-5.86,0.71,0.01,0.17,14.57,4.2,0,0,0,0,1,1,15,31.0423905,-103.5227535,947,2026,6,20,23,46,38,1,34,100,88,0.9,0.4,0.7,41,41,35,0,0,0,0,14,0,34,0,37,0,0,0,0,0,0,0,0,0,0,37,0,35,37,0,29,0,0,33,40
6,16410,3,KR4MFM,1.03,3,   boost,23.13,90765,918.65,15.82,22.13,52.7,4.19,4.2,4.11,26.68,0.55,0.88,-4.38,3.43,-4.15,0.71,0.01,0.17,14.62,4.2,0,0,0,0,1,1,15,31.0423905,-103.5227535,947,2026,6,20,23,46,38,1,34,100,88,0.9,0.4,0.7,41,41,35,0,0,0,0,14,0,34,0,37,0,0,0,0,0,0,0,0,0,0,37,0,35,37,0,29,0,0,33,40
6,16410,3,KR4MFM,1.04,3,   boost,22.13,90765,918.65,15.82,22.28,52.7,4.19,4.2,4.11,20.21,0.61,1.01,-5.05,2.27,-3.72,0.71,0.01,0.17,14.66,4.2,0,0,0,0,1,1,15,31.0423905,-103.5227535,947,2026,6,20,23,46,38,1,34,100,88,0.9,0.4,0.7,41,41,35,0,0,0,0,14,0,34,0,37,0,0,0,0,0,0,0,0,0,0,37,0,35,37,0,29,0,0,33,40
6,16410,3,KR4MFM,1.05,3,   boost,17.6,90755,919.56,16.73,22.42,52.7,4.19,4.2,4.11,19.13,0.45,0.2,-5.42,3.43,-4.09,0.71,0.01,0.17,14.71,4.2,0,0,0,0,1,1,15,31.0423905,-103.5227535,947,2026,6,20,23,46,38,1,34,100,88,0.9,0.4,0.7,41,41,35,0,0,0,0,14,0,34,0,37,0,0,0,0,0,0,0,0,0,0,37,0,35,37,0,29,0,0,33,40
6,16410,3,KR4MFM,1.06,3,   boost,5.53,90755,919.56,16.73,22.54,52.7,4.19,4.2,4.11,23.09,0.61,1.25,-4.81,3.98,-5.49,0.71,0.01,0.18,14.78,4.2,0,0,0,0,1,1,15,31.0423905,-103.5227535,947,2026,6,20,23,46,38,1,34,100,88,0.9,0.4,0.7,41,41,35,0,0,0,0,14,0,34,0,37,0,0,0,0,0,0,0,0,0,0,37,0,35,37,0,29,0,0,33,40
6,16410,3,KR4MFM,1.07,3,   boost,2.51,90743,920.65,17.82,22.64,52.7,4.19,4.2,4.11,19.02,0.4,0.35,-4.74,5.51,-6.16,0.71,0.01,0.18,14.86,4.2,0,0,0,0,1,1,15,31.0423905,-103.5227535,947,2026,6,20,23,46,38,1,34,100,88,0.9,0.4,0.7,41,41,35,0,0,0,0,14,0,34,0,37,0,0,0,0,0,0,0,0,0,0,37,0,35,37,0,29,0,0,33,40
6,16410,3,KR4MFM,1.08,3,   boost,5.03,90743,920.65,17.82,22.72,52.7,4.19,4.2,4.11,22,0.7,0.33,-4.81,3.74,-4.64,0.71,0.01,0.18,14.91,4.2,0,0,0,0,1,1,15,31.0423905,-103.5227535,947,2026,6,20,23,46,38,1,34,100,88,0.9,0.4,0.7,41,41,35,0,0,0,0,14,0,34,0,37,0,0,0,0,0,0,0,0,0,0,37,0,35,37,0,29,0,0,33,40
6,16410,3,KR4MFM,1.09,3,   boost,18.61,90742,920.74,17.92,22.81,52.7,4.19,4.2,4.11,27.54,0.57,-0.19,-5.72,3.13,-3.17,0.71,0.01,0.18,14.95,4.2,0,0,0,0,1,1,15,31.0423905,-103.5227535,947,2026,6,20,23,46,38,1,34,100,88,0.9,0.4,0.7,41,41,35,0,0,0,0,14,0,34,0,37,0,0,0,0,0,0,0,0,0,0,37,0,35,37,0,29,0,0,33,40
6,16410,3,KR4MFM,1.1,3,   boost,6.03,90742,920.74,17.92,22.9,52.7,4.19,4.2,4.11,29.81,0.68,-0.32,-6.51,1.11,-1.64,0.71,0.01,0.17,14.97,4.2,0,0,0,0,1,1,15,31.0423905,-103.5227535,947,2026,6,20,23,46,38,1,34,100,88,0.9,0.4,0.7,41,41,35,0,0,0,0,14,0,34,0,37,0,0,0,0,0,0,0,0,0,0,37,0,35,37,0,29,0,0,33,40
6,16410,3,KR4MFM,1.11,3,   boost,5.53,90719,922.83,20.01,23.02,52.7,4.19,4.2,4.11,23.7,0.36,0.2,-6.51,2.88,-2.68,0.71,0.01,0.17,15.01,4.2,0,0,0,0,1,1,15,31.0423905,-103.5227535,947,2026,6,20,23,46,38,1,34,100,88,0.9,0.4,0.7,41,41,35,0,0,0,0,14,0,34,0,37,0,0,0,0,0,0,0,0,0,0,37,0,35,37,0,29,0,0,33,40
6,16410,3,KR4MFM,1.12,3,   boost,17.6,90719,922.83,20.01,23.15,52.7,4.19,4.2,4.11,17.78,0.35,0.63,-6.09,3,-3.9,0.71,0.01,0.17,15.06,4.2,0,0,0,0,1,1,15,31.0423905,-103.5227535,947,2026,6,20,23,46,38,1,34,100,88,0.9,0.4,0.7,41,41,35,0,0,0,0,14,0,34,0,37,0,0,0,0,0,0,0,0,0,0,37,0,35,37,0,29,0,0,33,40
6,16410,3,KR4MFM,1.13,3,   boost,28.67,90712,923.47,20.65,23.31,52.7,4.19,4.2,4.11,23.23,0.39,0.88,-5.78,4.65,-4.33,0.71,0.01,0.17,15.11,4.2,0,0,0,0,1,1,15,31.0423905,-103.5227535,947,2026,6,20,23,46,38,1,34,100,88,0.9,0.4,0.7,41,41,35,0,0,0,0,14,0,34,0,37,0,0,0,0,0,0,0,0,0,0,37,0,35,37,0,29,0,0,33,40
6,16410,3,KR4MFM,1.14,3,   boost,20.62,90712,923.47,20.65,23.46,52.7,4.19,4.2,4.11,32.68,0.75,1.17,-6.15,3.31,-2.44,0.71,0.01,0.17,15.15,4.2,0,0,0,0,1,1,15,31.0423905,-103.5227535,947,2026,6,20,23,46,38,1,34,100,88,0.9,0.4,0.7,41,41,35,0,0,0,0,14,0,34,0,37,0,0,0,0,0,0,0,0,0,0,37,0,35,37,0,29,0,0,33,40
6,16410,3,KR4MFM,1.15,3,   boost,10.56,90730,921.83,19.01,23.61,52.7,4.19,4.2,4.11,29.53,0.88,0.26,-6.58,2.64,-1.22,0.71,0.01,0.17,15.17,4.2,0,0,0,0,1,1,15,31.0423905,-103.5227535,947,2026,6,20,23,46,38,1,34,100,88,0.9,0.4,0.7,41,41,35,0,0,0,0,14,0,34,0,37,0,0,0,0,0,0,0,0,0,0,37,0,35,37,0,29,0,0,33,40
6,16410,3,KR4MFM,1.16,3,   boost,8.05,90730,921.83,19.01,23.74,52.7,4.19,4.2,4.11,23.41,0.63,-0.24,-7,1.84,-1.4,0.71,0.01,0.17,15.19,4.2,0,0,0,0,1,1,15,31.0423905,-103.5227535,947,2026,6,20,23,46,38,1,34,100,88,0.9,0.4,0.7,41,41,35,0,0,0,0,14,0,34,0,37,0,0,0,0,0,0,0,0,0,0,37,0,35,37,0,29,0,0,33,40
6,16410,3,KR4MFM,1.17,3,   boost,11.57,90695,925.02,22.19,23.87,52.7,4.19,4.2,4.11,17.26,0.37,0,-7.8,2.76,-2.99,0.71,0.01,0.17,15.23,4.2,0,0,0,0,1,1,15,31.0423905,-103.5227535,947,2026,6,20,23,46,38,1,34,100,88,0.9,0.4,0.7,41,41,35,0,0,0,0,14,0,34,0,37,0,0,0,0,0,0,0,0,0,0,37,0,35,37,0,29,0,0,33,40
6,16410,3,KR4MFM,1.18,3,   boost,14.08,90695,925.02,22.19,24,52.7,4.19,4.2,4.11,18.26,0.07,0.66,-8.35,3.67,-2.87,0.71,0.01,0.17,15.27,4.2,0,0,0,0,1,1,15,31.0423905,-103.5227535,947,2026,6,20,23,46,38,1,34,100,88,0.9,0.4,0.7,41,41,35,0,0,0,0,14,0,34,0,37,0,0,0,0,0,0,0,0,0,0,37,0,35,37,0,29,0,0,33,40
6,16410,3,KR4MFM,1.19,3,   boost,12.57,90683,926.11,23.29,24.13,52.7,4.19,4.2,4.11,31.15,0.41,1.1,-7.49,4.1,-2.07,0.71,0.01,0.18,15.3,4.2,0,0,0,0,1,1,15,31.0423905,-103.5227535,947,2026,6,20,23,46,38,1,34,100,88,0.9,0.4,0.7,41,41,35,0,0,0,0,14,0,34,0,37,0,0,0,0,0,0,0,0,0,0,37,0,35,37,0,29,0,0,33,40
6,16410,3,KR4MFM,1.2,3,   boost,21.62,90683,926.11,23.29,24.28,52.7,4.19,4.2,4.11,31.15,0.89,0.6,-7.37,1.36,0.55,0.71,0.01,0.17,15.3,4.2,0,0,0,0,1,1,15,31.0423905,-103.5227535,947,2026,6,20,23,46,38,1,34,100,88,0.9,0.4,0.7,41,41,35,0,0,0,0,14,0,34,0,37,0,0,0,0,0,0,0,0,0,0,37,0,35,37,0,29,0,0,33,40
6,16410,3,KR4MFM,1.21,3,   boost,21.12,90668,927.48,24.65,24.43,52.7,4.19,4.2,4.11,29.84,0.93,0.38,-7.98,0.75,0.86,0.71,0.01,0.17,15.3,4.2,0,0,0,0,1,1,15,31.0423905,-103.5227535,947,2026,6,20,23,46,38,1,34,100,88,0.9,0.4,0.7,41,41,35,0,0,0,0,14,0,34,0,37,0,0,0,0,0,0,0,0,0,0,37,0,35,37,0,29,0,0,33,40
6,16410,3,KR4MFM,1.22,3,   boost,14.08,90668,927.48,24.65,24.57,52.7,4.19,4.2,4.11,19.74,0.61,0.54,-9.2,1.36,0.43,0.71,0.01,0.17,15.3,4.2,0,0,0,0,1,1,15,31.0423905,-103.5227535,947,2026,6,20,23,46,38,1,34,100,88,0.9,0.4,0.7,41,41,35,0,0,0,0,14,0,34,0,37,0,0,0,0,0,0,0,0,0,0,37,0,35,37,0,29,0,0,33,40
6,16410,3,KR4MFM,1.23,3,   boost,8.55,90653,928.84,26.02,24.71,52.7,4.19,4.2,4.11,16.89,0.42,0.3,-8.89,3.06,-1.58,0.71,0.01,0.17,15.33,4.2,0,0,0,0,1,1,15,31.0423905,-103.5227535,947,2026,6,20,23,46,38,1,34,100,88,0.9,0.4,0.7,41,41,35,0,0,0,0,14,0,34,0,37,0,0,0,0,0,0,0,0,0,0,37,0,35,37,0,29,0,0,33,40
6,16410,3,KR4MFM,1.24,3,   boost,10.06,90653,928.84,26.02,24.84,52.7,4.19,4.2,4.11,25.8,0.44,0.47,-9.02,2.64,-1.71,0.71,0.01,0.17,15.35,4.2,0,0,0,0,1,1,15,31.0423905,-103.5227535,947,2026,6,20,23,46,38,1,34,100,88,0.9,0.4,0.7,41,41,35,0,0,0,0,14,0,34,0,37,0,0,0,0,0,0,0,0,0,0,37,0,35,37,0,29,0,0,33,40
6,16410,3,KR4MFM,1.25,3,   boost,20.12,90658,928.39,25.56,24.96,52.7,4.19,4.2,4.11,30.63,0.61,0.39,-8.89,2.52,-0.24,0.71,0.01,0.17,15.36,4.2,0,0,0,0,1,1,15,31.0423905,-103.5227535,947,2026,6,20,23,46,38,1,34,100,88,0.9,0.4,0.7,41,41,35,0,0,0,0,14,0,34,0,37,0,0,0,0,0,0,0,0,0,0,37,0,35,37,0,29,0,0,33,40
6,16410,3,KR4MFM,1.26,3,   boost,10.06,90658,928.39,25.56,25.08,52.7,4.19,4.2,4.11,28.01,0.52,0.12,-9.38,1.48,1.1,0.71,0.01,0.17,15.36,4.2,0,0,0,0,1,1,15,31.0423905,-103.5227535,947,2026,6,20,23,46,38,1,34,100,88,0.9,0.4,0.7,41,41,35,0,0,0,0,14,0,34,0,37,0,0,0,0,0,0,0,0,0,0,37,0,35,37,0,29,0,0,33,40
6,16410,3,KR4MFM,1.27,3,   boost,9.56,90635,930.48,27.66,25.2,52.7,4.19,4.2,4.11,20.04,0.49,0.42,-9.44,0.68,1.47,0.71,0.01,0.17,15.35,4.2,0,0,0,0,1,1,15,31.0423905,-103.5227535,947,2026,6,20,23,46,38,1,34,100,88,0.9,0.4,0.7,41,41,35,0,0,0,0,14,0,34,0,37,0,0,0,0,0,0,0,0,0,0,37,0,35,37,0,29,0,0,33,40
6,16410,3,KR4MFM,1.28,3,   boost,11.06,90635,930.48,27.66,25.33,52.7,4.19,4.2,4.11,18.76,0.4,0.57,-9.75,1.11,0,0.71,0.01,0.18,15.35,4.2,0,0,0,0,1,1,15,31.0423905,-103.5227535,947,2026,6,20,23,46,38,1,34,100,88,0.9,0.4,0.7,41,41,35,0,0,0,0,14,0,34,0,37,0,0,0,0,0,0,0,0,0,0,37,0,35,37,0,29,0,0,33,40
6,16410,3,KR4MFM,1.29,3,   boost,22.63,90627,931.21,28.39,25.47,52.7,4.19,4.2,4.11,25.43,0.59,0.49,-10.3,2.45,0.13,0.71,0.01,0.18,15.36,4.2,0,0,0,0,1,1,15,31.0423905,-103.5227535,947,2026,6,20,23,46,38,1,34,100,88,0.9,0.4,0.7,41,41,35,0,0,0,0,14,0,34,0,37,0,0,0,0,0,0,0,0,0,0,37,0,35,37,0,29,0,0,33,40
6,16410,3,KR4MFM,1.3,3,   boost,16.09,90627,931.21,28.39,25.6,52.7,4.18,4.2,4.11,34.11,0.85,0.26,-10.42,2.09,1.04,0.71,0,0.18,15.36,4.17,0,0,0,0,1,1,15,31.0423905,-103.5227535,947,2026,6,20,23,46,38,1,34,100,88,0.9,0.4,0.7,41,41,35,0,0,0,0,14,0,34,0,37,0,0,0,0,0,0,0,0,0,0,37,0,35,37,0,29,0,0,33,40
6,16410,3,KR4MFM,1.3,3,   boost,16.09,90627,931.21,28.39,25.6,52.7,4.18,4.2,4.11,34.11,0.85,0.26,-10.42,2.09,1.04,0.71,0,0.18,15.36,4.17,0,0,0,0,1,1,15,31.0423905,-103.5227535,947,2026,6,20,23,46,38,1,34,100,88,0.9,0.4,0.7,41,41,35,0,0,0,0,14,0,34,0,37,0,0,0,0,0,0,0,0,0,0,37,0,35,37,0,29,0,0,33,40
6,16410,3,KR4MFM,1.31,3,   boost,14.58,90626,931.3,28.48,25.73,52.7,4.18,4.2,4.11,25.76,0.62,0.47,-11.46,0.75,2.99,0.71,0,0.18,15.33,4.17,0,0,0,0,1,1,15,31.0423905,-103.5227535,947,2026,6,20,23,46,38,1,34,100,88,0.9,0.4,0.7,41,41,35,0,0,0,0,14,0,34,0,37,0,0,0,0,0,0,0,0,0,0,37,0,35,37,0,29,0,0,33,40
6,16410,3,KR4MFM,1.32,3,   boost,8.05,90626,931.3,28.48,25.85,52.7,4.18,4.2,4.11,20.6,0.6,0.68,-11.28,-0.54,2.75,0.71,0,0.18,15.31,4.17,0,0,0,0,1,1,15,31.0423905,-103.5227535,947,2026,6,20,23,46,38,1,34,100,88,0.9,0.4,0.7,41,41,35,0,0,0,0,14,0,34,0,37,0,0,0,0,0,0,0,0,0,0,37,0,35,37,0,29,0,0,33,40
6,16410,3,KR4MFM,1.33,3,   boost,7.54,90593,934.31,31.49,25.97,52.7,4.18,4.2,4.11,16.52,0.28,0.01,-11.46,0.56,2.08,0.71,0,0.18,15.29,4.17,0,0,0,0,1,1,15,31.0423905,-103.5227535,947,2026,6,20,23,46,38,1,34,100,88,0.9,0.4,0.7,41,41,35,0,0,0,0,14,0,34,0,37,0,0,0,0,0,0,0,0,0,0,37,0,35,37,0,29,0,0,33,40
6,16410,3,KR4MFM,1.34,3,   boost,12.07,90593,934.31,31.49,26.1,52.7,4.18,4.2,4.11,24.47,0.55,0.45,-10.85,1.84,0.86,0.71,0,0.17,15.29,4.17,0,0,0,0,1,1,15,31.0423905,-103.5227535,947,2026,6,20,23,46,38,1,34,100,88,0.9,0.4,0.7,41,41,35,0,0,0,0,14,0,34,0,37,0,0,0,0,0,0,0,0,0,0,37,0,35,37,0,29,0,0,33,40
6,16410,3,KR4MFM,1.35,3,   boost,22.13,90599,933.76,30.94,26.24,52.7,4.18,4.2,4.11,32.24,0.52,0.31,-11.7,1.97,2.02,0.71,0,0.18,15.28,4.17,0,0,0,0,1,1,15,31.0423905,-103.5227535,947,2026,6,20,23,46,38,1,34,100,88,0.9,0.4,0.7,41,41,35,0,0,0,0,14,0,34,0,37,0,0,0,0,0,0,0,0,0,0,37,0,35,37,0,29,0,0,33,40
6,16410,3,KR4MFM,1.36,3,   boost,20.62,90599,933.76,30.94,26.37,52.7,4.18,4.2,4.11,26.27,0.63,0.17,-11.89,0.26,3.67,0.71,0,0.18,15.24,4.17,0,0,0,0,1,1,15,31.0423905,-103.5227535,947,2026,6,20,23,46,38,1,34,100,88,0.9,0.4,0.7,41,41,35,0,0,0,0,14,0,34,0,37,0,0,0,0,0,0,0,0,0,0,37,0,35,37,0,29,0,0,33,40
6,16410,3,KR4MFM,1.37,3,   boost,13.58,90585,935.04,32.22,26.51,52.7,4.18,4.2,4.11,17.66,0.45,0.32,-12.43,0.38,3.85,0.71,0,0.18,15.21,4.17,0,0,0,0,1,1,15,31.0423905,-103.5227535,947,2026,6,20,23,46,38,1,34,100,88,0.9,0.4,0.7,41,41,35,0,0,0,0,14,0,34,0,37,0,0,0,0,0,0,0,0,0,0,37,0,35,37,0,29,0,0,33,40
6,16410,3,KR4MFM,1.38,3,   boost,6.03,90585,935.04,32.22,26.64,52.7,4.18,4.2,4.11,22.06,0.4,0.65,-12.8,-0.48,2.75,0.71,0,0.18,15.18,4.17,0,0,0,0,1,1,15,31.0423905,-103.5227535,947,2026,6,20,23,46,38,1,34,100,88,0.9,0.4,0.7,41,41,35,0,0,0,0,14,0,34,0,37,0,0,0,0,0,0,0,0,0,0,37,0,35,37,0,29,0,0,33,40
6,16410,3,KR4MFM,1.39,3,   boost,10.06,90579,935.59,32.76,26.76,52.7,4.18,4.2,4.11,29.13,0.51,0.54,-12.92,1.17,2.14,0.71,0,0.18,15.17,4.17,0,0,0,0,1,1,15,31.0423905,-103.5227535,947,2026,6,20,23,46,38,1,34,100,88,0.9,0.4,0.7,41,41,35,0,0,0,0,14,0,34,0,37,0,0,0,0,0,0,0,0,0,0,37,0,35,37,0,29,0,0,33,40
6,16410,3,KR4MFM,1.4,3,   boost,22.63,90579,935.59,32.76,26.88,52.7,4.18,4.2,4.11,30.9,0.62,0.4,-13.23,1.05,3.79,0.71,0,0.17,15.14,4.17,0,0,0,0,1,1,15,31.0423905,-103.5227535,947,2026,6,20,23,46,38,1,34,100,88,0.9,0.4,0.7,41,41,35,0,0,0,0,14,0,34,0,37,0,0,0,0,0,0,0,0,0,0,37,0,35,37,0,29,0,0,33,40
6,16410,3,KR4MFM,1.41,3,   boost,5.53,90582,935.31,32.49,27,52.7,4.18,4.2,4.11,20.08,0.52,0.17,-13.53,0.56,5.37,0.71,0,0.18,15.09,4.17,0,0,0,0,1,1,15,31.0423905,-103.5227535,947,2026,6,20,23,46,38,1,34,100,88,0.9,0.4,0.7,41,41,35,0,0,0,0,14,0,34,0,37,0,0,0,0,0,0,0,0,0,0,37,0,35,37,0,29,0,0,33,40
6,16410,3,KR4MFM,1.42,3,   boost,8.55,90582,935.31,32.49,27.13,52.7,4.18,4.2,4.11,18.38,0.35,0.21,-13.66,-0.6,4.34,0.71,0,0.18,15.05,4.17,0,0,0,0,1,1,15,31.0423905,-103.5227535,947,2026,6,20,23,46,38,1,34,100,88,0.9,0.4,0.7,41,41,35,0,0,0,0,14,0,34,0,37,0,0,0,0,0,0,0,0,0,0,37,0,35,37,0,29,0,0,33,40
6,16410,3,KR4MFM,1.43,3,   boost,18.61,90560,937.32,34.49,27.27,52.7,4.18,4.2,4.11,26.32,0.5,0.72,-13.84,-0.17,2.44,0.71,0,0.18,15.02,4.17,0,0,0,0,1,1,15,31.0423905,-103.5227535,947,2026,6,20,23,46,38,1,34,100,88,0.9,0.4,0.7,41,41,35,0,0,0,0,14,0,34,0,37,0,0,0,0,0,0,0,0,0,0,37,0,35,37,0,29,0,0,33,40
6,16410,3,KR4MFM,1.44,3,   boost,24.14,90560,937.32,34.49,27.41,52.7,4.18,4.2,4.11,30.63,0.57,0.11,-14.27,1.11,3.18,0.71,0,0.18,15,4.17,0,0,0,0,1,1,15,31.0423905,-103.5227535,947,2026,6,20,23,46,38,1,34,100,88,0.9,0.4,0.7,41,41,35,0,0,0,0,14,0,34,0,37,0,0,0,0,0,0,0,0,0,0,37,0,35,37,0,29,0,0,33,40
6,16410,3,KR4MFM,1.45,3,   boost,18.1,90563,937.04,34.22,27.56,52.7,4.18,4.2,4.11,26.49,0.57,0.04,-14.63,0.93,5.25,0.71,0,0.18,14.95,4.17,0,0,0,0,1,1,15,31.0423905,-103.5227535,947,2026,6,20,23,46,38,1,34,100,88,0.9,0.4,0.7,41,41,35,0,0,0,0,14,0,34,0,37,0,0,0,0,0,0,0,0,0,0,37,0,35,37,0,29,0,0,33,40
6,16410,3,KR4MFM,1.46,3,   boost,7.54,90563,937.04,34.22,27.69,52.7,4.18,4.2,4.11,17.75,0.29,0.37,-14.82,-1.15,6.53,0.71,0,0.18,14.89,4.17,0,0,0,0,1,1,15,31.0423905,-103.5227535,947,2026,6,20,23,46,38,1,34,100,88,0.9,0.4,0.7,41,41,35,0,0,0,0,14,0,34,0,37,0,0,0,0,0,0,0,0,0,0,37,0,35,37,0,29,0,0,33,40
6,16410,3,KR4MFM,1.47,3,   boost,8.05,90530,940.05,37.23,27.82,52.7,4.18,4.2,4.11,22.33,0.39,1.04,-15.43,-1.76,5.13,0.71,0,0.18,14.83,4.17,0,0,0,0,1,1,15,31.0423905,-103.5227535,947,2026,6,20,23,46,38,1,34,100,88,0.9,0.4,0.7,41,41,35,0,0,0,0,14,0,34,0,37,0,0,0,0,0,0,0,0,0,0,37,0,35,37,0,29,0,0,33,40
6,16410,3,KR4MFM,1.48,3,   boost,16.6,90530,940.05,37.23,27.95,52.7,4.18,4.2,4.11,28.95,0.5,0.68,-15.91,-0.9,4.34,0.71,-0.01,0.18,14.79,4.17,0,0,0,0,1,1,15,31.0423905,-103.5227535,947,2026,6,20,23,46,38,1,34,100,88,0.9,0.4,0.7,41,41,35,0,0,0,0,14,0,34,0,37,0,0,0,0,0,0,0,0,0,0,37,0,35,37,0,29,0,0,33,40
6,16410,3,KR4MFM,1.49,3,   boost,13.08,90523,940.69,37.87,28.08,52.7,4.18,4.2,4.11,32,0.75,0.14,-16.89,0.75,4.64,0.71,-0.01,0.18,14.75,4.17,0,0,0,0,1,1,15,31.0423905,-103.5227535,947,2026,6,20,23,46,38,1,34,100,88,0.9,0.4,0.7,41,41,35,0,0,0,0,14,0,34,0,37,0,0,0,0,0,0,0,0,0,0,37,0,35,37,0,29,0,0,33,40
6,16410,3,KR4MFM,1.5,3,   boost,17.1,90523,940.69,37.87,28.21,52.7,4.18,4.2,4.11,21.61,0.43,0.57,-17.38,-0.17,6.59,0.71,-0.01,0.18,14.69,4.17,0,0,0,0,1,1,15,31.0423905,-103.5227535,947,2026,6,20,23,46,38,1,34,100,88,0.9,0.4,0.7,41,41,35,0,0,0,0,14,0,34,0,37,0,0,0,0,0,0,0,0,0,0,37,0,35,37,0,29,0,0,33,40
6,16410,3,KR4MFM,1.51,3,   boost,15.59,90514,941.51,38.69,28.34,52.7,4.18,4.2,4.11,19.02,0.4,0.75,-17.68,-0.9,6.05,0.71,-0.01,0.18,14.63,4.17,0,0,0,0,1,1,15,31.0423905,-103.5227535,947,2026,6,20,23,46,38,1,34,100,88,0.9,0.4,0.7,41,41,35,0,0,0,0,14,0,34,0,37,0,0,0,0,0,0,0,0,0,0,37,0,35,37,0,29,0,0,33,40
6,16410,3,KR4MFM,1.52,3,   boost,10.56,90514,941.51,38.69,28.48,52.7,4.18,4.2,4.11,28.4,0.4,0.65,-18.6,-1.02,4.64,0.71,-0.01,0.18,14.58,4.17,0,0,0,0,1,1,15,31.0423905,-103.5227535,947,2026,6,20,23,46,38,1,34,100,88,0.9,0.4,0.7,41,41,35,0,0,0,0,14,0,34,0,37,0,0,0,0,0,0,0,0,0,0,37,0,35,37,0,29,0,0,33,40
6,16410,3,KR4MFM,1.53,3,   boost,12.07,90510,941.88,39.05,28.62,52.7,4.18,4.2,4.11,27.42,0.63,-0.19,-18.6,-0.41,4.58,0.71,-0.01,0.18,14.53,4.17,0,0,0,0,1,1,15,31.0423905,-103.5227535,947,2026,6,20,23,46,38,1,34,100,88,0.9,0.4,0.7,41,41,35,0,0,0,0,14,0,34,0,37,0,0,0,0,0,0,0,0,0,0,37,0,35,37,0,29,0,0,33,40
6,16410,3,KR4MFM,1.54,3,   boost,19.11,90510,941.88,39.05,28.76,52.7,4.18,4.2,4.11,23.33,0.45,-0.51,-19.58,0.2,6.17,0.71,-0.01,0.18,14.48,4.17,0,0,0,0,1,1,15,31.0423905,-103.5227535,947,2026,6,20,23,46,38,1,34,100,88,0.9,0.4,0.7,41,41,35,0,0,0,0,14,0,34,0,37,0,0,0,0,0,0,0,0,0,0,37,0,35,37,0,29,0,0,33,40
6,16410,3,KR4MFM,1.55,3,   boost,17.6,90506,942.24,39.42,28.9,52.7,4.18,4.2,4.11,16.09,0.13,0.21,-20.55,-0.9,7.82,0.71,-0.01,0.18,14.4,4.17,0,0,0,0,1,1,15,31.0423905,-103.5227535,947,2026,6,20,23,46,38,1,34,100,88,0.9,0.4,0.7,41,41,35,0,0,0,0,14,0,34,0,37,0,0,0,0,0,0,0,0,0,0,37,0,35,37,0,29,0,0,33,40
6,16410,3,KR4MFM,1.56,3,   boost,12.57,90506,942.24,39.42,29.04,52.7,4.18,4.2,4.11,24.62,0.19,1.26,-22.26,-1.88,6.41,0.71,-0.01,0.18,14.33,4.17,0,0,0,0,1,1,15,31.0423905,-103.5227535,947,2026,6,20,23,46,38,1,34,100,88,0.9,0.4,0.7,41,41,35,0,0,0,0,14,0,34,0,37,0,0,0,0,0,0,0,0,0,0,37,0,35,37,0,29,0,0,33,40
6,16410,3,KR4MFM,1.57,3,   boost,13.08,90472,945.34,42.52,29.19,52.7,4.18,4.2,4.11,34.54,0.5,1.11,-23.54,-1.88,5.07,0.71,-0.02,0.18,14.28,4.17,0,0,0,0,1,1,15,31.0423905,-103.5227535,947,2026,6,20,23,46,38,1,34,100,88,0.9,0.4,0.7,41,41,35,0,0,0,0,14,0,34,0,37,0,0,0,0,0,0,0,0,0,0,37,0,35,37,0,29,0,0,33,40
6,16410,3,KR4MFM,1.58,3,   boost,17.1,90472,945.34,42.52,29.33,52.7,4.18,4.2,4.11,23.34,0,0.83,-23.85,0.56,5.92,0.71,-0.02,0.18,14.23,4.17,0,0,0,0,1,1,15,31.0423905,-103.5227535,947,2026,6,20,23,46,38,1,34,100,88,0.9,0.4,0.7,41,41,35,0,0,0,0,14,0,34,0,37,0,0,0,0,0,0,0,0,0,0,37,0,35,37,0,29,0,0,33,40
6,16410,3,KR4MFM,1.59,3,   boost,18.1,90486,944.07,41.24,29.47,52.7,4.18,4.2,4.11,36.73,0.36,1,-23.79,0.26,7.39,0.71,-0.02,0.18,14.16,4.17,0,0,0,0,1,1,15,31.0423905,-103.5227535,947,2026,6,20,23,46,38,1,34,100,88,0.9,0.4,0.7,41,41,35,0,0,0,0,14,0,34,0,37,0,0,0,0,0,0,0,0,0,0,37,0,35,37,0,29,0,0,33,40
6,16410,3,KR4MFM,1.6,3,   boost,14.08,90486,944.07,41.24,29.6,52.7,4.18,4.2,4.11,25.86,0.52,1.08,-24.09,-1.39,7.94,0.71,-0.02,0.19,14.08,4.17,0,0,0,0,1,1,15,31.0423905,-103.5227535,947,2026,6,20,23,46,38,1,34,100,88,0.9,0.4,0.7,41,41,35,0,0,0,0,14,0,34,0,37,0,0,0,0,0,0,0,0,0,0,37,0,35,37,0,29,0,0,33,40
6,16410,3,KR4MFM,1.61,3,   boost,6.54,90456,946.8,43.98,29.73,52.7,4.18,4.2,4.11,19.44,0.68,0.51,-25.31,-3.47,6.84,0.71,-0.02,0.19,14,4.17,0,0,0,0,1,1,15,31.0423905,-103.5227535,947,2026,6,20,23,46,38,1,34,100,88,0.9,0.4,0.7,41,41,35,0,0,0,0,14,0,34,0,37,0,0,0,0,0,0,0,0,0,0,37,0,35,37,0,29,0,0,33,40
6,16410,3,KR4MFM,1.62,3,   boost,9.56,90456,946.8,43.98,29.87,52.7,4.19,4.19,4.11,17.65,0.4,-0.47,-28.24,-1.39,5.68,0.71,-0.03,0.19,13.94,4.2,0,0,0,0,1,1,15,31.0423905,-103.5227535,947,2026,6,20,23,46,38,1,34,100,88,0.9,0.4,0.7,41,41,35,0,0,0,0,14,0,34,0,37,0,0,0,0,0,0,0,0,0,0,37,0,35,37,0,29,0,0,33,40
6,16410,3,KR4MFM,1.62,3,   boost,9.56,90456,946.8,43.98,29.87,52.7,4.19,4.19,4.11,17.65,0.4,-0.47,-28.24,-1.39,5.68,0.71,-0.03,0.19,13.94,4.2,0,0,0,0,1,1,15,31.0423905,-103.5227535,947,2026,6,20,23,46,38,1,34,100,88,0.9,0.4,0.7,41,41,35,0,0,0,0,14,0,34,0,37,0,0,0,0,0,0,0,0,0,0,37,0,35,37,0,29,0,0,33,40
6,16410,3,KR4MFM,1.63,3,   boost,22.63,90471,945.44,42.61,30,52.7,4.19,4.19,4.11,24.1,0.39,-0.35,-30.5,-1.7,6.05,0.71,-0.03,0.19,13.88,4.2,0,0,0,0,1,1,15,31.0423905,-103.5227535,947,2026,6,20,23,46,38,1,34,100,88,0.9,0.4,0.7,41,41,35,0,0,0,0,14,0,34,0,37,0,0,0,0,0,0,0,0,0,0,37,0,35,37,0,29,0,0,33,40
6,16410,3,KR4MFM,1.64,3,   boost,20.12,90471,945.44,42.61,30.13,52.7,4.19,4.19,4.11,29.99,0.14,-0.14,-29.83,-0.29,7.45,0.71,-0.03,0.19,13.81,4.2,0,0,0,0,1,1,15,31.0423905,-103.5227535,947,2026,6,20,23,46,38,1,34,100,88,0.9,0.4,0.7,41,41,35,0,0,0,0,14,0,34,0,37,0,0,0,0,0,0,0,0,0,0,37,0,35,37,0,29,0,0,33,40
6,16410,3,KR4MFM,1.65,3,   boost,8.05,90446,947.72,44.89,30.27,52.7,4.19,4.19,4.11,22.03,0.11,0.54,-29.83,-2.12,8.3,0.71,-0.03,0.19,13.72,4.2,0,0,0,0,1,1,15,31.0423905,-103.5227535,947,2026,6,20,23,46,38,1,34,100,88,0.9,0.4,0.7,41,41,35,0,0,0,0,14,0,34,0,37,0,0,0,0,0,0,0,0,0,0,37,0,35,37,0,29,0,0,33,40
6,16410,3,KR4MFM,1.66,3,   boost,8.55,90446,947.72,44.89,30.41,52.7,4.19,4.19,4.11,18.67,0.27,0.63,-29.71,-1.82,6.23,0.71,-0.03,0.19,13.66,4.2,0,0,0,0,1,1,15,31.0423905,-103.5227535,947,2026,6,20,23,46,38,1,34,100,88,0.9,0.4,0.7,41,41,35,0,0,0,0,14,0,34,0,37,0,0,0,0,0,0,0,0,0,0,37,0,35,37,0,29,0,0,33,40
6,16410,3,KR4MFM,1.67,3,   boost,18.1,90437,948.54,45.71,30.55,52.7,4.19,4.19,4.11,28.15,0.55,1.02,-30.99,-2.12,5.68,0.72,-0.03,0.19,13.6,4.2,0,0,0,0,1,1,15,31.0423905,-103.5227535,947,2026,6,20,23,46,38,1,34,100,88,0.9,0.4,0.7,41,41,35,0,0,0,0,14,0,34,0,37,0,0,0,0,0,0,0,0,0,0,37,0,35,37,0,29,0,0,33,40
6,16410,3,KR4MFM,1.68,3,   boost,20.12,90437,948.54,45.71,30.69,52.7,4.19,4.19,4.11,31.49,0.66,0.19,-33.31,-0.78,6.9,0.71,-0.03,0.19,13.53,4.2,0,0,0,0,1,1,15,31.0423905,-103.5227535,947,2026,6,20,23,46,38,1,34,100,88,0.9,0.4,0.7,41,41,35,0,0,0,0,14,0,34,0,37,0,0,0,0,0,0,0,0,0,0,37,0,35,37,0,29,0,0,33,40
6,16410,3,KR4MFM,1.69,3,   boost,16.09,90421,950,47.17,30.83,52.7,4.19,4.19,4.11,20.71,0.36,-0.4,-34.04,-0.96,7.88,0.71,-0.03,0.19,13.45,4.2,0,0,0,0,1,1,15,31.0423905,-103.5227535,947,2026,6,20,23,46,38,1,34,100,88,0.9,0.4,0.7,41,41,35,0,0,0,0,14,0,34,0,37,0,0,0,0,0,0,0,0,0,0,37,0,35,37,0,29,0,0,33,40
6,16410,3,KR4MFM,1.7,3,   boost,9.05,90421,950,47.17,30.96,52.7,4.19,4.19,4.11,15.86,0.12,-0.17,-33.68,-2.06,6.29,0.72,-0.04,0.19,13.39,4.2,0,0,0,0,1,1,15,31.0423905,-103.5227535,947,2026,6,20,23,46,38,1,34,100,88,0.9,0.4,0.7,41,41,35,0,0,0,0,14,0,34,0,37,0,0,0,0,0,0,0,0,0,0,37,0,35,37,0,29,0,0,33,40
6,16410,3,KR4MFM,1.71,3,   boost,12.57,90397,952.19,49.37,31.09,52.7,4.19,4.19,4.11,24.26,-0.05,0.38,-34.04,-0.78,8.06,0.72,-0.04,0.19,13.31,4.2,0,0,0,0,1,1,15,31.0423905,-103.5227535,947,2026,6,20,23,46,38,1,34,100,88,0.9,0.4,0.7,41,41,35,0,0,0,0,14,0,34,0,37,0,0,0,0,0,0,0,0,0,0,37,0,35,37,0,29,0,0,33,40
6,16410,3,KR4MFM,1.72,3,   boost,13.08,90397,952.19,49.37,31.22,52.7,4.19,4.19,4.11,29.72,0.25,0.27,-35.2,-2.31,8.36,0.71,-0.04,0.19,13.22,4.2,0,0,0,0,1,1,15,31.0423905,-103.5227535,947,2026,6,20,23,46,38,1,34,100,88,0.9,0.4,0.7,41,41,35,0,0,0,0,14,0,34,0,37,0,0,0,0,0,0,0,0,0,0,37,0,35,37,0,29,0,0,33,40
6,16410,3,KR4MFM,1.73,3,   boost,11.06,90403,951.64,48.82,31.34,52.7,4.19,4.19,4.11,26.92,0.34,0.14,-35.2,-2.37,6.05,0.71,-0.04,0.19,13.16,4.2,0,0,0,0,1,1,15,31.0423905,-103.5227535,947,2026,6,20,23,46,38,1,34,100,88,0.9,0.4,0.7,41,41,35,0,0,0,0,14,0,34,0,37,0,0,0,0,0,0,0,0,0,0,37,0,35,37,0,29,0,0,33,40
6,16410,3,KR4MFM,1.74,3,   boost,13.08,90403,951.64,48.82,31.48,52.7,4.19,4.19,4.11,19.1,0.34,0.36,-35.63,-1.88,5.25,0.71,-0.05,0.19,13.1,4.2,0,0,0,0,1,1,15,31.0423905,-103.5227535,947,2026,6,20,23,46,38,1,34,100,88,0.9,0.4,0.7,41,41,35,0,0,0,0,14,0,34,0,37,0,0,0,0,0,0,0,0,0,0,37,0,35,37,0,29,0,0,33,40
6,16410,3,KR4MFM,1.75,3,   boost,20.12,90395,952.37,49.55,31.62,52.7,4.19,4.19,4.11,23.22,0.22,0.98,-36.3,-0.29,6.29,0.71,-0.05,0.19,13.04,4.2,0,0,0,0,1,1,15,31.0423905,-103.5227535,947,2026,6,20,23,46,38,1,34,100,88,0.9,0.4,0.7,41,41,35,0,0,0,0,14,0,34,0,37,0,0,0,0,0,0,0,0,0,0,37,0,35,37,0,29,0,0,33,40
6,16410,3,KR4MFM,1.76,3,   boost,18.61,90395,952.37,49.55,31.76,52.7,4.19,4.19,4.11,31.32,0.41,0.91,-35.93,-1.21,8.3,0.71,-0.05,0.19,12.95,4.2,0,0,0,0,1,1,15,31.0423905,-103.5227535,947,2026,6,20,23,46,38,1,34,100,88,0.9,0.4,0.7,41,41,35,0,0,0,0,14,0,34,0,37,0,0,0,0,0,0,0,0,0,0,37,0,35,37,0,29,0,0,33,40
6,16410,3,KR4MFM,1.77,3,   boost,12.57,90402,951.73,48.91,31.9,52.7,4.19,4.19,4.11,27.75,0.44,-0.04,-36.3,-2.31,7.08,0.71,-0.05,0.19,12.88,4.2,0,0,0,0,1,1,15,31.0423905,-103.5227535,947,2026,6,20,23,46,38,1,34,100,88,0.9,0.4,0.7,41,41,35,0,0,0,0,14,0,34,0,37,0,0,0,0,0,0,0,0,0,0,37,0,35,37,0,29,0,0,33,40
6,16410,3,KR4MFM,1.78,3,   boost,7.04,90402,951.73,48.91,32.04,52.7,4.19,4.19,4.11,17.57,0.2,-0.25,-36.24,-2.79,5.5,0.72,-0.05,0.19,12.82,4.2,0,0,0,0,1,1,15,31.0423905,-103.5227535,947,2026,6,20,23,46,38,1,34,100,88,0.9,0.4,0.7,41,41,35,0,0,0,0,14,0,34,0,37,0,0,0,0,0,0,0,0,0,0,37,0,35,37,0,29,0,0,33,40
6,16410,3,KR4MFM,1.79,3,   boost,13.08,90357,955.84,53.02,32.18,52.7,4.19,4.19,4.11,20.09,0.07,0.26,-37.34,-1.51,5.92,0.71,-0.05,0.19,12.76,4.2,0,0,0,0,1,1,15,31.0423905,-103.5227535,947,2026,6,20,23,46,38,1,34,100,88,0.9,0.4,0.7,41,41,35,0,0,0,0,14,0,34,0,37,0,0,0,0,0,0,0,0,0,0,37,0,35,37,0,29,0,0,33,40
6,16410,3,KR4MFM,1.8,3,   boost,23.13,90357,955.84,53.02,32.32,52.7,4.19,4.19,4.11,31.38,0.11,0.96,-37.58,-0.6,7.88,0.71,-0.05,0.19,12.68,4.2,0,0,0,0,1,1,15,31.0423905,-103.5227535,947,2026,6,20,23,46,38,1,34,100,88,0.9,0.4,0.7,41,41,35,0,0,0,0,14,0,34,0,37,0,0,0,0,0,0,0,0,0,0,37,0,35,37,0,29,0,0,33,40
6,16410,3,KR4MFM,1.81,3,   boost,19.61,90378,953.92,51.1,32.47,52.7,4.19,4.19,4.11,27.72,0.3,0.11,-37.64,-1.94,7.39,0.72,-0.06,0.19,12.6,4.2,0,0,0,0,1,1,15,31.0423905,-103.5227535,947,2026,6,20,23,46,38,1,34,100,88,0.9,0.4,0.7,41,41,35,0,0,0,0,14,0,34,0,37,0,0,0,0,0,0,0,0,0,0,37,0,35,37,0,29,0,0,33,40
6,16410,3,KR4MFM,1.82,3,   boost,10.56,90378,953.92,51.1,32.62,52.7,4.19,4.19,4.11,18.09,0.27,-0.18,-36.6,-2.79,5.19,0.72,-0.06,0.19,12.55,4.2,0,0,0,0,1,1,15,31.0423905,-103.5227535,947,2026,6,20,23,46,38,1,34,100,88,0.9,0.4,0.7,41,41,35,0,0,0,0,14,0,34,0,37,0,0,0,0,0,0,0,0,0,0,37,0,35,37,0,29,0,0,33,40
6,16410,3,KR4MFM,1.83,3,   boost,8.55,90353,956.21,53.38,32.78,52.7,4.19,4.19,4.11,18.44,0.11,0.11,-36.54,-1.76,5.01,0.71,-0.06,0.2,12.5,4.2,0,0,0,0,1,1,15,31.0423905,-103.5227535,947,2026,6,20,23,46,38,1,34,100,88,0.9,0.4,0.7,41,41,35,0,0,0,0,14,0,34,0,37,0,0,0,0,0,0,0,0,0,0,37,0,35,37,0,29,0,0,33,40
6,16410,3,KR4MFM,1.84,3,   boost,21.62,90353,956.21,53.38,32.94,52.7,4.19,4.19,4.11,30.47,0.07,0.98,-36.06,-0.72,6.84,0.71,-0.06,0.2,12.43,4.2,0,0,0,0,1,1,15,31.0423905,-103.5227535,947,2026,6,20,23,46,38,1,34,100,88,0.9,0.4,0.7,41,41,35,0,0,0,0,14,0,34,0,37,0,0,0,0,0,0,0,0,0,0,37,0,35,37,0,29,0,0,33,40
6,16410,3,KR4MFM,1.85,3,   boost,28.16,90344,957.03,54.21,33.1,52.7,4.19,4.19,4.11,25.62,0.21,0.15,-35.51,-1.39,7.63,0.71,-0.07,0.2,12.35,4.2,0,0,0,0,1,1,15,31.0423905,-103.5227535,947,2026,6,20,23,46,38,1,34,100,88,0.9,0.4,0.7,41,41,35,0,0,0,0,14,0,34,0,37,0,0,0,0,0,0,0,0,0,0,37,0,35,37,0,29,0,0,33,40
6,16410,3,KR4MFM,1.86,3,   boost,13.58,90344,957.03,54.21,33.25,52.7,4.19,4.19,4.11,16.16,0.09,-0.83,-33.98,-3.1,5.37,0.71,-0.07,0.2,12.29,4.2,0,0,0,0,1,1,15,31.0423905,-103.5227535,947,2026,6,20,23,46,38,1,34,100,88,0.9,0.4,0.7,41,41,35,0,0,0,0,14,0,34,0,37,0,0,0,0,0,0,0,0,0,0,37,0,35,37,0,29,0,0,33,40
6,16410,3,KR4MFM,1.87,3,   boost,-0.5,90304,960.68,57.86,33.4,52.7,4.19,4.19,4.11,19.74,-0.08,-0.34,-33.43,-2.79,5.13,0.71,-0.07,0.2,12.24,4.2,0,0,0,0,1,1,15,31.0423905,-103.5227535,947,2026,6,20,23,46,38,1,34,100,88,0.9,0.4,0.7,41,41,35,0,0,0,0,14,0,34,0,37,0,0,0,0,0,0,0,0,0,0,37,0,35,37,0,29,0,0,33,40
6,16410,3,KR4MFM,1.88,3,   boost,26.65,90304,960.68,57.86,33.54,52.7,4.19,4.19,4.11,29.81,-0.02,1.06,-33.06,-0.78,6.23,0.71,-0.07,0.2,12.17,4.2,0,0,0,0,1,1,15,31.0423905,-103.5227535,947,2026,6,20,23,46,38,1,34,100,88,0.9,0.4,0.7,41,41,35,0,0,0,0,14,0,34,0,37,0,0,0,0,0,0,0,0,0,0,37,0,35,37,0,29,0,0,33,40
6,16410,3,KR4MFM,1.89,3,   boost,16.6,90333,958.03,55.21,33.66,52.7,4.19,4.19,4.11,29.94,0.24,1,-30.93,-0.6,6.47,0.72,-0.07,0.2,12.11,4.2,0,0,0,0,1,1,15,31.0423905,-103.5227535,947,2026,6,20,23,46,38,1,34,100,88,0.9,0.4,0.7,41,41,35,0,0,0,0,14,0,34,0,37,0,0,0,0,0,0,0,0,0,0,37,0,35,37,0,29,0,0,33,40
6,16410,3,KR4MFM,1.9,3,   boost,1.01,90333,958.03,55.21,33.77,52.7,4.19,4.19,4.11,20.91,0.22,0.47,-29.16,-2.12,3.97,0.71,-0.07,0.2,12.07,4.2,0,0,0,0,1,1,15,31.0423905,-103.5227535,947,2026,6,20,23,46,38,1,34,100,88,0.9,0.4,0.7,41,41,35,0,0,0,0,14,0,34,0,37,0,0,0,0,0,0,0,0,0,0,37,0,35,37,0,29,0,0,33,40
6,16410,3,KR4MFM,1.91,3,   boost,2.51,90292,961.78,58.96,33.88,52.7,4.19,4.19,4.11,22.17,0.31,0.76,-28,-2.12,3.6,0.71,-0.07,0.2,12.03,4.2,0,0,0,0,1,1,15,31.0423905,-103.5227535,947,2026,6,20,23,46,38,1,34,100,88,0.9,0.4,0.7,41,41,35,0,0,0,0,14,0,34,0,37,0,0,0,0,0,0,0,0,0,0,37,0,35,37,0,29,0,0,33,40
6,16410,3,KR4MFM,1.92,3,   boost,21.62,90292,961.78,58.96,33.99,52.7,4.19,4.19,4.11,30.43,0.33,0.74,-28.12,-0.9,5.25,0.72,-0.07,0.2,11.97,4.2,0,0,0,0,1,1,15,31.0423905,-103.5227535,947,2026,6,20,23,46,38,1,34,100,88,0.9,0.4,0.7,41,41,35,0,0,0,0,14,0,34,0,37,0,0,0,0,0,0,0,0,0,0,37,0,35,37,0,29,0,0,33,40
6,16410,3,KR4MFM,1.92,3,   boost,21.62,90292,961.78,58.96,33.99,52.7,4.19,4.19,4.11,30.43,0.33,0.74,-28.12,-0.9,5.25,0.72,-0.07,0.2,11.97,4.2,0,0,0,0,1,1,15,31.0423905,-103.5227535,947,2026,6,20,23,46,38,1,34,100,88,0.9,0.4,0.7,41,41,35,0,0,0,0,14,0,34,0,37,0,0,0,0,0,0,0,0,0,0,37,0,35,37,0,29,0,0,33,40
6,16410,3,KR4MFM,1.92,3,   boost,21.62,90292,961.78,58.96,33.99,52.7,4.19,4.19,4.11,30.43,0.33,0.74,-28.12,-0.9,5.25,0.72,-0.07,0.2,11.97,4.2,0,0,0,0,1,1,15,31.0423905,-103.5227535,947,2026,6,20,23,46,38,1,34,100,88,0.9,0.4,0.7,41,41,35,0,0,0,0,14,0,34,0,37,0,0,0,0,0,0,0,0,0,0,37,0,35,37,0,29,0,0,33,40
6,16410,3,KR4MFM,1.93,3,   boost,18.61,90302,960.87,58.04,34.11,52.7,4.19,4.19,4.11,27.79,0.37,-0.42,-28.43,-1.94,6.84,0.72,-0.08,0.2,11.9,4.2,0,0,0,0,1,1,15,31.0423706,-103.5226904,996,2026,6,20,23,46,39,8,83,108,85,0.9,0.5,0.7,39,41,35,0,0,0,0,13,0,34,0,37,0,0,0,0,0,0,0,0,0,0,37,0,34,37,0,34,0,0,34,42
6,16410,3,KR4MFM,1.94,3,   boost,7.54,90302,960.87,58.04,34.22,52.7,4.2,4.19,4.11,16.74,0.03,-0.43,-28.73,-2.92,4.46,0.71,-0.08,0.2,11.85,4.2,0,0,0,0,1,1,15,31.0423706,-103.5226904,996,2026,6,20,23,46,39,8,83,108,85,0.9,0.5,0.7,39,41,35,0,0,0,0,13,0,34,0,37,0,0,0,0,0,0,0,0,0,0,37,0,34,37,0,34,0,0,34,42
6,16410,3,KR4MFM,1.94,3,   boost,7.54,90302,960.87,58.04,34.22,52.7,4.2,4.19,4.11,16.74,0.03,-0.43,-28.73,-2.92,4.46,0.71,-0.08,0.2,11.85,4.2,0,0,0,0,1,1,15,31.0423706,-103.5226904,996,2026,6,20,23,46,39,8,83,108,85,0.9,0.5,0.7,39,41,35,0,0,0,0,13,0,34,0,37,0,0,0,0,0,0,0,0,0,0,37,0,34,37,0,34,0,0,34,42
6,16410,3,KR4MFM,1.95,3,   boost,4.53,90264,964.34,61.52,34.35,52.7,4.2,4.19,4.11,20.43,-0.05,0.4,-29.52,-3.28,3.05,0.71,-0.08,0.2,11.82,4.2,0,0,0,0,1,1,15,31.0423706,-103.5226904,996,2026,6,20,23,46,39,8,83,108,85,0.9,0.5,0.7,39,41,35,0,0,0,0,13,0,34,0,37,0,0,0,0,0,0,0,0,0,0,37,0,34,37,0,34,0,0,34,42
6,16410,3,KR4MFM,1.96,3,   boost,19.11,90264,964.34,61.52,34.48,52.7,4.2,4.19,4.11,29.93,0.05,0.93,-29.77,-1.21,4.03,0.71,-0.08,0.2,11.78,4.2,0,0,0,0,1,1,15,31.0423706,-103.5226904,996,2026,6,20,23,46,39,8,83,108,85,0.9,0.5,0.7,39,41,35,0,0,0,0,13,0,34,0,37,0,0,0,0,0,0,0,0,0,0,37,0,34,37,0,34,0,0,34,42
6,16410,3,KR4MFM,1.97,3,   boost,18.1,90277,963.15,60.33,34.61,52.7,4.2,4.19,4.11,28.95,0.35,0.24,-29.1,-1.02,4.89,0.71,-0.08,0.2,11.73,4.2,0,0,0,0,1,1,15,31.0423706,-103.5226904,996,2026,6,20,23,46,39,8,83,108,85,0.9,0.5,0.7,39,41,35,0,0,0,0,13,0,34,0,37,0,0,0,0,0,0,0,0,0,0,37,0,34,37,0,34,0,0,34,42
6,16410,3,KR4MFM,1.98,3,   boost,12.57,90277,963.15,60.33,34.74,52.7,4.2,4.19,4.11,18.18,0.22,-0.17,-29.71,-2.12,3.18,0.71,-0.09,0.2,11.69,4.2,0,0,0,0,1,1,15,31.0423706,-103.5226904,996,2026,6,20,23,46,39,8,83,108,85,0.9,0.5,0.7,39,41,35,0,0,0,0,13,0,34,0,37,0,0,0,0,0,0,0,0,0,0,37,0,34,37,0,34,0,0,34,42
6,16410,3,KR4MFM,1.99,3,   boost,11.06,90247,965.89,63.07,34.89,52.7,4.2,4.19,4.11,21.89,0.15,0.5,-30.2,-2.86,1.47,0.71,-0.09,0.2,11.68,4.2,0,0,0,0,1,1,15,31.0423706,-103.5226904,996,2026,6,20,23,46,39,8,83,108,85,0.9,0.5,0.7,39,41,35,0,0,0,0,13,0,34,0,37,0,0,0,0,0,0,0,0,0,0,37,0,34,37,0,34,0,0,34,42
6,16410,3,KR4MFM,2,3,   boost,17.1,90247,965.89,63.07,35.04,52.7,4.2,4.19,4.11,31.25,0.19,0.86,-30.81,-1.33,2.63,0.72,-0.09,0.2,11.65,4.2,0,0,0,0,1,1,15,31.0423706,-103.5226904,996,2026,6,20,23,46,39,8,83,108,85,0.9,0.5,0.7,39,41,35,0,0,0,0,13,0,34,0,37,0,0,0,0,0,0,0,0,0,0,37,0,34,37,0,34,0,0,34,42
6,16410,3,KR4MFM,2.01,3,   boost,19.11,90242,966.35,63.53,35.19,52.7,4.2,4.19,4.11,25.23,0.22,0.14,-30.07,-1.09,3.73,0.71,-0.09,0.2,11.61,4.2,0,0,0,0,1,1,15,31.0423706,-103.5226904,996,2026,6,20,23,46,39,8,83,108,85,0.9,0.5,0.7,39,41,35,0,0,0,0,13,0,34,0,37,0,0,0,0,0,0,0,0,0,0,37,0,34,37,0,34,0,0,34,42
6,16410,3,KR4MFM,2.02,3,   boost,11.57,90242,966.35,63.53,35.35,52.7,4.2,4.19,4.11,15.63,0.04,-0.52,-28.98,-1.39,2.14,0.71,-0.09,0.2,11.59,4.2,0,0,0,0,1,1,15,31.0423706,-103.5226904,996,2026,6,20,23,46,39,8,83,108,85,0.9,0.5,0.7,39,41,35,0,0,0,0,13,0,34,0,37,0,0,0,0,0,0,0,0,0,0,37,0,34,37,0,34,0,0,34,42
6,16410,3,KR4MFM,2.03,3,   boost,24.64,90236,966.9,64.08,35.51,52.7,4.2,4.19,4.11,25.42,0.04,0.46,-28.37,-2.37,0.43,0.72,-0.09,0.2,11.58,4.2,0,0,0,0,1,1,15,31.0423706,-103.5226904,996,2026,6,20,23,46,39,8,83,108,85,0.9,0.5,0.7,39,41,35,0,0,0,0,13,0,34,0,37,0,0,0,0,0,0,0,0,0,0,37,0,34,37,0,34,0,0,34,42
6,16410,3,KR4MFM,2.04,3,   boost,20.62,90236,966.9,64.08,35.67,52.7,4.2,4.19,4.11,29.88,0.02,0.68,-27.63,-0.6,1.59,0.72,-0.09,0.2,11.57,4.2,0,0,0,0,1,1,15,31.0423706,-103.5226904,996,2026,6,20,23,46,39,8,83,108,85,0.9,0.5,0.7,39,41,35,0,0,0,0,13,0,34,0,37,0,0,0,0,0,0,0,0,0,0,37,0,34,37,0,34,0,0,34,42
6,16410,3,KR4MFM,2.05,3,   boost,6.54,90240,966.53,63.71,35.82,52.7,4.2,4.19,4.11,20.5,0.05,0.52,-27.14,0.81,1.71,0.71,-0.09,0.21,11.55,4.2,0,0,0,0,1,1,15,31.0423706,-103.5226904,996,2026,6,20,23,46,39,8,83,108,85,0.9,0.5,0.7,39,41,35,0,0,0,0,13,0,34,0,37,0,0,0,0,0,0,0,0,0,0,37,0,34,37,0,34,0,0,34,42
6,16410,3,KR4MFM,2.06,3,   boost,7.04,90240,966.53,63.71,35.98,52.7,4.2,4.19,4.11,18.54,0.2,0.01,-27.69,-0.72,-0.12,0.71,-0.1,0.21,11.55,4.2,0,0,0,0,1,1,15,31.0423706,-103.5226904,996,2026,6,20,23,46,39,8,83,108,85,0.9,0.5,0.7,39,41,35,0,0,0,0,13,0,34,0,37,0,0,0,0,0,0,0,0,0,0,37,0,34,37,0,34,0,0,34,42
6,16410,3,KR4MFM,2.07,3,   boost,21.62,90195,970.65,67.83,36.13,52.7,4.2,4.19,4.11,31.35,0.29,0.64,-29.28,-1.57,-1.28,0.71,-0.1,0.2,11.56,4.2,0,0,0,0,1,1,15,31.0423706,-103.5226904,996,2026,6,20,23,46,39,8,83,108,85,0.9,0.5,0.7,39,41,35,0,0,0,0,13,0,34,0,37,0,0,0,0,0,0,0,0,0,0,37,0,34,37,0,34,0,0,34,42
6,16410,3,KR4MFM,2.08,3,   boost,29.67,90195,970.65,67.83,36.29,52.7,4.2,4.19,4.11,24.81,0.21,-0.17,-31.29,-0.48,0.61,0.71,-0.1,0.21,11.56,4.2,0,0,0,0,1,1,15,31.0423706,-103.5226904,996,2026,6,20,23,46,39,8,83,108,85,0.9,0.5,0.7,39,41,35,0,0,0,0,13,0,34,0,37,0,0,0,0,0,0,0,0,0,0,37,0,34,37,0,34,0,0,34,42
6,16410,3,KR4MFM,2.09,3,   boost,15.09,90221,968.27,65.45,36.45,52.7,4.2,4.19,4.11,14.78,0.02,-0.77,-31.91,0.68,0.43,0.71,-0.1,0.21,11.55,4.2,0,0,0,0,1,1,15,31.0423706,-103.5226904,996,2026,6,20,23,46,39,8,83,108,85,0.9,0.5,0.7,39,41,35,0,0,0,0,13,0,34,0,37,0,0,0,0,0,0,0,0,0,0,37,0,34,37,0,34,0,0,34,42
6,16410,3,KR4MFM,2.1,3,   boost,3.52,90221,968.27,65.45,36.61,52.7,4.2,4.19,4.11,23.31,0.37,0.28,-32.27,-1.15,-1.46,0.71,-0.1,0.21,11.57,4.2,0,0,0,0,1,1,15,31.0423706,-103.5226904,996,2026,6,20,23,46,39,8,83,108,85,0.9,0.5,0.7,39,41,35,0,0,0,0,13,0,34,0,37,0,0,0,0,0,0,0,0,0,0,37,0,34,37,0,34,0,0,34,42
6,16410,3,KR4MFM,2.11,3,   boost,17.6,90173,972.66,69.84,36.77,52.7,4.2,4.19,4.11,17.27,0.23,-0.76,-32.7,-0.9,-2.5,0.72,-0.1,0.2,11.59,4.2,0,0,0,0,1,1,15,31.0423706,-103.5226904,996,2026,6,20,23,46,39,8,83,108,85,0.9,0.5,0.7,39,41,35,0,0,0,0,13,0,34,0,37,0,0,0,0,0,0,0,0,0,0,37,0,34,37,0,34,0,0,34,42
6,16410,3,KR4MFM,2.12,3,   boost,23.13,90173,972.66,69.84,36.92,52.7,4.2,4.19,4.11,27.76,0.15,0.7,-33.74,0.13,-0.18,0.72,-0.1,0.2,11.59,4.2,0,0,0,0,1,1,15,31.0423706,-103.5226904,996,2026,6,20,23,46,39,8,83,108,85,0.9,0.5,0.7,39,41,35,0,0,0,0,13,0,34,0,37,0,0,0,0,0,0,0,0,0,0,37,0,34,37,0,34,0,0,34,42
6,16410,3,KR4MFM,2.13,3,   boost,17.6,90184,971.66,68.83,37.07,52.7,4.2,4.19,4.11,30.53,-0.02,1.01,-35.14,0.32,-1.46,0.72,-0.1,0.2,11.61,4.2,0,0,0,0,1,1,15,31.0423706,-103.5226904,996,2026,6,20,23,46,39,8,83,108,85,0.9,0.5,0.7,39,41,35,0,0,0,0,13,0,34,0,37,0,0,0,0,0,0,0,0,0,0,37,0,34,37,0,34,0,0,34,42
6,16410,3,KR4MFM,2.14,3,   boost,8.05,90184,971.66,68.83,37.21,52.7,4.2,4.19,4.11,20.78,0.17,0.48,-36.91,-1.39,-2.87,0.72,-0.1,0.2,11.64,4.2,0,0,0,0,1,1,15,31.0423706,-103.5226904,996,2026,6,20,23,46,39,8,83,108,85,0.9,0.5,0.7,39,41,35,0,0,0,0,13,0,34,0,37,0,0,0,0,0,0,0,0,0,0,37,0,34,37,0,34,0,0,34,42
6,16410,3,KR4MFM,2.15,3,   boost,9.56,90150,974.77,71.94,37.34,52.7,4.2,4.19,4.11,19.11,0.09,-0.26,-37.64,-0.84,-3.6,0.71,-0.11,0.2,11.67,4.2,0,0,0,0,1,1,15,31.0423706,-103.5226904,996,2026,6,20,23,46,39,8,83,108,85,0.9,0.5,0.7,39,41,35,0,0,0,0,13,0,34,0,37,0,0,0,0,0,0,0,0,0,0,37,0,34,37,0,34,0,0,34,42
6,16410,3,KR4MFM,2.16,3,   boost,22.13,90150,974.77,71.94,37.47,52.7,4.2,4.19,4.11,28.27,0.3,0.91,-39.47,-0.29,-1.52,0.71,-0.11,0.21,11.69,4.2,0,0,0,0,1,1,15,31.0423706,-103.5226904,996,2026,6,20,23,46,39,8,83,108,85,0.9,0.5,0.7,39,41,35,0,0,0,0,13,0,34,0,37,0,0,0,0,0,0,0,0,0,0,37,0,34,37,0,34,0,0,34,42
6,16410,3,KR4MFM,2.17,3,   boost,9.56,90155,974.31,71.48,37.6,52.7,4.2,4.19,4.11,32.8,0.19,0.58,-40.08,-0.17,-2.26,0.71,-0.11,0.21,11.71,4.2,0,0,0,0,1,1,15,31.0423706,-103.5226904,996,2026,6,20,23,46,39,8,83,108,85,0.9,0.5,0.7,39,41,35,0,0,0,0,13,0,34,0,37,0,0,0,0,0,0,0,0,0,0,37,0,34,37,0,34,0,0,34,42
6,16410,3,KR4MFM,2.18,3,   boost,5.03,90155,974.31,71.48,37.72,52.7,4.2,4.19,4.11,20.86,0.19,0.75,-42.22,-1.64,-4.03,0.71,-0.11,0.21,11.75,4.2,0,0,0,0,1,1,15,31.0423706,-103.5226904,996,2026,6,20,23,46,39,8,83,108,85,0.9,0.5,0.7,39,41,35,0,0,0,0,13,0,34,0,37,0,0,0,0,0,0,0,0,0,0,37,0,34,37,0,34,0,0,34,42
6,16410,3,KR4MFM,2.19,3,   boost,26.15,90142,975.5,72.67,37.84,52.7,4.2,4.19,4.11,18.73,0.21,0.11,-43.26,-1.27,-4.45,0.71,-0.11,0.21,11.79,4.2,0,0,0,0,1,1,15,31.0423706,-103.5226904,996,2026,6,20,23,46,39,8,83,108,85,0.9,0.5,0.7,39,41,35,0,0,0,0,13,0,34,0,37,0,0,0,0,0,0,0,0,0,0,37,0,34,37,0,34,0,0,34,42
6,16410,3,KR4MFM,2.2,3,   boost,8.55,90142,975.5,72.67,37.95,52.7,4.2,4.19,4.11,28.38,0.22,0.31,-43.56,0.38,-2.87,0.71,-0.11,0.21,11.82,4.2,0,0,0,0,1,1,15,31.0423706,-103.5226904,996,2026,6,20,23,46,39,8,83,108,85,0.9,0.5,0.7,39,41,35,0,0,0,0,13,0,34,0,37,0,0,0,0,0,0,0,0,0,0,37,0,34,37,0,34,0,0,34,42
6,16410,3,KR4MFM,2.21,3,   boost,-1.51,90146,975.13,72.31,38.08,52.7,4.2,4.19,4.11,22.3,0.15,-0.76,-42.77,-1.15,-2.87,0.71,-0.11,0.21,11.85,4.2,0,0,0,0,1,1,15,31.0423706,-103.5226904,996,2026,6,20,23,46,39,8,83,108,85,0.9,0.5,0.7,39,41,35,0,0,0,0,13,0,34,0,37,0,0,0,0,0,0,0,0,0,0,37,0,34,37,0,34,0,0,34,42
6,16410,3,KR4MFM,2.22,3,   boost,11.06,90146,975.13,72.31,38.21,52.7,4.2,4.19,4.11,13.61,-0.14,-1.02,-43.81,-2.12,-5.37,0.72,-0.12,0.21,11.91,4.2,0,0,0,0,1,1,15,31.0423706,-103.5226904,996,2026,6,20,23,46,39,8,83,108,85,0.9,0.5,0.7,39,41,35,0,0,0,0,13,0,34,0,37,0,0,0,0,0,0,0,0,0,0,37,0,34,37,0,34,0,0,34,42
6,16410,3,KR4MFM,2.23,3,   boost,31.68,90109,978.52,75.69,38.37,52.7,4.2,4.19,4.11,20.6,-0.27,-0.03,-45.03,-1.64,-5.98,0.72,-0.12,0.21,11.97,4.2,0,0,0,0,1,1,15,31.0423706,-103.5226904,996,2026,6,20,23,46,39,8,83,108,85,0.9,0.5,0.7,39,41,35,0,0,0,0,13,0,34,0,37,0,0,0,0,0,0,0,0,0,0,37,0,34,37,0,34,0,0,34,42
6,16410,3,KR4MFM,2.24,3,   boost,29.17,90109,978.52,75.69,38.53,52.7,4.2,4.19,4.11,32.34,-0.06,1.43,-44.54,0.26,-4.57,0.72,-0.12,0.21,12.01,4.2,0,0,0,0,1,1,15,31.0423706,-103.5226904,996,2026,6,20,23,46,39,8,83,108,85,0.9,0.5,0.7,39,41,35,0,0,0,0,13,0,34,0,37,0,0,0,0,0,0,0,0,0,0,37,0,34,37,0,34,0,0,34,42
6,16410,3,KR4MFM,2.25,3,   boost,10.56,90122,977.33,74.5,38.69,52.7,4.2,4.19,4.11,29.4,0.24,1.5,-43.01,0.2,-5.37,0.72,-0.12,0.21,12.07,4.2,0,0,0,0,1,1,15,31.0423706,-103.5226904,996,2026,6,20,23,46,39,8,83,108,85,0.9,0.5,0.7,39,41,35,0,0,0,0,13,0,34,0,37,0,0,0,0,0,0,0,0,0,0,37,0,34,37,0,34,0,0,34,42
6,16410,3,KR4MFM,2.26,3,   boost,1.01,90122,977.33,74.5,38.84,52.7,4.19,4.19,4.11,20.09,0.25,0.68,-41.06,-0.41,-7.08,0.71,-0.12,0.21,12.14,4.19,0,0,0,0,1,1,15,31.0423706,-103.5226904,996,2026,6,20,23,46,39,8,83,108,85,0.9,0.5,0.7,39,41,35,0,0,0,0,13,0,34,0,37,0,0,0,0,0,0,0,0,0,0,37,0,34,37,0,34,0,0,34,42
6,16410,3,KR4MFM,2.26,3,   boost,1.01,90122,977.33,74.5,38.84,52.7,4.19,4.19,4.11,20.09,0.25,0.68,-41.06,-0.41,-7.08,0.71,-0.12,0.21,12.14,4.19,0,0,0,0,1,1,15,31.0423706,-103.5226904,996,2026,6,20,23,46,39,8,83,108,85,0.9,0.5,0.7,39,41,35,0,0,0,0,13,0,34,0,37,0,0,0,0,0,0,0,0,0,0,37,0,34,37,0,34,0,0,34,42
6,16410,3,KR4MFM,2.27,3,   boost,16.6,90085,980.72,77.89,38.99,52.7,4.19,4.19,4.11,26.55,0.39,0.42,-39.66,-0.6,-6.83,0.71,-0.12,0.21,12.21,4.19,0,0,0,0,1,1,15,31.0423706,-103.5226904,996,2026,6,20,23,46,39,8,83,108,85,0.9,0.5,0.7,39,41,35,0,0,0,0,13,0,34,0,37,0,0,0,0,0,0,0,0,0,0,37,0,34,37,0,34,0,0,34,42
6,16410,3,KR4MFM,2.28,3,   boost,25.15,90085,980.72,77.89,39.12,52.7,4.19,4.19,4.11,27.84,0.27,0.01,-39.23,0.13,-4.88,0.71,-0.12,0.21,12.25,4.19,0,0,0,0,1,1,15,31.0423706,-103.5226904,996,2026,6,20,23,46,39,8,83,108,85,0.9,0.5,0.7,39,41,35,0,0,0,0,13,0,34,0,37,0,0,0,0,0,0,0,0,0,0,37,0,34,37,0,34,0,0,34,42
6,16410,3,KR4MFM,2.29,3,   boost,15.59,90093,979.98,77.16,39.24,52.7,4.19,4.19,4.11,19.85,0.01,-0.37,-39.41,-0.29,-5.92,0.71,-0.13,0.21,12.31,4.19,0,0,0,0,1,1,15,31.0423706,-103.5226904,996,2026,6,20,23,46,39,8,83,108,85,0.9,0.5,0.7,39,41,35,0,0,0,0,13,0,34,0,37,0,0,0,0,0,0,0,0,0,0,37,0,34,37,0,34,0,0,34,42
6,16410,3,KR4MFM,2.3,3,   boost,-0.5,90093,979.98,77.16,39.36,52.7,4.19,4.19,4.11,18.04,-0.19,-0.32,-38.92,-1.21,-8.24,0.71,-0.13,0.21,12.4,4.19,0,0,0,0,1,1,15,31.0423706,-103.5226904,996,2026,6,20,23,46,39,8,83,108,85,0.9,0.5,0.7,39,41,35,0,0,0,0,13,0,34,0,37,0,0,0,0,0,0,0,0,0,0,37,0,34,37,0,34,0,0,34,42
6,16410,3,KR4MFM,2.31,3,   boost,7.54,90063,982.73,79.91,39.47,52.7,4.19,4.19,4.11,31.21,-0.02,1.82,-37.4,-0.29,-8.11,0.71,-0.13,0.21,12.48,4.19,0,0,0,0,1,1,15,31.0423706,-103.5226904,996,2026,6,20,23,46,39,8,83,108,85,0.9,0.5,0.7,39,41,35,0,0,0,0,13,0,34,0,37,0,0,0,0,0,0,0,0,0,0,37,0,34,37,0,34,0,0,34,42
6,16410,3,KR4MFM,2.32,3,   boost,16.6,90063,982.73,79.91,39.59,52.7,4.19,4.19,4.11,34.84,0.32,1.8,-34.83,1.78,-6.59,0.71,-0.13,0.21,12.54,4.19,0,0,0,0,1,1,15,31.0423706,-103.5226904,996,2026,6,20,23,46,39,8,83,108,85,0.9,0.5,0.7,39,41,35,0,0,0,0,13,0,34,0,37,0,0,0,0,0,0,0,0,0,0,37,0,34,37,0,34,0,0,34,42
6,16410,3,KR4MFM,2.33,3,   boost,17.1,90073,981.81,78.99,39.7,52.7,4.19,4.19,4.11,20.47,0.37,0.61,-33.06,0.68,-7.69,0.71,-0.13,0.2,12.62,4.19,0,0,0,0,1,1,15,31.0423706,-103.5226904,996,2026,6,20,23,46,39,8,83,108,85,0.9,0.5,0.7,39,41,35,0,0,0,0,13,0,34,0,37,0,0,0,0,0,0,0,0,0,0,37,0,34,37,0,34,0,0,34,42
6,16410,3,KR4MFM,2.34,3,   boost,13.58,90073,981.81,78.99,39.82,52.7,4.19,4.19,4.11,18.36,0.41,-0.32,-32.03,-1.33,-9.09,0.71,-0.13,0.2,12.71,4.19,0,0,0,0,1,1,15,31.0423706,-103.5226904,996,2026,6,20,23,46,39,8,83,108,85,0.9,0.5,0.7,39,41,35,0,0,0,0,13,0,34,0,37,0,0,0,0,0,0,0,0,0,0,37,0,34,37,0,34,0,0,34,42
6,16410,3,KR4MFM,2.35,3,   boost,7.04,90050,983.92,81.1,39.94,52.7,4.19,4.19,4.11,28.67,0.29,-0.18,-32.58,-0.72,-8.18,0.71,-0.13,0.2,12.79,4.19,0,0,0,0,1,1,15,31.0423706,-103.5226904,996,2026,6,20,23,46,39,8,83,108,85,0.9,0.5,0.7,39,41,35,0,0,0,0,13,0,34,0,37,0,0,0,0,0,0,0,0,0,0,37,0,34,37,0,34,0,0,34,42
6,16410,3,KR4MFM,2.36,3,   boost,6.03,90050,983.92,81.1,40.07,52.7,4.19,4.19,4.11,18.91,-0.06,-0.47,-32.82,0.62,-7.38,0.71,-0.13,0.21,12.86,4.19,0,0,0,0,1,1,15,31.0423706,-103.5226904,996,2026,6,20,23,46,39,8,83,108,85,0.9,0.5,0.7,39,41,35,0,0,0,0,13,0,34,0,37,0,0,0,0,0,0,0,0,0,0,37,0,34,37,0,34,0,0,34,42
6,16410,3,KR4MFM,2.37,3,   boost,18.1,90041,984.74,81.92,40.2,52.7,4.19,4.19,4.11,11.93,-0.34,-0.97,-31.91,0.32,-9.46,0.71,-0.13,0.21,12.96,4.19,0,0,0,0,1,1,15,31.0423706,-103.5226904,996,2026,6,20,23,46,39,8,83,108,85,0.9,0.5,0.7,39,41,35,0,0,0,0,13,0,34,0,37,0,0,0,0,0,0,0,0,0,0,37,0,34,37,0,34,0,0,34,42
6,16410,3,KR4MFM,2.38,3,   boost,29.67,90041,984.74,81.92,40.35,52.7,4.19,4.19,4.11,25.64,-0.29,0.31,-29.59,-0.54,-10.37,0.71,-0.13,0.21,13.06,4.19,0,0,0,0,1,1,15,31.0423706,-103.5226904,996,2026,6,20,23,46,39,8,83,108,85,0.9,0.5,0.7,39,41,35,0,0,0,0,13,0,34,0,37,0,0,0,0,0,0,0,0,0,0,37,0,34,37,0,34,0,0,34,42
6,16410,3,KR4MFM,2.39,3,   boost,16.09,90045,984.38,81.55,40.49,52.7,4.19,4.19,4.11,30.45,0.04,0.86,-27.21,0.99,-8.79,0.71,-0.13,0.21,13.14,4.19,0,0,0,0,1,1,15,31.0423706,-103.5226904,996,2026,6,20,23,46,39,8,83,108,85,0.9,0.5,0.7,39,41,35,0,0,0,0,13,0,34,0,37,0,0,0,0,0,0,0,0,0,0,37,0,34,37,0,34,0,0,34,42
6,16410,3,KR4MFM,2.4,3,   boost,2.01,90045,984.38,81.55,40.62,52.7,4.19,4.19,4.11,20.12,0.17,0.79,-26.17,1.72,-8.97,0.71,-0.13,0.21,13.23,4.19,0,0,0,0,1,1,15,31.0423706,-103.5226904,996,2026,6,20,23,46,39,8,83,108,85,0.9,0.5,0.7,39,41,35,0,0,0,0,13,0,34,0,37,0,0,0,0,0,0,0,0,0,0,37,0,34,37,0,34,0,0,34,42
6,16410,3,KR4MFM,2.41,3,   boost,6.54,90016,987.03,84.21,40.75,52.7,4.19,4.19,4.11,21.42,0.28,0.05,-25.44,0.56,-10.8,0.71,-0.13,0.21,13.34,4.19,0,0,0,0,1,1,15,31.0423706,-103.5226904,996,2026,6,20,23,46,39,8,83,108,85,0.9,0.5,0.7,39,41,35,0,0,0,0,13,0,34,0,37,0,0,0,0,0,0,0,0,0,0,37,0,34,37,0,34,0,0,34,42
6,16410,3,KR4MFM,2.42,3,   boost,24.14,90016,987.03,84.21,40.87,52.7,4.19,4.19,4.11,30.68,0.37,0.56,-24.76,-0.11,-10.62,0.71,-0.13,0.21,13.44,4.19,0,0,0,0,1,1,15,31.0423706,-103.5226904,996,2026,6,20,23,46,39,8,83,108,85,0.9,0.5,0.7,39,41,35,0,0,0,0,13,0,34,0,37,0,0,0,0,0,0,0,0,0,0,37,0,34,37,0,34,0,0,34,42
6,16410,3,KR4MFM,2.43,3,   boost,13.58,90025,986.21,83.39,40.98,52.7,4.19,4.19,4.11,27.08,0.14,0.31,-23.79,0.62,-9.21,0.71,-0.13,0.21,13.53,4.19,0,0,0,0,1,1,15,31.0423706,-103.5226904,996,2026,6,20,23,46,39,8,83,108,85,0.9,0.5,0.7,39,41,35,0,0,0,0,13,0,34,0,37,0,0,0,0,0,0,0,0,0,0,37,0,34,37,0,34,0,0,34,42
6,16410,3,KR4MFM,2.44,3,   boost,2.01,90025,986.21,83.39,41.1,52.7,4.19,4.19,4.11,17.64,-0.02,0.17,-22.26,1.17,-9.76,0.72,-0.13,0.2,13.63,4.19,0,0,0,0,1,1,15,31.0423706,-103.5226904,996,2026,6,20,23,46,39,8,83,108,85,0.9,0.5,0.7,39,41,35,0,0,0,0,13,0,34,0,37,0,0,0,0,0,0,0,0,0,0,37,0,34,37,0,34,0,0,34,42
6,16410,3,KR4MFM,2.45,3,   boost,8.05,89993,989.14,86.32,41.24,52.7,4.19,4.19,4.11,22.46,0.17,0.9,-20.25,-0.17,-11.11,0.72,-0.13,0.2,13.74,4.19,0,0,0,0,1,1,15,31.0423706,-103.5226904,996,2026,6,20,23,46,39,8,83,108,85,0.9,0.5,0.7,39,41,35,0,0,0,0,13,0,34,0,37,0,0,0,0,0,0,0,0,0,0,37,0,34,37,0,34,0,0,34,42
6,16410,3,KR4MFM,2.46,3,   boost,29.67,89993,989.14,86.32,41.38,52.7,4.19,4.19,4.11,33.02,0.27,0.91,-19.03,0.26,-11.17,0.72,-0.13,0.2,13.85,4.19,0,0,0,0,1,1,15,31.0423706,-103.5226904,996,2026,6,20,23,46,39,8,83,108,85,0.9,0.5,0.7,39,41,35,0,0,0,0,13,0,34,0,37,0,0,0,0,0,0,0,0,0,0,37,0,34,37,0,34,0,0,34,42
6,16410,3,KR4MFM,2.47,3,   boost,24.64,90001,988.41,85.59,41.52,52.7,4.19,4.19,4.11,20.22,0.32,-0.29,-17.81,1.29,-9.52,0.71,-0.13,0.2,13.94,4.19,0,0,0,0,1,1,15,31.0423706,-103.5226904,996,2026,6,20,23,46,39,8,83,108,85,0.9,0.5,0.7,39,41,35,0,0,0,0,13,0,34,0,37,0,0,0,0,0,0,0,0,0,0,37,0,34,37,0,34,0,0,34,42
6,16410,3,KR4MFM,2.48,3,   boost,7.54,90001,988.41,85.59,41.66,52.7,4.19,4.19,4.11,12.5,0.09,-1.36,-15.3,1.17,-11.17,0.71,-0.13,0.2,14.05,4.19,0,0,0,0,1,1,15,31.0423706,-103.5226904,996,2026,6,20,23,46,39,8,83,108,85,0.9,0.5,0.7,39,41,35,0,0,0,0,13,0,34,0,37,0,0,0,0,0,0,0,0,0,0,37,0,34,37,0,34,0,0,34,42
6,16410,3,KR4MFM,2.49,3,   boost,1.01,89953,992.81,89.98,41.78,52.7,4.19,4.19,4.11,24.24,0.09,0.01,-12.19,-0.11,-12.45,0.71,-0.13,0.2,14.17,4.19,0,0,0,0,1,1,15,31.0423706,-103.5226904,996,2026,6,20,23,46,39,8,83,108,85,0.9,0.5,0.7,39,41,35,0,0,0,0,13,0,34,0,37,0,0,0,0,0,0,0,0,0,0,37,0,34,37,0,34,0,0,34,42
6,16410,3,KR4MFM,2.5,3,   boost,18.61,89953,992.81,89.98,41.89,52.7,4.19,4.19,4.11,28.96,-0.12,0.7,-9.81,1.66,-11.72,0.72,-0.13,0.2,14.28,4.19,0,0,0,0,1,1,15,31.0423706,-103.5226904,996,2026,6,20,23,46,39,8,83,108,85,0.9,0.5,0.7,39,41,35,0,0,0,0,13,0,34,0,37,0,0,0,0,0,0,0,0,0,0,37,0,34,37,0,34,0,0,34,42
6,16410,3,KR4MFM,2.51,3,   boost,6.54,89984,989.97,87.14,42,52.7,4.19,4.19,4.11,19.78,0.02,0.64,-7.12,2.27,-9.95,0.72,-0.13,0.2,14.37,4.19,0,0,0,0,1,1,15,31.0423706,-103.5226904,996,2026,6,20,23,46,39,8,83,108,85,0.9,0.5,0.7,39,41,35,0,0,0,0,13,0,34,0,37,0,0,0,0,0,0,0,0,0,0,37,0,34,37,0,34,0,0,34,42
6,16410,3,KR4MFM,2.52,3,   boost,12.07,89984,989.97,87.14,42.12,52.7,4.19,4.19,4.11,21.55,0.22,0.01,-5.29,1.78,-11.53,0.71,-0.13,0.21,14.49,4.19,0,0,0,0,1,1,15,31.0423706,-103.5226904,996,2026,6,20,23,46,39,8,83,108,85,0.9,0.5,0.7,39,41,35,0,0,0,0,13,0,34,0,37,0,0,0,0,0,0,0,0,0,0,37,0,34,37,0,34,0,0,34,42
6,16410,3,KR4MFM,2.53,3,   boost,20.12,89922,995.65,92.83,42.24,52.7,4.19,4.19,4.11,33.3,0.37,0.86,-4.13,-0.17,-11.84,0.71,-0.13,0.21,14.6,4.19,0,0,0,0,1,1,15,31.0423706,-103.5226904,996,2026,6,20,23,46,39,8,83,108,85,0.9,0.5,0.7,39,41,35,0,0,0,0,13,0,34,0,37,0,0,0,0,0,0,0,0,0,0,37,0,34,37,0,34,0,0,34,42
6,16410,3,KR4MFM,2.54,3,   boost,15.59,89922,995.65,92.83,42.38,52.7,4.19,4.19,4.11,25.83,0.29,0.65,-2.85,0.99,-10.13,0.71,-0.13,0.21,14.7,4.19,0,0,0,0,1,1,15,31.0423706,-103.5226904,996,2026,6,20,23,46,39,8,83,108,85,0.9,0.5,0.7,39,41,35,0,0,0,0,13,0,34,0,37,0,0,0,0,0,0,0,0,0,0,37,0,34,37,0,34,0,0,34,42
6,16410,3,KR4MFM,2.55,3,   boost,7.04,89954,992.72,89.89,42.51,52.7,4.19,4.19,4.11,15.13,0.19,-0.11,-0.66,1.48,-9.4,0.72,-0.13,0.2,14.79,4.19,0,0,0,0,1,1,15,31.0423706,-103.5226904,996,2026,6,20,23,46,39,8,83,108,85,0.9,0.5,0.7,39,41,35,0,0,0,0,13,0,34,0,37,0,0,0,0,0,0,0,0,0,0,37,0,34,37,0,34,0,0,34,42
6,16410,3,KR4MFM,2.56,3,   boost,14.58,89954,992.72,89.89,42.64,52.7,4.19,4.19,4.11,21.96,0.11,-0.04,1.91,1.54,-11.65,0.72,-0.13,0.2,14.9,4.19,0,0,0,0,1,1,15,31.0423706,-103.5226904,996,2026,6,20,23,46,39,8,83,108,85,0.9,0.5,0.7,39,41,35,0,0,0,0,13,0,34,0,37,0,0,0,0,0,0,0,0,0,0,37,0,34,37,0,34,0,0,34,42
6,16410,3,KR4MFM,2.57,3,   boost,26.15,89907,997.03,94.2,42.77,52.7,4.19,4.19,4.11,29.99,0.22,0.54,4.11,1.48,-11.72,0.72,-0.13,0.2,15.02,4.19,0,0,0,0,1,1,15,31.0423706,-103.5226904,996,2026,6,20,23,46,39,8,83,108,85,0.9,0.5,0.7,39,41,35,0,0,0,0,13,0,34,0,37,0,0,0,0,0,0,0,0,0,0,37,0,34,37,0,34,0,0,34,42
6,16410,3,KR4MFM,2.58,3,   boost,11.06,89907,997.03,94.2,42.88,52.7,4.19,4.2,4.1,18.21,0.11,0.18,6.12,2.94,-10.19,0.72,-0.12,0.2,15.11,4.2,0,0,0.01,0,1,1,15,31.0423706,-103.5226904,996,2026,6,20,23,46,39,8,83,108,85,0.9,0.5,0.7,39,41,35,0,0,0,0,13,0,34,0,37,0,0,0,0,0,0,0,0,0,0,37,0,34,37,0,34,0,0,34,42
6,16410,3,KR4MFM,2.58,3,   boost,11.06,89907,997.03,94.2,42.88,52.7,4.19,4.2,4.1,18.21,0.11,0.18,6.12,2.94,-10.19,0.72,-0.12,0.2,15.11,4.2,0,0,0.01,0,1,1,15,31.0423706,-103.5226904,996,2026,6,20,23,46,39,8,83,108,85,0.9,0.5,0.7,39,41,35,0,0,0,0,13,0,34,0,37,0,0,0,0,0,0,0,0,0,0,37,0,34,37,0,34,0,0,34,42
6,16410,3,KR4MFM,2.59,3,   boost,-6.54,89905,997.21,94.38,42.99,52.7,4.19,4.2,4.1,20.44,0.13,-0.83,7.95,3.06,-10.8,0.71,-0.12,0.2,15.22,4.2,0,0,0.01,0,1,1,15,31.0423706,-103.5226904,996,2026,6,20,23,46,39,8,83,108,85,0.9,0.5,0.7,39,41,35,0,0,0,0,13,0,34,0,37,0,0,0,0,0,0,0,0,0,0,37,0,34,37,0,34,0,0,34,42
6,16410,3,KR4MFM,2.6,3,   boost,4.02,89905,997.21,94.38,43.1,52.7,4.19,4.2,4.1,29.02,0.28,0.97,10.09,0.87,-11.35,0.71,-0.12,0.2,15.33,4.2,0,0,0.01,0,1,1,15,31.0423706,-103.5226904,996,2026,6,20,23,46,39,8,83,108,85,0.9,0.5,0.7,39,41,35,0,0,0,0,13,0,34,0,37,0,0,0,0,0,0,0,0,0,0,37,0,34,37,0,34,0,0,34,42
6,16410,3,KR4MFM,2.61,3,   boost,26.65,89907,997.03,94.2,43.23,52.7,4.19,4.2,4.1,19.4,0.04,-1.26,11.92,1.05,-10.19,0.72,-0.12,0.2,15.43,4.2,0,0,0.01,0,1,1,15,31.0423706,-103.5226904,996,2026,6,20,23,46,39,8,83,108,85,0.9,0.5,0.7,39,41,35,0,0,0,0,13,0,34,0,37,0,0,0,0,0,0,0,0,0,0,37,0,34,37,0,34,0,0,34,42
6,16410,3,KR4MFM,2.62,3,   boost,32.69,89907,997.03,94.2,43.38,52.7,4.19,4.2,4.1,25.22,-0.12,-0.29,12.96,0.81,-7.93,0.72,-0.12,0.2,15.5,4.2,0,0,0.01,0,1,1,15,31.0423706,-103.5226904,996,2026,6,20,23,46,39,8,83,108,85,0.9,0.5,0.7,39,41,35,0,0,0,0,13,0,34,0,37,0,0,0,0,0,0,0,0,0,0,37,0,34,37,0,34,0,0,34,42
6,16410,3,KR4MFM,2.63,3,   boost,12.57,89888,998.77,95.94,43.53,52.7,4.19,4.2,4.1,21.85,-0.15,0.7,13.99,2.03,-9.27,0.71,-0.12,0.2,15.59,4.2,0,0,0.01,0,1,1,15,31.0423706,-103.5226904,996,2026,6,20,23,46,39,8,83,108,85,0.9,0.5,0.7,39,41,35,0,0,0,0,13,0,34,0,37,0,0,0,0,0,0,0,0,0,0,37,0,34,37,0,34,0,0,34,42
6,16410,3,KR4MFM,2.64,3,   boost,4.02,89888,998.77,95.94,43.67,52.7,4.19,4.2,4.1,22.62,0.06,0.84,16.5,1.72,-11.11,0.71,-0.12,0.2,15.7,4.2,0,0,0.01,0,1,1,15,31.0423706,-103.5226904,996,2026,6,20,23,46,39,8,83,108,85,0.9,0.5,0.7,39,41,35,0,0,0,0,13,0,34,0,37,0,0,0,0,0,0,0,0,0,0,37,0,34,37,0,34,0,0,34,42
6,16410,3,KR4MFM,2.65,3,   boost,11.06,89884,999.13,96.31,43.81,52.7,4.19,4.2,4.1,35,0.45,2.21,19.67,4.16,-10.07,0.71,-0.12,0.2,15.79,4.2,0,0,0.01,0,1,1,15,31.0423706,-103.5226904,996,2026,6,20,23,46,39,8,83,108,85,0.9,0.5,0.7,39,41,35,0,0,0,0,13,0,34,0,37,0,0,0,0,0,0,0,0,0,0,37,0,34,37,0,34,0,0,34,42
6,16410,3,KR4MFM,2.66,3,   boost,16.09,89884,999.13,96.31,43.94,52.7,4.19,4.2,4.1,31.38,0.78,1.61,22.72,4.29,-9.27,0.72,-0.11,0.2,15.88,4.2,0,0,0.01,0,1,1,15,31.0423706,-103.5226904,996,2026,6,20,23,46,39,8,83,108,85,0.9,0.5,0.7,39,41,35,0,0,0,0,13,0,34,0,37,0,0,0,0,0,0,0,0,0,0,37,0,34,37,0,34,0,0,34,42
6,16410,3,KR4MFM,2.67,3,   boost,23.64,89851,1002.16,99.34,44.07,52.7,4.19,4.2,4.1,17.74,0.73,0.18,24.92,3.67,-10.13,0.72,-0.11,0.2,15.98,4.2,0,0,0.01,0,1,1,15,31.0423706,-103.5226904,996,2026,6,20,23,46,39,8,83,108,85,0.9,0.5,0.7,39,41,35,0,0,0,0,13,0,34,0,37,0,0,0,0,0,0,0,0,0,0,37,0,34,37,0,34,0,0,34,42
6,16410,3,KR4MFM,2.68,3,   boost,12.07,89851,1002.16,99.34,44.2,52.7,4.19,4.2,4.1,25.53,0.61,0.08,25.35,1.72,-10.56,0.72,-0.11,0.2,16.08,4.2,0,0,0.01,0,1,1,15,31.0423706,-103.5226904,996,2026,6,20,23,46,39,8,83,108,85,0.9,0.5,0.7,39,41,35,0,0,0,0,13,0,34,0,37,0,0,0,0,0,0,0,0,0,0,37,0,34,37,0,34,0,0,34,42
6,16410,3,KR4MFM,2.69,3,   boost,5.03,89870,1000.42,97.6,44.34,52.7,4.19,4.2,4.1,25.99,0.14,-0.21,25.47,2.76,-8.36,0.72,-0.11,0.2,16.16,4.2,0,0,0.01,0,1,1,15,31.0423706,-103.5226904,996,2026,6,20,23,46,39,8,83,108,85,0.9,0.5,0.7,39,41,35,0,0,0,0,13,0,34,0,37,0,0,0,0,0,0,0,0,0,0,37,0,34,37,0,34,0,0,34,42
6,16410,3,KR4MFM,2.7,3,   boost,13.08,89870,1000.42,97.6,44.48,52.7,4.19,4.2,4.1,17.48,-0.12,-0.13,26.87,3.55,-8.73,0.72,-0.11,0.2,16.24,4.2,0,0,0.01,0,1,1,15,31.0423706,-103.5226904,996,2026,6,20,23,46,39,8,83,108,85,0.9,0.5,0.7,39,41,35,0,0,0,0,13,0,34,0,37,0,0,0,0,0,0,0,0,0,0,37,0,34,37,0,34,0,0,34,42
6,16410,3,KR4MFM,2.71,3,   boost,31.18,89825,1004.55,101.72,44.61,52.7,4.19,4.2,4.1,19.42,-0.01,-0.01,28.28,3.13,-9.88,0.71,-0.11,0.2,16.34,4.2,0,0,0.01,0,1,1,15,31.0423706,-103.5226904,996,2026,6,20,23,46,39,8,83,108,85,0.9,0.5,0.7,39,41,35,0,0,0,0,13,0,34,0,37,0,0,0,0,0,0,0,0,0,0,37,0,34,37,0,34,0,0,34,42
6,16410,3,KR4MFM,2.72,3,   boost,12.57,89825,1004.55,101.72,44.74,52.7,4.19,4.2,4.1,35.51,0.4,1.49,29.92,3.06,-8.85,0.71,-0.1,0.2,16.43,4.2,0,0,0.01,0,1,1,15,31.0423706,-103.5226904,996,2026,6,20,23,46,39,8,83,108,85,0.9,0.5,0.7,39,41,35,0,0,0,0,13,0,34,0,37,0,0,0,0,0,0,0,0,0,0,37,0,34,37,0,34,0,0,34,42
6,16410,3,KR4MFM,2.73,3,   boost,0.5,89851,1002.16,99.34,44.88,52.7,4.19,4.2,4.1,22.33,0.54,0.88,30.53,4.47,-7.2,0.71,-0.1,0.2,16.49,4.2,0,0,0.01,0,1,1,15,31.0423706,-103.5226904,996,2026,6,20,23,46,39,8,83,108,85,0.9,0.5,0.7,39,41,35,0,0,0,0,13,0,34,0,37,0,0,0,0,0,0,0,0,0,0,37,0,34,37,0,34,0,0,34,42
6,16410,3,KR4MFM,2.74,3,   boost,10.06,89851,1002.16,99.34,45.01,52.7,4.19,4.2,4.1,13.61,0.78,-1.06,31.88,2.39,-8.42,0.71,-0.1,0.2,16.58,4.2,0,0,0.01,0,1,1,15,31.0423706,-103.5226904,996,2026,6,20,23,46,39,8,83,108,85,0.9,0.5,0.7,39,41,35,0,0,0,0,13,0,34,0,37,0,0,0,0,0,0,0,0,0,0,37,0,34,37,0,34,0,0,34,42
6,16410,3,KR4MFM,2.75,3,   boost,26.65,89803,1006.57,103.74,45.16,52.7,4.19,4.2,4.1,26.84,0.75,-0.3,32.61,2.39,-8.85,0.71,-0.1,0.2,16.66,4.2,0,0,0.01,0,1,1,15,31.0423706,-103.5226904,996,2026,6,20,23,46,39,8,83,108,85,0.9,0.5,0.7,39,41,35,0,0,0,0,13,0,34,0,37,0,0,0,0,0,0,0,0,0,0,37,0,34,37,0,34,0,0,34,42
6,16410,3,KR4MFM,2.76,3,   boost,25.15,89803,1006.57,103.74,45.3,52.7,4.19,4.2,4.1,21.22,0.2,-0.36,33.77,2.76,-7.81,0.71,-0.1,0.2,16.74,4.2,0,0,0.01,0,1,1,15,31.0423706,-103.5226904,996,2026,6,20,23,46,39,8,83,108,85,0.9,0.5,0.7,39,41,35,0,0,0,0,13,0,34,0,37,0,0,0,0,0,0,0,0,0,0,37,0,34,37,0,34,0,0,34,42
6,16410,3,KR4MFM,2.77,3,   boost,9.05,89797,1007.12,104.29,45.45,52.7,4.19,4.2,4.1,13.74,-0.06,-0.13,35.97,4.9,-8.24,0.72,-0.09,0.2,16.82,4.2,0,0,0.01,0,1,1,15,31.0423706,-103.5226904,996,2026,6,20,23,46,39,8,83,108,85,0.9,0.5,0.7,39,41,35,0,0,0,0,13,0,34,0,37,0,0,0,0,0,0,0,0,0,0,37,0,34,37,0,34,0,0,34,42
6,16410,3,KR4MFM,2.78,3,   boost,10.56,89797,1007.12,104.29,45.59,52.7,4.19,4.2,4.1,24.64,0.21,0.38,38.1,3.61,-8.6,0.72,-0.09,0.2,16.91,4.2,0,0,0.01,0,1,1,15,31.0423706,-103.5226904,996,2026,6,20,23,46,39,8,83,108,85,0.9,0.5,0.7,39,41,35,0,0,0,0,13,0,34,0,37,0,0,0,0,0,0,0,0,0,0,37,0,34,37,0,34,0,0,34,42
6,16410,3,KR4MFM,2.79,3,   boost,16.09,89797,1007.12,104.29,45.72,52.7,4.19,4.2,4.1,31.07,0.68,0.98,39.99,3.67,-6.71,0.72,-0.09,0.2,16.97,4.2,0,0,0.01,0,1,1,15,31.0423706,-103.5226904,996,2026,6,20,23,46,39,8,83,108,85,0.9,0.5,0.7,39,41,35,0,0,0,0,13,0,34,0,37,0,0,0,0,0,0,0,0,0,0,37,0,34,37,0,34,0,0,34,42
6,16410,3,KR4MFM,2.8,3,   boost,6.03,89797,1007.12,104.29,45.86,52.7,4.19,4.2,4.1,23.91,0.88,1.43,40.6,4.9,-5.73,0.72,-0.09,0.2,17.03,4.2,0,0,0.01,0,1,1,15,31.0423706,-103.5226904,996,2026,6,20,23,46,39,8,83,108,85,0.9,0.5,0.7,39,41,35,0,0,0,0,13,0,34,0,37,0,0,0,0,0,0,0,0,0,0,37,0,34,37,0,34,0,0,34,42
6,16410,3,KR4MFM,2.81,3,   boost,24.14,89770,1009.6,106.77,45.99,52.7,4.19,4.2,4.1,22.94,1.1,0.37,41.28,4.83,-7.2,0.71,-0.09,0.2,17.1,4.2,0,0,0.01,0,1,1,15,31.0423706,-103.5226904,996,2026,6,20,23,46,39,8,83,108,85,0.9,0.5,0.7,39,41,35,0,0,0,0,13,0,34,0,37,0,0,0,0,0,0,0,0,0,0,37,0,34,37,0,34,0,0,34,42
6,16410,3,KR4MFM,2.82,3,   boost,21.62,89770,1009.6,106.77,46.12,52.7,4.19,4.2,4.1,29.61,0.98,1.4,42.25,3.74,-7.26,0.71,-0.09,0.2,17.17,4.2,0,0,0.01,0,1,1,15,31.0423706,-103.5226904,996,2026,6,20,23,46,39,8,83,108,85,0.9,0.5,0.7,39,41,35,0,0,0,0,13,0,34,0,37,0,0,0,0,0,0,0,0,0,0,37,0,34,37,0,34,0,0,34,42
6,16410,3,KR4MFM,2.83,3,   boost,7.04,89778,1008.86,106.04,46.25,52.7,4.19,4.2,4.1,28.57,0.5,1.33,42.44,4.9,-5.8,0.71,-0.08,0.2,17.23,4.2,0,0,0.01,0,1,1,15,31.0423706,-103.5226904,996,2026,6,20,23,46,39,8,83,108,85,0.9,0.5,0.7,39,41,35,0,0,0,0,13,0,34,0,37,0,0,0,0,0,0,0,0,0,0,37,0,34,37,0,34,0,0,34,42
6,16410,3,KR4MFM,2.84,3,   boost,7.54,89778,1008.86,106.04,46.36,52.7,4.19,4.2,4.1,18.59,0.36,0.4,41.4,4.59,-4.94,0.72,-0.08,0.2,17.28,4.2,0,0,0.01,0,1,1,15,31.0423706,-103.5226904,996,2026,6,20,23,46,39,8,83,108,85,0.9,0.5,0.7,39,41,35,0,0,0,0,13,0,34,0,37,0,0,0,0,0,0,0,0,0,0,37,0,34,37,0,34,0,0,34,42
6,16410,3,KR4MFM,2.85,3,   boost,12.07,89739,1012.44,109.62,46.47,52.7,4.19,4.2,4.1,27.37,0.83,0.57,40.06,3.55,-5.19,0.71,-0.08,0.2,17.34,4.2,0,0,0.01,0,1,1,15,31.0423706,-103.5226904,996,2026,6,20,23,46,39,8,83,108,85,0.9,0.5,0.7,39,41,35,0,0,0,0,13,0,34,0,37,0,0,0,0,0,0,0,0,0,0,37,0,34,37,0,34,0,0,34,42
6,16410,3,KR4MFM,2.86,3,   boost,7.04,89739,1012.44,109.62,46.58,52.7,4.19,4.2,4.1,26.72,0.8,0.09,38.29,3.13,-3.54,0.72,-0.08,0.2,17.37,4.2,0,0,0.01,0,1,1,15,31.0423706,-103.5226904,996,2026,6,20,23,46,39,8,83,108,85,0.9,0.5,0.7,39,41,35,0,0,0,0,13,0,34,0,37,0,0,0,0,0,0,0,0,0,0,37,0,34,37,0,34,0,0,34,42
6,16410,3,KR4MFM,2.87,3,   boost,10.56,89740,1012.35,109.53,46.7,52.7,4.19,4.2,4.1,14.17,0.7,-0.17,37.67,4.29,-3.41,0.72,-0.08,0.2,17.41,4.2,0,0,0.01,0,1,1,15,31.0423706,-103.5226904,996,2026,6,20,23,46,39,8,83,108,85,0.9,0.5,0.7,39,41,35,0,0,0,0,13,0,34,0,37,0,0,0,0,0,0,0,0,0,0,37,0,34,37,0,34,0,0,34,42
6,16410,3,KR4MFM,2.88,3,   boost,27.66,89740,1012.35,109.53,46.82,52.7,4.19,4.2,4.1,23.57,0.67,-0.27,36.52,4.1,-4.21,0.72,-0.07,0.19,17.45,4.2,0,0,0.01,0,1,1,15,31.0423706,-103.5226904,996,2026,6,20,23,46,39,8,83,108,85,0.9,0.5,0.7,39,41,35,0,0,0,0,13,0,34,0,37,0,0,0,0,0,0,0,0,0,0,37,0,34,37,0,34,0,0,34,42
6,16410,3,KR4MFM,2.89,3,   boost,17.6,89725,1013.73,110.91,46.96,52.7,4.19,4.2,4.1,26.77,0.66,0.09,35.6,4.04,-3.48,0.72,-0.07,0.19,17.49,4.2,0,0,0.01,0,1,1,15,31.0423706,-103.5226904,996,2026,6,20,23,46,39,8,83,108,85,0.9,0.5,0.7,39,41,35,0,0,0,0,13,0,34,0,37,0,0,0,0,0,0,0,0,0,0,37,0,34,37,0,34,0,0,34,42
6,16410,3,KR4MFM,2.9,3,   boost,7.04,89725,1013.73,110.91,47.08,52.7,4.19,4.2,4.11,17.54,0.13,0.77,35.05,4.1,-3.17,0.72,-0.07,0.19,17.53,4.19,0,0,0,0,1,1,15,31.0423706,-103.5226904,996,2026,6,20,23,46,39,8,83,108,85,0.9,0.5,0.7,39,41,35,0,0,0,0,13,0,34,0,37,0,0,0,0,0,0,0,0,0,0,37,0,34,37,0,34,0,0,34,42
6,16410,3,KR4MFM,2.9,3,   boost,7.04,89725,1013.73,110.91,47.08,52.7,4.19,4.2,4.11,17.54,0.13,0.77,35.05,4.1,-3.17,0.72,-0.07,0.19,17.53,4.19,0,0,0,0,1,1,15,31.0423706,-103.5226904,996,2026,6,20,23,46,39,8,83,108,85,0.9,0.5,0.7,39,41,35,0,0,0,0,13,0,34,0,37,0,0,0,0,0,0,0,0,0,0,37,0,34,37,0,34,0,0,34,42
6,16410,3,KR4MFM,2.91,3,   boost,6.03,89698,1016.21,113.39,47.19,52.7,4.19,4.2,4.11,24.33,0.35,0.88,34.07,3.74,-2.93,0.72,-0.07,0.19,17.56,4.19,0,0,0,0,1,1,15,31.0423706,-103.5226904,996,2026,6,20,23,46,39,8,83,108,85,0.9,0.5,0.7,39,41,35,0,0,0,0,13,0,34,0,37,0,0,0,0,0,0,0,0,0,0,37,0,34,37,0,34,0,0,34,42
6,16410,3,KR4MFM,2.92,3,   boost,15.59,89698,1016.21,113.39,47.29,52.7,4.19,4.2,4.11,31.75,0.66,1.1,33.04,3.31,-2.13,0.72,-0.07,0.19,17.58,4.19,0,0,0,0,1,1,15,31.0423706,-103.5226904,996,2026,6,20,23,46,39,8,83,108,85,0.9,0.5,0.7,39,41,35,0,0,0,0,13,0,34,0,37,0,0,0,0,0,0,0,0,0,0,37,0,34,37,0,34,0,0,34,42
6,16410,3,KR4MFM,2.93,3,   boost,11.57,89728,1013.45,110.63,47.38,52.7,4.19,4.2,4.11,21.91,0.8,1.36,31.51,3.13,-1.1,0.72,-0.07,0.19,17.6,4.19,0,0,0,0,1,1,15,31.0423706,-103.5226904,996,2026,6,20,23,46,39,8,83,108,85,0.9,0.5,0.7,39,41,35,0,0,0,0,13,0,34,0,37,0,0,0,0,0,0,0,0,0,0,37,0,34,37,0,34,0,0,34,42
6,16410,3,KR4MFM,2.94,3,   boost,2.01,89728,1013.45,110.63,47.47,52.7,4.19,4.2,4.11,21.65,0.82,0.47,30.53,3.67,-2.07,0.72,-0.07,0.19,17.62,4.19,0,0,0,0,1,1,15,31.0423706,-103.5226904,996,2026,6,20,23,46,39,8,83,108,85,0.9,0.5,0.7,39,41,35,0,0,0,0,13,0,34,0,37,0,0,0,0,0,0,0,0,0,0,37,0,34,37,0,34,0,0,34,42
6,16410,3,KR4MFM,2.95,3,   boost,14.58,89684,1017.5,114.67,47.56,52.7,4.19,4.2,4.11,30.76,0.75,0.96,29.37,2.88,-1.89,0.72,-0.06,0.19,17.64,4.19,0,0,0,0,1,1,15,31.0423706,-103.5226904,996,2026,6,20,23,46,39,8,83,108,85,0.9,0.5,0.7,39,41,35,0,0,0,0,13,0,34,0,37,0,0,0,0,0,0,0,0,0,0,37,0,34,37,0,34,0,0,34,42
6,16410,3,KR4MFM,2.95,3,   boost,14.58,89684,1017.5,114.67,47.56,52.7,4.19,4.2,4.11,30.76,0.75,0.96,29.37,2.88,-1.89,0.72,-0.06,0.19,17.64,4.19,0,0,0,0,1,1,15,31.0423706,-103.5226904,996,2026,6,20,23,46,39,8,83,108,85,0.9,0.5,0.7,39,41,35,0,0,0,0,13,0,34,0,37,0,0,0,0,0,0,0,0,0,0,37,0,34,37,0,34,0,0,34,42
6,16410,3,KR4MFM,2.95,3,   boost,14.58,89684,1017.5,114.67,47.56,52.7,4.19,4.2,4.11,30.76,0.75,0.96,29.37,2.88,-1.89,0.72,-0.06,0.19,17.64,4.19,0,0,0,0,1,1,15,31.0423706,-103.5226904,996,2026,6,20,23,46,39,8,83,108,85,0.9,0.5,0.7,39,41,35,0,0,0,0,13,0,34,0,37,0,0,0,0,0,0,0,0,0,0,37,0,34,37,0,34,0,0,34,42
6,16410,3,KR4MFM,2.96,3,   boost,7.04,89684,1017.5,114.67,47.64,52.7,4.19,4.2,4.11,25.15,0.47,0.94,29.44,2.7,-0.73,0.72,-0.06,0.19,17.65,4.19,0,0,0,0,1,1,15,31.0423259,-103.5225663,1058,2026,6,20,23,46,40,21,146,111,82,0.9,0.5,0.8,39,41,35,0,0,0,0,10,0,27,0,37,0,0,0,0,0,0,0,0,0,0,37,0,33,36,0,33,0,0,28,45
6,16410,3,KR4MFM,2.97,3,   boost,7.54,89685,1017.4,114.58,47.73,52.7,4.19,4.2,4.11,17.8,0.38,0.73,29.07,1.78,-0.06,0.72,-0.06,0.19,17.66,4.19,0,0,0,0,1,1,15,31.0423259,-103.5225663,1058,2026,6,20,23,46,40,21,146,111,82,0.9,0.5,0.8,39,41,35,0,0,0,0,10,0,27,0,37,0,0,0,0,0,0,0,0,0,0,37,0,33,36,0,33,0,0,28,45
6,16410,3,KR4MFM,2.98,3,   boost,16.09,89685,1017.4,114.58,47.81,52.7,4.19,4.2,4.11,28.62,0.68,1.5,28.7,2.09,-0.91,0.72,-0.06,0.19,17.67,4.19,0,0,0,0,1,1,15,31.0423259,-103.5225663,1058,2026,6,20,23,46,40,21,146,111,82,0.9,0.5,0.8,39,41,35,0,0,0,0,10,0,27,0,37,0,0,0,0,0,0,0,0,0,0,37,0,33,36,0,33,0,0,28,45
6,16410,3,KR4MFM,2.99,3,   boost,8.05,89661,1019.61,116.79,47.9,52.7,4.19,4.2,4.11,27.1,0.73,0.87,27.79,2.15,0.13,0.72,-0.06,0.19,17.67,4.19,0,0,0,0,1,1,15,31.0423259,-103.5225663,1058,2026,6,20,23,46,40,21,146,111,82,0.9,0.5,0.8,39,41,35,0,0,0,0,10,0,27,0,37,0,0,0,0,0,0,0,0,0,0,37,0,33,36,0,33,0,0,28,45
6,16410,3,KR4MFM,3,3,   boost,0.5,89661,1019.61,116.79,47.99,52.7,4.19,4.2,4.11,17.13,0.5,0.31,27.3,2.76,0.13,0.72,-0.06,0.19,17.67,4.19,0,0,0,0,1,1,15,31.0423259,-103.5225663,1058,2026,6,20,23,46,40,21,146,111,82,0.9,0.5,0.8,39,41,35,0,0,0,0,10,0,27,0,37,0,0,0,0,0,0,0,0,0,0,37,0,33,36,0,33,0,0,28,45
6,16410,3,KR4MFM,3.01,3,   boost,18.61,89639,1021.63,118.81,48.09,52.7,4.19,4.2,4.11,27.26,0.8,1.17,26.75,1.05,-0.61,0.72,-0.06,0.19,17.68,4.19,0,0,0,0,1,1,15,31.0423259,-103.5225663,1058,2026,6,20,23,46,40,21,146,111,82,0.9,0.5,0.8,39,41,35,0,0,0,0,10,0,27,0,37,0,0,0,0,0,0,0,0,0,0,37,0,33,36,0,33,0,0,28,45
6,16410,3,KR4MFM,3.02,3,   boost,10.56,89639,1021.63,118.81,48.2,52.7,4.19,4.2,4.11,30.81,0.68,0.43,25.96,1.11,-0.24,0.72,-0.06,0.19,17.68,4.19,0,0,0,0,1,1,15,31.0423259,-103.5225663,1058,2026,6,20,23,46,40,21,146,111,82,0.9,0.5,0.8,39,41,35,0,0,0,0,10,0,27,0,37,0,0,0,0,0,0,0,0,0,0,37,0,33,36,0,33,0,0,28,45
6,16410,3,KR4MFM,3.03,3,   boost,12.57,89648,1020.8,117.98,48.33,52.7,4.19,4.2,4.11,15.83,0.38,0.78,25.16,0.38,1.77,0.72,-0.05,0.19,17.67,4.19,0,0,0,0,1,1,15,31.0423259,-103.5225663,1058,2026,6,20,23,46,40,21,146,111,82,0.9,0.5,0.8,39,41,35,0,0,0,0,10,0,27,0,37,0,0,0,0,0,0,0,0,0,0,37,0,33,36,0,33,0,0,28,45
6,16410,3,KR4MFM,3.04,3,   boost,17.1,89648,1020.8,117.98,48.47,52.7,4.19,4.2,4.11,15.43,0.51,0.09,24.86,0.56,0.98,0.72,-0.06,0.19,17.66,4.19,0,0,0,0,1,1,15,31.0423259,-103.5225663,1058,2026,6,20,23,46,40,21,146,111,82,0.9,0.5,0.8,39,41,35,0,0,0,0,10,0,27,0,37,0,0,0,0,0,0,0,0,0,0,37,0,33,36,0,33,0,0,28,45
6,16410,3,KR4MFM,3.05,3,   boost,28.16,89602,1025.03,122.21,48.61,52.7,4.19,4.2,4.11,27.53,0.54,0.08,25.1,0.87,0.13,0.72,-0.05,0.19,17.66,4.19,0,0,0,0,1,1,15,31.0423259,-103.5225663,1058,2026,6,20,23,46,40,21,146,111,82,0.9,0.5,0.8,39,41,35,0,0,0,0,10,0,27,0,37,0,0,0,0,0,0,0,0,0,0,37,0,33,36,0,33,0,0,28,45
6,16410,3,KR4MFM,3.06,3,   boost,16.09,89602,1025.03,122.21,48.75,52.7,4.19,4.2,4.11,15.2,0.3,-0.29,24.74,1.78,1.16,0.72,-0.05,0.19,17.65,4.19,0,0,0,0,1,1,15,31.0423259,-103.5225663,1058,2026,6,20,23,46,40,21,146,111,82,0.9,0.5,0.8,39,41,35,0,0,0,0,10,0,27,0,37,0,0,0,0,0,0,0,0,0,0,37,0,33,36,0,33,0,0,28,45
6,16410,3,KR4MFM,3.07,3,   boost,0,89610,1024.3,121.47,48.86,52.7,4.19,4.2,4.11,11.06,0.21,-0.7,24.55,1.17,2.2,0.72,-0.05,0.19,17.63,4.19,0,0,0,0,1,1,15,31.0423259,-103.5225663,1058,2026,6,20,23,46,40,21,146,111,82,0.9,0.5,0.8,39,41,35,0,0,0,0,10,0,27,0,37,0,0,0,0,0,0,0,0,0,0,37,0,33,36,0,33,0,0,28,45
6,16410,3,KR4MFM,3.08,3,   boost,3.02,89610,1024.3,121.47,48.96,52.7,4.19,4.2,4.11,28.5,0.46,0.83,23.88,-0.35,0.67,0.72,-0.05,0.19,17.62,4.19,0,0,0,0,1,1,15,31.0423259,-103.5225663,1058,2026,6,20,23,46,40,21,146,111,82,0.9,0.5,0.8,39,41,35,0,0,0,0,10,0,27,0,37,0,0,0,0,0,0,0,0,0,0,37,0,33,36,0,33,0,0,28,45
6,16410,3,KR4MFM,3.09,3,   boost,20.62,89588,1026.32,123.5,49.05,52.7,4.19,4.2,4.11,26.57,0.37,0.91,22.42,-1.57,1.47,0.72,-0.05,0.19,17.61,4.19,0,0,0,0,1,1,15,31.0423259,-103.5225663,1058,2026,6,20,23,46,40,21,146,111,82,0.9,0.5,0.8,39,41,35,0,0,0,0,10,0,27,0,37,0,0,0,0,0,0,0,0,0,0,37,0,33,36,0,33,0,0,28,45
6,16410,3,KR4MFM,3.1,3,   boost,10.06,89588,1026.32,123.5,49.14,52.7,4.19,4.2,4.11,17.73,0.4,1.08,21.38,-1.27,2.38,0.72,-0.05,0.18,17.58,4.19,0,0,0,0,1,1,15,31.0423259,-103.5225663,1058,2026,6,20,23,46,40,21,146,111,82,0.9,0.5,0.8,39,41,35,0,0,0,0,10,0,27,0,37,0,0,0,0,0,0,0,0,0,0,37,0,33,36,0,33,0,0,28,45
6,16410,3,KR4MFM,3.11,3,   boost,-1.51,89572,1027.79,124.97,49.22,52.7,4.19,4.2,4.11,28.63,0.51,1.2,20.77,-1.57,1.77,0.72,-0.05,0.19,17.56,4.19,0,0,0,0,1,1,15,31.0423259,-103.5225663,1058,2026,6,20,23,46,40,21,146,111,82,0.9,0.5,0.8,39,41,35,0,0,0,0,10,0,27,0,37,0,0,0,0,0,0,0,0,0,0,37,0,33,36,0,33,0,0,28,45
6,16410,3,KR4MFM,3.12,3,   boost,19.11,89572,1027.79,124.97,49.31,52.7,4.19,4.2,4.11,25.62,0.55,0.5,20.59,-1.76,1.83,0.72,-0.05,0.19,17.54,4.19,0,0,0,0,1,1,15,31.0423259,-103.5225663,1058,2026,6,20,23,46,40,21,146,111,82,0.9,0.5,0.8,39,41,35,0,0,0,0,10,0,27,0,37,0,0,0,0,0,0,0,0,0,0,37,0,33,36,0,33,0,0,28,45
6,16410,3,KR4MFM,3.13,3,   boost,5.03,89573,1027.7,124.88,49.4,52.7,4.19,4.2,4.11,29.03,0.62,0.22,20.22,-1.39,3.91,0.72,-0.05,0.18,17.5,4.19,0,0,0,0,1,1,15,31.0423259,-103.5225663,1058,2026,6,20,23,46,40,21,146,111,82,0.9,0.5,0.8,39,41,35,0,0,0,0,10,0,27,0,37,0,0,0,0,0,0,0,0,0,0,37,0,33,36,0,33,0,0,28,45
6,16410,3,KR4MFM,3.14,3,   boost,11.06,89573,1027.7,124.88,49.5,52.7,4.19,4.2,4.11,14.83,0.53,-0.01,19.43,-2.61,3.24,0.72,-0.05,0.18,17.46,4.19,0,0,0,0,1,1,15,31.0423259,-103.5225663,1058,2026,6,20,23,46,40,21,146,111,82,0.9,0.5,0.8,39,41,35,0,0,0,0,10,0,27,0,37,0,0,0,0,0,0,0,0,0,0,37,0,33,36,0,33,0,0,28,45
6,16410,3,KR4MFM,3.15,3,   boost,16.09,89528,1031.84,129.02,49.62,52.7,4.19,4.2,4.11,17.97,0.4,-0.24,18.94,-2.98,1.59,0.72,-0.05,0.18,17.44,4.19,0,0,0,0,1,1,15,31.0423259,-103.5225663,1058,2026,6,20,23,46,40,21,146,111,82,0.9,0.5,0.8,39,41,35,0,0,0,0,10,0,27,0,37,0,0,0,0,0,0,0,0,0,0,37,0,33,36,0,33,0,0,28,45
6,16410,3,KR4MFM,3.16,3,   boost,11.57,89528,1031.84,129.02,49.74,52.7,4.19,4.2,4.11,29.48,0.34,0.7,18.02,-3.1,2.93,0.72,-0.05,0.19,17.4,4.19,0,0,0,0,1,1,15,31.0423259,-103.5225663,1058,2026,6,20,23,46,40,21,146,111,82,0.9,0.5,0.8,39,41,35,0,0,0,0,10,0,27,0,37,0,0,0,0,0,0,0,0,0,0,37,0,33,36,0,33,0,0,28,45
6,16410,3,KR4MFM,3.17,3,   boost,12.07,89537,1031.01,128.19,49.87,52.7,4.19,4.2,4.11,20.67,0.13,0.94,18.33,-2.92,2.99,0.72,-0.05,0.18,17.37,4.19,0,0,0,0,1,1,15,31.0423259,-103.5225663,1058,2026,6,20,23,46,40,21,146,111,82,0.9,0.5,0.8,39,41,35,0,0,0,0,10,0,27,0,37,0,0,0,0,0,0,0,0,0,0,37,0,33,36,0,33,0,0,28,45
6,16410,3,KR4MFM,3.18,3,   boost,26.15,89537,1031.01,128.19,50.01,52.7,4.19,4.2,4.11,21.13,0.24,0.66,18.14,-3.71,1.71,0.72,-0.05,0.19,17.34,4.19,0,0,0,0,1,1,15,31.0423259,-103.5225663,1058,2026,6,20,23,46,40,21,146,111,82,0.9,0.5,0.8,39,41,35,0,0,0,0,10,0,27,0,37,0,0,0,0,0,0,0,0,0,0,37,0,33,36,0,33,0,0,28,45
6,16410,3,KR4MFM,3.19,3,   boost,11.57,89520,1032.58,129.75,50.15,52.7,4.19,4.2,4.11,31.59,0.48,1.52,18.2,-2.37,2.93,0.72,-0.05,0.19,17.31,4.19,0,0,0,0,1,1,15,31.0423259,-103.5225663,1058,2026,6,20,23,46,40,21,146,111,82,0.9,0.5,0.8,39,41,35,0,0,0,0,10,0,27,0,37,0,0,0,0,0,0,0,0,0,0,37,0,33,36,0,33,0,0,28,45
6,16410,3,KR4MFM,3.2,3,   boost,6.03,89520,1032.58,129.75,50.28,52.7,4.19,4.2,4.11,20.02,0.39,0.96,17.9,-3.04,3.6,0.72,-0.05,0.19,17.27,4.19,0,0,0,0,1,1,15,31.0423259,-103.5225663,1058,2026,6,20,23,46,40,21,146,111,82,0.9,0.5,0.8,39,41,35,0,0,0,0,10,0,27,0,37,0,0,0,0,0,0,0,0,0,0,37,0,33,36,0,33,0,0,28,45
6,16410,3,KR4MFM,3.21,3,   boost,21.62,89482,1036.07,133.25,50.41,52.7,4.19,4.2,4.11,23.53,0.7,0.03,17.41,-4.5,1.77,0.72,-0.04,0.18,17.24,4.19,0,0,0,0,1,1,15,31.0423259,-103.5225663,1058,2026,6,20,23,46,40,21,146,111,82,0.9,0.5,0.8,39,41,35,0,0,0,0,10,0,27,0,37,0,0,0,0,0,0,0,0,0,0,37,0,33,36,0,33,0,0,28,45
6,16410,3,KR4MFM,3.22,3,   boost,16.6,89482,1036.07,133.25,50.54,52.7,4.17,4.2,4.11,27.1,0.47,0.78,16.43,-3.95,3.42,0.72,-0.05,0.19,17.2,4.2,0,0,0,0,1,1,15,31.0423259,-103.5225663,1058,2026,6,20,23,46,40,21,146,111,82,0.9,0.5,0.8,39,41,35,0,0,0,0,10,0,27,0,37,0,0,0,0,0,0,0,0,0,0,37,0,33,36,0,33,0,0,28,45
6,16410,3,KR4MFM,3.22,3,   boost,16.6,89482,1036.07,133.25,50.54,52.7,4.17,4.2,4.11,27.1,0.47,0.78,16.43,-3.95,3.42,0.72,-0.05,0.19,17.2,4.2,0,0,0,0,1,1,15,31.0423259,-103.5225663,1058,2026,6,20,23,46,40,21,146,111,82,0.9,0.5,0.8,39,41,35,0,0,0,0,10,0,27,0,37,0,0,0,0,0,0,0,0,0,0,37,0,33,36,0,33,0,0,28,45
6,16410,3,KR4MFM,3.23,3,   boost,9.05,89480,1036.26,133.43,50.66,52.7,4.17,4.2,4.11,21.3,0.32,1.14,16.31,-3.47,3.12,0.72,-0.05,0.19,17.16,4.2,0,0,0,0,1,1,15,31.0423259,-103.5225663,1058,2026,6,20,23,46,40,21,146,111,82,0.9,0.5,0.8,39,41,35,0,0,0,0,10,0,27,0,37,0,0,0,0,0,0,0,0,0,0,37,0,33,36,0,33,0,0,28,45
6,16410,3,KR4MFM,3.24,3,   boost,9.56,89480,1036.26,133.43,50.77,52.7,4.17,4.2,4.11,23.85,0.17,0.77,16.68,-5.05,2.32,0.72,-0.04,0.18,17.13,4.2,0,0,0,0,1,1,15,31.0423259,-103.5225663,1058,2026,6,20,23,46,40,21,146,111,82,0.9,0.5,0.8,39,41,35,0,0,0,0,10,0,27,0,37,0,0,0,0,0,0,0,0,0,0,37,0,33,36,0,33,0,0,28,45
6,16410,3,KR4MFM,3.25,3,   boost,11.57,89494,1034.97,132.15,50.87,52.7,4.17,4.2,4.11,28.89,0.42,1.62,16.5,-4.56,3.12,0.72,-0.04,0.18,17.09,4.2,0,0,0,0,1,1,15,31.0423259,-103.5225663,1058,2026,6,20,23,46,40,21,146,111,82,0.9,0.5,0.8,39,41,35,0,0,0,0,10,0,27,0,37,0,0,0,0,0,0,0,0,0,0,37,0,33,36,0,33,0,0,28,45
6,16410,3,KR4MFM,3.26,3,   boost,4.53,89494,1034.97,132.15,50.98,52.7,4.17,4.2,4.11,23.32,0.45,1.11,16.19,-3.95,4.21,0.72,-0.04,0.19,17.04,4.2,0,0,0,0,1,1,15,31.0423259,-103.5225663,1058,2026,6,20,23,46,40,21,146,111,82,0.9,0.5,0.8,39,41,35,0,0,0,0,10,0,27,0,37,0,0,0,0,0,0,0,0,0,0,37,0,33,36,0,33,0,0,28,45
6,16410,3,KR4MFM,3.27,3,   boost,22.63,89445,1039.48,136.66,51.1,52.7,4.17,4.2,4.11,20.59,0.55,0.31,15.34,-5.6,2.63,0.72,-0.04,0.19,17,4.2,0,0,0,0,1,1,15,31.0423259,-103.5225663,1058,2026,6,20,23,46,40,21,146,111,82,0.9,0.5,0.8,39,41,35,0,0,0,0,10,0,27,0,37,0,0,0,0,0,0,0,0,0,0,37,0,33,36,0,33,0,0,28,45
6,16410,3,KR4MFM,3.28,3,   boost,13.08,89445,1039.48,136.66,51.22,52.7,4.17,4.2,4.11,31.09,0.68,1.08,14.79,-5.42,2.99,0.72,-0.04,0.19,16.96,4.2,0,0,0,0,1,1,15,31.0423259,-103.5225663,1058,2026,6,20,23,46,40,21,146,111,82,0.9,0.5,0.8,39,41,35,0,0,0,0,10,0,27,0,37,0,0,0,0,0,0,0,0,0,0,37,0,33,36,0,33,0,0,28,45
6,16410,3,KR4MFM,3.29,3,   boost,7.54,89456,1038.47,135.64,51.35,52.7,4.17,4.2,4.11,22.93,0.42,0.54,13.81,-5.05,4.03,0.72,-0.04,0.19,16.91,4.2,0,0,0,0,1,1,15,31.0423259,-103.5225663,1058,2026,6,20,23,46,40,21,146,111,82,0.9,0.5,0.8,39,41,35,0,0,0,0,10,0,27,0,37,0,0,0,0,0,0,0,0,0,0,37,0,33,36,0,33,0,0,28,45
6,16410,3,KR4MFM,3.3,3,   boost,21.62,89456,1038.47,135.64,51.48,52.7,4.17,4.2,4.11,17.26,0.27,0.17,13.93,-5.79,2.44,0.71,-0.04,0.19,16.87,4.2,0,0,0,0,1,1,15,31.0423259,-103.5225663,1058,2026,6,20,23,46,40,21,146,111,82,0.9,0.5,0.8,39,41,35,0,0,0,0,10,0,27,0,37,0,0,0,0,0,0,0,0,0,0,37,0,33,36,0,33,0,0,28,45
6,16410,3,KR4MFM,3.31,3,   boost,16.6,89425,1041.32,138.5,51.6,52.7,4.17,4.2,4.11,30.89,0.39,1.66,13.93,-6.46,2.2,0.71,-0.04,0.19,16.83,4.2,0,0,0,0,1,1,15,31.0423259,-103.5225663,1058,2026,6,20,23,46,40,21,146,111,82,0.9,0.5,0.8,39,41,35,0,0,0,0,10,0,27,0,37,0,0,0,0,0,0,0,0,0,0,37,0,33,36,0,33,0,0,28,45
6,16410,3,KR4MFM,3.32,3,   boost,5.03,89425,1041.32,138.5,51.73,52.7,4.17,4.2,4.11,26.04,0.37,0.63,13.02,-5.36,4.28,0.72,-0.04,0.18,16.78,4.2,0,0,0,0,1,1,15,31.0423259,-103.5225663,1058,2026,6,20,23,46,40,21,146,111,82,0.9,0.5,0.8,39,41,35,0,0,0,0,10,0,27,0,37,0,0,0,0,0,0,0,0,0,0,37,0,33,36,0,33,0,0,28,45
6,16410,3,KR4MFM,3.33,3,   boost,9.56,89412,1042.52,139.7,51.85,52.7,4.17,4.2,4.11,15.32,0.33,0.09,12.47,-6.03,3.85,0.72,-0.04,0.19,16.73,4.2,0,0,0,0,1,1,15,31.0423259,-103.5225663,1058,2026,6,20,23,46,40,21,146,111,82,0.9,0.5,0.8,39,41,35,0,0,0,0,10,0,27,0,37,0,0,0,0,0,0,0,0,0,0,37,0,33,36,0,33,0,0,28,45
6,16410,3,KR4MFM,3.34,3,   boost,20.12,89412,1042.52,139.7,51.98,52.7,4.17,4.2,4.11,28.25,0.6,0.38,11.55,-6.7,2.14,0.72,-0.04,0.19,16.69,4.2,0,0,0,0,1,1,15,31.0423259,-103.5225663,1058,2026,6,20,23,46,40,21,146,111,82,0.9,0.5,0.8,39,41,35,0,0,0,0,10,0,27,0,37,0,0,0,0,0,0,0,0,0,0,37,0,33,36,0,33,0,0,28,45
6,16410,3,KR4MFM,3.35,3,   boost,15.59,89419,1041.88,139.05,52.11,52.7,4.17,4.2,4.11,19.42,0.37,-0.42,11.31,-5.54,3.85,0.72,-0.04,0.19,16.64,4.2,0,0,0,0,1,1,15,31.0423259,-103.5225663,1058,2026,6,20,23,46,40,21,146,111,82,0.9,0.5,0.8,39,41,35,0,0,0,0,10,0,27,0,37,0,0,0,0,0,0,0,0,0,0,37,0,33,36,0,33,0,0,28,45
6,16410,3,KR4MFM,3.36,3,   boost,12.57,89419,1041.88,139.05,52.25,52.7,4.17,4.2,4.11,13.24,0.09,-0.31,11.8,-5.05,2.63,0.72,-0.04,0.19,16.61,4.2,0,0,0,0,1,1,15,31.0423259,-103.5225663,1058,2026,6,20,23,46,40,21,146,111,82,0.9,0.5,0.8,39,41,35,0,0,0,0,10,0,27,0,37,0,0,0,0,0,0,0,0,0,0,37,0,33,36,0,33,0,0,28,45
6,16410,3,KR4MFM,3.37,3,   boost,23.64,89373,1046.11,143.29,52.38,52.7,4.17,4.2,4.11,28.28,0.15,0.69,11.31,-6.46,1.28,0.71,-0.04,0.19,16.58,4.2,0,0,0,0,1,1,15,31.0423259,-103.5225663,1058,2026,6,20,23,46,40,21,146,111,82,0.9,0.5,0.8,39,41,35,0,0,0,0,10,0,27,0,37,0,0,0,0,0,0,0,0,0,0,37,0,33,36,0,33,0,0,28,45
6,16410,3,KR4MFM,3.38,3,   boost,8.05,89373,1046.11,143.29,52.5,52.7,4.17,4.2,4.11,25.8,0.23,0.45,10.03,-5.91,3.18,0.71,-0.04,0.19,16.54,4.2,0,0,0,0,1,1,15,31.0423259,-103.5225663,1058,2026,6,20,23,46,40,21,146,111,82,0.9,0.5,0.8,39,41,35,0,0,0,0,10,0,27,0,37,0,0,0,0,0,0,0,0,0,0,37,0,33,36,0,33,0,0,28,45
6,16410,3,KR4MFM,3.39,3,   boost,0.5,89377,1045.74,142.92,52.62,52.7,4.17,4.2,4.11,17.64,0.11,0.68,9.17,-6.27,3.73,0.71,-0.04,0.19,16.49,4.2,0,0,0,0,1,1,15,31.0423259,-103.5225663,1058,2026,6,20,23,46,40,21,146,111,82,0.9,0.5,0.8,39,41,35,0,0,0,0,10,0,27,0,37,0,0,0,0,0,0,0,0,0,0,37,0,33,36,0,33,0,0,28,45
6,16410,3,KR4MFM,3.4,3,   boost,17.6,89377,1045.74,142.92,52.74,52.7,4.17,4.2,4.11,29.61,0.55,0.9,8.26,-7.25,2.32,0.71,-0.04,0.19,16.45,4.2,0,0,0,0,1,1,15,31.0423259,-103.5225663,1058,2026,6,20,23,46,40,21,146,111,82,0.9,0.5,0.8,39,41,35,0,0,0,0,10,0,27,0,37,0,0,0,0,0,0,0,0,0,0,37,0,33,36,0,33,0,0,28,45
6,16410,3,KR4MFM,3.41,3,   boost,18.61,89381,1045.38,142.55,52.86,52.7,4.17,4.2,4.11,27.66,0.53,0.08,7.52,-6.95,3.18,0.71,-0.04,0.19,16.4,4.2,0,0,0,0,1,1,15,31.0423259,-103.5225663,1058,2026,6,20,23,46,40,21,146,111,82,0.9,0.5,0.8,39,41,35,0,0,0,0,10,0,27,0,37,0,0,0,0,0,0,0,0,0,0,37,0,33,36,0,33,0,0,28,45
6,16410,3,KR4MFM,3.42,3,   boost,13.58,89381,1045.38,142.55,52.99,52.7,4.17,4.2,4.11,15.13,0.28,0.27,8.74,-6.7,3.97,0.71,-0.04,0.19,16.35,4.2,0,0,0,0,1,1,15,31.0423259,-103.5225663,1058,2026,6,20,23,46,40,21,146,111,82,0.9,0.5,0.8,39,41,35,0,0,0,0,10,0,27,0,37,0,0,0,0,0,0,0,0,0,0,37,0,33,36,0,33,0,0,28,45
6,16410,3,KR4MFM,3.43,3,   boost,15.09,89335,1049.62,146.79,53.13,52.7,4.17,4.2,4.11,24.9,0.34,0.24,11.55,-7.01,2.14,0.72,-0.04,0.19,16.32,4.2,0,0,0,0,1,1,15,31.0423259,-103.5225663,1058,2026,6,20,23,46,40,21,146,111,82,0.9,0.5,0.8,39,41,35,0,0,0,0,10,0,27,0,37,0,0,0,0,0,0,0,0,0,0,37,0,33,36,0,33,0,0,28,45
6,16410,3,KR4MFM,3.44,3,   boost,12.07,89335,1049.62,146.79,53.28,52.7,4.17,4.2,4.11,25.81,0.19,0.06,13.87,-6.4,2.26,0.71,-0.04,0.19,16.28,4.2,0,0,0,0,1,1,15,31.0423259,-103.5225663,1058,2026,6,20,23,46,40,21,146,111,82,0.9,0.5,0.8,39,41,35,0,0,0,0,10,0,27,0,37,0,0,0,0,0,0,0,0,0,0,37,0,33,36,0,33,0,0,28,45
6,16410,3,KR4MFM,3.45,3,   boost,13.08,89358,1047.5,144.67,53.42,52.7,4.17,4.2,4.11,16.27,-0.01,0.18,15.82,-6.15,3.67,0.71,-0.04,0.19,16.23,4.2,0,0,0,0,1,1,15,31.0423259,-103.5225663,1058,2026,6,20,23,46,40,21,146,111,82,0.9,0.5,0.8,39,41,35,0,0,0,0,10,0,27,0,37,0,0,0,0,0,0,0,0,0,0,37,0,33,36,0,33,0,0,28,45
6,16410,3,KR4MFM,3.46,3,   boost,27.66,89358,1047.5,144.67,53.57,52.7,4.17,4.2,4.11,25.61,0.01,0.32,17.72,-6.58,3.36,0.72,-0.04,0.19,16.19,4.2,0,0,0,0,1,1,15,31.0423259,-103.5225663,1058,2026,6,20,23,46,40,21,146,111,82,0.9,0.5,0.8,39,41,35,0,0,0,0,10,0,27,0,37,0,0,0,0,0,0,0,0,0,0,37,0,33,36,0,33,0,0,28,45
6,16410,3,KR4MFM,3.47,3,   boost,16.09,89330,1050.08,147.25,53.71,52.7,4.17,4.2,4.11,26.17,0.11,0.4,19.18,-6.7,3.42,0.71,-0.04,0.19,16.14,4.2,0,0,0,0,1,1,15,31.0423259,-103.5225663,1058,2026,6,20,23,46,40,21,146,111,82,0.9,0.5,0.8,39,41,35,0,0,0,0,10,0,27,0,37,0,0,0,0,0,0,0,0,0,0,37,0,33,36,0,33,0,0,28,45
6,16410,3,KR4MFM,3.48,3,   boost,4.02,89330,1050.08,147.25,53.84,52.7,4.17,4.2,4.11,17.96,0.1,0.91,20.52,-5.6,4.95,0.71,-0.04,0.19,16.08,4.2,0,0,0,0,1,1,15,31.0423259,-103.5225663,1058,2026,6,20,23,46,40,21,146,111,82,0.9,0.5,0.8,39,41,35,0,0,0,0,10,0,27,0,37,0,0,0,0,0,0,0,0,0,0,37,0,33,36,0,33,0,0,28,45
6,16410,3,KR4MFM,3.49,3,   boost,14.08,89292,1053.58,150.76,53.96,52.7,4.17,4.2,4.11,27.02,0.36,0.82,20.83,-6.82,3.18,0.71,-0.04,0.19,16.03,4.2,0,0,0,0,1,1,15,31.0423259,-103.5225663,1058,2026,6,20,23,46,40,21,146,111,82,0.9,0.5,0.8,39,41,35,0,0,0,0,10,0,27,0,37,0,0,0,0,0,0,0,0,0,0,37,0,33,36,0,33,0,0,28,45
6,16410,3,KR4MFM,3.5,3,   boost,13.08,89292,1053.58,150.76,54.07,52.7,4.17,4.2,4.11,27.42,0.41,0.49,19.43,-5.91,2.32,0.71,-0.04,0.19,16,4.2,0,0,0,0,1,1,15,31.0423259,-103.5225663,1058,2026,6,20,23,46,40,21,146,111,82,0.9,0.5,0.8,39,41,35,0,0,0,0,10,0,27,0,37,0,0,0,0,0,0,0,0,0,0,37,0,33,36,0,33,0,0,28,45
6,16410,3,KR4MFM,3.51,3,   boost,8.05,89310,1051.92,149.1,54.17,52.7,4.17,4.2,4.11,19.17,0.18,0.67,18.2,-4.44,2.75,0.71,-0.04,0.19,15.96,4.2,0,0,0,0,1,1,15,31.0423259,-103.5225663,1058,2026,6,20,23,46,40,21,146,111,82,0.9,0.5,0.8,39,41,35,0,0,0,0,10,0,27,0,37,0,0,0,0,0,0,0,0,0,0,37,0,33,36,0,33,0,0,28,45
6,16410,3,KR4MFM,3.52,3,   boost,8.05,89310,1051.92,149.1,54.27,52.7,4.17,4.2,4.11,24.59,0.05,0.32,17.66,-4.81,2.26,0.71,-0.04,0.19,15.93,4.2,0,0,0,0,1,1,15,31.0423259,-103.5225663,1058,2026,6,20,23,46,40,21,146,111,82,0.9,0.5,0.8,39,41,35,0,0,0,0,10,0,27,0,37,0,0,0,0,0,0,0,0,0,0,37,0,33,36,0,33,0,0,28,45
6,16410,3,KR4MFM,3.53,3,   boost,16.09,89281,1054.59,151.77,54.37,52.7,4.17,4.2,4.11,28.51,0.22,0.43,16.86,-4.69,1.71,0.71,-0.04,0.19,15.9,4.2,0,0,0,0,1,1,15,31.0423259,-103.5225663,1058,2026,6,20,23,46,40,21,146,111,82,0.9,0.5,0.8,39,41,35,0,0,0,0,10,0,27,0,37,0,0,0,0,0,0,0,0,0,0,37,0,33,36,0,33,0,0,28,45
6,16410,3,KR4MFM,3.54,3,   boost,7.54,89281,1054.59,151.77,54.47,52.7,4.2,4.2,4.11,18.16,0.06,0.6,16.56,-3.47,3.24,0.71,-0.03,0.19,15.87,4.18,0,0,0,0,1,1,15,31.0423259,-103.5225663,1058,2026,6,20,23,46,40,21,146,111,82,0.9,0.5,0.8,39,41,35,0,0,0,0,10,0,27,0,37,0,0,0,0,0,0,0,0,0,0,37,0,33,36,0,33,0,0,28,45
6,16410,3,KR4MFM,3.54,3,   boost,7.54,89281,1054.59,151.77,54.47,52.7,4.2,4.2,4.11,18.16,0.06,0.6,16.56,-3.47,3.24,0.71,-0.03,0.19,15.87,4.18,0,0,0,0,1,1,15,31.0423259,-103.5225663,1058,2026,6,20,23,46,40,21,146,111,82,0.9,0.5,0.8,39,41,35,0,0,0,0,10,0,27,0,37,0,0,0,0,0,0,0,0,0,0,37,0,33,36,0,33,0,0,28,45
6,16410,3,KR4MFM,3.55,3,   boost,5.53,89280,1054.69,151.86,54.59,52.7,4.2,4.2,4.11,22.57,0.34,0.24,16.07,-3.95,1.83,0.71,-0.03,0.19,15.84,4.18,0,0,0,0,1,1,15,31.0423259,-103.5225663,1058,2026,6,20,23,46,40,21,146,111,82,0.9,0.5,0.8,39,41,35,0,0,0,0,10,0,27,0,37,0,0,0,0,0,0,0,0,0,0,37,0,33,36,0,33,0,0,28,45
6,16410,3,KR4MFM,3.56,3,   boost,26.65,89280,1054.69,151.86,54.72,52.7,4.2,4.2,4.11,31.92,0.5,0.52,16.56,-4.14,0.25,0.71,-0.03,0.19,15.83,4.18,0,0,0,0,1,1,15,31.0423259,-103.5225663,1058,2026,6,20,23,46,40,21,146,111,82,0.9,0.5,0.8,39,41,35,0,0,0,0,10,0,27,0,37,0,0,0,0,0,0,0,0,0,0,37,0,33,36,0,33,0,0,28,45
6,16410,3,KR4MFM,3.57,3,   boost,11.57,89289,1053.86,151.03,54.86,52.7,4.2,4.2,4.11,18.08,0.33,0.21,15.52,-3.34,0.49,0.71,-0.03,0.19,15.82,4.18,0,0,0,0,1,1,15,31.0423259,-103.5225663,1058,2026,6,20,23,46,40,21,146,111,82,0.9,0.5,0.8,39,41,35,0,0,0,0,10,0,27,0,37,0,0,0,0,0,0,0,0,0,0,37,0,33,36,0,33,0,0,28,45
6,16410,3,KR4MFM,3.58,3,   boost,20.62,89289,1053.86,151.03,55.01,52.7,4.2,4.2,4.11,20.66,0.21,-0.44,14.97,-2.12,0.61,0.71,-0.03,0.19,15.81,4.18,0,0,0,0,1,1,15,31.0423259,-103.5225663,1058,2026,6,20,23,46,40,21,146,111,82,0.9,0.5,0.8,39,41,35,0,0,0,0,10,0,27,0,37,0,0,0,0,0,0,0,0,0,0,37,0,33,36,0,33,0,0,28,45
6,16410,3,KR4MFM,3.59,3,   boost,15.09,89229,1059.39,156.57,55.15,52.7,4.2,4.2,4.11,29.45,0,0.7,14.73,-2.92,-0.97,0.71,-0.03,0.19,15.81,4.18,0,0,0,0,1,1,15,31.0423259,-103.5225663,1058,2026,6,20,23,46,40,21,146,111,82,0.9,0.5,0.8,39,41,35,0,0,0,0,10,0,27,0,37,0,0,0,0,0,0,0,0,0,0,37,0,33,36,0,33,0,0,28,45
6,16410,3,KR4MFM,3.6,3,   boost,10.06,89229,1059.39,156.57,55.29,52.7,4.2,4.2,4.11,17.82,-0.29,0.43,13.99,-1.64,0.49,0.71,-0.03,0.19,15.8,4.18,0,0,0,0,1,1,15,31.0423259,-103.5225663,1058,2026,6,20,23,46,40,21,146,111,82,0.9,0.5,0.8,39,41,35,0,0,0,0,10,0,27,0,37,0,0,0,0,0,0,0,0,0,0,37,0,33,36,0,33,0,0,28,45
6,16410,3,KR4MFM,3.61,3,   boost,17.1,89233,1059.02,156.2,55.42,52.7,4.2,4.2,4.11,24.87,0.08,-0.02,14.48,-1.88,-1.03,0.71,-0.03,0.19,15.81,4.18,0,0,0,0,1,1,15,31.0423259,-103.5225663,1058,2026,6,20,23,46,40,21,146,111,82,0.9,0.5,0.8,39,41,35,0,0,0,0,10,0,27,0,37,0,0,0,0,0,0,0,0,0,0,37,0,33,36,0,33,0,0,28,45
6,16410,3,KR4MFM,3.62,3,   boost,13.08,89233,1059.02,156.2,55.54,52.7,4.2,4.2,4.11,26.37,0.14,0.27,13.99,-0.84,0.43,0.71,-0.03,0.19,15.8,4.18,0,0,0,0,1,1,15,31.0423259,-103.5225663,1058,2026,6,20,23,46,40,21,146,111,82,0.9,0.5,0.8,39,41,35,0,0,0,0,10,0,27,0,37,0,0,0,0,0,0,0,0,0,0,37,0,33,36,0,33,0,0,28,45
6,16410,3,KR4MFM,3.63,3,   boost,4.02,89239,1058.47,155.64,55.66,52.7,4.2,4.2,4.11,17.03,0.17,0.37,14.48,-0.96,-1.64,0.71,-0.03,0.19,15.82,4.18,0,0,0,0,1,1,15,31.0423259,-103.5225663,1058,2026,6,20,23,46,40,21,146,111,82,0.9,0.5,0.8,39,41,35,0,0,0,0,10,0,27,0,37,0,0,0,0,0,0,0,0,0,0,37,0,33,36,0,33,0,0,28,45
6,16410,3,KR4MFM,3.64,3,   boost,20.62,89239,1058.47,155.64,55.78,52.7,4.2,4.2,4.11,14.84,-0.06,0.09,14.79,-0.66,-2.93,0.71,-0.03,0.19,15.84,4.18,0,0,0,0,1,1,15,31.0423259,-103.5225663,1058,2026,6,20,23,46,40,21,146,111,82,0.9,0.5,0.8,39,41,35,0,0,0,0,10,0,27,0,37,0,0,0,0,0,0,0,0,0,0,37,0,33,36,0,33,0,0,28,45
6,16410,3,KR4MFM,3.65,3,   boost,12.07,89206,1061.51,158.69,55.89,52.7,4.2,4.2,4.11,28.41,-0.01,0.29,14.97,0.26,-2.07,0.71,-0.03,0.19,15.86,4.18,0,0,0,0,1,1,15,31.0423259,-103.5225663,1058,2026,6,20,23,46,40,21,146,111,82,0.9,0.5,0.8,39,41,35,0,0,0,0,10,0,27,0,37,0,0,0,0,0,0,0,0,0,0,37,0,33,36,0,33,0,0,28,45
6,16410,3,KR4MFM,3.66,3,   boost,8.55,89206,1061.51,158.69,56.01,52.7,4.2,4.2,4.11,23.07,-0.09,-0.34,15.21,0.5,-3.35,0.71,-0.03,0.19,15.9,4.18,0,0,0,0,1,1,15,31.0423259,-103.5225663,1058,2026,6,20,23,46,40,21,146,111,82,0.9,0.5,0.8,39,41,35,0,0,0,0,10,0,27,0,37,0,0,0,0,0,0,0,0,0,0,37,0,33,36,0,33,0,0,28,45
6,16410,3,KR4MFM,3.67,3,   boost,11.57,89196,1062.44,159.61,56.12,52.7,4.2,4.2,4.11,14.14,-0.22,0.09,15.82,-0.54,-3.84,0.71,-0.03,0.19,15.93,4.18,0,0,0,0,1,1,15,31.0423259,-103.5225663,1058,2026,6,20,23,46,40,21,146,111,82,0.9,0.5,0.8,39,41,35,0,0,0,0,10,0,27,0,37,0,0,0,0,0,0,0,0,0,0,37,0,33,36,0,33,0,0,28,45
6,16410,3,KR4MFM,3.68,3,   boost,19.61,89196,1062.44,159.61,56.23,52.7,4.2,4.2,4.11,26.75,0.09,0.51,15.89,0.93,-2.19,0.71,-0.02,0.19,15.96,4.18,0,0,0,0,1,1,15,31.0423259,-103.5225663,1058,2026,6,20,23,46,40,21,146,111,82,0.9,0.5,0.8,39,41,35,0,0,0,0,10,0,27,0,37,0,0,0,0,0,0,0,0,0,0,37,0,33,36,0,33,0,0,28,45
6,16410,3,KR4MFM,3.69,3,   boost,5.53,89207,1061.42,158.6,56.33,52.7,4.2,4.2,4.11,27.25,0.35,0.35,16.01,0.32,-3.41,0.71,-0.02,0.19,15.99,4.18,0,0,0,0,1,1,15,31.0423259,-103.5225663,1058,2026,6,20,23,46,40,21,146,111,82,0.9,0.5,0.8,39,41,35,0,0,0,0,10,0,27,0,37,0,0,0,0,0,0,0,0,0,0,37,0,33,36,0,33,0,0,28,45
6,16410,3,KR4MFM,3.7,3,   boost,3.52,89207,1061.42,158.6,56.43,52.7,4.2,4.2,4.11,16.99,0.04,0.38,16.92,0.99,-5.06,0.71,-0.02,0.19,16.04,4.18,0,0,0,0,1,1,15,31.0423259,-103.5225663,1058,2026,6,20,23,46,40,21,146,111,82,0.9,0.5,0.8,39,41,35,0,0,0,0,10,0,27,0,37,0,0,0,0,0,0,0,0,0,0,37,0,33,36,0,33,0,0,28,45
6,16410,3,KR4MFM,3.71,3,   boost,21.62,89150,1066.68,163.86,56.52,52.7,4.2,4.2,4.11,28.14,0.29,0.54,17.17,2.03,-4.33,0.71,-0.02,0.19,16.09,4.18,0,0,0,0,1,1,15,31.0423259,-103.5225663,1058,2026,6,20,23,46,40,21,146,111,82,0.9,0.5,0.8,39,41,35,0,0,0,0,10,0,27,0,37,0,0,0,0,0,0,0,0,0,0,37,0,33,36,0,33,0,0,28,45
6,16410,3,KR4MFM,3.72,3,   boost,6.03,89150,1066.68,163.86,56.6,52.7,4.2,4.2,4.11,25.09,0.06,-0.2,18.14,3,-6.1,0.71,-0.02,0.19,16.16,4.18,0,0,0,0,1,1,15,31.0423259,-103.5225663,1058,2026,6,20,23,46,40,21,146,111,82,0.9,0.5,0.8,39,41,35,0,0,0,0,10,0,27,0,37,0,0,0,0,0,0,0,0,0,0,37,0,33,36,0,33,0,0,28,45
6,16410,3,KR4MFM,3.73,3,   boost,0.5,89146,1067.05,164.23,56.68,52.7,4.2,4.2,4.11,15.63,-0.19,0.02,18.51,2.03,-7.08,0.71,-0.02,0.19,16.23,4.18,0,0,0,0,1,1,15,31.0423259,-103.5225663,1058,2026,6,20,23,46,40,21,146,111,82,0.9,0.5,0.8,39,41,35,0,0,0,0,10,0,27,0,37,0,0,0,0,0,0,0,0,0,0,37,0,33,36,0,33,0,0,28,45
6,16410,3,KR4MFM,3.74,3,   boost,12.07,89146,1067.05,164.23,56.76,52.7,4.2,4.2,4.11,26.73,0.09,0.78,18.39,4.22,-5.73,0.71,-0.02,0.19,16.3,4.18,0,0,0,0,1,1,15,31.0423259,-103.5225663,1058,2026,6,20,23,46,40,21,146,111,82,0.9,0.5,0.8,39,41,35,0,0,0,0,10,0,27,0,37,0,0,0,0,0,0,0,0,0,0,37,0,33,36,0,33,0,0,28,45
6,16410,3,KR4MFM,3.75,3,   boost,5.53,89151,1066.59,163.77,56.85,52.7,4.2,4.2,4.11,24.25,0.29,0.14,19.24,3.8,-6.34,0.71,-0.02,0.19,16.37,4.18,0,0,0,0,1,1,15,31.0423259,-103.5225663,1058,2026,6,20,23,46,40,21,146,111,82,0.9,0.5,0.8,39,41,35,0,0,0,0,10,0,27,0,37,0,0,0,0,0,0,0,0,0,0,37,0,33,36,0,33,0,0,28,45
6,16410,3,KR4MFM,3.76,3,   boost,16.6,89151,1066.59,163.77,56.94,52.7,4.2,4.2,4.11,15.42,0.1,-0.09,19.97,2.82,-8.3,0.71,-0.02,0.18,16.45,4.18,0,0,0,0,1,1,15,31.0423259,-103.5225663,1058,2026,6,20,23,46,40,21,146,111,82,0.9,0.5,0.8,39,41,35,0,0,0,0,10,0,27,0,37,0,0,0,0,0,0,0,0,0,0,37,0,33,36,0,33,0,0,28,45
6,16410,3,KR4MFM,3.77,3,   boost,14.08,89109,1070.47,167.65,57.04,52.7,4.2,4.2,4.11,25.22,0.27,0.59,20.46,4.41,-7.32,0.71,-0.01,0.18,16.54,4.18,0,0,0,0,1,1,15,31.0423259,-103.5225663,1058,2026,6,20,23,46,40,21,146,111,82,0.9,0.5,0.8,39,41,35,0,0,0,0,10,0,27,0,37,0,0,0,0,0,0,0,0,0,0,37,0,33,36,0,33,0,0,28,45
6,16410,3,KR4MFM,3.78,3,   boost,5.53,89109,1070.47,167.65,57.13,52.7,4.2,4.2,4.11,25.58,-0.08,-0.11,19.55,4.9,-8.11,0.71,-0.01,0.18,16.63,4.18,0,0,0,0,1,1,15,31.0423259,-103.5225663,1058,2026,6,20,23,46,40,21,146,111,82,0.9,0.5,0.8,39,41,35,0,0,0,0,10,0,27,0,37,0,0,0,0,0,0,0,0,0,0,37,0,33,36,0,33,0,0,28,45
6,16410,3,KR4MFM,3.79,3,   boost,7.54,89096,1071.67,168.85,57.23,52.7,4.2,4.2,4.11,14.56,-0.14,-0.06,20.52,3.49,-8.73,0.71,-0.01,0.18,16.72,4.18,0,0,0,0,1,1,15,31.0423259,-103.5225663,1058,2026,6,20,23,46,40,21,146,111,82,0.9,0.5,0.8,39,41,35,0,0,0,0,10,0,27,0,37,0,0,0,0,0,0,0,0,0,0,37,0,33,36,0,33,0,0,28,45
6,16410,3,KR4MFM,3.8,3,   boost,15.59,89096,1071.67,168.85,57.32,52.7,4.2,4.2,4.11,24.78,0.22,0.43,20.95,4.65,-8.24,0.71,-0.01,0.18,16.81,4.18,0,0,0,0,1,1,15,31.0423259,-103.5225663,1058,2026,6,20,23,46,40,21,146,111,82,0.9,0.5,0.8,39,41,35,0,0,0,0,10,0,27,0,37,0,0,0,0,0,0,0,0,0,0,37,0,33,36,0,33,0,0,28,45
6,16410,3,KR4MFM,3.81,3,   boost,6.54,89112,1070.19,167.37,57.41,52.7,4.2,4.2,4.11,25.29,0.32,-0.01,21.44,4.77,-7.69,0.71,-0.01,0.18,16.9,4.18,0,0,0,0,1,1,15,31.0423259,-103.5225663,1058,2026,6,20,23,46,40,21,146,111,82,0.9,0.5,0.8,39,41,35,0,0,0,0,10,0,27,0,37,0,0,0,0,0,0,0,0,0,0,37,0,33,36,0,33,0,0,28,45
6,16410,3,KR4MFM,3.82,3,   boost,4.02,89112,1070.19,167.37,57.5,52.7,4.2,4.2,4.11,14.38,0.22,0.18,21.2,4.1,-9.76,0.71,-0.01,0.18,17.01,4.18,0,0,0,0,1,1,15,31.0423259,-103.5225663,1058,2026,6,20,23,46,40,21,146,111,82,0.9,0.5,0.8,39,41,35,0,0,0,0,10,0,27,0,37,0,0,0,0,0,0,0,0,0,0,37,0,33,36,0,33,0,0,28,45
6,16410,3,KR4MFM,3.83,3,   boost,22.63,89066,1074.44,171.62,57.6,52.7,4.2,4.2,4.11,25.8,0.36,0.57,20.16,5.51,-9.52,0.71,-0.01,0.18,17.11,4.18,0,0,0,0,1,1,15,31.0423259,-103.5225663,1058,2026,6,20,23,46,40,21,146,111,82,0.9,0.5,0.8,39,41,35,0,0,0,0,10,0,27,0,37,0,0,0,0,0,0,0,0,0,0,37,0,33,36,0,33,0,0,28,45
6,16410,3,KR4MFM,3.84,3,   boost,5.53,89066,1074.44,171.62,57.7,52.7,4.2,4.2,4.11,25.45,0.11,0.09,19.12,6.48,-9.58,0.71,-0.01,0.18,17.22,4.18,0,0,0,0,1,1,15,31.0423259,-103.5225663,1058,2026,6,20,23,46,40,21,146,111,82,0.9,0.5,0.8,39,41,35,0,0,0,0,10,0,27,0,37,0,0,0,0,0,0,0,0,0,0,37,0,33,36,0,33,0,0,28,45
6,16410,3,KR4MFM,3.85,3,   boost,7.04,89060,1075,172.17,57.8,52.7,4.2,4.2,4.11,14.93,-0.23,0.06,20.04,5.38,-10.56,0.71,0,0.18,17.34,4.18,0,0,0,0,1,1,15,31.0423259,-103.5225663,1058,2026,6,20,23,46,40,21,146,111,82,0.9,0.5,0.8,39,41,35,0,0,0,0,10,0,27,0,37,0,0,0,0,0,0,0,0,0,0,37,0,33,36,0,33,0,0,28,45
6,16410,3,KR4MFM,3.86,3,   boost,22.13,89060,1075,172.17,57.9,52.7,4.2,4.2,4.11,25.06,-0.04,0.17,21.26,6.3,-9.64,0.71,0,0.18,17.45,4.2,0,0,0,0,1,1,15,31.0423259,-103.5225663,1058,2026,6,20,23,46,40,21,146,111,82,0.9,0.5,0.8,39,41,35,0,0,0,0,10,0,27,0,37,0,0,0,0,0,0,0,0,0,0,37,0,33,36,0,33,0,0,28,45
6,16410,3,KR4MFM,3.86,3,   boost,22.13,89060,1075,172.17,57.9,52.7,4.2,4.2,4.11,25.06,-0.04,0.17,21.26,6.3,-9.64,0.71,0,0.18,17.45,4.2,0,0,0,0,1,1,15,31.0423259,-103.5225663,1058,2026,6,20,23,46,40,21,146,111,82,0.9,0.5,0.8,39,41,35,0,0,0,0,10,0,27,0,37,0,0,0,0,0,0,0,0,0,0,37,0,33,36,0,33,0,0,28,45
6,16410,3,KR4MFM,3.87,3,   boost,5.53,89060,1075,172.17,57.99,52.7,4.2,4.2,4.11,22.71,0.17,-0.06,22.29,6.6,-8.54,0.71,0,0.17,17.55,4.2,0,0,0,0,1,1,15,31.0423259,-103.5225663,1058,2026,6,20,23,46,40,21,146,111,82,0.9,0.5,0.8,39,41,35,0,0,0,0,10,0,27,0,37,0,0,0,0,0,0,0,0,0,0,37,0,33,36,0,33,0,0,28,45
6,16410,3,KR4MFM,3.88,3,   boost,1.01,89060,1075,172.17,58.07,52.7,4.2,4.2,4.11,17.5,0.3,-0.17,22.97,4.65,-9.76,0.71,0,0.17,17.66,4.2,0,0,0,0,1,1,15,31.0423259,-103.5225663,1058,2026,6,20,23,46,40,21,146,111,82,0.9,0.5,0.8,39,41,35,0,0,0,0,10,0,27,0,37,0,0,0,0,0,0,0,0,0,0,37,0,33,36,0,33,0,0,28,45
6,16410,3,KR4MFM,3.89,3,   boost,15.59,89012,1079.43,176.61,58.15,52.7,4.2,4.2,4.11,28.72,0.77,1.52,21.38,6.12,-9.03,0.71,0,0.17,17.76,4.2,0,0,0,0,1,1,15,31.0423259,-103.5225663,1058,2026,6,20,23,46,40,21,146,111,82,0.9,0.5,0.8,39,41,35,0,0,0,0,10,0,27,0,37,0,0,0,0,0,0,0,0,0,0,37,0,33,36,0,33,0,0,28,45
6,16410,3,KR4MFM,3.9,3,   boost,4.02,89012,1079.43,176.61,58.23,52.7,4.2,4.2,4.11,25.68,0.54,0.47,20.46,7.4,-9.7,0.71,0,0.17,17.88,4.2,0,0,0,0,1,1,15,31.0423259,-103.5225663,1058,2026,6,20,23,46,40,21,146,111,82,0.9,0.5,0.8,39,41,35,0,0,0,0,10,0,27,0,37,0,0,0,0,0,0,0,0,0,0,37,0,33,36,0,33,0,0,28,45
6,16410,3,KR4MFM,3.91,3,   boost,12.07,88997,1080.82,178,58.32,52.7,4.2,4.2,4.11,15.26,0.12,-0.06,22.48,6.36,-10.92,0.71,0,0.17,18,4.2,0,0,0,0,1,1,15,31.0423259,-103.5225663,1058,2026,6,20,23,46,40,21,146,111,82,0.9,0.5,0.8,39,41,35,0,0,0,0,10,0,27,0,37,0,0,0,0,0,0,0,0,0,0,37,0,33,36,0,33,0,0,28,45
6,16410,3,KR4MFM,3.92,3,   boost,13.08,88997,1080.82,178,58.41,52.7,4.2,4.2,4.11,27.09,0.22,0.65,24.37,6.54,-9.64,0.71,0.01,0.17,18.12,4.2,0,0,0,0,1,1,15,31.0423259,-103.5225663,1058,2026,6,20,23,46,40,21,146,111,82,0.9,0.5,0.8,39,41,35,0,0,0,0,10,0,27,0,37,0,0,0,0,0,0,0,0,0,0,37,0,33,36,0,33,0,0,28,45
6,16410,3,KR4MFM,3.93,3,   boost,6.54,89006,1079.99,177.16,58.5,52.7,4.2,4.2,4.11,21.81,0.17,0.3,25.83,7.46,-8.85,0.71,0.01,0.17,18.22,4.2,0,0,0,0,1,1,15,31.0423259,-103.5225663,1058,2026,6,20,23,46,40,21,146,111,82,0.9,0.5,0.8,39,41,35,0,0,0,0,10,0,27,0,37,0,0,0,0,0,0,0,0,0,0,37,0,33,36,0,33,0,0,28,45
6,16410,3,KR4MFM,3.94,3,   boost,11.57,89006,1079.99,177.16,58.6,52.7,4.2,4.2,4.11,15.33,0.16,-0.15,27.97,7.21,-10.07,0.71,0.01,0.17,18.34,4.2,0,0,0,0,1,1,15,31.0423259,-103.5225663,1058,2026,6,20,23,46,40,21,146,111,82,0.9,0.5,0.8,39,41,35,0,0,0,0,10,0,27,0,37,0,0,0,0,0,0,0,0,0,0,37,0,33,36,0,33,0,0,28,45
6,16410,3,KR4MFM,3.95,3,   boost,16.09,88963,1083.96,181.14,58.7,52.7,4.2,4.2,4.11,28.68,0.7,0.9,27.97,7.21,-8.97,0.71,0.01,0.17,18.45,4.2,0,0,0,0,1,1,15,31.0423259,-103.5225663,1058,2026,6,20,23,46,40,21,146,111,82,0.9,0.5,0.8,39,41,35,0,0,0,0,10,0,27,0,37,0,0,0,0,0,0,0,0,0,0,37,0,33,36,0,33,0,0,28,45
6,16410,3,KR4MFM,3.96,3,   boost,4.02,88963,1083.96,181.14,58.79,52.7,4.2,4.2,4.11,22.53,0.65,0.52,27.3,7.7,-8.48,0.71,0.01,0.17,18.56,4.2,0,0,0,0,1,1,15,31.0423259,-103.5225663,1058,2026,6,20,23,46,40,21,146,111,82,0.9,0.5,0.8,39,41,35,0,0,0,0,10,0,27,0,37,0,0,0,0,0,0,0,0,0,0,37,0,33,36,0,33,0,0,28,45
6,16410,3,KR4MFM,3.97,3,   boost,12.07,88956,1084.61,181.79,58.89,52.7,4.2,4.2,4.11,17.69,0.26,0.12,26.75,7.15,-9.88,0.71,0.01,0.17,18.68,4.2,0,0,0,0,1,1,15,31.0423259,-103.5225663,1058,2026,6,20,23,46,40,21,146,111,82,0.9,0.5,0.8,39,41,35,0,0,0,0,10,0,27,0,37,0,0,0,0,0,0,0,0,0,0,37,0,33,36,0,33,0,0,28,45
6,16410,3,KR4MFM,3.98,3,   boost,16.6,88956,1084.61,181.79,58.99,52.7,4.2,4.2,4.11,29.38,0.53,0.62,25.28,6.73,-8.73,0.71,0.02,0.16,18.78,4.2,0,0,0,0,1,1,15,31.0423259,-103.5225663,1058,2026,6,20,23,46,40,21,146,111,82,0.9,0.5,0.8,39,41,35,0,0,0,0,10,0,27,0,37,0,0,0,0,0,0,0,0,0,0,37,0,33,36,0,33,0,0,28,45
6,16410,3,KR4MFM,3.99,3,   boost,5.03,88954,1084.8,181.97,59.1,52.7,4.2,4.2,4.11,17.54,0.18,0.29,24.61,6.73,-8.18,0.71,0.02,0.16,18.89,4.2,0,0,0,0,1,1,15,31.0423259,-103.5225663,1058,2026,6,20,23,46,40,21,146,111,82,0.9,0.5,0.8,39,41,35,0,0,0,0,10,0,27,0,37,0,0,0,0,0,0,0,0,0,0,37,0,33,36,0,33,0,0,28,45
6,16410,3,KR4MFM,3.99,3,   boost,5.03,88954,1084.8,181.97,59.1,52.7,4.2,4.2,4.11,17.54,0.18,0.29,24.61,6.73,-8.18,0.71,0.02,0.16,18.89,4.2,0,0,0,0,1,1,15,31.0423259,-103.5225663,1058,2026,6,20,23,46,40,21,146,111,82,0.9,0.5,0.8,39,41,35,0,0,0,0,10,0,27,0,37,0,0,0,0,0,0,0,0,0,0,37,0,33,36,0,33,0,0,28,45
6,16410,3,KR4MFM,3.99,3,   boost,5.03,88954,1084.8,181.97,59.1,52.7,4.2,4.2,4.11,17.54,0.18,0.29,24.61,6.73,-8.18,0.71,0.02,0.16,18.89,4.2,0,0,0,0,1,1,15,31.0423259,-103.5225663,1058,2026,6,20,23,46,40,21,146,111,82,0.9,0.5,0.8,39,41,35,0,0,0,0,10,0,27,0,37,0,0,0,0,0,0,0,0,0,0,37,0,33,36,0,33,0,0,28,45
6,16410,3,KR4MFM,4,3,   boost,13.58,88954,1084.8,181.97,59.2,52.7,4.2,4.2,4.11,23.26,0.44,0.61,23.7,6.42,-8.66,0.71,0.02,0.16,18.99,4.2,0,0,0,0,1,1,15,31.0422518,-103.5223817,1132,2026,6,20,23,46,41,40,223,113,80,0.8,0.4,0.7,39,40,35,0,0,0,0,8,0,33,0,36,0,0,0,0,0,0,0,0,0,0,37,0,33,36,0,35,0,0,33,43
6,16410,3,KR4MFM,4.01,3,   boost,16.09,88933,1086.74,183.92,59.31,52.7,4.2,4.2,4.11,28.4,0.55,0.76,21.81,7.28,-7.02,0.71,0.02,0.16,19.08,4.2,0,0,0,0,1,1,15,31.0422518,-103.5223817,1132,2026,6,20,23,46,41,40,223,113,80,0.8,0.4,0.7,39,40,35,0,0,0,0,8,0,33,0,36,0,0,0,0,0,0,0,0,0,0,37,0,33,36,0,35,0,0,33,43
6,16410,3,KR4MFM,4.02,3,   boost,8.05,88933,1086.74,183.92,59.42,52.7,4.2,4.2,4.11,15.09,0.57,0.57,20.59,6.73,-7.99,0.71,0.02,0.16,19.18,4.2,0,0,0,0,1,1,15,31.0422518,-103.5223817,1132,2026,6,20,23,46,41,40,223,113,80,0.8,0.4,0.7,39,40,35,0,0,0,0,8,0,33,0,36,0,0,0,0,0,0,0,0,0,0,37,0,33,36,0,35,0,0,33,43
6,16410,3,KR4MFM,4.03,3,   boost,14.58,88908,1089.05,186.23,59.54,52.7,4.2,4.2,4.11,24.92,0.7,0.37,19.67,5.87,-8.97,0.71,0.02,0.16,19.29,4.2,0,0,0,0,1,1,15,31.0422518,-103.5223817,1132,2026,6,20,23,46,41,40,223,113,80,0.8,0.4,0.7,39,40,35,0,0,0,0,8,0,33,0,36,0,0,0,0,0,0,0,0,0,0,37,0,33,36,0,35,0,0,33,43
6,16410,3,KR4MFM,4.04,3,   boost,16.09,88908,1089.05,186.23,59.65,52.7,4.2,4.2,4.11,25.36,0.45,0.2,17.35,6.6,-6.89,0.71,0.02,0.16,19.38,4.2,0,0,0,0,1,1,15,31.0422518,-103.5223817,1132,2026,6,20,23,46,41,40,223,113,80,0.8,0.4,0.7,39,40,35,0,0,0,0,8,0,33,0,36,0,0,0,0,0,0,0,0,0,0,37,0,33,36,0,35,0,0,33,43
6,16410,3,KR4MFM,4.05,3,   boost,8.55,88909,1088.96,186.14,59.77,52.7,4.2,4.2,4.11,14.71,0.21,0.14,15.46,5.51,-7.99,0.71,0.02,0.16,19.47,4.2,0,0,0,0,1,1,15,31.0422518,-103.5223817,1132,2026,6,20,23,46,41,40,223,113,80,0.8,0.4,0.7,39,40,35,0,0,0,0,8,0,33,0,36,0,0,0,0,0,0,0,0,0,0,37,0,33,36,0,35,0,0,33,43
6,16410,3,KR4MFM,4.06,3,   boost,17.1,88909,1088.96,186.14,59.87,52.7,4.2,4.2,4.11,26.84,0.38,0.83,14.6,4.47,-7.2,0.71,0.02,0.16,19.56,4.2,0,0,0,0,1,1,15,31.0422518,-103.5223817,1132,2026,6,20,23,46,41,40,223,113,80,0.8,0.4,0.7,39,40,35,0,0,0,0,8,0,33,0,36,0,0,0,0,0,0,0,0,0,0,37,0,33,36,0,35,0,0,33,43
6,16410,3,KR4MFM,4.07,3,   boost,5.03,88872,1092.38,189.56,59.97,52.7,4.2,4.2,4.11,23.9,0.55,0.69,13.08,5.75,-4.88,0.71,0.02,0.16,19.62,4.2,0,0,0,0,1,1,15,31.0422518,-103.5223817,1132,2026,6,20,23,46,41,40,223,113,80,0.8,0.4,0.7,39,40,35,0,0,0,0,8,0,33,0,36,0,0,0,0,0,0,0,0,0,0,37,0,33,36,0,35,0,0,33,43
6,16410,3,KR4MFM,4.08,3,   boost,9.05,88872,1092.38,189.56,60.07,52.7,4.2,4.2,4.11,16.37,0.49,0.28,11.98,5.14,-6.04,0.71,0.02,0.16,19.7,4.2,0,0,0,0,1,1,15,31.0422518,-103.5223817,1132,2026,6,20,23,46,41,40,223,113,80,0.8,0.4,0.7,39,40,35,0,0,0,0,8,0,33,0,36,0,0,0,0,0,0,0,0,0,0,37,0,33,36,0,35,0,0,33,43
6,16410,3,KR4MFM,4.09,3,   boost,16.09,88847,1094.7,191.87,60.16,52.7,4.2,4.2,4.11,29.33,0.82,0.96,10.58,4.53,-6.71,0.71,0.03,0.15,19.78,4.2,0,0,0,0,1,1,15,31.0422518,-103.5223817,1132,2026,6,20,23,46,41,40,223,113,80,0.8,0.4,0.7,39,40,35,0,0,0,0,8,0,33,0,36,0,0,0,0,0,0,0,0,0,0,37,0,33,36,0,35,0,0,33,43
6,16410,3,KR4MFM,4.1,3,   boost,6.03,88847,1094.7,191.87,60.25,52.7,4.2,4.2,4.11,18.79,0.5,0.55,8.99,5.26,-4.82,0.71,0.03,0.16,19.85,4.2,0,0,0,0,1,1,15,31.0422518,-103.5223817,1132,2026,6,20,23,46,41,40,223,113,80,0.8,0.4,0.7,39,40,35,0,0,0,0,8,0,33,0,36,0,0,0,0,0,0,0,0,0,0,37,0,33,36,0,35,0,0,33,43
6,16410,3,KR4MFM,4.11,3,   boost,9.56,88847,1094.7,191.87,60.34,52.7,4.2,4.2,4.11,21.32,0.49,0.11,7.71,3.92,-6.96,0.71,0.03,0.16,19.93,4.2,0,0,0,0,1,1,15,31.0422518,-103.5223817,1132,2026,6,20,23,46,41,40,223,113,80,0.8,0.4,0.7,39,40,35,0,0,0,0,8,0,33,0,36,0,0,0,0,0,0,0,0,0,0,37,0,33,36,0,35,0,0,33,43
6,16410,3,KR4MFM,4.12,3,   boost,13.58,88847,1094.7,191.87,60.43,52.7,4.2,4.2,4.11,29.05,0.6,1.14,6.49,3.8,-5.49,0.71,0.03,0.15,19.99,4.2,0,0,0,0,1,1,15,31.0422518,-103.5223817,1132,2026,6,20,23,46,41,40,223,113,80,0.8,0.4,0.7,39,40,35,0,0,0,0,8,0,33,0,36,0,0,0,0,0,0,0,0,0,0,37,0,33,36,0,35,0,0,33,43
6,16410,3,KR4MFM,4.13,3,   boost,3.02,88844,1094.98,192.15,60.53,52.7,4.2,4.2,4.11,17.37,0.27,0.81,5.51,4.47,-4.51,0.71,0.03,0.16,20.05,4.2,0,0,0,0,1,1,15,31.0422518,-103.5223817,1132,2026,6,20,23,46,41,40,223,113,80,0.8,0.4,0.7,39,40,35,0,0,0,0,8,0,33,0,36,0,0,0,0,0,0,0,0,0,0,37,0,33,36,0,35,0,0,33,43
6,16410,3,KR4MFM,4.14,3,   boost,19.61,88844,1094.98,192.15,60.63,52.7,4.2,4.2,4.11,26.01,0.69,1.08,4.35,3.19,-5.37,0.71,0.03,0.16,20.11,4.2,0,0,0,0,1,1,15,31.0422518,-103.5223817,1132,2026,6,20,23,46,41,40,223,113,80,0.8,0.4,0.7,39,40,35,0,0,0,0,8,0,33,0,36,0,0,0,0,0,0,0,0,0,0,37,0,33,36,0,35,0,0,33,43
6,16410,3,KR4MFM,4.15,3,   boost,15.59,88796,1099.42,196.6,60.74,52.7,4.2,4.2,4.11,25.12,0.68,0.82,2.76,4.1,-4.57,0.71,0.03,0.15,20.17,4.2,0,0,0,0,1,1,15,31.0422518,-103.5223817,1132,2026,6,20,23,46,41,40,223,113,80,0.8,0.4,0.7,39,40,35,0,0,0,0,8,0,33,0,36,0,0,0,0,0,0,0,0,0,0,37,0,33,36,0,35,0,0,33,43
6,16410,3,KR4MFM,4.16,3,   boost,6.54,88796,1099.42,196.6,60.86,52.7,4.2,4.2,4.11,19.97,0.48,0.77,1.54,4.41,-4.82,0.71,0.03,0.15,20.23,4.2,0,0,0,0,1,1,15,31.0422518,-103.5223817,1132,2026,6,20,23,46,41,40,223,113,80,0.8,0.4,0.7,39,40,35,0,0,0,0,8,0,33,0,36,0,0,0,0,0,0,0,0,0,0,37,0,33,36,0,35,0,0,33,43
6,16410,3,KR4MFM,4.17,3,   boost,17.1,88789,1100.07,197.25,60.97,52.7,4.2,4.2,4.11,17.54,0.44,0.22,0.99,2.45,-5.55,0.71,0.03,0.16,20.3,4.2,0,0,0,0,1,1,15,31.0422518,-103.5223817,1132,2026,6,20,23,46,41,40,223,113,80,0.8,0.4,0.7,39,40,35,0,0,0,0,8,0,33,0,36,0,0,0,0,0,0,0,0,0,0,37,0,33,36,0,35,0,0,33,43
6,16410,3,KR4MFM,4.18,3,   boost,12.57,88789,1100.07,197.25,61.07,52.7,4.18,4.2,4.11,30.22,0.55,1.01,-0.11,3.49,-3.6,0.71,0.03,0.15,20.34,4.19,0,0,0,0,1,1,15,31.0422518,-103.5223817,1132,2026,6,20,23,46,41,40,223,113,80,0.8,0.4,0.7,39,40,35,0,0,0,0,8,0,33,0,36,0,0,0,0,0,0,0,0,0,0,37,0,33,36,0,35,0,0,33,43
6,16410,3,KR4MFM,4.18,3,   boost,12.57,88789,1100.07,197.25,61.07,52.7,4.18,4.2,4.11,30.22,0.55,1.01,-0.11,3.49,-3.6,0.71,0.03,0.15,20.34,4.19,0,0,0,0,1,1,15,31.0422518,-103.5223817,1132,2026,6,20,23,46,41,40,223,113,80,0.8,0.4,0.7,39,40,35,0,0,0,0,8,0,33,0,36,0,0,0,0,0,0,0,0,0,0,37,0,33,36,0,35,0,0,33,43
6,16410,3,KR4MFM,4.19,3,   boost,7.54,88785,1100.44,197.62,61.17,52.7,4.18,4.2,4.11,15.93,0.24,0.47,-1.02,2.52,-4.64,0.71,0.03,0.15,20.4,4.19,0,0,0,0,1,1,15,31.0422518,-103.5223817,1132,2026,6,20,23,46,41,40,223,113,80,0.8,0.4,0.7,39,40,35,0,0,0,0,8,0,33,0,36,0,0,0,0,0,0,0,0,0,0,37,0,33,36,0,35,0,0,33,43
6,16410,3,KR4MFM,4.2,3,   boost,10.56,88785,1100.44,197.62,61.27,52.7,4.18,4.2,4.11,24.43,0.57,0.62,-1.27,2.21,-3.29,0.71,0.03,0.15,20.43,4.19,0,0,0,0,1,1,15,31.0422518,-103.5223817,1132,2026,6,20,23,46,41,40,223,113,80,0.8,0.4,0.7,39,40,35,0,0,0,0,8,0,33,0,36,0,0,0,0,0,0,0,0,0,0,37,0,33,36,0,35,0,0,33,43
6,16410,3,KR4MFM,4.21,3,   boost,6.54,88761,1102.66,199.84,61.37,52.7,4.18,4.2,4.11,25.48,0.56,0.6,-1.81,2.45,-2.56,0.71,0.03,0.15,20.47,4.19,0,0,0,0,1,1,15,31.0422518,-103.5223817,1132,2026,6,20,23,46,41,40,223,113,80,0.8,0.4,0.7,39,40,35,0,0,0,0,8,0,33,0,36,0,0,0,0,0,0,0,0,0,0,37,0,33,36,0,35,0,0,33,43
6,16410,3,KR4MFM,4.22,3,   boost,20.62,88761,1102.66,199.84,61.47,52.7,4.18,4.2,4.11,14.43,0.34,0.32,-2.55,1.36,-3.96,0.71,0.03,0.15,20.51,4.19,0,0,0,0,1,1,15,31.0422518,-103.5223817,1132,2026,6,20,23,46,41,40,223,113,80,0.8,0.4,0.7,39,40,35,0,0,0,0,8,0,33,0,36,0,0,0,0,0,0,0,0,0,0,37,0,33,36,0,35,0,0,33,43
6,16410,3,KR4MFM,4.23,3,   boost,9.05,88739,1104.7,201.88,61.57,52.7,4.18,4.2,4.11,29.29,0.68,0.84,-3.04,1.97,-2.44,0.71,0.03,0.15,20.54,4.19,0,0,0,0,1,1,15,31.0422518,-103.5223817,1132,2026,6,20,23,46,41,40,223,113,80,0.8,0.4,0.7,39,40,35,0,0,0,0,8,0,33,0,36,0,0,0,0,0,0,0,0,0,0,37,0,33,36,0,35,0,0,33,43
6,16410,3,KR4MFM,4.24,3,   boost,8.55,88739,1104.7,201.88,61.68,52.7,4.18,4.2,4.11,19.97,0.45,0.42,-3.22,1.36,-3.05,0.71,0.03,0.16,20.57,4.19,0,0,0,0,1,1,15,31.0422518,-103.5223817,1132,2026,6,20,23,46,41,40,223,113,80,0.8,0.4,0.7,39,40,35,0,0,0,0,8,0,33,0,36,0,0,0,0,0,0,0,0,0,0,37,0,33,36,0,35,0,0,33,43
6,16410,3,KR4MFM,4.25,3,   boost,20.12,88723,1106.19,203.36,61.78,52.7,4.18,4.2,4.11,16.23,0.32,0.19,-3.4,0.2,-3.66,0.71,0.03,0.15,20.61,4.19,0,0,0,0,1,1,15,31.0422518,-103.5223817,1132,2026,6,20,23,46,41,40,223,113,80,0.8,0.4,0.7,39,40,35,0,0,0,0,8,0,33,0,36,0,0,0,0,0,0,0,0,0,0,37,0,33,36,0,35,0,0,33,43
6,16410,3,KR4MFM,4.26,3,   boost,5.53,88723,1106.19,203.36,61.88,52.7,4.18,4.2,4.11,30.58,0.55,0.83,-4.07,1.11,-1.77,0.71,0.03,0.15,20.63,4.19,0,0,0,0,1,1,15,31.0422518,-103.5223817,1132,2026,6,20,23,46,41,40,223,113,80,0.8,0.4,0.7,39,40,35,0,0,0,0,8,0,33,0,36,0,0,0,0,0,0,0,0,0,0,37,0,33,36,0,35,0,0,33,43
6,16410,3,KR4MFM,4.27,3,   boost,6.54,88725,1106,203.18,61.97,52.7,4.18,4.2,4.11,13.96,0.34,0.53,-4.81,0.5,-2.32,0.71,0.03,0.16,20.65,4.19,0,0,0,0,1,1,15,31.0422518,-103.5223817,1132,2026,6,20,23,46,41,40,223,113,80,0.8,0.4,0.7,39,40,35,0,0,0,0,8,0,33,0,36,0,0,0,0,0,0,0,0,0,0,37,0,33,36,0,35,0,0,33,43
6,16410,3,KR4MFM,4.28,3,   boost,18.61,88725,1106,203.18,62.06,52.7,4.18,4.2,4.11,20.81,0.46,0.41,-4.87,-0.54,-2.5,0.71,0.03,0.16,20.67,4.19,0,0,0,0,1,1,15,31.0422518,-103.5223817,1132,2026,6,20,23,46,41,40,223,113,80,0.8,0.4,0.7,39,40,35,0,0,0,0,8,0,33,0,36,0,0,0,0,0,0,0,0,0,0,37,0,33,36,0,35,0,0,33,43
6,16410,3,KR4MFM,4.29,3,   boost,4.02,88706,1107.76,204.94,62.14,52.7,4.18,4.2,4.11,27.22,0.5,0.47,-5.66,0.32,-0.24,0.71,0.03,0.15,20.68,4.19,0,0,0,0,1,1,15,31.0422518,-103.5223817,1132,2026,6,20,23,46,41,40,223,113,80,0.8,0.4,0.7,39,40,35,0,0,0,0,8,0,33,0,36,0,0,0,0,0,0,0,0,0,0,37,0,33,36,0,35,0,0,33,43
6,16410,3,KR4MFM,4.3,3,   boost,1.51,88706,1107.76,204.94,62.23,52.7,4.18,4.2,4.11,14.46,0.21,0.42,-5.78,-0.84,-1.83,0.71,0.03,0.15,20.69,4.19,0,0,0,0,1,1,15,31.0422518,-103.5223817,1132,2026,6,20,23,46,41,40,223,113,80,0.8,0.4,0.7,39,40,35,0,0,0,0,8,0,33,0,36,0,0,0,0,0,0,0,0,0,0,37,0,33,36,0,35,0,0,33,43
6,16410,3,KR4MFM,4.31,3,   boost,21.12,88672,1110.91,208.09,62.32,52.7,4.18,4.2,4.11,22.83,0.47,0.3,-6.33,-1.21,-0.79,0.71,0.03,0.15,20.69,4.19,0,0,0,0,1,1,15,31.0422518,-103.5223817,1132,2026,6,20,23,46,41,40,223,113,80,0.8,0.4,0.7,39,40,35,0,0,0,0,8,0,33,0,36,0,0,0,0,0,0,0,0,0,0,37,0,33,36,0,35,0,0,33,43
6,16410,3,KR4MFM,4.32,3,   boost,10.56,88672,1110.91,208.09,62.42,52.7,4.18,4.2,4.11,24.95,0.47,0.17,-6.51,-0.6,0.13,0.71,0.03,0.15,20.69,4.19,0,0,0,0,1,1,15,31.0422518,-103.5223817,1132,2026,6,20,23,46,41,40,223,113,80,0.8,0.4,0.7,39,40,35,0,0,0,0,8,0,33,0,36,0,0,0,0,0,0,0,0,0,0,37,0,33,36,0,35,0,0,33,43
6,16410,3,KR4MFM,4.33,3,   boost,7.54,88674,1110.73,207.91,62.53,52.7,4.18,4.2,4.11,12.01,0.27,0.1,-6.94,-1.51,-0.85,0.71,0.03,0.15,20.69,4.19,0,0,0,0,1,1,15,31.0422518,-103.5223817,1132,2026,6,20,23,46,41,40,223,113,80,0.8,0.4,0.7,39,40,35,0,0,0,0,8,0,33,0,36,0,0,0,0,0,0,0,0,0,0,37,0,33,36,0,35,0,0,33,43
6,16410,3,KR4MFM,4.34,3,   boost,19.11,88674,1110.73,207.91,62.65,52.7,4.18,4.2,4.11,25.17,0.44,0.52,-7.37,-1.09,-0.91,0.71,0.03,0.15,20.69,4.19,0,0,0,0,1,1,15,31.0422518,-103.5223817,1132,2026,6,20,23,46,41,40,223,113,80,0.8,0.4,0.7,39,40,35,0,0,0,0,8,0,33,0,36,0,0,0,0,0,0,0,0,0,0,37,0,33,36,0,35,0,0,33,43
6,16410,3,KR4MFM,4.35,3,   boost,13.08,88654,1112.58,209.76,62.78,52.7,4.18,4.2,4.11,23.78,0.48,0.7,-7.25,-1.15,0.61,0.71,0.03,0.15,20.68,4.19,0,0,0,0,1,1,15,31.0422518,-103.5223817,1132,2026,6,20,23,46,41,40,223,113,80,0.8,0.4,0.7,39,40,35,0,0,0,0,8,0,33,0,36,0,0,0,0,0,0,0,0,0,0,37,0,33,36,0,35,0,0,33,43
6,16410,3,KR4MFM,4.36,3,   boost,20.12,88654,1112.58,209.76,62.9,52.7,4.18,4.2,4.11,14.66,0.31,0.32,-7.25,-1.64,-0.91,0.71,0.03,0.16,20.68,4.19,0,0,0,0,1,1,15,31.0422518,-103.5223817,1132,2026,6,20,23,46,41,40,223,113,80,0.8,0.4,0.7,39,40,35,0,0,0,0,8,0,33,0,36,0,0,0,0,0,0,0,0,0,0,37,0,33,36,0,35,0,0,33,43
6,16410,3,KR4MFM,4.37,3,   boost,9.05,88625,1115.27,212.45,63.01,52.7,4.18,4.2,4.11,29.98,0.56,0.76,-7.67,-2.12,-0.55,0.71,0.03,0.16,20.68,4.19,0,0,0,0,1,1,15,31.0422518,-103.5223817,1132,2026,6,20,23,46,41,40,223,113,80,0.8,0.4,0.7,39,40,35,0,0,0,0,8,0,33,0,36,0,0,0,0,0,0,0,0,0,0,37,0,33,36,0,35,0,0,33,43
6,16410,3,KR4MFM,4.38,3,   boost,5.03,88625,1115.27,212.45,63.13,52.7,4.18,4.2,4.11,17.66,0.44,0.24,-8.28,-0.9,0.49,0.71,0.03,0.16,20.67,4.19,0,0,0,0,1,1,15,31.0422518,-103.5223817,1132,2026,6,20,23,46,41,40,223,113,80,0.8,0.4,0.7,39,40,35,0,0,0,0,8,0,33,0,36,0,0,0,0,0,0,0,0,0,0,37,0,33,36,0,35,0,0,33,43
6,16410,3,KR4MFM,4.39,3,   boost,19.11,88612,1116.48,213.66,63.24,52.7,4.18,4.2,4.11,15.84,0.22,-0.18,-8.71,-3.16,-1.28,0.71,0.03,0.16,20.67,4.19,0,0,0,0,1,1,15,31.0422518,-103.5223817,1132,2026,6,20,23,46,41,40,223,113,80,0.8,0.4,0.7,39,40,35,0,0,0,0,8,0,33,0,36,0,0,0,0,0,0,0,0,0,0,37,0,33,36,0,35,0,0,33,43
6,16410,3,KR4MFM,4.4,3,   boost,12.07,88612,1116.48,213.66,63.35,52.7,4.18,4.2,4.11,28.67,0.38,0.34,-9.14,-2.73,0.74,0.71,0.03,0.16,20.65,4.19,0,0,0,0,1,1,15,31.0422518,-103.5223817,1132,2026,6,20,23,46,41,40,223,113,80,0.8,0.4,0.7,39,40,35,0,0,0,0,8,0,33,0,36,0,0,0,0,0,0,0,0,0,0,37,0,33,36,0,35,0,0,33,43
6,16410,3,KR4MFM,4.41,3,   boost,9.05,88621,1115.65,212.82,63.46,52.7,4.18,4.2,4.11,15.36,-0.03,0.21,-9.44,-2.67,1.1,0.71,0.03,0.16,20.63,4.19,0,0,0,0,1,1,15,31.0422518,-103.5223817,1132,2026,6,20,23,46,41,40,223,113,80,0.8,0.4,0.7,39,40,35,0,0,0,0,8,0,33,0,36,0,0,0,0,0,0,0,0,0,0,37,0,33,36,0,35,0,0,33,43
6,16410,3,KR4MFM,4.42,3,   boost,17.6,88621,1115.65,212.82,63.57,52.7,4.18,4.2,4.11,22.27,0.37,0.29,-9.69,-3.28,0.55,0.71,0.03,0.16,20.61,4.19,0,0,0,0,1,1,15,31.0422518,-103.5223817,1132,2026,6,20,23,46,41,40,223,113,80,0.8,0.4,0.7,39,40,35,0,0,0,0,8,0,33,0,36,0,0,0,0,0,0,0,0,0,0,37,0,33,36,0,35,0,0,33,43
6,16410,3,KR4MFM,4.43,3,   boost,11.06,88585,1118.99,216.16,63.69,52.7,4.18,4.2,4.11,27.21,0.52,0.77,-9.93,-3.16,1.71,0.71,0.03,0.16,20.59,4.19,0,0,0,0,1,1,15,31.0422518,-103.5223817,1132,2026,6,20,23,46,41,40,223,113,80,0.8,0.4,0.7,39,40,35,0,0,0,0,8,0,33,0,36,0,0,0,0,0,0,0,0,0,0,37,0,33,36,0,35,0,0,33,43
6,16410,3,KR4MFM,4.44,3,   boost,8.55,88585,1118.99,216.16,63.8,52.7,4.18,4.2,4.11,14.33,0.42,0.21,-9.69,-2.55,1.1,0.71,0.03,0.16,20.57,4.19,0,0,0,0,1,1,15,31.0422518,-103.5223817,1132,2026,6,20,23,46,41,40,223,113,80,0.8,0.4,0.7,39,40,35,0,0,0,0,8,0,33,0,36,0,0,0,0,0,0,0,0,0,0,37,0,33,36,0,35,0,0,33,43
6,16410,3,KR4MFM,4.45,3,   boost,21.62,88563,1121.03,218.2,63.92,52.7,4.18,4.2,4.11,28.23,0.59,0.43,-9.81,-3.71,0.06,0.71,0.03,0.16,20.55,4.19,0,0,0,0,1,1,15,31.0422518,-103.5223817,1132,2026,6,20,23,46,41,40,223,113,80,0.8,0.4,0.7,39,40,35,0,0,0,0,8,0,33,0,36,0,0,0,0,0,0,0,0,0,0,37,0,33,36,0,35,0,0,33,43
6,16410,3,KR4MFM,4.46,3,   boost,12.07,88563,1121.03,218.2,64.04,52.7,4.18,4.2,4.11,20.72,0.51,0.13,-10.79,-2.73,1.96,0.71,0.03,0.16,20.52,4.19,0,0,0,0,1,1,15,31.0422518,-103.5223817,1132,2026,6,20,23,46,41,40,223,113,80,0.8,0.4,0.7,39,40,35,0,0,0,0,8,0,33,0,36,0,0,0,0,0,0,0,0,0,0,37,0,33,36,0,35,0,0,33,43
6,16410,3,KR4MFM,4.47,3,   boost,8.55,88553,1121.96,219.13,64.14,52.7,4.18,4.2,4.11,13.94,0.16,0.09,-10.66,-3.71,-0.12,0.71,0.03,0.16,20.51,4.19,0,0,0,0,1,1,15,31.0422518,-103.5223817,1132,2026,6,20,23,46,41,40,223,113,80,0.8,0.4,0.7,39,40,35,0,0,0,0,8,0,33,0,36,0,0,0,0,0,0,0,0,0,0,37,0,33,36,0,35,0,0,33,43
6,16410,3,KR4MFM,4.48,3,   boost,14.58,88553,1121.96,219.13,64.24,52.7,4.18,4.2,4.11,28.83,0.38,0.85,-9.75,-3.41,0.61,0.71,0.03,0.16,20.49,4.19,0,0,0,0,1,1,15,31.0422518,-103.5223817,1132,2026,6,20,23,46,41,40,223,113,80,0.8,0.4,0.7,39,40,35,0,0,0,0,8,0,33,0,36,0,0,0,0,0,0,0,0,0,0,37,0,33,36,0,35,0,0,33,43
6,16410,3,KR4MFM,4.49,3,   boost,3.02,88560,1121.31,218.48,64.33,52.7,4.18,4.2,4.11,17.79,0.32,0.6,-9.63,-1.7,1.96,0.71,0.03,0.16,20.47,4.19,0,0,0,0,1,1,15,31.0422518,-103.5223817,1132,2026,6,20,23,46,41,40,223,113,80,0.8,0.4,0.7,39,40,35,0,0,0,0,8,0,33,0,36,0,0,0,0,0,0,0,0,0,0,37,0,33,36,0,35,0,0,33,43
6,16410,3,KR4MFM,4.5,3,   boost,13.58,88560,1121.31,218.48,64.41,52.7,4.18,4.19,4.11,23.02,0.52,0.53,-9.02,-3.16,0.25,0.71,0.02,0.16,20.45,4.19,0,0,0,0,1,1,15,31.0422518,-103.5223817,1132,2026,6,20,23,46,41,40,223,113,80,0.8,0.4,0.7,39,40,35,0,0,0,0,8,0,33,0,36,0,0,0,0,0,0,0,0,0,0,37,0,33,36,0,35,0,0,33,43
6,16410,3,KR4MFM,4.5,3,   boost,13.58,88560,1121.31,218.48,64.41,52.7,4.18,4.19,4.11,23.02,0.52,0.53,-9.02,-3.16,0.25,0.71,0.02,0.16,20.45,4.19,0,0,0,0,1,1,15,31.0422518,-103.5223817,1132,2026,6,20,23,46,41,40,223,113,80,0.8,0.4,0.7,39,40,35,0,0,0,0,8,0,33,0,36,0,0,0,0,0,0,0,0,0,0,37,0,33,36,0,35,0,0,33,43
6,16410,3,KR4MFM,4.51,3,   boost,2.51,88522,1124.83,222.01,64.49,52.7,4.18,4.19,4.11,27.79,0.68,0.4,-7.49,-3.95,1.9,0.71,0.02,0.16,20.42,4.19,0,0,0,0,1,1,15,31.0422518,-103.5223817,1132,2026,6,20,23,46,41,40,223,113,80,0.8,0.4,0.7,39,40,35,0,0,0,0,8,0,33,0,36,0,0,0,0,0,0,0,0,0,0,37,0,33,36,0,35,0,0,33,43
6,16410,3,KR4MFM,4.52,3,   boost,12.07,88522,1124.83,222.01,64.57,52.7,4.18,4.19,4.11,13.89,0.23,-0.06,-6.03,-3.41,2.2,0.71,0.02,0.16,20.39,4.19,0,0,0,0,1,1,15,31.0422518,-103.5223817,1132,2026,6,20,23,46,41,40,223,113,80,0.8,0.4,0.7,39,40,35,0,0,0,0,8,0,33,0,36,0,0,0,0,0,0,0,0,0,0,37,0,33,36,0,35,0,0,33,43
6,16410,3,KR4MFM,4.53,3,   boost,14.58,88493,1127.53,224.7,64.66,52.7,4.18,4.19,4.11,27.38,0.38,0.27,-3.28,-5.18,1.04,0.71,0.03,0.16,20.36,4.19,0,0,0,0,1,1,15,31.0422518,-103.5223817,1132,2026,6,20,23,46,41,40,223,113,80,0.8,0.4,0.7,39,40,35,0,0,0,0,8,0,33,0,36,0,0,0,0,0,0,0,0,0,0,37,0,33,36,0,35,0,0,33,43
6,16410,3,KR4MFM,4.54,3,   boost,4.02,88493,1127.53,224.7,64.76,52.7,4.18,4.19,4.11,20.66,0.09,0.62,-0.66,-3.1,3.54,0.71,0.02,0.16,20.31,4.19,0,0,0,0,1,1,15,31.0422518,-103.5223817,1132,2026,6,20,23,46,41,40,223,113,80,0.8,0.4,0.7,39,40,35,0,0,0,0,8,0,33,0,36,0,0,0,0,0,0,0,0,0,0,37,0,33,36,0,35,0,0,33,43
6,16410,3,KR4MFM,4.55,3,   boost,20.12,88505,1126.41,223.59,64.86,52.7,4.18,4.19,4.11,17.03,0.15,0.38,2.58,-3.77,2.2,0.71,0.02,0.16,20.28,4.19,0,0,0,0,1,1,15,31.0422518,-103.5223817,1132,2026,6,20,23,46,41,40,223,113,80,0.8,0.4,0.7,39,40,35,0,0,0,0,8,0,33,0,36,0,0,0,0,0,0,0,0,0,0,37,0,33,36,0,35,0,0,33,43
6,16410,3,KR4MFM,4.56,3,   boost,10.56,88505,1126.41,223.59,64.97,52.7,4.18,4.19,4.11,29.78,0.52,0.66,5.2,-2.79,2.44,0.71,0.03,0.16,20.24,4.19,0,0,0,0,1,1,15,31.0422518,-103.5223817,1132,2026,6,20,23,46,41,40,223,113,80,0.8,0.4,0.7,39,40,35,0,0,0,0,8,0,33,0,36,0,0,0,0,0,0,0,0,0,0,37,0,33,36,0,35,0,0,33,43
6,16410,3,KR4MFM,4.57,3,   boost,5.03,88494,1127.44,224.61,65.08,52.7,4.18,4.19,4.11,12.95,0.13,0.27,7.58,-1.7,3.18,0.71,0.03,0.16,20.21,4.19,0,0,0,0,1,1,15,31.0422518,-103.5223817,1132,2026,6,20,23,46,41,40,223,113,80,0.8,0.4,0.7,39,40,35,0,0,0,0,8,0,33,0,36,0,0,0,0,0,0,0,0,0,0,37,0,33,36,0,35,0,0,33,43
6,16410,3,KR4MFM,4.58,3,   boost,24.64,88494,1127.44,224.61,65.19,52.7,4.18,4.19,4.11,21.27,0.54,-0.03,9.84,-2.79,1.22,0.71,0.02,0.16,20.19,4.19,0,0,0,0,1,1,15,31.0422518,-103.5223817,1132,2026,6,20,23,46,41,40,223,113,80,0.8,0.4,0.7,39,40,35,0,0,0,0,8,0,33,0,36,0,0,0,0,0,0,0,0,0,0,37,0,33,36,0,35,0,0,33,43
6,16410,3,KR4MFM,4.59,3,   boost,8.55,88450,1131.52,228.7,65.3,52.7,4.18,4.19,4.11,24.72,0.25,-0.15,12.59,-2.79,2.51,0.71,0.02,0.16,20.15,4.19,0,0,0,0,1,1,15,31.0422518,-103.5223817,1132,2026,6,20,23,46,41,40,223,113,80,0.8,0.4,0.7,39,40,35,0,0,0,0,8,0,33,0,36,0,0,0,0,0,0,0,0,0,0,37,0,33,36,0,35,0,0,33,43
6,16410,3,KR4MFM,4.6,3,   boost,4.02,88450,1131.52,228.7,65.41,52.7,4.18,4.19,4.11,13.98,-0.02,0.09,15.28,-2.25,2.2,0.71,0.02,0.16,20.13,4.19,0,0,0,0,1,1,15,31.0422518,-103.5223817,1132,2026,6,20,23,46,41,40,223,113,80,0.8,0.4,0.7,39,40,35,0,0,0,0,8,0,33,0,36,0,0,0,0,0,0,0,0,0,0,37,0,33,36,0,35,0,0,33,43
6,16410,3,KR4MFM,4.61,3,   boost,22.63,88454,1131.15,228.33,65.51,52.7,4.18,4.19,4.11,25.37,0.2,0.61,17.53,-3.1,1.96,0.71,0.03,0.16,20.1,4.19,0,0,0,0,1,1,15,31.0422518,-103.5223817,1132,2026,6,20,23,46,41,40,223,113,80,0.8,0.4,0.7,39,40,35,0,0,0,0,8,0,33,0,36,0,0,0,0,0,0,0,0,0,0,37,0,33,36,0,35,0,0,33,43
6,16410,3,KR4MFM,4.62,3,   boost,8.55,88454,1131.15,228.33,65.62,52.7,4.18,4.19,4.11,20.91,0.12,0.55,19.49,-1.51,3.79,0.71,0.03,0.16,20.05,4.19,0,0,0,0,1,1,15,31.0422518,-103.5223817,1132,2026,6,20,23,46,41,40,223,113,80,0.8,0.4,0.7,39,40,35,0,0,0,0,8,0,33,0,36,0,0,0,0,0,0,0,0,0,0,37,0,33,36,0,35,0,0,33,43
6,16410,3,KR4MFM,4.63,3,   boost,4.53,88441,1132.36,229.54,65.72,52.7,4.18,4.19,4.11,16.75,0.01,-0.21,21.13,-1.7,2.93,0.71,0.03,0.16,20.02,4.19,0,0,0,0,1,1,15,31.0422518,-103.5223817,1132,2026,6,20,23,46,41,40,223,113,80,0.8,0.4,0.7,39,40,35,0,0,0,0,8,0,33,0,36,0,0,0,0,0,0,0,0,0,0,37,0,33,36,0,35,0,0,33,43
6,16410,3,KR4MFM,4.64,3,   boost,21.62,88441,1132.36,229.54,65.81,52.7,4.18,4.19,4.11,26.14,0.32,0.66,23.94,-2.18,2.57,0.71,0.03,0.16,19.99,4.19,0,0,0,0,1,1,15,31.0422518,-103.5223817,1132,2026,6,20,23,46,41,40,223,113,80,0.8,0.4,0.7,39,40,35,0,0,0,0,8,0,33,0,36,0,0,0,0,0,0,0,0,0,0,37,0,33,36,0,35,0,0,33,43
6,16410,3,KR4MFM,4.65,3,   boost,3.52,88418,1134.5,231.67,65.89,52.7,4.18,4.19,4.11,15.93,0.16,0.23,26.69,-1.57,4.28,0.71,0.03,0.16,19.94,4.19,0,0,0,0,1,1,15,31.0422518,-103.5223817,1132,2026,6,20,23,46,41,40,223,113,80,0.8,0.4,0.7,39,40,35,0,0,0,0,8,0,33,0,36,0,0,0,0,0,0,0,0,0,0,37,0,33,36,0,35,0,0,33,43
6,16410,3,KR4MFM,4.66,3,   boost,7.04,88418,1134.5,231.67,65.97,52.7,4.18,4.19,4.11,31.85,0.37,0.79,28.7,-2.79,1.96,0.71,0.03,0.16,19.91,4.19,0,0,0,0,1,1,15,31.0422518,-103.5223817,1132,2026,6,20,23,46,41,40,223,113,80,0.8,0.4,0.7,39,40,35,0,0,0,0,8,0,33,0,36,0,0,0,0,0,0,0,0,0,0,37,0,33,36,0,35,0,0,33,43
6,16410,3,KR4MFM,4.67,3,   boost,6.03,88390,1137.1,234.28,66.05,52.7,4.18,4.19,4.11,20.35,0.17,-0.05,30.59,-3.04,3.79,0.71,0.03,0.16,19.87,4.19,0,0,0,0,1,1,15,31.0422518,-103.5223817,1132,2026,6,20,23,46,41,40,223,113,80,0.8,0.4,0.7,39,40,35,0,0,0,0,8,0,33,0,36,0,0,0,0,0,0,0,0,0,0,37,0,33,36,0,35,0,0,33,43
6,16410,3,KR4MFM,4.68,3,   boost,7.04,88390,1137.1,234.28,66.13,52.7,4.18,4.19,4.11,20.15,-0.16,0.2,32.98,-0.35,3.6,0.71,0.03,0.16,19.83,4.19,0,0,0,0,1,1,15,31.0422518,-103.5223817,1132,2026,6,20,23,46,41,40,223,113,80,0.8,0.4,0.7,39,40,35,0,0,0,0,8,0,33,0,36,0,0,0,0,0,0,0,0,0,0,37,0,33,36,0,35,0,0,33,43
6,16410,3,KR4MFM,4.69,3,   boost,17.1,88366,1139.33,236.51,66.22,52.7,4.18,4.19,4.11,14.89,-0.19,-0.47,35.11,-2.49,2.51,0.71,0.03,0.16,19.8,4.19,0,0,0,0,1,1,15,31.0422518,-103.5223817,1132,2026,6,20,23,46,41,40,223,113,80,0.8,0.4,0.7,39,40,35,0,0,0,0,8,0,33,0,36,0,0,0,0,0,0,0,0,0,0,37,0,33,36,0,35,0,0,33,43
6,16410,3,KR4MFM,4.7,3,   boost,7.54,88366,1139.33,236.51,66.31,52.7,4.18,4.19,4.11,29.66,0.21,0.6,36.82,-0.72,3.6,0.71,0.03,0.16,19.76,4.19,0,0,0,0,1,1,15,31.0422518,-103.5223817,1132,2026,6,20,23,46,41,40,223,113,80,0.8,0.4,0.7,39,40,35,0,0,0,0,8,0,33,0,36,0,0,0,0,0,0,0,0,0,0,37,0,33,36,0,35,0,0,33,43
6,16410,3,KR4MFM,4.71,3,   boost,16.09,88378,1138.22,235.39,66.41,52.7,4.18,4.19,4.11,18.33,0.09,0.79,37.8,-0.9,3.24,0.71,0.03,0.16,19.73,4.19,0,0,0,0,1,1,15,31.0422518,-103.5223817,1132,2026,6,20,23,46,41,40,223,113,80,0.8,0.4,0.7,39,40,35,0,0,0,0,8,0,33,0,36,0,0,0,0,0,0,0,0,0,0,37,0,33,36,0,35,0,0,33,43
6,16410,3,KR4MFM,4.72,3,   boost,15.09,88378,1138.22,235.39,66.52,52.7,4.18,4.19,4.11,23.16,0.45,0.61,39.02,-1.27,0.74,0.71,0.04,0.16,19.72,4.19,0,0,0,0,1,1,15,31.0422518,-103.5223817,1132,2026,6,20,23,46,41,40,223,113,80,0.8,0.4,0.7,39,40,35,0,0,0,0,8,0,33,0,36,0,0,0,0,0,0,0,0,0,0,37,0,33,36,0,35,0,0,33,43
6,16410,3,KR4MFM,4.73,3,   boost,2.01,88339,1141.84,239.02,66.61,52.7,4.18,4.19,4.11,27.29,0.49,0.67,39.08,-0.17,2.44,0.71,0.04,0.15,19.7,4.19,0,0,0,0,1,1,15,31.0422518,-103.5223817,1132,2026,6,20,23,46,41,40,223,113,80,0.8,0.4,0.7,39,40,35,0,0,0,0,8,0,33,0,36,0,0,0,0,0,0,0,0,0,0,37,0,33,36,0,35,0,0,33,43
6,16410,3,KR4MFM,4.74,3,   boost,11.57,88339,1141.84,239.02,66.71,52.7,4.18,4.19,4.11,12.71,0.06,0.22,37.8,0.5,0.13,0.71,0.04,0.15,19.7,4.19,0,0,0,0,1,1,15,31.0422518,-103.5223817,1132,2026,6,20,23,46,41,40,223,113,80,0.8,0.4,0.7,39,40,35,0,0,0,0,8,0,33,0,36,0,0,0,0,0,0,0,0,0,0,37,0,33,36,0,35,0,0,33,43
6,16410,3,KR4MFM,4.75,3,   boost,12.57,88309,1144.63,241.81,66.8,52.7,4.18,4.19,4.11,23.49,0.15,0.14,37.19,-0.41,0.43,0.71,0.04,0.15,19.69,4.19,0,0,0,0,1,1,15,31.0422518,-103.5223817,1132,2026,6,20,23,46,41,40,223,113,80,0.8,0.4,0.7,39,40,35,0,0,0,0,8,0,33,0,36,0,0,0,0,0,0,0,0,0,0,37,0,33,36,0,35,0,0,33,43
6,16410,3,KR4MFM,4.76,3,   boost,10.06,88309,1144.63,241.81,66.89,52.7,4.18,4.19,4.11,20.58,-0.03,0.31,35.66,1.17,1.59,0.71,0.04,0.15,19.68,4.19,0,0,0,0,1,1,15,31.0422518,-103.5223817,1132,2026,6,20,23,46,41,40,223,113,80,0.8,0.4,0.7,39,40,35,0,0,0,0,8,0,33,0,36,0,0,0,0,0,0,0,0,0,0,37,0,33,36,0,35,0,0,33,43
6,16410,3,KR4MFM,4.77,3,   boost,10.56,88283,1147.05,244.23,66.98,52.7,4.18,4.19,4.11,22.54,0.1,-0.27,34.99,-0.96,0.19,0.71,0.04,0.15,19.68,4.19,0,0,0,0,1,1,15,31.0422518,-103.5223817,1132,2026,6,20,23,46,41,40,223,113,80,0.8,0.4,0.7,39,40,35,0,0,0,0,8,0,33,0,36,0,0,0,0,0,0,0,0,0,0,37,0,33,36,0,35,0,0,33,43
6,16410,3,KR4MFM,4.78,3,   boost,12.07,88283,1147.05,244.23,67.08,52.7,4.18,4.19,4.11,27.18,0.37,1.29,33.65,0.13,1.71,0.71,0.04,0.15,19.66,4.19,0,0,0,0,1,1,15,31.0422518,-103.5223817,1132,2026,6,20,23,46,41,40,223,113,80,0.8,0.4,0.7,39,40,35,0,0,0,0,8,0,33,0,36,0,0,0,0,0,0,0,0,0,0,37,0,33,36,0,35,0,0,33,43
6,16410,3,KR4MFM,4.79,3,   boost,3.02,88316,1143.98,241.16,67.18,52.7,4.18,4.19,4.11,18.51,0.31,0.09,33.46,0.68,0.19,0.71,0.04,0.15,19.66,4.19,0,0,0,0,1,1,15,31.0422518,-103.5223817,1132,2026,6,20,23,46,41,40,223,113,80,0.8,0.4,0.7,39,40,35,0,0,0,0,8,0,33,0,36,0,0,0,0,0,0,0,0,0,0,37,0,33,36,0,35,0,0,33,43
6,16410,3,KR4MFM,4.8,3,   boost,18.61,88316,1143.98,241.16,67.29,52.7,4.18,4.19,4.11,22.14,0.37,0.17,32.67,-0.17,-1.28,0.71,0.04,0.15,19.67,4.19,0,0,0,0,1,1,15,31.0422518,-103.5223817,1132,2026,6,20,23,46,41,40,223,113,80,0.8,0.4,0.7,39,40,35,0,0,0,0,8,0,33,0,36,0,0,0,0,0,0,0,0,0,0,37,0,33,36,0,35,0,0,33,43
6,16410,3,KR4MFM,4.81,3,   boost,14.08,88294,1146.03,243.21,67.41,52.7,4.18,4.19,4.11,24.71,0.12,0.4,30.9,1.54,-0.85,0.71,0.05,0.14,19.69,4.19,0,0,0,0,1,1,15,31.0422518,-103.5223817,1132,2026,6,20,23,46,41,40,223,113,80,0.8,0.4,0.7,39,40,35,0,0,0,0,8,0,33,0,36,0,0,0,0,0,0,0,0,0,0,37,0,33,36,0,35,0,0,33,43
6,16410,3,KR4MFM,4.82,3,   boost,21.12,88294,1146.03,243.21,67.53,52.7,4.2,4.19,4.11,12.7,-0.14,0.13,29.68,2.52,-1.52,0.71,0.05,0.14,19.71,4.19,0,0,0,0,1,1,15,31.0422518,-103.5223817,1132,2026,6,20,23,46,41,40,223,113,80,0.8,0.4,0.7,39,40,35,0,0,0,0,8,0,33,0,36,0,0,0,0,0,0,0,0,0,0,37,0,33,36,0,35,0,0,33,43
6,16410,3,KR4MFM,4.82,3,   boost,21.12,88294,1146.03,243.21,67.53,52.7,4.2,4.19,4.11,12.7,-0.14,0.13,29.68,2.52,-1.52,0.71,0.05,0.14,19.71,4.19,0,0,0,0,1,1,15,31.0422518,-103.5223817,1132,2026,6,20,23,46,41,40,223,113,80,0.8,0.4,0.7,39,40,35,0,0,0,0,8,0,33,0,36,0,0,0,0,0,0,0,0,0,0,37,0,33,36,0,35,0,0,33,43
6,16410,3,KR4MFM,4.83,3,   boost,10.06,88243,1150.78,247.95,67.66,52.7,4.2,4.19,4.11,29.16,0.19,0.93,29.68,1.84,-3.29,0.71,0.05,0.14,19.75,4.19,0,0,0,0,1,1,15,31.0422518,-103.5223817,1132,2026,6,20,23,46,41,40,223,113,80,0.8,0.4,0.7,39,40,35,0,0,0,0,8,0,33,0,36,0,0,0,0,0,0,0,0,0,0,37,0,33,36,0,35,0,0,33,43
6,16410,3,KR4MFM,4.84,3,   boost,8.05,88243,1150.78,247.95,67.77,52.7,4.2,4.19,4.11,18.26,0.14,0.55,29.8,3.19,-1.4,0.71,0.05,0.14,19.78,4.19,0,0,0,0,1,1,15,31.0422518,-103.5223817,1132,2026,6,20,23,46,41,40,223,113,80,0.8,0.4,0.7,39,40,35,0,0,0,0,8,0,33,0,36,0,0,0,0,0,0,0,0,0,0,37,0,33,36,0,35,0,0,33,43
6,16410,3,KR4MFM,4.85,3,   boost,15.09,88230,1151.99,249.16,67.88,52.7,4.2,4.19,4.11,18.5,0.46,-0.22,28.58,2.27,-4.03,0.71,0.05,0.14,19.83,4.19,0,0,0,0,1,1,15,31.0422518,-103.5223817,1132,2026,6,20,23,46,41,40,223,113,80,0.8,0.4,0.7,39,40,35,0,0,0,0,8,0,33,0,36,0,0,0,0,0,0,0,0,0,0,37,0,33,36,0,35,0,0,33,43
6,16410,3,KR4MFM,4.86,3,   boost,7.54,88230,1151.99,249.16,67.98,52.7,4.2,4.19,4.11,26.83,0.44,0.09,26.81,1.97,-2.8,0.71,0.05,0.14,19.86,4.19,0,0,0,0,1,1,15,31.0422518,-103.5223817,1132,2026,6,20,23,46,41,40,223,113,80,0.8,0.4,0.7,39,40,35,0,0,0,0,8,0,33,0,36,0,0,0,0,0,0,0,0,0,0,37,0,33,36,0,35,0,0,33,43
6,16410,3,KR4MFM,4.87,3,   boost,14.58,88224,1152.55,249.72,68.09,52.7,4.2,4.19,4.11,14.05,-0.22,-0.14,25.77,3.49,-3.78,0.71,0.05,0.14,19.91,4.19,0,0,0,0,1,1,15,31.0422518,-103.5223817,1132,2026,6,20,23,46,41,40,223,113,80,0.8,0.4,0.7,39,40,35,0,0,0,0,8,0,33,0,36,0,0,0,0,0,0,0,0,0,0,37,0,33,36,0,35,0,0,33,43
6,16410,3,KR4MFM,4.88,3,   boost,16.09,88224,1152.55,249.72,68.19,52.7,4.2,4.19,4.11,27.83,-0.01,0.67,25.59,1.42,-4.27,0.71,0.05,0.14,19.95,4.19,0,0,0,0,1,1,15,31.0422518,-103.5223817,1132,2026,6,20,23,46,41,40,223,113,80,0.8,0.4,0.7,39,40,35,0,0,0,0,8,0,33,0,36,0,0,0,0,0,0,0,0,0,0,37,0,33,36,0,35,0,0,33,43
6,16410,3,KR4MFM,4.89,3,   boost,2.01,88230,1151.99,249.16,68.29,52.7,4.2,4.19,4.11,19.94,0.06,0.46,23.21,4.04,-2.38,0.71,0.05,0.14,20,4.19,0,0,0,0,1,1,15,31.0422518,-103.5223817,1132,2026,6,20,23,46,41,40,223,113,80,0.8,0.4,0.7,39,40,35,0,0,0,0,8,0,33,0,36,0,0,0,0,0,0,0,0,0,0,37,0,33,36,0,35,0,0,33,43
6,16410,3,KR4MFM,4.9,3,   boost,15.59,88230,1151.99,249.16,68.4,52.7,4.2,4.19,4.11,16.28,0.33,0.06,21.01,3.13,-4.82,0.71,0.05,0.14,20.05,4.19,0,0,0,0,1,1,15,31.0422518,-103.5223817,1132,2026,6,20,23,46,41,40,223,113,80,0.8,0.4,0.7,39,40,35,0,0,0,0,8,0,33,0,36,0,0,0,0,0,0,0,0,0,0,37,0,33,36,0,35,0,0,33,43
6,16410,3,KR4MFM,4.91,3,   boost,14.08,88187,1155.99,253.17,68.5,52.7,4.2,4.19,4.11,27.11,0.56,0.4,18.88,3.19,-5.12,0.71,0.05,0.14,20.11,4.19,0,0,0,0,1,1,15,31.0422518,-103.5223817,1132,2026,6,20,23,46,41,40,223,113,80,0.8,0.4,0.7,39,40,35,0,0,0,0,8,0,33,0,36,0,0,0,0,0,0,0,0,0,0,37,0,33,36,0,35,0,0,33,43
6,16410,3,KR4MFM,4.92,3,   boost,8.55,88187,1155.99,253.17,68.6,52.7,4.2,4.19,4.11,14.81,0.01,-0.01,18.02,4.53,-4.94,0.71,0.05,0.14,20.18,4.19,0,0,0,0,1,1,15,31.0422518,-103.5223817,1132,2026,6,20,23,46,41,40,223,113,80,0.8,0.4,0.7,39,40,35,0,0,0,0,8,0,33,0,36,0,0,0,0,0,0,0,0,0,0,37,0,33,36,0,35,0,0,33,43
6,16410,3,KR4MFM,4.93,3,   boost,15.09,88170,1157.58,254.75,68.7,52.7,4.2,4.19,4.11,29.87,0.4,0.59,18.39,2.7,-6.83,0.71,0.06,0.14,20.25,4.19,0,0,0,0,1,1,15,31.0422518,-103.5223817,1132,2026,6,20,23,46,41,40,223,113,80,0.8,0.4,0.7,39,40,35,0,0,0,0,8,0,33,0,36,0,0,0,0,0,0,0,0,0,0,37,0,33,36,0,35,0,0,33,43
6,16410,3,KR4MFM,4.94,3,   boost,8.05,88170,1157.58,254.75,68.8,52.7,4.2,4.19,4.11,20.73,0.01,0.6,17.96,3.86,-5.25,0.71,0.06,0.14,20.32,4.19,0,0,0,0,1,1,15,31.0422518,-103.5223817,1132,2026,6,20,23,46,41,40,223,113,80,0.8,0.4,0.7,39,40,35,0,0,0,0,8,0,33,0,36,0,0,0,0,0,0,0,0,0,0,37,0,33,36,0,35,0,0,33,43
6,16410,3,KR4MFM,4.95,3,   boost,5.53,88170,1157.58,254.75,68.9,52.7,4.2,4.19,4.11,14.63,0,0.4,18.45,3.98,-6.22,0.71,0.06,0.13,20.39,4.19,0,0,0,0,1,1,15,31.0422518,-103.5223817,1132,2026,6,20,23,46,41,40,223,113,80,0.8,0.4,0.7,39,40,35,0,0,0,0,8,0,33,0,36,0,0,0,0,0,0,0,0,0,0,37,0,33,36,0,35,0,0,33,43
6,16410,3,KR4MFM,4.96,3,   boost,18.61,88170,1157.58,254.75,69,52.7,4.2,4.19,4.11,30.93,0.27,0.79,21.01,3.19,-6.22,0.71,0.06,0.13,20.46,4.19,0,0,0,0,1,1,15,31.0422518,-103.5223817,1132,2026,6,20,23,46,41,40,223,113,80,0.8,0.4,0.7,39,40,35,0,0,0,0,8,0,33,0,36,0,0,0,0,0,0,0,0,0,0,37,0,33,36,0,35,0,0,33,43
6,16410,3,KR4MFM,4.96,3,   boost,18.61,88170,1157.58,254.75,69,52.7,4.2,4.19,4.11,30.93,0.27,0.79,21.01,3.19,-6.22,0.71,0.06,0.13,20.46,4.19,0,0,0,0,1,1,15,31.0422518,-103.5223817,1132,2026,6,20,23,46,41,40,223,113,80,0.8,0.4,0.7,39,40,35,0,0,0,0,8,0,33,0,36,0,0,0,0,0,0,0,0,0,0,37,0,33,36,0,35,0,0,33,43
6,16410,3,KR4MFM,4.96,3,   boost,18.61,88170,1157.58,254.75,69,52.7,4.2,4.19,4.11,30.93,0.27,0.79,21.01,3.19,-6.22,0.71,0.06,0.13,20.46,4.19,0,0,0,0,1,1,15,31.0422518,-103.5223817,1132,2026,6,20,23,46,41,40,223,113,80,0.8,0.4,0.7,39,40,35,0,0,0,0,8,0,33,0,36,0,0,0,0,0,0,0,0,0,0,37,0,33,36,0,35,0,0,33,43
6,16410,3,KR4MFM,4.97,3,   boost,11.57,88166,1157.95,255.12,69.11,52.7,4.2,4.19,4.11,16.35,0.07,0.43,21.38,4.53,-4.64,0.71,0.06,0.13,20.52,4.19,0,0,0,0,1,1,15,31.0421436,-103.5221288,1217,2026,6,20,23,46,42,67,311,114,78,0.8,0.4,0.7,38,41,35,0,0,0,0,0,0,36,0,36,0,0,0,0,0,0,0,0,0,0,37,0,32,36,0,36,0,0,36,41
6,16410,3,KR4MFM,4.98,3,   boost,17.1,88166,1157.95,255.12,69.21,52.7,4.2,4.19,4.11,16.06,0.26,0.01,21.56,3.49,-6.89,0.71,0.06,0.13,20.6,4.19,0,0,0,0,1,1,15,31.0421436,-103.5221288,1217,2026,6,20,23,46,42,67,311,114,78,0.8,0.4,0.7,38,41,35,0,0,0,0,0,0,36,0,36,0,0,0,0,0,0,0,0,0,0,37,0,32,36,0,36,0,0,36,41
6,16410,3,KR4MFM,4.99,3,   boost,5.53,88126,1161.68,258.85,69.32,52.7,4.2,4.19,4.11,27.55,0.45,-0.09,21.68,3.92,-6.96,0.71,0.06,0.13,20.68,4.19,0,0,0,0,1,1,15,31.0421436,-103.5221288,1217,2026,6,20,23,46,42,67,311,114,78,0.8,0.4,0.7,38,41,35,0,0,0,0,0,0,36,0,36,0,0,0,0,0,0,0,0,0,0,37,0,32,36,0,36,0,0,36,41
6,16410,3,KR4MFM,5,3,   boost,8.55,88126,1161.68,258.85,69.41,52.7,4.2,4.19,4.11,11.78,-0.1,0.05,20.89,4.77,-6.47,0.71,0.06,0.13,20.76,4.19,0,0,0,0,1,1,15,31.0421436,-103.5221288,1217,2026,6,20,23,46,42,67,311,114,78,0.8,0.4,0.7,38,41,35,0,0,0,0,0,0,36,0,36,0,0,0,0,0,0,0,0,0,0,37,0,32,36,0,36,0,0,36,41
6,16410,3,KR4MFM,5.01,3,   boost,15.59,88113,1162.89,260.06,69.5,52.7,4.2,4.19,4.11,21.68,0.21,0.07,22.17,3.61,-8.11,0.71,0.06,0.13,20.85,4.19,0,0,0,0,1,1,15,31.0421436,-103.5221288,1217,2026,6,20,23,46,42,67,311,114,78,0.8,0.4,0.7,38,41,35,0,0,0,0,0,0,36,0,36,0,0,0,0,0,0,0,0,0,0,37,0,32,36,0,36,0,0,36,41
6,16410,3,KR4MFM,5.02,3,   boost,4.53,88113,1162.89,260.06,69.6,52.7,4.2,4.19,4.11,22.2,0.01,0.39,21.2,3.98,-5.86,0.7,0.06,0.13,20.92,4.19,0,0,0,0,1,1,15,31.0421436,-103.5221288,1217,2026,6,20,23,46,42,67,311,114,78,0.8,0.4,0.7,38,41,35,0,0,0,0,0,0,36,0,36,0,0,0,0,0,0,0,0,0,0,37,0,32,36,0,36,0,0,36,41
6,16410,3,KR4MFM,5.03,3,   boost,15.59,88087,1165.31,262.49,69.69,52.7,4.2,4.19,4.11,17.16,0.05,-0.21,20.77,4.29,-6.16,0.7,0.07,0.13,20.99,4.19,0,0,0,0,1,1,15,31.0421436,-103.5221288,1217,2026,6,20,23,46,42,67,311,114,78,0.8,0.4,0.7,38,41,35,0,0,0,0,0,0,36,0,36,0,0,0,0,0,0,0,0,0,0,37,0,32,36,0,36,0,0,36,41
6,16410,3,KR4MFM,5.04,3,   boost,11.06,88087,1165.31,262.49,69.77,52.7,4.2,4.19,4.11,27.11,0.37,0.59,19.36,2.64,-6.59,0.7,0.07,0.13,21.06,4.19,0,0,0,0,1,1,15,31.0421436,-103.5221288,1217,2026,6,20,23,46,42,67,311,114,78,0.8,0.4,0.7,38,41,35,0,0,0,0,0,0,36,0,36,0,0,0,0,0,0,0,0,0,0,37,0,32,36,0,36,0,0,36,41
6,16410,3,KR4MFM,5.05,3,   boost,4.02,88079,1166.06,263.23,69.86,52.7,4.2,4.19,4.11,14.74,0.32,0.29,18.08,3.25,-4.82,0.71,0.07,0.12,21.12,4.19,0,0,0,0,1,1,15,31.0421436,-103.5221288,1217,2026,6,20,23,46,42,67,311,114,78,0.8,0.4,0.7,38,41,35,0,0,0,0,0,0,36,0,36,0,0,0,0,0,0,0,0,0,0,37,0,32,36,0,36,0,0,36,41
6,16410,3,KR4MFM,5.06,3,   boost,13.08,88079,1166.06,263.23,69.95,52.7,4.2,4.19,4.11,30.71,0.65,0.93,17.53,2.09,-6.89,0.7,0.07,0.12,21.19,4.19,0,0,0,0,1,1,15,31.0421436,-103.5221288,1217,2026,6,20,23,46,42,67,311,114,78,0.8,0.4,0.7,38,41,35,0,0,0,0,0,0,36,0,36,0,0,0,0,0,0,0,0,0,0,37,0,32,36,0,36,0,0,36,41
6,16410,3,KR4MFM,5.07,3,   boost,10.06,88061,1167.74,264.91,70.03,52.7,4.2,4.19,4.11,19.86,0.45,0.64,16.92,2.45,-5.25,0.7,0.07,0.12,21.25,4.19,0,0,0,0,1,1,15,31.0421436,-103.5221288,1217,2026,6,20,23,46,42,67,311,114,78,0.8,0.4,0.7,38,41,35,0,0,0,0,0,0,36,0,36,0,0,0,0,0,0,0,0,0,0,37,0,32,36,0,36,0,0,36,41
6,16410,3,KR4MFM,5.08,3,   boost,5.53,88061,1167.74,264.91,70.13,52.7,4.2,4.19,4.11,14.71,0.32,0.52,17.11,2.94,-5.55,0.71,0.07,0.12,21.31,4.19,0,0,0,0,1,1,15,31.0421436,-103.5221288,1217,2026,6,20,23,46,42,67,311,114,78,0.8,0.4,0.7,38,41,35,0,0,0,0,0,0,36,0,36,0,0,0,0,0,0,0,0,0,0,37,0,32,36,0,36,0,0,36,41
6,16410,3,KR4MFM,5.09,3,   boost,18.1,88035,1170.16,267.34,70.23,52.7,4.2,4.19,4.11,29.43,0.37,0.7,16.43,1.78,-5.8,0.71,0.07,0.12,21.37,4.19,0,0,0,0,1,1,15,31.0421436,-103.5221288,1217,2026,6,20,23,46,42,67,311,114,78,0.8,0.4,0.7,38,41,35,0,0,0,0,0,0,36,0,36,0,0,0,0,0,0,0,0,0,0,37,0,32,36,0,36,0,0,36,41
6,16410,3,KR4MFM,5.1,3,   boost,9.05,88035,1170.16,267.34,70.34,52.7,4.2,4.19,4.11,15.27,0.27,0.42,15.76,3.49,-4.51,0.71,0.07,0.12,21.42,4.19,0,0,0,0,1,1,15,31.0421436,-103.5221288,1217,2026,6,20,23,46,42,67,311,114,78,0.8,0.4,0.7,38,41,35,0,0,0,0,0,0,36,0,36,0,0,0,0,0,0,0,0,0,0,37,0,32,36,0,36,0,0,36,41
6,16410,3,KR4MFM,5.11,3,   boost,16.09,88023,1171.28,268.46,70.45,52.7,4.2,4.19,4.11,20.58,0.37,0.41,15.21,2.58,-5.61,0.71,0.07,0.12,21.49,4.19,0,0,0,0,1,1,15,31.0421436,-103.5221288,1217,2026,6,20,23,46,42,67,311,114,78,0.8,0.4,0.7,38,41,35,0,0,0,0,0,0,36,0,36,0,0,0,0,0,0,0,0,0,0,37,0,32,36,0,36,0,0,36,41
6,16410,3,KR4MFM,5.12,3,   boost,16.09,88023,1171.28,268.46,70.56,52.7,4.2,4.19,4.11,24.41,0.52,0.05,14.36,2.7,-5.92,0.71,0.07,0.12,21.55,4.19,0,0,0,0,1,1,15,31.0421436,-103.5221288,1217,2026,6,20,23,46,42,67,311,114,78,0.8,0.4,0.7,38,41,35,0,0,0,0,0,0,36,0,36,0,0,0,0,0,0,0,0,0,0,37,0,32,36,0,36,0,0,36,41
6,16410,3,KR4MFM,5.13,3,   boost,10.56,88019,1171.65,268.83,70.67,52.7,4.2,4.19,4.11,13.82,0.29,-0.16,13.2,4.04,-4.76,0.7,0.07,0.12,21.61,4.19,0,0,0,0,1,1,15,31.0421436,-103.5221288,1217,2026,6,20,23,46,42,67,311,114,78,0.8,0.4,0.7,38,41,35,0,0,0,0,0,0,36,0,36,0,0,0,0,0,0,0,0,0,0,37,0,32,36,0,36,0,0,36,41
6,16410,3,KR4MFM,5.14,3,   boost,12.57,88019,1171.65,268.83,70.77,52.7,4.19,4.19,4.11,24.89,0.56,0.27,12.96,2.15,-7.08,0.7,0.07,0.12,21.68,4.2,0,0,0,0,1,1,15,31.0421436,-103.5221288,1217,2026,6,20,23,46,42,67,311,114,78,0.8,0.4,0.7,38,41,35,0,0,0,0,0,0,36,0,36,0,0,0,0,0,0,0,0,0,0,37,0,32,36,0,36,0,0,36,41
6,16410,3,KR4MFM,5.14,3,   boost,12.57,88019,1171.65,268.83,70.77,52.7,4.19,4.19,4.11,24.89,0.56,0.27,12.96,2.15,-7.08,0.7,0.07,0.12,21.68,4.2,0,0,0,0,1,1,15,31.0421436,-103.5221288,1217,2026,6,20,23,46,42,67,311,114,78,0.8,0.4,0.7,38,41,35,0,0,0,0,0,0,36,0,36,0,0,0,0,0,0,0,0,0,0,37,0,32,36,0,36,0,0,36,41
6,16410,3,KR4MFM,5.15,3,   boost,4.02,87983,1175.01,272.19,70.86,52.7,4.19,4.19,4.11,18.21,0.22,0.59,11.43,2.58,-4.45,0.7,0.07,0.12,21.73,4.2,0,0,0,0,1,1,15,31.0421436,-103.5221288,1217,2026,6,20,23,46,42,67,311,114,78,0.8,0.4,0.7,38,41,35,0,0,0,0,0,0,36,0,36,0,0,0,0,0,0,0,0,0,0,37,0,32,36,0,36,0,0,36,41
6,16410,3,KR4MFM,5.16,3,   boost,12.57,87983,1175.01,272.19,70.95,52.7,4.19,4.19,4.11,23.36,0.43,0.14,10.58,3,-4.64,0.7,0.07,0.12,21.79,4.2,0,0,0,0,1,1,15,31.0421436,-103.5221288,1217,2026,6,20,23,46,42,67,311,114,78,0.8,0.4,0.7,38,41,35,0,0,0,0,0,0,36,0,36,0,0,0,0,0,0,0,0,0,0,37,0,32,36,0,36,0,0,36,41
6,16410,3,KR4MFM,5.17,3,   boost,12.07,87974,1175.85,273.03,71.04,52.7,4.19,4.19,4.11,23.98,0.56,0.93,10.09,1.05,-4.76,0.7,0.08,0.12,21.83,4.2,0,0,0,0,1,1,15,31.0421436,-103.5221288,1217,2026,6,20,23,46,42,67,311,114,78,0.8,0.4,0.7,38,41,35,0,0,0,0,0,0,36,0,36,0,0,0,0,0,0,0,0,0,0,37,0,32,36,0,36,0,0,36,41
6,16410,3,KR4MFM,5.18,3,   boost,7.04,87974,1175.85,273.03,71.14,52.7,4.19,4.19,4.11,12.85,0.34,-0.03,8.99,2.27,-2.87,0.7,0.08,0.12,21.87,4.2,0,0,0,0,1,1,15,31.0421436,-103.5221288,1217,2026,6,20,23,46,42,67,311,114,78,0.8,0.4,0.7,38,41,35,0,0,0,0,0,0,36,0,36,0,0,0,0,0,0,0,0,0,0,37,0,32,36,0,36,0,0,36,41
6,16410,3,KR4MFM,5.19,3,   boost,17.1,87949,1178.19,275.36,71.23,52.7,4.19,4.19,4.11,15.64,0.31,-0.25,8.5,0.68,-4.15,0.71,0.08,0.11,21.91,4.2,0,0,0,0,1,1,15,31.0421436,-103.5221288,1217,2026,6,20,23,46,42,67,311,114,78,0.8,0.4,0.7,38,41,35,0,0,0,0,0,0,36,0,36,0,0,0,0,0,0,0,0,0,0,37,0,32,36,0,36,0,0,36,41
6,16410,3,KR4MFM,5.2,3,   boost,6.54,87949,1178.19,275.36,71.32,52.7,4.19,4.19,4.11,25.55,0.63,0.62,7.58,1.17,-2.62,0.71,0.08,0.11,21.94,4.2,0,0,0,0,1,1,15,31.0421436,-103.5221288,1217,2026,6,20,23,46,42,67,311,114,78,0.8,0.4,0.7,38,41,35,0,0,0,0,0,0,36,0,36,0,0,0,0,0,0,0,0,0,0,37,0,32,36,0,36,0,0,36,41
6,16410,3,KR4MFM,5.21,3,   boost,13.08,87955,1177.63,274.8,71.42,52.7,4.19,4.19,4.11,16.04,0.23,0.24,6.85,1.36,-2.38,0.71,0.08,0.11,21.96,4.2,0,0,0,0,1,1,15,31.0421436,-103.5221288,1217,2026,6,20,23,46,42,67,311,114,78,0.8,0.4,0.7,38,41,35,0,0,0,0,0,0,36,0,36,0,0,0,0,0,0,0,0,0,0,37,0,32,36,0,36,0,0,36,41
6,16410,3,KR4MFM,5.22,3,   boost,12.57,87955,1177.63,274.8,71.51,52.7,4.19,4.19,4.11,26.97,0.5,0.5,6.3,-0.29,-3.23,0.71,0.08,0.11,21.99,4.2,0,0,0,0,1,1,15,31.0421436,-103.5221288,1217,2026,6,20,23,46,42,67,311,114,78,0.8,0.4,0.7,38,41,35,0,0,0,0,0,0,36,0,36,0,0,0,0,0,0,0,0,0,0,37,0,32,36,0,36,0,0,36,41
6,16410,3,KR4MFM,5.23,3,   boost,0.5,87914,1181.45,278.63,71.6,52.7,4.19,4.19,4.11,19.55,0.45,0.64,5.75,1.29,-1.34,0.7,0.08,0.11,22.01,4.2,0,0,0,0,1,1,15,31.0421436,-103.5221288,1217,2026,6,20,23,46,42,67,311,114,78,0.8,0.4,0.7,38,41,35,0,0,0,0,0,0,36,0,36,0,0,0,0,0,0,0,0,0,0,37,0,32,36,0,36,0,0,36,41
6,16410,3,KR4MFM,5.24,3,   boost,21.12,87914,1181.45,278.63,71.69,52.7,4.19,4.19,4.11,12.54,0.29,0.13,6.49,0.93,-3.66,0.7,0.08,0.11,22.04,4.2,0,0,0,0,1,1,15,31.0421436,-103.5221288,1217,2026,6,20,23,46,42,67,311,114,78,0.8,0.4,0.7,38,41,35,0,0,0,0,0,0,36,0,36,0,0,0,0,0,0,0,0,0,0,37,0,32,36,0,36,0,0,36,41
6,16410,3,KR4MFM,5.25,3,   boost,10.06,87885,1184.16,281.34,71.78,52.7,4.19,4.19,4.11,28.92,0.63,0.6,7.1,0.81,-3.05,0.7,0.08,0.11,22.07,4.2,0,0,0,0,1,1,15,31.0421436,-103.5221288,1217,2026,6,20,23,46,42,67,311,114,78,0.8,0.4,0.7,38,41,35,0,0,0,0,0,0,36,0,36,0,0,0,0,0,0,0,0,0,0,37,0,32,36,0,36,0,0,36,41
6,16410,3,KR4MFM,5.26,3,   boost,3.02,87885,1184.16,281.34,71.87,52.7,4.19,4.19,4.11,13.83,0.31,0.45,7.28,2.52,-2.07,0.7,0.08,0.11,22.1,4.2,0,0,0,0,1,1,15,31.0421436,-103.5221288,1217,2026,6,20,23,46,42,67,311,114,78,0.8,0.4,0.7,38,41,35,0,0,0,0,0,0,36,0,36,0,0,0,0,0,0,0,0,0,0,37,0,32,36,0,36,0,0,36,41
6,16410,3,KR4MFM,5.27,3,   boost,18.1,87863,1186.22,283.39,71.96,52.7,4.19,4.19,4.11,22.17,0.42,0.56,7.28,0.99,-3.66,0.7,0.08,0.11,22.14,4.2,0,0,0,0,1,1,15,31.0421436,-103.5221288,1217,2026,6,20,23,46,42,67,311,114,78,0.8,0.4,0.7,38,41,35,0,0,0,0,0,0,36,0,36,0,0,0,0,0,0,0,0,0,0,37,0,32,36,0,36,0,0,36,41
6,16410,3,KR4MFM,5.28,3,   boost,5.03,87863,1186.22,283.39,72.05,52.7,4.19,4.19,4.11,23.66,0.45,0.11,6.79,0.99,-0.91,0.7,0.08,0.11,22.15,4.2,0,0,0,0,1,1,15,31.0421436,-103.5221288,1217,2026,6,20,23,46,42,67,311,114,78,0.8,0.4,0.7,38,41,35,0,0,0,0,0,0,36,0,36,0,0,0,0,0,0,0,0,0,0,37,0,32,36,0,36,0,0,36,41
6,16410,3,KR4MFM,5.29,3,   boost,13.58,87861,1186.4,283.58,72.14,52.7,4.19,4.19,4.11,14.58,0.24,-0.18,5.69,-0.23,-2.01,0.7,0.08,0.11,22.17,4.2,0,0,0,0,1,1,15,31.0421436,-103.5221288,1217,2026,6,20,23,46,42,67,311,114,78,0.8,0.4,0.7,38,41,35,0,0,0,0,0,0,36,0,36,0,0,0,0,0,0,0,0,0,0,37,0,32,36,0,36,0,0,36,41
6,16410,3,KR4MFM,5.3,3,   boost,2.51,87861,1186.4,283.58,72.23,52.7,4.19,4.19,4.11,24.79,0.5,0.35,5.27,-0.29,-0.85,0.71,0.08,0.11,22.17,4.2,0,0,0,0,1,1,15,31.0421436,-103.5221288,1217,2026,6,20,23,46,42,67,311,114,78,0.8,0.4,0.7,38,41,35,0,0,0,0,0,0,36,0,36,0,0,0,0,0,0,0,0,0,0,37,0,32,36,0,36,0,0,36,41
6,16410,3,KR4MFM,5.31,3,   boost,22.13,87857,1186.78,283.95,72.33,52.7,4.19,4.19,4.11,14.3,0.17,0.36,4.23,0.75,-0.24,0.71,0.08,0.11,22.18,4.2,0,0,0,0,1,1,15,31.0421436,-103.5221288,1217,2026,6,20,23,46,42,67,311,114,78,0.8,0.4,0.7,38,41,35,0,0,0,0,0,0,36,0,36,0,0,0,0,0,0,0,0,0,0,37,0,32,36,0,36,0,0,36,41
6,16410,3,KR4MFM,5.32,3,   boost,11.57,87857,1186.78,283.95,72.43,52.7,4.19,4.19,4.11,28.82,0.6,0.99,3.92,-0.54,-1.34,0.71,0.08,0.11,22.18,4.2,0,0,0,0,1,1,15,31.0421436,-103.5221288,1217,2026,6,20,23,46,42,67,311,114,78,0.8,0.4,0.7,38,41,35,0,0,0,0,0,0,36,0,36,0,0,0,0,0,0,0,0,0,0,37,0,32,36,0,36,0,0,36,41
6,16410,3,KR4MFM,5.33,3,   boost,4.02,87847,1187.71,284.89,72.52,52.7,4.19,4.19,4.11,19.53,0.5,0.64,2.88,0.62,0.61,0.71,0.08,0.11,22.18,4.2,0,0,0,0,1,1,15,31.0421436,-103.5221288,1217,2026,6,20,23,46,42,67,311,114,78,0.8,0.4,0.7,38,41,35,0,0,0,0,0,0,36,0,36,0,0,0,0,0,0,0,0,0,0,37,0,32,36,0,36,0,0,36,41
6,16410,3,KR4MFM,5.34,3,   boost,19.11,87847,1187.71,284.89,72.62,52.7,4.19,4.19,4.11,15.58,0.45,0.29,2.21,-0.41,-0.85,0.7,0.08,0.11,22.19,4.2,0,0,0,0,1,1,15,31.0421436,-103.5221288,1217,2026,6,20,23,46,42,67,311,114,78,0.8,0.4,0.7,38,41,35,0,0,0,0,0,0,36,0,36,0,0,0,0,0,0,0,0,0,0,37,0,32,36,0,36,0,0,36,41
6,16410,3,KR4MFM,5.35,3,   boost,3.52,87813,1190.89,288.07,72.71,52.7,4.19,4.19,4.11,28.21,0.57,0.37,1.66,-0.96,-0.36,0.7,0.08,0.11,22.18,4.2,0,0,0,0,1,1,15,31.0421436,-103.5221288,1217,2026,6,20,23,46,42,67,311,114,78,0.8,0.4,0.7,38,41,35,0,0,0,0,0,0,36,0,36,0,0,0,0,0,0,0,0,0,0,37,0,32,36,0,36,0,0,36,41
6,16410,3,KR4MFM,5.36,3,   boost,13.08,87813,1190.89,288.07,72.8,52.7,4.19,4.19,4.11,12.55,0.29,0.44,1.42,0.5,0.31,0.7,0.08,0.11,22.19,4.2,0,0,0,0,1,1,15,31.0421436,-103.5221288,1217,2026,6,20,23,46,42,67,311,114,78,0.8,0.4,0.7,38,41,35,0,0,0,0,0,0,36,0,36,0,0,0,0,0,0,0,0,0,0,37,0,32,36,0,36,0,0,36,41
6,16410,3,KR4MFM,5.37,3,   boost,10.56,87785,1193.51,290.68,72.88,52.7,4.19,4.19,4.11,25.71,0.5,0.4,-0.11,-0.54,-1.28,0.7,0.08,0.11,22.19,4.2,0,0,0,0,1,1,15,31.0421436,-103.5221288,1217,2026,6,20,23,46,42,67,311,114,78,0.8,0.4,0.7,38,41,35,0,0,0,0,0,0,36,0,36,0,0,0,0,0,0,0,0,0,0,37,0,32,36,0,36,0,0,36,41
6,16410,3,KR4MFM,5.38,3,   boost,6.54,87785,1193.51,290.68,72.96,52.7,4.19,4.19,4.11,20.09,0.48,0.78,0.14,0.5,0.8,0.7,0.08,0.11,22.19,4.2,0,0,0,0,1,1,15,31.0421436,-103.5221288,1217,2026,6,20,23,46,42,67,311,114,78,0.8,0.4,0.7,38,41,35,0,0,0,0,0,0,36,0,36,0,0,0,0,0,0,0,0,0,0,37,0,32,36,0,36,0,0,36,41
6,16410,3,KR4MFM,5.39,3,   boost,9.05,87766,1195.28,292.46,73.04,52.7,4.19,4.19,4.11,27.16,0.44,-0.14,-0.84,-0.35,-1.03,0.7,0.08,0.11,22.2,4.2,0,0,0,0,1,1,15,31.0421436,-103.5221288,1217,2026,6,20,23,46,42,67,311,114,78,0.8,0.4,0.7,38,41,35,0,0,0,0,0,0,36,0,36,0,0,0,0,0,0,0,0,0,0,37,0,32,36,0,36,0,0,36,41
6,16410,3,KR4MFM,5.4,3,   boost,12.07,87766,1195.28,292.46,73.12,52.7,4.19,4.19,4.11,22.95,0.57,0.8,-0.96,-1.7,1.22,0.7,0.08,0.11,22.18,4.2,0,0,0,0,1,1,15,31.0421436,-103.5221288,1217,2026,6,20,23,46,42,67,311,114,78,0.8,0.4,0.7,38,41,35,0,0,0,0,0,0,36,0,36,0,0,0,0,0,0,0,0,0,0,37,0,32,36,0,36,0,0,36,41
6,16410,3,KR4MFM,5.41,3,   boost,4.53,87768,1195.1,292.27,73.21,52.7,4.19,4.19,4.11,13.77,0.32,0.01,-1.08,-0.96,1.65,0.71,0.08,0.11,22.16,4.2,0,0,0,0,1,1,15,31.0421436,-103.5221288,1217,2026,6,20,23,46,42,67,311,114,78,0.8,0.4,0.7,38,41,35,0,0,0,0,0,0,36,0,36,0,0,0,0,0,0,0,0,0,0,37,0,32,36,0,36,0,0,36,41
6,16410,3,KR4MFM,5.42,3,   boost,17.1,87768,1195.1,292.27,73.3,52.7,4.19,4.19,4.11,28.14,0.41,1.09,0.75,-2.73,1.04,0.71,0.08,0.11,22.13,4.2,0,0,0,0,1,1,15,31.0421436,-103.5221288,1217,2026,6,20,23,46,42,67,311,114,78,0.8,0.4,0.7,38,41,35,0,0,0,0,0,0,36,0,36,0,0,0,0,0,0,0,0,0,0,37,0,32,36,0,36,0,0,36,41
6,16410,3,KR4MFM,5.43,3,   boost,9.56,87764,1195.47,292.65,73.39,52.7,4.19,4.19,4.11,18.04,0.28,0.73,3.25,-0.35,2.32,0.71,0.08,0.11,22.11,4.2,0,0,0,0,1,1,15,31.0421436,-103.5221288,1217,2026,6,20,23,46,42,67,311,114,78,0.8,0.4,0.7,38,41,35,0,0,0,0,0,0,36,0,36,0,0,0,0,0,0,0,0,0,0,37,0,32,36,0,36,0,0,36,41
6,16410,3,KR4MFM,5.44,3,   boost,15.09,87764,1195.47,292.65,73.48,52.7,4.19,4.19,4.11,15.84,0.3,0.29,6,-0.96,1.59,0.71,0.08,0.11,22.09,4.2,0,0,0,0,1,1,15,31.0421436,-103.5221288,1217,2026,6,20,23,46,42,67,311,114,78,0.8,0.4,0.7,38,41,35,0,0,0,0,0,0,36,0,36,0,0,0,0,0,0,0,0,0,0,37,0,32,36,0,36,0,0,36,41
6,16410,3,KR4MFM,5.45,3,   boost,2.51,87722,1199.4,296.58,73.56,52.7,4.19,4.19,4.11,27.8,0.42,0.17,9.11,-0.35,0.13,0.7,0.08,0.11,22.09,4.2,0,0,0,0,1,1,15,31.0421436,-103.5221288,1217,2026,6,20,23,46,42,67,311,114,78,0.8,0.4,0.7,38,41,35,0,0,0,0,0,0,36,0,36,0,0,0,0,0,0,0,0,0,0,37,0,32,36,0,36,0,0,36,41
6,16410,3,KR4MFM,5.46,3,   boost,8.55,87722,1199.4,296.58,73.64,52.7,4.17,4.19,4.11,11.27,-0.15,0.23,12.77,0.68,1.9,0.7,0.08,0.11,22.08,4.17,0,0,0,0,1,1,15,31.0421436,-103.5221288,1217,2026,6,20,23,46,42,67,311,114,78,0.8,0.4,0.7,38,41,35,0,0,0,0,0,0,36,0,36,0,0,0,0,0,0,0,0,0,0,37,0,32,36,0,36,0,0,36,41
6,16410,3,KR4MFM,5.46,3,   boost,8.55,87722,1199.4,296.58,73.64,52.7,4.17,4.19,4.11,11.27,-0.15,0.23,12.77,0.68,1.9,0.7,0.08,0.11,22.08,4.17,0,0,0,0,1,1,15,31.0421436,-103.5221288,1217,2026,6,20,23,46,42,67,311,114,78,0.8,0.4,0.7,38,41,35,0,0,0,0,0,0,36,0,36,0,0,0,0,0,0,0,0,0,0,37,0,32,36,0,36,0,0,36,41
6,16410,3,KR4MFM,5.47,3,   boost,14.08,87697,1201.74,298.91,73.72,52.7,4.17,4.19,4.11,21.83,0.23,0,15.46,0.93,-0.49,0.7,0.08,0.11,22.09,4.17,0,0,0,0,1,1,15,31.0421436,-103.5221288,1217,2026,6,20,23,46,42,67,311,114,78,0.8,0.4,0.7,38,41,35,0,0,0,0,0,0,36,0,36,0,0,0,0,0,0,0,0,0,0,37,0,32,36,0,36,0,0,36,41
6,16410,3,KR4MFM,5.48,3,   boost,3.52,87697,1201.74,298.91,73.8,52.7,4.17,4.19,4.11,21.28,0.04,0.29,17.84,0.13,1.47,0.7,0.08,0.11,22.08,4.17,0,0,0,0,1,1,15,31.0421436,-103.5221288,1217,2026,6,20,23,46,42,67,311,114,78,0.8,0.4,0.7,38,41,35,0,0,0,0,0,0,36,0,36,0,0,0,0,0,0,0,0,0,0,37,0,32,36,0,36,0,0,36,41
6,16410,3,KR4MFM,5.49,3,   boost,14.08,87667,1204.55,301.72,73.88,52.7,4.17,4.19,4.11,16.98,0,-0.15,21.2,1.29,1.22,0.7,0.08,0.11,22.07,4.17,0,0,0,0,1,1,15,31.0421436,-103.5221288,1217,2026,6,20,23,46,42,67,311,114,78,0.8,0.4,0.7,38,41,35,0,0,0,0,0,0,36,0,36,0,0,0,0,0,0,0,0,0,0,37,0,32,36,0,36,0,0,36,41
6,16410,3,KR4MFM,5.5,3,   boost,12.57,87667,1204.55,301.72,73.97,52.7,4.17,4.19,4.11,26.56,0.24,0.91,22.05,1.11,3.12,0.7,0.08,0.11,22.06,4.17,0,0,0,0,1,1,15,31.0421436,-103.5221288,1217,2026,6,20,23,46,42,67,311,114,78,0.8,0.4,0.7,38,41,35,0,0,0,0,0,0,36,0,36,0,0,0,0,0,0,0,0,0,0,37,0,32,36,0,36,0,0,36,41
6,16410,3,KR4MFM,5.51,3,   boost,2.01,87683,1203.05,300.22,74.06,52.7,4.17,4.19,4.11,14.98,0.15,0.2,24.61,0.26,1.53,0.7,0.08,0.11,22.05,4.17,0,0,0,0,1,1,15,31.0421436,-103.5221288,1217,2026,6,20,23,46,42,67,311,114,78,0.8,0.4,0.7,38,41,35,0,0,0,0,0,0,36,0,36,0,0,0,0,0,0,0,0,0,0,37,0,32,36,0,36,0,0,36,41
6,16410,3,KR4MFM,5.52,3,   boost,18.1,87683,1203.05,300.22,74.15,52.7,4.17,4.19,4.11,27.72,0.48,0.99,28.28,-0.29,1.04,0.71,0.09,0.1,22.04,4.17,0,0,0,0,1,1,15,31.0421436,-103.5221288,1217,2026,6,20,23,46,42,67,311,114,78,0.8,0.4,0.7,38,41,35,0,0,0,0,0,0,36,0,36,0,0,0,0,0,0,0,0,0,0,37,0,32,36,0,36,0,0,36,41
6,16410,3,KR4MFM,5.53,3,   boost,10.56,87658,1205.39,302.56,74.24,52.7,4.17,4.19,4.11,20.58,0.35,0.52,30.72,2.03,2.02,0.71,0.09,0.1,22.03,4.17,0,0,0,0,1,1,15,31.0421436,-103.5221288,1217,2026,6,20,23,46,42,67,311,114,78,0.8,0.4,0.7,38,41,35,0,0,0,0,0,0,36,0,36,0,0,0,0,0,0,0,0,0,0,37,0,32,36,0,36,0,0,36,41
6,16410,3,KR4MFM,5.54,3,   boost,7.04,87658,1205.39,302.56,74.33,52.7,4.17,4.19,4.11,12.29,0.11,0.28,33.1,0.81,0.06,0.71,0.09,0.1,22.04,4.17,0,0,0,0,1,1,15,31.0421436,-103.5221288,1217,2026,6,20,23,46,42,67,311,114,78,0.8,0.4,0.7,38,41,35,0,0,0,0,0,0,36,0,36,0,0,0,0,0,0,0,0,0,0,37,0,32,36,0,36,0,0,36,41
6,16410,3,KR4MFM,5.55,3,   boost,14.58,87616,1209.32,306.5,74.42,52.7,4.17,4.19,4.11,30.12,0.05,0.7,34.99,1.29,1.41,0.71,0.09,0.1,22.03,4.17,0,0,0,0,1,1,15,31.0421436,-103.5221288,1217,2026,6,20,23,46,42,67,311,114,78,0.8,0.4,0.7,38,41,35,0,0,0,0,0,0,36,0,36,0,0,0,0,0,0,0,0,0,0,37,0,32,36,0,36,0,0,36,41
6,16410,3,KR4MFM,5.56,3,   boost,3.02,87616,1209.32,306.5,74.51,52.7,4.17,4.19,4.11,14.99,-0.14,0.86,36.88,2.15,1.59,0.7,0.09,0.1,22.04,4.17,0,0,0,0,1,1,15,31.0421436,-103.5221288,1217,2026,6,20,23,46,42,67,311,114,78,0.8,0.4,0.7,38,41,35,0,0,0,0,0,0,36,0,36,0,0,0,0,0,0,0,0,0,0,37,0,32,36,0,36,0,0,36,41
6,16410,3,KR4MFM,5.57,3,   boost,17.6,87618,1209.13,306.31,74.6,52.7,4.17,4.19,4.11,18.54,0.2,0.31,40.73,1.29,1.16,0.7,0.09,0.1,22.03,4.17,0,0,0,0,1,1,15,31.0421436,-103.5221288,1217,2026,6,20,23,46,42,67,311,114,78,0.8,0.4,0.7,38,41,35,0,0,0,0,0,0,36,0,36,0,0,0,0,0,0,0,0,0,0,37,0,32,36,0,36,0,0,36,41
6,16410,3,KR4MFM,5.58,3,   boost,13.58,87618,1209.13,306.31,74.69,52.7,4.17,4.19,4.11,26.75,0.34,0.04,42.98,1.84,2.87,0.7,0.09,0.1,22.02,4.17,0,0,0,0,1,1,15,31.0421436,-103.5221288,1217,2026,6,20,23,46,42,67,311,114,78,0.8,0.4,0.7,38,41,35,0,0,0,0,0,0,36,0,36,0,0,0,0,0,0,0,0,0,0,37,0,32,36,0,36,0,0,36,41
6,16410,3,KR4MFM,5.59,3,   boost,2.51,87609,1209.98,307.15,74.78,52.7,4.17,4.19,4.11,10.98,0.04,-0.2,44.51,0.99,1.53,0.7,0.09,0.1,22.02,4.17,0,0,0,0,1,1,15,31.0421436,-103.5221288,1217,2026,6,20,23,46,42,67,311,114,78,0.8,0.4,0.7,38,41,35,0,0,0,0,0,0,36,0,36,0,0,0,0,0,0,0,0,0,0,37,0,32,36,0,36,0,0,36,41
6,16410,3,KR4MFM,5.6,3,   boost,12.07,87609,1209.98,307.15,74.86,52.7,4.17,4.19,4.11,21.8,0.12,0.07,46.71,0.62,1.16,0.7,0.09,0.09,22.01,4.17,0,0,0,0,1,1,15,31.0421436,-103.5221288,1217,2026,6,20,23,46,42,67,311,114,78,0.8,0.4,0.7,38,41,35,0,0,0,0,0,0,36,0,36,0,0,0,0,0,0,0,0,0,0,37,0,32,36,0,36,0,0,36,41
6,16410,3,KR4MFM,5.61,3,   boost,4.02,87592,1211.57,308.74,74.94,52.7,4.17,4.19,4.11,17.52,-0.15,0.47,48.42,2.52,2.38,0.7,0.09,0.09,22.01,4.17,0,0,0,0,1,1,15,31.0421436,-103.5221288,1217,2026,6,20,23,46,42,67,311,114,78,0.8,0.4,0.7,38,41,35,0,0,0,0,0,0,36,0,36,0,0,0,0,0,0,0,0,0,0,37,0,32,36,0,36,0,0,36,41
6,16410,3,KR4MFM,5.62,3,   boost,16.09,87592,1211.57,308.74,75.02,52.7,4.17,4.19,4.11,20.76,0.19,-0.1,50.55,0.38,0.55,0.7,0.09,0.09,22.01,4.17,0,0,0,0,1,1,15,31.0421436,-103.5221288,1217,2026,6,20,23,46,42,67,311,114,78,0.8,0.4,0.7,38,41,35,0,0,0,0,0,0,36,0,36,0,0,0,0,0,0,0,0,0,0,37,0,32,36,0,36,0,0,36,41
6,16410,3,KR4MFM,5.63,3,   boost,9.56,87566,1214,311.18,75.11,52.7,4.17,4.19,4.11,23.69,0.31,0.5,51.41,2.52,2.93,0.71,0.09,0.09,22.01,4.17,0,0,0,0,1,1,15,31.0421436,-103.5221288,1217,2026,6,20,23,46,42,67,311,114,78,0.8,0.4,0.7,38,41,35,0,0,0,0,0,0,36,0,36,0,0,0,0,0,0,0,0,0,0,37,0,32,36,0,36,0,0,36,41
6,16410,3,KR4MFM,5.64,3,   boost,7.54,87566,1214,311.18,75.2,52.7,4.17,4.19,4.11,12.8,0.16,-0.06,52.02,1.78,1.47,0.7,0.09,0.08,22.01,4.17,0,0,0,0,1,1,15,31.0421436,-103.5221288,1217,2026,6,20,23,46,42,67,311,114,78,0.8,0.4,0.7,38,41,35,0,0,0,0,0,0,36,0,36,0,0,0,0,0,0,0,0,0,0,37,0,32,36,0,36,0,0,36,41
6,16410,3,KR4MFM,5.65,3,   boost,14.08,87534,1217,314.18,75.29,52.7,4.17,4.19,4.11,29.84,0.47,1.01,53.85,1.72,0.8,0.7,0.09,0.08,22.01,4.17,0,0,0,0,1,1,15,31.0421436,-103.5221288,1217,2026,6,20,23,46,42,67,311,114,78,0.8,0.4,0.7,38,41,35,0,0,0,0,0,0,36,0,36,0,0,0,0,0,0,0,0,0,0,37,0,32,36,0,36,0,0,36,41
6,16410,3,KR4MFM,5.66,3,   boost,4.53,87534,1217,314.18,75.39,52.7,4.17,4.19,4.11,15.62,0.11,0.93,54.03,3.06,1.47,0.71,0.1,0.08,22.03,4.17,0,0,0,0,1,1,15,31.0421436,-103.5221288,1217,2026,6,20,23,46,42,67,311,114,78,0.8,0.4,0.7,38,41,35,0,0,0,0,0,0,36,0,36,0,0,0,0,0,0,0,0,0,0,37,0,32,36,0,36,0,0,36,41
6,16410,3,KR4MFM,5.67,3,   boost,22.13,87523,1218.03,315.21,75.48,52.7,4.17,4.19,4.11,18.66,0.2,0.37,54.58,2.09,-0.73,0.7,0.1,0.08,22.05,4.17,0,0,0,0,1,1,15,31.0421436,-103.5221288,1217,2026,6,20,23,46,42,67,311,114,78,0.8,0.4,0.7,38,41,35,0,0,0,0,0,0,36,0,36,0,0,0,0,0,0,0,0,0,0,37,0,32,36,0,36,0,0,36,41
6,16410,3,KR4MFM,5.68,3,   boost,10.06,87523,1218.03,315.21,75.58,52.7,4.17,4.19,4.11,23.89,0.18,-0.24,53.48,2.39,0.92,0.7,0.1,0.08,22.06,4.17,0,0,0,0,1,1,15,31.0421436,-103.5221288,1217,2026,6,20,23,46,42,67,311,114,78,0.8,0.4,0.7,38,41,35,0,0,0,0,0,0,36,0,36,0,0,0,0,0,0,0,0,0,0,37,0,32,36,0,36,0,0,36,41
6,16410,3,KR4MFM,5.69,3,   boost,0.5,87524,1217.94,315.12,75.67,52.7,4.17,4.19,4.11,11.21,-0.07,-0.32,51.84,3.37,-0.12,0.7,0.1,0.08,22.08,4.17,0,0,0,0,1,1,15,31.0421436,-103.5221288,1217,2026,6,20,23,46,42,67,311,114,78,0.8,0.4,0.7,38,41,35,0,0,0,0,0,0,36,0,36,0,0,0,0,0,0,0,0,0,0,37,0,32,36,0,36,0,0,36,41
6,16410,3,KR4MFM,5.7,3,   boost,17.6,87524,1217.94,315.12,75.75,52.7,4.17,4.19,4.11,14.59,0.28,0.22,51.35,1.6,-0.18,0.7,0.1,0.07,22.09,4.17,0,0,0,0,1,1,15,31.0421436,-103.5221288,1217,2026,6,20,23,46,42,67,311,114,78,0.8,0.4,0.7,38,41,35,0,0,0,0,0,0,36,0,36,0,0,0,0,0,0,0,0,0,0,37,0,32,36,0,36,0,0,36,41
6,16410,3,KR4MFM,5.71,3,   boost,8.05,87482,1221.88,319.05,75.84,52.7,4.17,4.19,4.11,25.69,0.45,-0.14,50.92,2.82,1.35,0.7,0.1,0.07,22.11,4.17,0,0,0,0,1,1,15,31.0421436,-103.5221288,1217,2026,6,20,23,46,42,67,311,114,78,0.8,0.4,0.7,38,41,35,0,0,0,0,0,0,36,0,36,0,0,0,0,0,0,0,0,0,0,37,0,32,36,0,36,0,0,36,41
6,16410,3,KR4MFM,5.72,3,   boost,9.05,87482,1221.88,319.05,75.91,52.7,4.17,4.19,4.11,11.22,-0.13,0.27,50.37,-0.05,-0.67,0.7,0.1,0.07,22.11,4.17,0,0,0,0,1,1,15,31.0421436,-103.5221288,1217,2026,6,20,23,46,42,67,311,114,78,0.8,0.4,0.7,38,41,35,0,0,0,0,0,0,36,0,36,0,0,0,0,0,0,0,0,0,0,37,0,32,36,0,36,0,0,36,41
6,16410,3,KR4MFM,5.73,3,   boost,10.06,87447,1225.16,322.33,75.99,52.7,4.17,4.19,4.11,22.74,0.11,0.4,48.17,1.97,1.04,0.7,0.1,0.07,22.12,4.17,0,0,0,0,1,1,15,31.0421436,-103.5221288,1217,2026,6,20,23,46,42,67,311,114,78,0.8,0.4,0.7,38,41,35,0,0,0,0,0,0,36,0,36,0,0,0,0,0,0,0,0,0,0,37,0,32,36,0,36,0,0,36,41
6,16410,3,KR4MFM,5.74,3,   boost,3.02,87447,1225.16,322.33,76.05,52.7,4.17,4.19,4.11,20.04,-0.01,0.75,46.28,1.11,0,0.71,0.1,0.06,22.13,4.17,0,0,0,0,1,1,15,31.0421436,-103.5221288,1217,2026,6,20,23,46,42,67,311,114,78,0.8,0.4,0.7,38,41,35,0,0,0,0,0,0,36,0,36,0,0,0,0,0,0,0,0,0,0,37,0,32,36,0,36,0,0,36,41
6,16410,3,KR4MFM,5.75,3,   boost,10.56,87435,1226.28,323.46,76.12,52.7,4.17,4.19,4.11,21.45,0.22,-0.29,46.04,1.17,-0.12,0.7,0.1,0.06,22.14,4.17,0,0,0,0,1,1,15,31.0421436,-103.5221288,1217,2026,6,20,23,46,42,67,311,114,78,0.8,0.4,0.7,38,41,35,0,0,0,0,0,0,36,0,36,0,0,0,0,0,0,0,0,0,0,37,0,32,36,0,36,0,0,36,41
6,16410,3,KR4MFM,5.76,3,   boost,2.51,87435,1226.28,323.46,76.19,52.7,4.17,4.19,4.11,23.31,0.34,0.35,44.94,2.45,0.37,0.7,0.1,0.06,22.15,4.17,0,0,0,0,1,1,15,31.0421436,-103.5221288,1217,2026,6,20,23,46,42,67,311,114,78,0.8,0.4,0.7,38,41,35,0,0,0,0,0,0,36,0,36,0,0,0,0,0,0,0,0,0,0,37,0,32,36,0,36,0,0,36,41
6,16410,3,KR4MFM,5.77,3,   boost,16.6,87438,1226,323.18,76.27,52.7,4.17,4.19,4.11,11.47,0.01,-0.11,45.43,1.23,-2.26,0.71,0.1,0.06,22.18,4.17,0,0,0,0,1,1,15,31.0421436,-103.5221288,1217,2026,6,20,23,46,42,67,311,114,78,0.8,0.4,0.7,38,41,35,0,0,0,0,0,0,36,0,36,0,0,0,0,0,0,0,0,0,0,37,0,32,36,0,36,0,0,36,41
6,16410,3,KR4MFM,5.78,3,   boost,7.04,87438,1226,323.18,76.35,52.7,4.2,4.19,4.11,29.08,0.3,0.97,43.47,1.42,-0.61,0.71,0.11,0.06,22.19,4.19,0,0,0,0,1,1,15,31.0421436,-103.5221288,1217,2026,6,20,23,46,42,67,311,114,78,0.8,0.4,0.7,38,41,35,0,0,0,0,0,0,36,0,36,0,0,0,0,0,0,0,0,0,0,37,0,32,36,0,36,0,0,36,41
6,16410,3,KR4MFM,5.78,3,   boost,7.04,87438,1226,323.18,76.35,52.7,4.2,4.19,4.11,29.08,0.3,0.97,43.47,1.42,-0.61,0.71,0.11,0.06,22.19,4.19,0,0,0,0,1,1,15,31.0421436,-103.5221288,1217,2026,6,20,23,46,42,67,311,114,78,0.8,0.4,0.7,38,41,35,0,0,0,0,0,0,36,0,36,0,0,0,0,0,0,0,0,0,0,37,0,32,36,0,36,0,0,36,41
6,16410,3,KR4MFM,5.79,3,   boost,13.58,87422,1227.5,324.68,76.43,52.7,4.2,4.19,4.11,14.46,0.07,0.83,41.15,1.48,-2.8,0.71,0.11,0.06,22.22,4.19,0,0,0,0,1,1,15,31.0421436,-103.5221288,1217,2026,6,20,23,46,42,67,311,114,78,0.8,0.4,0.7,38,41,35,0,0,0,0,0,0,36,0,36,0,0,0,0,0,0,0,0,0,0,37,0,32,36,0,36,0,0,36,41
6,16410,3,KR4MFM,5.8,3,   boost,11.06,87422,1227.5,324.68,76.52,52.7,4.2,4.19,4.11,21.85,0.3,0.67,41.09,0.75,-2.5,0.71,0.11,0.05,22.24,4.19,0,0,0,0,1,1,15,31.0421436,-103.5221288,1217,2026,6,20,23,46,42,67,311,114,78,0.8,0.4,0.7,38,41,35,0,0,0,0,0,0,36,0,36,0,0,0,0,0,0,0,0,0,0,37,0,32,36,0,36,0,0,36,41
6,16410,3,KR4MFM,5.81,3,   boost,0.5,87398,1229.75,326.93,76.6,52.7,4.2,4.19,4.11,23.2,0.29,0.26,40.73,2.39,-0.42,0.71,0.11,0.05,22.26,4.19,0,0,0,0,1,1,15,31.0421436,-103.5221288,1217,2026,6,20,23,46,42,67,311,114,78,0.8,0.4,0.7,38,41,35,0,0,0,0,0,0,36,0,36,0,0,0,0,0,0,0,0,0,0,37,0,32,36,0,36,0,0,36,41
6,16410,3,KR4MFM,5.82,3,   boost,13.08,87398,1229.75,326.93,76.67,52.7,4.2,4.19,4.11,12.42,0.14,-0.66,40.91,-0.48,-2.19,0.7,0.11,0.05,22.27,4.19,0,0,0,0,1,1,15,31.0421436,-103.5221288,1217,2026,6,20,23,46,42,67,311,114,78,0.8,0.4,0.7,38,41,35,0,0,0,0,0,0,36,0,36,0,0,0,0,0,0,0,0,0,0,37,0,32,36,0,36,0,0,36,41
6,16410,3,KR4MFM,5.83,3,   boost,12.07,87360,1233.32,330.5,76.75,52.7,4.2,4.19,4.11,24.8,0.22,0.24,39.44,0.5,-0.18,0.7,0.11,0.05,22.28,4.19,0,0,0,0,1,1,15,31.0421436,-103.5221288,1217,2026,6,20,23,46,42,67,311,114,78,0.8,0.4,0.7,38,41,35,0,0,0,0,0,0,36,0,36,0,0,0,0,0,0,0,0,0,0,37,0,32,36,0,36,0,0,36,41
6,16410,3,KR4MFM,5.84,3,   boost,5.03,87360,1233.32,330.5,76.83,52.7,4.2,4.19,4.11,16.31,0.08,0.23,38.47,0.26,-1.71,0.7,0.11,0.05,22.29,4.19,0,0,0,0,1,1,15,31.0421436,-103.5221288,1217,2026,6,20,23,46,42,67,311,114,78,0.8,0.4,0.7,38,41,35,0,0,0,0,0,0,36,0,36,0,0,0,0,0,0,0,0,0,0,37,0,32,36,0,36,0,0,36,41
6,16410,3,KR4MFM,5.85,3,   boost,12.07,87334,1235.76,332.94,76.91,52.7,4.2,4.19,4.11,23.79,0.41,0.68,37.92,0.32,-2.62,0.71,0.11,0.04,22.31,4.19,0,0,0,0,1,1,15,31.0421436,-103.5221288,1217,2026,6,20,23,46,42,67,311,114,78,0.8,0.4,0.7,38,41,35,0,0,0,0,0,0,36,0,36,0,0,0,0,0,0,0,0,0,0,37,0,32,36,0,36,0,0,36,41
6,16410,3,KR4MFM,5.86,3,   boost,5.03,87334,1235.76,332.94,77,52.7,4.2,4.19,4.11,20.39,0.29,0.45,36.88,1.29,-2.13,0.7,0.11,0.04,22.33,4.19,0,0,0,0,1,1,15,31.0421436,-103.5221288,1217,2026,6,20,23,46,42,67,311,114,78,0.8,0.4,0.7,38,41,35,0,0,0,0,0,0,36,0,36,0,0,0,0,0,0,0,0,0,0,37,0,32,36,0,36,0,0,36,41
6,16410,3,KR4MFM,5.87,3,   boost,22.13,87333,1235.86,333.03,77.09,52.7,4.2,4.19,4.11,12.89,0.12,-0.08,37.13,0.5,-3.96,0.7,0.11,0.04,22.36,4.19,0,0,0,0,1,1,15,31.0421436,-103.5221288,1217,2026,6,20,23,46,42,67,311,114,78,0.8,0.4,0.7,38,41,35,0,0,0,0,0,0,36,0,36,0,0,0,0,0,0,0,0,0,0,37,0,32,36,0,36,0,0,36,41
6,16410,3,KR4MFM,5.88,3,   boost,9.05,87333,1235.86,333.03,77.19,52.7,4.2,4.19,4.11,27.21,0.09,0.13,35.78,0.87,-2.38,0.7,0.11,0.04,22.38,4.19,0,0,0,0,1,1,15,31.0421436,-103.5221288,1217,2026,6,20,23,46,42,67,311,114,78,0.8,0.4,0.7,38,41,35,0,0,0,0,0,0,36,0,36,0,0,0,0,0,0,0,0,0,0,37,0,32,36,0,36,0,0,36,41
6,16410,3,KR4MFM,5.89,3,   boost,1.51,87326,1236.51,333.69,77.28,52.7,4.2,4.19,4.11,11.38,-0.18,0.64,33.89,0.93,-3.35,0.7,0.11,0.04,22.41,4.19,0,0,0,0,1,1,15,31.0421436,-103.5221288,1217,2026,6,20,23,46,42,67,311,114,78,0.8,0.4,0.7,38,41,35,0,0,0,0,0,0,36,0,36,0,0,0,0,0,0,0,0,0,0,37,0,32,36,0,36,0,0,36,41
6,16410,3,KR4MFM,5.9,3,   boost,18.61,87326,1236.51,333.69,77.37,52.7,4.2,4.19,4.11,23.75,0.35,0.47,35.17,-0.05,-2.87,0.7,0.11,0.04,22.42,4.19,0,0,0,0,1,1,15,31.0421436,-103.5221288,1217,2026,6,20,23,46,42,67,311,114,78,0.8,0.4,0.7,38,41,35,0,0,0,0,0,0,36,0,36,0,0,0,0,0,0,0,0,0,0,37,0,32,36,0,36,0,0,36,41
6,16410,3,KR4MFM,5.91,3,   boost,7.54,87305,1238.48,335.66,77.46,52.7,4.2,4.19,4.11,20.4,0.39,0.78,36.09,1.6,-1.95,0.7,0.11,0.04,22.45,4.19,0,0,0,0,1,1,15,31.0421436,-103.5221288,1217,2026,6,20,23,46,42,67,311,114,78,0.8,0.4,0.7,38,41,35,0,0,0,0,0,0,36,0,36,0,0,0,0,0,0,0,0,0,0,37,0,32,36,0,36,0,0,36,41
6,16410,3,KR4MFM,5.92,3,   boost,13.08,87305,1238.48,335.66,77.55,52.7,4.2,4.19,4.11,20.07,0.41,-0.43,38.47,-1.09,-3.78,0.7,0.11,0.04,22.46,4.19,0,0,0,0,1,1,15,31.0421436,-103.5221288,1217,2026,6,20,23,46,42,67,311,114,78,0.8,0.4,0.7,38,41,35,0,0,0,0,0,0,36,0,36,0,0,0,0,0,0,0,0,0,0,37,0,32,36,0,36,0,0,36,41
6,16410,3,KR4MFM,5.93,3,   boost,3.52,87279,1240.93,338.1,77.65,52.7,4.2,4.19,4.11,22.99,0.34,0.41,40.54,0.62,-1.16,0.7,0.11,0.03,22.47,4.19,0,0,0,0,1,1,15,31.0421436,-103.5221288,1217,2026,6,20,23,46,42,67,311,114,78,0.8,0.4,0.7,38,41,35,0,0,0,0,0,0,36,0,36,0,0,0,0,0,0,0,0,0,0,37,0,32,36,0,36,0,0,36,41
6,16410,3,KR4MFM,5.94,3,   boost,20.12,87279,1240.93,338.1,77.74,52.7,4.2,4.19,4.11,11.48,-0.16,-0.22,42.13,0.32,-3.17,0.7,0.11,0.03,22.49,4.19,0,0,0,0,1,1,15,31.0421436,-103.5221288,1217,2026,6,20,23,46,42,67,311,114,78,0.8,0.4,0.7,38,41,35,0,0,0,0,0,0,36,0,36,0,0,0,0,0,0,0,0,0,0,37,0,32,36,0,36,0,0,36,41
6,16410,3,KR4MFM,5.95,3,   boost,12.57,87257,1242.99,340.17,77.84,52.7,4.2,4.19,4.11,31.65,0.16,1.03,44.45,1.11,-2.87,0.7,0.11,0.03,22.52,4.19,0,0,0,0,1,1,15,31.0421436,-103.5221288,1217,2026,6,20,23,46,42,67,311,114,78,0.8,0.4,0.7,38,41,35,0,0,0,0,0,0,36,0,36,0,0,0,0,0,0,0,0,0,0,37,0,32,36,0,36,0,0,36,41
6,16410,3,KR4MFM,5.95,3,   boost,12.57,87257,1242.99,340.17,77.84,52.7,4.2,4.19,4.11,31.65,0.16,1.03,44.45,1.11,-2.87,0.7,0.11,0.03,22.52,4.19,0,0,0,0,1,1,15,31.0421436,-103.5221288,1217,2026,6,20,23,46,42,67,311,114,78,0.8,0.4,0.7,38,41,35,0,0,0,0,0,0,36,0,36,0,0,0,0,0,0,0,0,0,0,37,0,32,36,0,36,0,0,36,41
6,16410,3,KR4MFM,5.95,3,   boost,12.57,87257,1242.99,340.17,77.84,52.7,4.2,4.19,4.11,31.65,0.16,1.03,44.45,1.11,-2.87,0.7,0.11,0.03,22.52,4.19,0,0,0,0,1,1,15,31.0421436,-103.5221288,1217,2026,6,20,23,46,42,67,311,114,78,0.8,0.4,0.7,38,41,35,0,0,0,0,0,0,36,0,36,0,0,0,0,0,0,0,0,0,0,37,0,32,36,0,36,0,0,36,41
6,16410,3,KR4MFM,5.96,3,   boost,4.53,87257,1242.99,340.17,77.94,52.7,4.2,4.19,4.11,15.25,0.28,0.73,46.4,3.13,-2.19,0.7,0.12,0.03,22.55,4.19,0,0,0,0,1,1,15,31.0420006,-103.5218012,1311,2026,6,20,23,46,43,102,411,115,76,0.8,0.4,0.7,38,41,35,0,0,0,0,0,0,35,0,36,0,0,0,0,0,0,0,0,0,0,36,0,35,37,0,37,0,0,39,38
6,16410,3,KR4MFM,5.97,3,   boost,16.6,87247,1243.93,341.11,78.03,52.7,4.2,4.19,4.11,14.96,0.52,0.39,47.99,1.42,-4.33,0.7,0.12,0.02,22.59,4.19,0,0,0,0,1,1,15,31.0420006,-103.5218012,1311,2026,6,20,23,46,43,102,411,115,76,0.8,0.4,0.7,38,41,35,0,0,0,0,0,0,35,0,36,0,0,0,0,0,0,0,0,0,0,36,0,35,37,0,37,0,0,39,38
6,16410,3,KR4MFM,5.98,3,   boost,8.55,87247,1243.93,341.11,78.11,52.7,4.2,4.19,4.11,26.14,0.57,0.55,48.84,3.06,-2.87,0.7,0.12,0.02,22.63,4.19,0,0,0,0,1,1,15,31.0420006,-103.5218012,1311,2026,6,20,23,46,43,102,411,115,76,0.8,0.4,0.7,38,41,35,0,0,0,0,0,0,35,0,36,0,0,0,0,0,0,0,0,0,0,36,0,35,37,0,37,0,0,39,38
6,16410,3,KR4MFM,5.99,3,   boost,6.03,87234,1245.15,342.33,78.2,52.7,4.2,4.19,4.11,11.7,-0.06,0.16,49.21,1.84,-4.33,0.7,0.12,0.02,22.67,4.19,0,0,0,0,1,1,15,31.0420006,-103.5218012,1311,2026,6,20,23,46,43,102,411,115,76,0.8,0.4,0.7,38,41,35,0,0,0,0,0,0,35,0,36,0,0,0,0,0,0,0,0,0,0,36,0,35,37,0,37,0,0,39,38
6,16410,3,KR4MFM,6,3,   boost,9.56,87234,1245.15,342.33,78.28,52.7,4.2,4.19,4.11,28.91,0.24,0.84,51.1,1.42,-3.66,0.7,0.12,0.02,22.7,4.19,0,0,0,0,1,1,15,31.0420006,-103.5218012,1311,2026,6,20,23,46,43,102,411,115,76,0.8,0.4,0.7,38,41,35,0,0,0,0,0,0,35,0,36,0,0,0,0,0,0,0,0,0,0,36,0,35,37,0,37,0,0,39,38
6,16410,3,KR4MFM,6.01,3,   boost,3.52,87223,1246.19,343.36,78.37,52.7,4.2,4.19,4.11,17.21,0.11,0.36,51.59,2.27,-1.77,0.7,0.12,0.02,22.73,4.19,0,0,0,0,1,1,15,31.0420006,-103.5218012,1311,2026,6,20,23,46,43,102,411,115,76,0.8,0.4,0.7,38,41,35,0,0,0,0,0,0,35,0,36,0,0,0,0,0,0,0,0,0,0,36,0,35,37,0,37,0,0,39,38
6,16410,3,KR4MFM,6.02,3,   boost,26.65,87223,1246.19,343.36,78.47,52.7,4.2,4.19,4.11,21.06,0.28,0.3,52.75,1.42,-2.74,0.7,0.12,0.01,22.75,4.19,0,0,0,0,1,1,15,31.0420006,-103.5218012,1311,2026,6,20,23,46,43,102,411,115,76,0.8,0.4,0.7,38,41,35,0,0,0,0,0,0,35,0,36,0,0,0,0,0,0,0,0,0,0,36,0,35,37,0,37,0,0,39,38
6,16410,3,KR4MFM,6.03,3,   boost,8.55,87195,1248.82,346,78.57,52.7,4.2,4.19,4.11,20.88,0.39,-0.16,53.54,1.36,-0.67,0.7,0.12,0.01,22.77,4.19,0,0,0,0,1,1,15,31.0420006,-103.5218012,1311,2026,6,20,23,46,43,102,411,115,76,0.8,0.4,0.7,38,41,35,0,0,0,0,0,0,35,0,36,0,0,0,0,0,0,0,0,0,0,36,0,35,37,0,37,0,0,39,38
6,16410,3,KR4MFM,6.04,3,   boost,10.56,87195,1248.82,346,78.68,52.7,4.2,4.19,4.11,13.89,0.22,-0.51,54.28,1.29,-2.8,0.7,0.12,0.01,22.79,4.19,0,0,0,0,1,1,15,31.0420006,-103.5218012,1311,2026,6,20,23,46,43,102,411,115,76,0.8,0.4,0.7,38,41,35,0,0,0,0,0,0,35,0,36,0,0,0,0,0,0,0,0,0,0,36,0,35,37,0,37,0,0,39,38
6,16410,3,KR4MFM,6.05,3,   boost,4.02,87174,1250.79,347.97,78.78,52.7,4.2,4.19,4.11,21.93,0.41,0.38,55.8,0.81,-2.32,0.7,0.12,0.01,22.81,4.19,0,0,0,0,1,1,15,31.0420006,-103.5218012,1311,2026,6,20,23,46,43,102,411,115,76,0.8,0.4,0.7,38,41,35,0,0,0,0,0,0,35,0,36,0,0,0,0,0,0,0,0,0,0,36,0,35,37,0,37,0,0,39,38
6,16410,3,KR4MFM,6.06,3,   boost,27.66,87174,1250.79,347.97,78.89,52.7,4.2,4.19,4.11,12.16,0.06,0.44,56.41,5.32,-2.99,0.7,0.12,0.01,22.87,4.19,0,0,0,0,1,1,15,31.0420006,-103.5218012,1311,2026,6,20,23,46,43,102,411,115,76,0.8,0.4,0.7,38,41,35,0,0,0,0,0,0,35,0,36,0,0,0,0,0,0,0,0,0,0,36,0,35,37,0,37,0,0,39,38
6,16410,3,KR4MFM,6.07,3,   boost,11.57,87146,1253.43,350.6,78.98,52.7,4.2,4.19,4.11,33.4,0.27,1.27,56.6,1.9,-3.23,0.7,0.12,0,22.91,4.19,0,0,0,0,1,1,15,31.0420006,-103.5218012,1311,2026,6,20,23,46,43,102,411,115,76,0.8,0.4,0.7,38,41,35,0,0,0,0,0,0,35,0,36,0,0,0,0,0,0,0,0,0,0,36,0,35,37,0,37,0,0,39,38
6,16410,3,KR4MFM,6.08,3,   boost,0,87146,1253.43,350.6,79.07,52.7,4.2,4.19,4.11,16.32,0.11,0.73,55.99,4.16,-1.16,0.7,0.12,0,22.95,4.19,0,0,0,0,1,1,15,31.0420006,-103.5218012,1311,2026,6,20,23,46,43,102,411,115,76,0.8,0.4,0.7,38,41,35,0,0,0,0,0,0,35,0,36,0,0,0,0,0,0,0,0,0,0,36,0,35,37,0,37,0,0,39,38
6,16410,3,KR4MFM,6.09,3,   boost,11.06,87124,1255.5,352.67,79.15,52.7,4.2,4.19,4.11,20.5,0.55,0.96,55.44,0.93,-3.05,0.7,0.12,0,22.97,4.19,0,0,0,0,1,1,15,31.0420006,-103.5218012,1311,2026,6,20,23,46,43,102,411,115,76,0.8,0.4,0.7,38,41,35,0,0,0,0,0,0,35,0,36,0,0,0,0,0,0,0,0,0,0,36,0,35,37,0,37,0,0,39,38
6,16410,3,KR4MFM,6.1,3,   boost,5.53,87124,1255.5,352.67,79.22,52.7,4.2,4.19,4.11,22.76,0.7,0.06,52.93,3.49,-0.73,0.7,0.12,-0.01,23,4.19,0,0,0,0,1,1,15,31.0420006,-103.5218012,1311,2026,6,20,23,46,43,102,411,115,76,0.8,0.4,0.7,38,41,35,0,0,0,0,0,0,35,0,36,0,0,0,0,0,0,0,0,0,0,36,0,35,37,0,37,0,0,39,38
6,16410,3,KR4MFM,6.1,3,   boost,5.53,87124,1255.5,352.67,79.22,52.7,4.2,4.19,4.11,22.76,0.7,0.06,52.93,3.49,-0.73,0.7,0.12,-0.01,23,4.19,0,0,0,0,1,1,15,31.0420006,-103.5218012,1311,2026,6,20,23,46,43,102,411,115,76,0.8,0.4,0.7,38,41,35,0,0,0,0,0,0,35,0,36,0,0,0,0,0,0,0,0,0,0,36,0,35,37,0,37,0,0,39,38
6,16410,3,KR4MFM,6.11,3,   boost,12.57,87120,1255.87,353.05,79.29,52.7,4.2,4.19,4.11,10.74,0.18,-0.89,51.35,1.84,-3.17,0.7,0.12,-0.01,23.03,4.19,0,0,0,0,1,1,15,31.0420006,-103.5218012,1311,2026,6,20,23,46,43,102,411,115,76,0.8,0.4,0.7,38,41,35,0,0,0,0,0,0,35,0,36,0,0,0,0,0,0,0,0,0,0,36,0,35,37,0,37,0,0,39,38
6,16410,3,KR4MFM,6.12,3,   boost,11.57,87120,1255.87,353.05,79.36,52.7,4.2,4.19,4.11,23.92,0.22,0.26,50.86,2.39,-2.5,0.7,0.12,-0.01,23.07,4.19,0,0,0,0,1,1,15,31.0420006,-103.5218012,1311,2026,6,20,23,46,43,102,411,115,76,0.8,0.4,0.7,38,41,35,0,0,0,0,0,0,35,0,36,0,0,0,0,0,0,0,0,0,0,36,0,35,37,0,37,0,0,39,38
6,16410,3,KR4MFM,6.13,3,   boost,-2.51,87108,1257,354.18,79.44,52.7,4.2,4.19,4.11,15.12,-0.24,0.13,52.69,2.94,-1.22,0.7,0.12,-0.01,23.1,4.19,0,0,0,0,1,1,15,31.0420006,-103.5218012,1311,2026,6,20,23,46,43,102,411,115,76,0.8,0.4,0.7,38,41,35,0,0,0,0,0,0,35,0,36,0,0,0,0,0,0,0,0,0,0,36,0,35,37,0,37,0,0,39,38
6,16410,3,KR4MFM,6.14,3,   boost,17.1,87108,1257,354.18,79.52,52.7,4.2,4.19,4.11,25.17,0.31,1.08,53.42,1.23,-2.19,0.7,0.12,-0.02,23.12,4.19,0,0,0,0,1,1,15,31.0420006,-103.5218012,1311,2026,6,20,23,46,43,102,411,115,76,0.8,0.4,0.7,38,41,35,0,0,0,0,0,0,35,0,36,0,0,0,0,0,0,0,0,0,0,36,0,35,37,0,37,0,0,39,38
6,16410,3,KR4MFM,6.15,3,   boost,9.05,87062,1261.33,358.51,79.61,52.7,4.2,4.19,4.11,20.63,0.34,0.42,51.53,1.36,-0.24,0.7,0.12,-0.02,23.13,4.19,0,0,0,0,1,1,15,31.0420006,-103.5218012,1311,2026,6,20,23,46,43,102,411,115,76,0.8,0.4,0.7,38,41,35,0,0,0,0,0,0,35,0,36,0,0,0,0,0,0,0,0,0,0,36,0,35,37,0,37,0,0,39,38
6,16410,3,KR4MFM,6.16,3,   boost,16.6,87062,1261.33,358.51,79.7,52.7,4.2,4.19,4.11,13.94,0.34,0.13,50.25,2.09,-1.03,0.7,0.12,-0.02,23.16,4.19,0,0,0,0,1,1,15,31.0420006,-103.5218012,1311,2026,6,20,23,46,43,102,411,115,76,0.8,0.4,0.7,38,41,35,0,0,0,0,0,0,35,0,36,0,0,0,0,0,0,0,0,0,0,36,0,35,37,0,37,0,0,39,38
6,16410,3,KR4MFM,6.17,3,   boost,10.06,87038,1263.59,360.77,79.79,52.7,4.2,4.19,4.11,26.54,0.39,0.05,49.64,1.36,-1.64,0.7,0.12,-0.02,23.17,4.19,0,0,0,0,1,1,15,31.0420006,-103.5218012,1311,2026,6,20,23,46,43,102,411,115,76,0.8,0.4,0.7,38,41,35,0,0,0,0,0,0,35,0,36,0,0,0,0,0,0,0,0,0,0,36,0,35,37,0,37,0,0,39,38
6,16410,3,KR4MFM,6.18,3,   boost,-0.5,87038,1263.59,360.77,79.88,52.7,4.2,4.19,4.11,9.84,-0.1,0.2,50.25,3.74,-1.46,0.7,0.13,-0.03,23.21,4.19,0,0,0,0,1,1,15,31.0420006,-103.5218012,1311,2026,6,20,23,46,43,102,411,115,76,0.8,0.4,0.7,38,41,35,0,0,0,0,0,0,35,0,36,0,0,0,0,0,0,0,0,0,0,36,0,35,37,0,37,0,0,39,38
6,16410,3,KR4MFM,6.19,3,   boost,21.62,87036,1263.78,360.95,79.96,52.7,4.2,4.19,4.11,22.44,0.27,0.45,51.41,1.72,-3.72,0.7,0.13,-0.03,23.24,4.19,0,0,0,0,1,1,15,31.0420006,-103.5218012,1311,2026,6,20,23,46,43,102,411,115,76,0.8,0.4,0.7,38,41,35,0,0,0,0,0,0,35,0,36,0,0,0,0,0,0,0,0,0,0,36,0,35,37,0,37,0,0,39,38
6,16410,3,KR4MFM,6.2,3,   boost,10.06,87036,1263.78,360.95,80.05,52.7,4.2,4.19,4.11,18.03,0.11,0.29,52.32,4.1,-1.46,0.7,0.13,-0.03,23.29,4.19,0,0,0,0,1,1,15,31.0420006,-103.5218012,1311,2026,6,20,23,46,43,102,411,115,76,0.8,0.4,0.7,38,41,35,0,0,0,0,0,0,35,0,36,0,0,0,0,0,0,0,0,0,0,36,0,35,37,0,37,0,0,39,38
6,16410,3,KR4MFM,6.21,3,   boost,4.02,87026,1264.72,361.9,80.13,52.7,4.2,4.19,4.11,10.91,-0.11,0.69,52.99,2.15,-2.87,0.7,0.13,-0.03,23.32,4.19,0,0,0,0,1,1,15,31.0420006,-103.5218012,1311,2026,6,20,23,46,43,102,411,115,76,0.8,0.4,0.7,38,41,35,0,0,0,0,0,0,35,0,36,0,0,0,0,0,0,0,0,0,0,36,0,35,37,0,37,0,0,39,38
6,16410,3,KR4MFM,6.22,3,   boost,7.54,87026,1264.72,361.9,80.21,52.7,4.2,4.19,4.11,23.89,0.49,0.49,53.06,1.78,-1.34,0.7,0.13,-0.04,23.34,4.19,0,0,0,0,1,1,15,31.0420006,-103.5218012,1311,2026,6,20,23,46,43,102,411,115,76,0.8,0.4,0.7,38,41,35,0,0,0,0,0,0,35,0,36,0,0,0,0,0,0,0,0,0,0,36,0,35,37,0,37,0,0,39,38
6,16410,3,KR4MFM,6.23,3,   boost,17.6,87026,1264.72,361.9,80.29,52.7,4.2,4.19,4.11,20.81,0.38,0.64,55.62,2.7,-0.36,0.69,0.12,-0.03,23.37,4.19,0,0,0,0,1,1,15,31.0420006,-103.5218012,1311,2026,6,20,23,46,43,102,411,115,76,0.8,0.4,0.7,38,41,35,0,0,0,0,0,0,35,0,36,0,0,0,0,0,0,0,0,0,0,36,0,35,37,0,37,0,0,39,38
6,16410,3,KR4MFM,6.24,3,   boost,7.54,87026,1264.72,361.9,80.37,52.7,4.2,4.19,4.11,17.66,0.44,-0.12,57.88,1.6,-1.34,0.69,0.12,-0.04,23.38,4.19,0,0,0,0,1,1,15,31.0420006,-103.5218012,1311,2026,6,20,23,46,43,102,411,115,76,0.8,0.4,0.7,38,41,35,0,0,0,0,0,0,35,0,36,0,0,0,0,0,0,0,0,0,0,36,0,35,37,0,37,0,0,39,38
6,16410,3,KR4MFM,6.25,3,   boost,0,86978,1269.24,366.42,80.45,52.7,4.2,4.19,4.11,22.11,0.37,-0.11,58.55,2.7,0.61,0.7,0.12,-0.04,23.41,4.19,0,0,0,0,1,1,15,31.0420006,-103.5218012,1311,2026,6,20,23,46,43,102,411,115,76,0.8,0.4,0.7,38,41,35,0,0,0,0,0,0,35,0,36,0,0,0,0,0,0,0,0,0,0,36,0,35,37,0,37,0,0,39,38
6,16410,3,KR4MFM,6.26,3,   boost,18.61,86978,1269.24,366.42,80.54,52.7,4.2,4.19,4.11,10.6,-0.1,0.03,59.22,2.45,-1.83,0.69,0.12,-0.04,23.44,4.19,0,0,0,0,1,1,15,31.0420006,-103.5218012,1311,2026,6,20,23,46,43,102,411,115,76,0.8,0.4,0.7,38,41,35,0,0,0,0,0,0,35,0,36,0,0,0,0,0,0,0,0,0,0,36,0,35,37,0,37,0,0,39,38
6,16410,3,KR4MFM,6.27,3,   boost,10.56,86956,1271.31,368.49,80.62,52.7,4.2,4.19,4.11,29.15,0.24,0.54,59.1,3.61,-0.73,0.69,0.12,-0.05,23.47,4.19,0,0,0,0,1,1,15,31.0420006,-103.5218012,1311,2026,6,20,23,46,43,102,411,115,76,0.8,0.4,0.7,38,41,35,0,0,0,0,0,0,35,0,36,0,0,0,0,0,0,0,0,0,0,36,0,35,37,0,37,0,0,39,38
6,16410,3,KR4MFM,6.28,3,   boost,13.58,86956,1271.31,368.49,80.7,52.7,4.2,4.19,4.11,14.4,0.24,1.02,59.16,4.29,-1.34,0.69,0.12,-0.05,23.52,4.19,0,0,0,0,1,1,15,31.0420006,-103.5218012,1311,2026,6,20,23,46,43,102,411,115,76,0.8,0.4,0.7,38,41,35,0,0,0,0,0,0,35,0,36,0,0,0,0,0,0,0,0,0,0,36,0,35,37,0,37,0,0,39,38
6,16410,3,KR4MFM,6.29,3,   boost,7.04,86949,1271.97,369.15,80.78,52.7,4.2,4.19,4.11,24.87,0.63,1.08,59.1,2.52,-2.07,0.7,0.12,-0.05,23.55,4.19,0,0,0,0,1,1,15,31.0420006,-103.5218012,1311,2026,6,20,23,46,43,102,411,115,76,0.8,0.4,0.7,38,41,35,0,0,0,0,0,0,35,0,36,0,0,0,0,0,0,0,0,0,0,36,0,35,37,0,37,0,0,39,38
6,16410,3,KR4MFM,6.3,3,   boost,-2.51,86949,1271.97,369.15,80.86,52.7,4.2,4.19,4.11,20.81,0.66,0.56,58.79,4.04,-0.24,0.7,0.12,-0.06,23.59,4.19,0,0,0,0,1,1,15,31.0420006,-103.5218012,1311,2026,6,20,23,46,43,102,411,115,76,0.8,0.4,0.7,38,41,35,0,0,0,0,0,0,35,0,36,0,0,0,0,0,0,0,0,0,0,36,0,35,37,0,37,0,0,39,38
6,16410,3,KR4MFM,6.31,3,   boost,15.09,86936,1273.2,370.37,80.94,52.7,4.2,4.19,4.11,15.77,0.47,-0.6,57.51,1.48,-1.83,0.7,0.12,-0.06,23.61,4.19,0,0,0,0,1,1,15,31.0420006,-103.5218012,1311,2026,6,20,23,46,43,102,411,115,76,0.8,0.4,0.7,38,41,35,0,0,0,0,0,0,35,0,36,0,0,0,0,0,0,0,0,0,0,36,0,35,37,0,37,0,0,39,38
6,16410,3,KR4MFM,6.32,3,   boost,12.07,86936,1273.2,370.37,81.02,52.7,4.2,4.19,4.11,19.54,0.23,-0.14,54.89,2.58,0.49,0.7,0.12,-0.06,23.63,4.19,0,0,0,0,1,1,15,31.0420006,-103.5218012,1311,2026,6,20,23,46,43,102,411,115,76,0.8,0.4,0.7,38,41,35,0,0,0,0,0,0,35,0,36,0,0,0,0,0,0,0,0,0,0,36,0,35,37,0,37,0,0,39,38
6,16410,3,KR4MFM,6.33,3,   boost,23.13,86915,1275.18,372.35,81.11,52.7,4.2,4.19,4.11,10.32,-0.14,-0.2,53.12,1.72,-1.22,0.7,0.12,-0.06,23.65,4.19,0,0,0,0,1,1,15,31.0420006,-103.5218012,1311,2026,6,20,23,46,43,102,411,115,76,0.8,0.4,0.7,38,41,35,0,0,0,0,0,0,35,0,36,0,0,0,0,0,0,0,0,0,0,36,0,35,37,0,37,0,0,39,38
6,16410,3,KR4MFM,6.34,3,   boost,3.52,86915,1275.18,372.35,81.19,52.7,4.2,4.19,4.11,29.3,0.18,0.52,52.26,2.09,-0.12,0.69,0.12,-0.07,23.67,4.19,0,0,0,0,1,1,15,31.0420006,-103.5218012,1311,2026,6,20,23,46,43,102,411,115,76,0.8,0.4,0.7,38,41,35,0,0,0,0,0,0,35,0,36,0,0,0,0,0,0,0,0,0,0,36,0,35,37,0,37,0,0,39,38
6,16410,3,KR4MFM,6.35,3,   boost,-2.51,86903,1276.31,373.48,81.26,52.7,4.2,4.19,4.11,14.89,0.22,1.27,52.45,4.29,-0.55,0.69,0.12,-0.07,23.71,4.19,0,0,0,0,1,1,15,31.0420006,-103.5218012,1311,2026,6,20,23,46,43,102,411,115,76,0.8,0.4,0.7,38,41,35,0,0,0,0,0,0,35,0,36,0,0,0,0,0,0,0,0,0,0,36,0,35,37,0,37,0,0,39,38
6,16410,3,KR4MFM,6.36,3,   boost,11.06,86903,1276.31,373.48,81.32,52.7,4.2,4.19,4.11,26.22,0.68,1.05,52.75,1.05,-1.28,0.69,0.12,-0.07,23.73,4.19,0,0,0,0,1,1,15,31.0420006,-103.5218012,1311,2026,6,20,23,46,43,102,411,115,76,0.8,0.4,0.7,38,41,35,0,0,0,0,0,0,35,0,36,0,0,0,0,0,0,0,0,0,0,36,0,35,37,0,37,0,0,39,38
6,16410,3,KR4MFM,6.37,3,   boost,9.56,86882,1278.29,375.46,81.37,52.7,4.2,4.19,4.11,20.23,0.85,0.65,51.71,3.37,0.86,0.69,0.12,-0.07,23.76,4.19,0,0,0,0,1,1,15,31.0420006,-103.5218012,1311,2026,6,20,23,46,43,102,411,115,76,0.8,0.4,0.7,38,41,35,0,0,0,0,0,0,35,0,36,0,0,0,0,0,0,0,0,0,0,36,0,35,37,0,37,0,0,39,38
6,16410,3,KR4MFM,6.38,3,   boost,3.52,86882,1278.29,375.46,81.43,52.7,4.2,4.19,4.11,17.87,0.6,-0.32,50.92,-0.11,-1.71,0.69,0.12,-0.07,23.76,4.19,0,0,0,0,1,1,15,31.0420006,-103.5218012,1311,2026,6,20,23,46,43,102,411,115,76,0.8,0.4,0.7,38,41,35,0,0,0,0,0,0,35,0,36,0,0,0,0,0,0,0,0,0,0,36,0,35,37,0,37,0,0,39,38
6,16410,3,KR4MFM,6.39,3,   boost,2.51,86852,1281.12,378.29,81.51,52.7,4.2,4.19,4.11,19.34,0.37,-0.1,49.03,1.72,1.22,0.69,0.12,-0.07,23.78,4.19,0,0,0,0,1,1,15,31.0420006,-103.5218012,1311,2026,6,20,23,46,43,102,411,115,76,0.8,0.4,0.7,38,41,35,0,0,0,0,0,0,35,0,36,0,0,0,0,0,0,0,0,0,0,36,0,35,37,0,37,0,0,39,38
6,16410,3,KR4MFM,6.4,3,   boost,23.64,86852,1281.12,378.29,81.59,52.7,4.2,4.19,4.11,10.78,-0.12,0,47.44,1.48,-0.79,0.7,0.12,-0.08,23.79,4.19,0,0,0,0,1,1,15,31.0420006,-103.5218012,1311,2026,6,20,23,46,43,102,411,115,76,0.8,0.4,0.7,38,41,35,0,0,0,0,0,0,35,0,36,0,0,0,0,0,0,0,0,0,0,36,0,35,37,0,37,0,0,39,38
6,16410,3,KR4MFM,6.41,3,   boost,11.57,86825,1283.66,380.84,81.68,52.7,4.2,4.19,4.11,27.21,-0.06,0.59,46.53,1.84,-0.18,0.7,0.12,-0.08,23.81,4.19,0,0,0,0,1,1,15,31.0420006,-103.5218012,1311,2026,6,20,23,46,43,102,411,115,76,0.8,0.4,0.7,38,41,35,0,0,0,0,0,0,35,0,36,0,0,0,0,0,0,0,0,0,0,36,0,35,37,0,37,0,0,39,38
6,16410,3,KR4MFM,6.42,3,   boost,12.57,86825,1283.66,380.84,81.76,52.7,4.19,4.19,4.11,14.56,0.06,1.33,46.59,2.82,0.31,0.7,0.12,-0.08,23.84,4.21,0,0,0,0,1,1,15,31.0420006,-103.5218012,1311,2026,6,20,23,46,43,102,411,115,76,0.8,0.4,0.7,38,41,35,0,0,0,0,0,0,35,0,36,0,0,0,0,0,0,0,0,0,0,36,0,35,37,0,37,0,0,39,38
6,16410,3,KR4MFM,6.42,3,   boost,12.57,86825,1283.66,380.84,81.76,52.7,4.19,4.19,4.11,14.56,0.06,1.33,46.59,2.82,0.31,0.7,0.12,-0.08,23.84,4.21,0,0,0,0,1,1,15,31.0420006,-103.5218012,1311,2026,6,20,23,46,43,102,411,115,76,0.8,0.4,0.7,38,41,35,0,0,0,0,0,0,35,0,36,0,0,0,0,0,0,0,0,0,0,36,0,35,37,0,37,0,0,39,38
6,16410,3,KR4MFM,6.43,3,   boost,4.53,86807,1285.36,382.54,81.84,52.7,4.19,4.19,4.11,29.5,0.73,1.13,45.98,1.23,-0.42,0.7,0.12,-0.09,23.85,4.21,0,0,0,0,1,1,15,31.0420006,-103.5218012,1311,2026,6,20,23,46,43,102,411,115,76,0.8,0.4,0.7,38,41,35,0,0,0,0,0,0,35,0,36,0,0,0,0,0,0,0,0,0,0,36,0,35,37,0,37,0,0,39,38
6,16410,3,KR4MFM,6.44,3,   boost,-5.03,86807,1285.36,382.54,81.92,52.7,4.19,4.19,4.11,18.54,0.86,0.56,44.63,1.54,1.59,0.69,0.12,-0.09,23.86,4.21,0,0,0,0,1,1,15,31.0420006,-103.5218012,1311,2026,6,20,23,46,43,102,411,115,76,0.8,0.4,0.7,38,41,35,0,0,0,0,0,0,35,0,36,0,0,0,0,0,0,0,0,0,0,36,0,35,37,0,37,0,0,39,38
6,16410,3,KR4MFM,6.45,3,   boost,19.61,86797,1286.3,383.48,81.99,52.7,4.19,4.19,4.11,19.43,0.65,0.27,43.05,-0.35,-1.03,0.69,0.12,-0.09,23.86,4.21,0,0,0,0,1,1,15,31.0420006,-103.5218012,1311,2026,6,20,23,46,43,102,411,115,76,0.8,0.4,0.7,38,41,35,0,0,0,0,0,0,35,0,36,0,0,0,0,0,0,0,0,0,0,36,0,35,37,0,37,0,0,39,38
6,16410,3,KR4MFM,6.46,3,   boost,10.56,86797,1286.3,383.48,82.08,52.7,4.19,4.19,4.11,18.47,0.4,-0.37,40.6,0.87,0.98,0.69,0.12,-0.09,23.87,4.21,0,0,0,0,1,1,15,31.0420006,-103.5218012,1311,2026,6,20,23,46,43,102,411,115,76,0.8,0.4,0.7,38,41,35,0,0,0,0,0,0,35,0,36,0,0,0,0,0,0,0,0,0,0,36,0,35,37,0,37,0,0,39,38
6,16410,3,KR4MFM,6.47,3,   boost,22.63,86775,1288.38,385.56,82.17,52.7,4.19,4.19,4.11,10.27,-0.24,-0.63,39.57,0.81,-1.16,0.69,0.12,-0.09,23.88,4.21,0,0,0,0,1,1,15,31.0420006,-103.5218012,1311,2026,6,20,23,46,43,102,411,115,76,0.8,0.4,0.7,38,41,35,0,0,0,0,0,0,35,0,36,0,0,0,0,0,0,0,0,0,0,36,0,35,37,0,37,0,0,39,38
6,16410,3,KR4MFM,6.48,3,   boost,5.53,86775,1288.38,385.56,82.24,52.7,4.19,4.19,4.11,22.57,-0.09,-0.05,39.26,0.13,0.31,0.69,0.11,-0.09,23.88,4.21,0,0,0,0,1,1,15,31.0420006,-103.5218012,1311,2026,6,20,23,46,43,102,411,115,76,0.8,0.4,0.7,38,41,35,0,0,0,0,0,0,35,0,36,0,0,0,0,0,0,0,0,0,0,36,0,35,37,0,37,0,0,39,38
6,16410,3,KR4MFM,6.49,3,   boost,-1.01,86747,1291.02,388.2,82.31,52.7,4.19,4.19,4.11,13.53,-0.1,0.69,38.53,2.64,0.86,0.69,0.11,-0.09,23.9,4.21,0,0,0,0,1,1,15,31.0420006,-103.5218012,1311,2026,6,20,23,46,43,102,411,115,76,0.8,0.4,0.7,38,41,35,0,0,0,0,0,0,35,0,36,0,0,0,0,0,0,0,0,0,0,36,0,35,37,0,37,0,0,39,38
6,16410,3,KR4MFM,6.5,3,   boost,3.02,86747,1291.02,388.2,82.37,52.7,4.19,4.19,4.11,30.53,0.64,1.49,38.22,-0.17,-0.18,0.69,0.11,-0.09,23.9,4.21,0,0,0,0,1,1,15,31.0420006,-103.5218012,1311,2026,6,20,23,46,43,102,411,115,76,0.8,0.4,0.7,38,41,35,0,0,0,0,0,0,35,0,36,0,0,0,0,0,0,0,0,0,0,36,0,35,37,0,37,0,0,39,38
6,16410,3,KR4MFM,6.51,3,   boost,7.04,86746,1291.12,388.29,82.42,52.7,4.19,4.19,4.11,18.02,0.59,1.1,36.82,1.17,1.22,0.7,0.12,-0.1,23.91,4.21,0,0,0,0,1,1,15,31.0420006,-103.5218012,1311,2026,6,20,23,46,43,102,411,115,76,0.8,0.4,0.7,38,41,35,0,0,0,0,0,0,35,0,36,0,0,0,0,0,0,0,0,0,0,36,0,35,37,0,37,0,0,39,38
6,16410,3,KR4MFM,6.52,3,   boost,20.62,86746,1291.12,388.29,82.48,52.7,4.19,4.19,4.11,34.4,0.8,1.66,35.05,-2.25,-0.73,0.69,0.11,-0.1,23.89,4.21,0,0,0,0,1,1,15,31.0420006,-103.5218012,1311,2026,6,20,23,46,43,102,411,115,76,0.8,0.4,0.7,38,41,35,0,0,0,0,0,0,35,0,36,0,0,0,0,0,0,0,0,0,0,36,0,35,37,0,37,0,0,39,38
6,16410,3,KR4MFM,6.53,3,   boost,-1.01,86738,1291.87,389.05,82.55,52.7,4.19,4.19,4.11,13.11,0.34,0.41,32.61,0.26,1.77,0.69,0.11,-0.1,23.89,4.21,0,0,0,0,1,1,15,31.0420006,-103.5218012,1311,2026,6,20,23,46,43,102,411,115,76,0.8,0.4,0.7,38,41,35,0,0,0,0,0,0,35,0,36,0,0,0,0,0,0,0,0,0,0,36,0,35,37,0,37,0,0,39,38
6,16410,3,KR4MFM,6.54,3,   boost,9.05,86738,1291.87,389.05,82.63,52.7,4.19,4.19,4.11,15.55,0.05,-0.14,32.24,-0.48,-1.71,0.7,0.11,-0.1,23.89,4.21,0,0,0,0,1,1,15,31.0420006,-103.5218012,1311,2026,6,20,23,46,43,102,411,115,76,0.8,0.4,0.7,38,41,35,0,0,0,0,0,0,35,0,36,0,0,0,0,0,0,0,0,0,0,36,0,35,37,0,37,0,0,39,38
6,16410,3,KR4MFM,6.55,3,   boost,7.04,86711,1294.42,391.6,82.72,52.7,4.19,4.19,4.11,18.64,-0.1,-0.17,31.75,0.87,1.1,0.69,0.11,-0.1,23.9,4.21,0,0,0,0,1,1,15,31.0420006,-103.5218012,1311,2026,6,20,23,46,43,102,411,115,76,0.8,0.4,0.7,38,41,35,0,0,0,0,0,0,35,0,36,0,0,0,0,0,0,0,0,0,0,36,0,35,37,0,37,0,0,39,38
6,16410,3,KR4MFM,6.56,3,   boost,24.14,86711,1294.42,391.6,82.81,52.7,4.19,4.19,4.11,10.63,-0.11,-0.91,31.45,0.38,0,0.69,0.11,-0.1,23.9,4.21,0,0,0,0,1,1,15,31.0420006,-103.5218012,1311,2026,6,20,23,46,43,102,411,115,76,0.8,0.4,0.7,38,41,35,0,0,0,0,0,0,35,0,36,0,0,0,0,0,0,0,0,0,0,36,0,35,37,0,37,0,0,39,38
6,16410,3,KR4MFM,6.57,3,   boost,11.06,86686,1296.78,393.96,82.89,52.7,4.19,4.19,4.11,24.84,0.37,0.29,31.45,-0.41,-0.24,0.69,0.11,-0.11,23.9,4.21,0,0,0,0,1,1,15,31.0420006,-103.5218012,1311,2026,6,20,23,46,43,102,411,115,76,0.8,0.4,0.7,38,41,35,0,0,0,0,0,0,35,0,36,0,0,0,0,0,0,0,0,0,0,36,0,35,37,0,37,0,0,39,38
6,16410,3,KR4MFM,6.58,3,   boost,4.53,86686,1296.78,393.96,82.96,52.7,4.19,4.19,4.11,13.43,0.39,0.59,29.92,0.56,0.86,0.69,0.11,-0.11,23.9,4.21,0,0,0,0,1,1,15,31.0420006,-103.5218012,1311,2026,6,20,23,46,43,102,411,115,76,0.8,0.4,0.7,38,41,35,0,0,0,0,0,0,35,0,36,0,0,0,0,0,0,0,0,0,0,36,0,35,37,0,37,0,0,39,38
6,16410,3,KR4MFM,6.59,3,   boost,-0.5,86666,1298.67,395.85,83.04,52.7,4.19,4.19,4.11,29.81,0.76,1.37,28.03,-2.06,-1.64,0.69,0.11,-0.11,23.88,4.21,0,0,0,0,1,1,15,31.0420006,-103.5218012,1311,2026,6,20,23,46,43,102,411,115,76,0.8,0.4,0.7,38,41,35,0,0,0,0,0,0,35,0,36,0,0,0,0,0,0,0,0,0,0,36,0,35,37,0,37,0,0,39,38
6,16410,3,KR4MFM,6.6,3,   boost,3.52,86666,1298.67,395.85,83.11,52.7,4.19,4.19,4.11,18.71,0.3,1.25,26.87,-0.84,0.98,0.69,0.11,-0.11,23.87,4.21,0,0,0,0,1,1,15,31.0420006,-103.5218012,1311,2026,6,20,23,46,43,102,411,115,76,0.8,0.4,0.7,38,41,35,0,0,0,0,0,0,35,0,36,0,0,0,0,0,0,0,0,0,0,36,0,35,37,0,37,0,0,39,38
6,16410,3,KR4MFM,6.61,3,   boost,21.62,86640,1301.13,398.3,83.2,52.7,4.19,4.19,4.11,25.25,0.35,0.55,26.14,-1.21,-1.28,0.69,0.11,-0.11,23.86,4.21,0,0,0,0,1,1,15,31.0420006,-103.5218012,1311,2026,6,20,23,46,43,102,411,115,76,0.8,0.4,0.7,38,41,35,0,0,0,0,0,0,35,0,36,0,0,0,0,0,0,0,0,0,0,36,0,35,37,0,37,0,0,39,38
6,16410,3,KR4MFM,6.62,3,   boost,16.09,86640,1301.13,398.3,83.29,52.7,4.19,4.19,4.11,15.73,0.24,0.04,27.67,-1.02,1.35,0.7,0.11,-0.11,23.85,4.21,0,0,0,0,1,1,15,31.0420006,-103.5218012,1311,2026,6,20,23,46,43,102,411,115,76,0.8,0.4,0.7,38,41,35,0,0,0,0,0,0,35,0,36,0,0,0,0,0,0,0,0,0,0,36,0,35,37,0,37,0,0,39,38
6,16410,3,KR4MFM,6.63,3,   boost,18.1,86632,1301.88,399.06,83.37,52.7,4.19,4.19,4.11,11.93,0.17,-0.83,29.56,0.26,-0.24,0.69,0.11,-0.11,23.85,4.21,0,0,0,0,1,1,15,31.0420006,-103.5218012,1311,2026,6,20,23,46,43,102,411,115,76,0.8,0.4,0.7,38,41,35,0,0,0,0,0,0,35,0,36,0,0,0,0,0,0,0,0,0,0,36,0,35,37,0,37,0,0,39,38
6,16410,3,KR4MFM,6.64,3,   boost,-2.51,86632,1301.88,399.06,83.45,52.7,4.19,4.19,4.11,19.37,0.47,-0.57,31.27,-0.66,-0.12,0.69,0.11,-0.11,23.85,4.21,0,0,0,0,1,1,15,31.0420006,-103.5218012,1311,2026,6,20,23,46,43,102,411,115,76,0.8,0.4,0.7,38,41,35,0,0,0,0,0,0,35,0,36,0,0,0,0,0,0,0,0,0,0,36,0,35,37,0,37,0,0,39,38
6,16410,3,KR4MFM,6.65,3,   boost,-1.51,86624,1302.64,399.82,83.5,52.7,4.19,4.19,4.11,12.8,0.11,0.18,32.06,1.48,-0.3,0.69,0.11,-0.12,23.86,4.21,0,0,0,0,1,1,15,31.0420006,-103.5218012,1311,2026,6,20,23,46,43,102,411,115,76,0.8,0.4,0.7,38,41,35,0,0,0,0,0,0,35,0,36,0,0,0,0,0,0,0,0,0,0,36,0,35,37,0,37,0,0,39,38
6,16410,3,KR4MFM,6.66,3,   boost,10.06,86624,1302.64,399.82,83.55,52.7,4.19,4.19,4.11,24.53,0.14,0.75,33.89,-1.33,-1.77,0.69,0.11,-0.12,23.85,4.21,0,0,0,0,1,1,15,31.0420006,-103.5218012,1311,2026,6,20,23,46,43,102,411,115,76,0.8,0.4,0.7,38,41,35,0,0,0,0,0,0,35,0,36,0,0,0,0,0,0,0,0,0,0,36,0,35,37,0,37,0,0,39,38
6,16410,3,KR4MFM,6.67,3,   boost,10.56,86601,1304.81,401.99,83.59,52.7,4.19,4.19,4.11,15.8,-0.24,0.42,34.5,0.62,0.8,0.69,0.11,-0.12,23.86,4.21,0,0,0,0,1,1,15,31.0420006,-103.5218012,1311,2026,6,20,23,46,43,102,411,115,76,0.8,0.4,0.7,38,41,35,0,0,0,0,0,0,35,0,36,0,0,0,0,0,0,0,0,0,0,36,0,35,37,0,37,0,0,39,38
6,16410,3,KR4MFM,6.68,3,   boost,-0.5,86601,1304.81,401.99,83.63,52.7,4.19,4.19,4.11,32.31,0.14,1.31,34.01,-2.43,-0.79,0.69,0.1,-0.12,23.83,4.21,0,0,0,0,1,1,15,31.0420006,-103.5218012,1311,2026,6,20,23,46,43,102,411,115,76,0.8,0.4,0.7,38,41,35,0,0,0,0,0,0,35,0,36,0,0,0,0,0,0,0,0,0,0,36,0,35,37,0,37,0,0,39,38
6,16410,3,KR4MFM,6.69,3,   boost,1.51,86594,1305.48,402.65,83.69,52.7,4.19,4.19,4.11,14.38,0.15,0.22,33.65,-0.23,1.65,0.69,0.11,-0.12,23.83,4.21,0,0,0,0,1,1,15,31.0420006,-103.5218012,1311,2026,6,20,23,46,43,102,411,115,76,0.8,0.4,0.7,38,41,35,0,0,0,0,0,0,35,0,36,0,0,0,0,0,0,0,0,0,0,36,0,35,37,0,37,0,0,39,38
6,16410,3,KR4MFM,6.7,3,   boost,16.09,86594,1305.48,402.65,83.75,52.7,4.19,4.19,4.11,19.33,0.5,0.12,34.81,0.81,0.31,0.69,0.1,-0.12,23.84,4.21,0,0,0,0,1,1,15,31.0420006,-103.5218012,1311,2026,6,20,23,46,43,102,411,115,76,0.8,0.4,0.7,38,41,35,0,0,0,0,0,0,35,0,36,0,0,0,0,0,0,0,0,0,0,36,0,35,37,0,37,0,0,39,38
6,16410,3,KR4MFM,6.71,3,   boost,11.06,86543,1310.3,407.47,83.83,52.7,4.19,4.19,4.11,17.44,0.5,0.34,36.21,0.99,-0.12,0.69,0.1,-0.12,23.85,4.21,0,0,0,0,1,1,15,31.0420006,-103.5218012,1311,2026,6,20,23,46,43,102,411,115,76,0.8,0.4,0.7,38,41,35,0,0,0,0,0,0,35,0,36,0,0,0,0,0,0,0,0,0,0,36,0,35,37,0,37,0,0,39,38
6,16410,3,KR4MFM,6.72,3,   boost,14.58,86543,1310.3,407.47,83.91,52.7,4.19,4.19,4.11,14.99,0.51,0.93,37.19,3.67,-1.34,0.69,0.1,-0.12,23.88,4.21,0,0,0,0,1,1,15,31.0420006,-103.5218012,1311,2026,6,20,23,46,43,102,411,115,76,0.8,0.4,0.7,38,41,35,0,0,0,0,0,0,35,0,36,0,0,0,0,0,0,0,0,0,0,36,0,35,37,0,37,0,0,39,38
6,16410,3,KR4MFM,6.73,3,   boost,7.04,86535,1311.06,408.23,83.98,52.7,4.19,4.19,4.11,21.7,0.39,0.11,36.94,1.78,-2.8,0.69,0.1,-0.13,23.9,4.21,0,0,0,0,1,1,15,31.0420006,-103.5218012,1311,2026,6,20,23,46,43,102,411,115,76,0.8,0.4,0.7,38,41,35,0,0,0,0,0,0,35,0,36,0,0,0,0,0,0,0,0,0,0,36,0,35,37,0,37,0,0,39,38
6,16410,3,KR4MFM,6.74,3,   boost,2.51,86535,1311.06,408.23,84.05,52.7,4.2,4.2,4.11,16.4,0.08,-0.12,35.72,3.31,-0.06,0.69,0.1,-0.13,23.93,4.18,0,0,0.01,0,1,1,15,31.0420006,-103.5218012,1311,2026,6,20,23,46,43,102,411,115,76,0.8,0.4,0.7,38,41,35,0,0,0,0,0,0,35,0,36,0,0,0,0,0,0,0,0,0,0,36,0,35,37,0,37,0,0,39,38
6,16410,3,KR4MFM,6.74,3,   boost,2.51,86535,1311.06,408.23,84.05,52.7,4.2,4.2,4.11,16.4,0.08,-0.12,35.72,3.31,-0.06,0.69,0.1,-0.13,23.93,4.18,0,0,0.01,0,1,1,15,31.0420006,-103.5218012,1311,2026,6,20,23,46,43,102,411,115,76,0.8,0.4,0.7,38,41,35,0,0,0,0,0,0,35,0,36,0,0,0,0,0,0,0,0,0,0,36,0,35,37,0,37,0,0,39,38
6,16410,3,KR4MFM,6.75,3,   boost,5.03,86499,1314.46,411.64,84.12,52.7,4.2,4.2,4.11,18.1,-0.04,-0.83,35.05,-0.35,-2.44,0.69,0.1,-0.13,23.93,4.18,0,0,0.01,0,1,1,15,31.0420006,-103.5218012,1311,2026,6,20,23,46,43,102,411,115,76,0.8,0.4,0.7,38,41,35,0,0,0,0,0,0,35,0,36,0,0,0,0,0,0,0,0,0,0,36,0,35,37,0,37,0,0,39,38
6,16410,3,KR4MFM,6.76,3,   boost,6.03,86499,1314.46,411.64,84.19,52.7,4.2,4.2,4.11,16.21,0.11,0.01,34.32,2.82,1.59,0.69,0.1,-0.13,23.96,4.18,0,0,0.01,0,1,1,15,31.0420006,-103.5218012,1311,2026,6,20,23,46,43,102,411,115,76,0.8,0.4,0.7,38,41,35,0,0,0,0,0,0,35,0,36,0,0,0,0,0,0,0,0,0,0,36,0,35,37,0,37,0,0,39,38
6,16410,3,KR4MFM,6.77,3,   boost,25.15,86515,1312.95,410.12,84.27,52.7,4.2,4.2,4.11,12.78,0.29,0.41,35.36,2.52,-1.71,0.69,0.1,-0.13,23.98,4.18,0,0,0.01,0,1,1,15,31.0420006,-103.5218012,1311,2026,6,20,23,46,43,102,411,115,76,0.8,0.4,0.7,38,41,35,0,0,0,0,0,0,35,0,36,0,0,0,0,0,0,0,0,0,0,36,0,35,37,0,37,0,0,39,38
6,16410,3,KR4MFM,6.78,3,   boost,8.55,86515,1312.95,410.12,84.35,52.7,4.2,4.2,4.11,27.2,0.68,-0.06,37.49,3.67,-0.85,0.69,0.1,-0.13,24.02,4.18,0,0,0.01,0,1,1,15,31.0420006,-103.5218012,1311,2026,6,20,23,46,43,102,411,115,76,0.8,0.4,0.7,38,41,35,0,0,0,0,0,0,35,0,36,0,0,0,0,0,0,0,0,0,0,36,0,35,37,0,37,0,0,39,38
6,16410,3,KR4MFM,6.79,3,   boost,2.01,86469,1317.3,414.48,84.42,52.7,4.2,4.2,4.11,12.36,0.01,0.58,38.65,4.96,-3.11,0.69,0.1,-0.13,24.07,4.18,0,0,0.01,0,1,1,15,31.0420006,-103.5218012,1311,2026,6,20,23,46,43,102,411,115,76,0.8,0.4,0.7,38,41,35,0,0,0,0,0,0,35,0,36,0,0,0,0,0,0,0,0,0,0,36,0,35,37,0,37,0,0,39,38
6,16410,3,KR4MFM,6.8,3,   boost,8.05,86469,1317.3,414.48,84.48,52.7,4.2,4.2,4.11,23.18,0.19,0.76,40.42,2.64,-2.93,0.69,0.1,-0.14,24.09,4.18,0,0,0.01,0,1,1,15,31.0420006,-103.5218012,1311,2026,6,20,23,46,43,102,411,115,76,0.8,0.4,0.7,38,41,35,0,0,0,0,0,0,35,0,36,0,0,0,0,0,0,0,0,0,0,36,0,35,37,0,37,0,0,39,38
6,16410,3,KR4MFM,6.81,3,   boost,-0.5,86472,1317.02,414.19,84.54,52.7,4.2,4.2,4.11,15.61,-0.09,-0.01,40.79,4.22,-1.16,0.69,0.1,-0.14,24.13,4.18,0,0,0.01,0,1,1,15,31.0420006,-103.5218012,1311,2026,6,20,23,46,43,102,411,115,76,0.8,0.4,0.7,38,41,35,0,0,0,0,0,0,35,0,36,0,0,0,0,0,0,0,0,0,0,36,0,35,37,0,37,0,0,39,38
6,16410,3,KR4MFM,6.82,3,   boost,15.09,86472,1317.02,414.19,84.59,52.7,4.2,4.2,4.11,24.02,0.22,0.71,41.15,2.45,-1.64,0.69,0.1,-0.14,24.15,4.18,0,0,0.01,0,1,1,15,31.0420006,-103.5218012,1311,2026,6,20,23,46,43,102,411,115,76,0.8,0.4,0.7,38,41,35,0,0,0,0,0,0,35,0,36,0,0,0,0,0,0,0,0,0,0,36,0,35,37,0,37,0,0,39,38
6,16410,3,KR4MFM,6.83,3,   boost,8.05,86451,1319,416.18,84.65,52.7,4.2,4.2,4.11,14.94,0.5,-0.12,41.58,4.1,0.92,0.69,0.1,-0.14,24.2,4.18,0,0,0.01,0,1,1,15,31.0420006,-103.5218012,1311,2026,6,20,23,46,43,102,411,115,76,0.8,0.4,0.7,38,41,35,0,0,0,0,0,0,35,0,36,0,0,0,0,0,0,0,0,0,0,36,0,35,37,0,37,0,0,39,38
6,16410,3,KR4MFM,6.84,3,   boost,7.04,86451,1319,416.18,84.71,52.7,4.2,4.2,4.11,13.5,0.28,-0.67,41.28,4.04,-1.64,0.69,0.1,-0.15,24.23,4.18,0,0,0.01,0,1,1,15,31.0420006,-103.5218012,1311,2026,6,20,23,46,43,102,411,115,76,0.8,0.4,0.7,38,41,35,0,0,0,0,0,0,35,0,36,0,0,0,0,0,0,0,0,0,0,36,0,35,37,0,37,0,0,39,38
6,16410,3,KR4MFM,6.85,3,   boost,0.5,86422,1321.75,418.93,84.78,52.7,4.2,4.2,4.11,21.5,0.37,0.04,42.62,4.77,-0.73,0.69,0.1,-0.15,24.28,4.18,0,0,0.01,0,1,1,15,31.0420006,-103.5218012,1311,2026,6,20,23,46,43,102,411,115,76,0.8,0.4,0.7,38,41,35,0,0,0,0,0,0,35,0,36,0,0,0,0,0,0,0,0,0,0,36,0,35,37,0,37,0,0,39,38
6,16410,3,KR4MFM,6.86,3,   boost,15.59,86422,1321.75,418.93,84.85,52.7,4.2,4.2,4.11,11.52,-0.04,-0.52,44.57,5.51,-2.56,0.69,0.1,-0.15,24.33,4.18,0,0,0.01,0,1,1,15,31.0420006,-103.5218012,1311,2026,6,20,23,46,43,102,411,115,76,0.8,0.4,0.7,38,41,35,0,0,0,0,0,0,35,0,36,0,0,0,0,0,0,0,0,0,0,36,0,35,37,0,37,0,0,39,38
6,16410,3,KR4MFM,6.87,3,   boost,8.05,86401,1323.74,420.91,84.93,52.7,4.2,4.2,4.11,22.82,0.21,0.79,46.28,3.37,-2.44,0.69,0.09,-0.15,24.36,4.18,0,0,0.01,0,1,1,15,31.0420006,-103.5218012,1311,2026,6,20,23,46,43,102,411,115,76,0.8,0.4,0.7,38,41,35,0,0,0,0,0,0,35,0,36,0,0,0,0,0,0,0,0,0,0,36,0,35,37,0,37,0,0,39,38
6,16410,3,KR4MFM,6.88,3,   boost,21.12,86401,1323.74,420.91,85.01,52.7,4.2,4.2,4.11,14.63,-0.22,0.78,47.26,6.67,-0.79,0.69,0.09,-0.15,24.43,4.18,0,0,0.01,0,1,1,15,31.0420006,-103.5218012,1311,2026,6,20,23,46,43,102,411,115,76,0.8,0.4,0.7,38,41,35,0,0,0,0,0,0,35,0,36,0,0,0,0,0,0,0,0,0,0,36,0,35,37,0,37,0,0,39,38
6,16410,3,KR4MFM,6.89,3,   boost,2.51,86374,1326.3,423.47,85.07,52.7,4.2,4.2,4.11,31.21,0.49,1.18,47.32,3.43,-0.85,0.69,0.09,-0.15,24.46,4.18,0,0,0.01,0,1,1,15,31.0420006,-103.5218012,1311,2026,6,20,23,46,43,102,411,115,76,0.8,0.4,0.7,38,41,35,0,0,0,0,0,0,35,0,36,0,0,0,0,0,0,0,0,0,0,36,0,35,37,0,37,0,0,39,38
6,16410,3,KR4MFM,6.9,3,   boost,-1.01,86374,1326.3,423.47,85.13,52.7,4.2,4.2,4.11,14.27,0.45,0.98,47.56,6.12,1.28,0.69,0.09,-0.16,24.52,4.18,0,0,0.01,0,1,1,15,31.0420006,-103.5218012,1311,2026,6,20,23,46,43,102,411,115,76,0.8,0.4,0.7,38,41,35,0,0,0,0,0,0,35,0,36,0,0,0,0,0,0,0,0,0,0,36,0,35,37,0,37,0,0,39,38
6,16410,3,KR4MFM,6.91,3,   boost,8.55,86363,1327.34,424.51,85.19,52.7,4.2,4.2,4.11,20.96,0.82,0.47,45.79,3.19,-2.01,0.69,0.09,-0.16,24.55,4.18,0,0,0.01,0,1,1,15,31.0420006,-103.5218012,1311,2026,6,20,23,46,43,102,411,115,76,0.8,0.4,0.7,38,41,35,0,0,0,0,0,0,35,0,36,0,0,0,0,0,0,0,0,0,0,36,0,35,37,0,37,0,0,39,38
6,16410,3,KR4MFM,6.92,3,   boost,4.02,86363,1327.34,424.51,85.26,52.7,4.2,4.2,4.11,16.9,0.57,0.19,44.45,5.44,0.31,0.69,0.09,-0.16,24.61,4.18,0,0,0.01,0,1,1,15,31.0420006,-103.5218012,1311,2026,6,20,23,46,43,102,411,115,76,0.8,0.4,0.7,38,41,35,0,0,0,0,0,0,35,0,36,0,0,0,0,0,0,0,0,0,0,36,0,35,37,0,37,0,0,39,38
6,16410,3,KR4MFM,6.93,3,   boost,19.11,86331,1330.37,427.55,85.33,52.7,4.2,4.2,4.11,15.19,0.18,-0.78,43.6,4.1,-2.87,0.69,0.09,-0.16,24.64,4.18,0,0,0.01,0,1,1,15,31.0420006,-103.5218012,1311,2026,6,20,23,46,43,102,411,115,76,0.8,0.4,0.7,38,41,35,0,0,0,0,0,0,35,0,36,0,0,0,0,0,0,0,0,0,0,36,0,35,37,0,37,0,0,39,38
6,16410,3,KR4MFM,6.93,3,   boost,19.11,86331,1330.37,427.55,85.33,52.7,4.2,4.2,4.11,15.19,0.18,-0.78,43.6,4.1,-2.87,0.69,0.09,-0.16,24.64,4.18,0,0,0.01,0,1,1,15,31.0420006,-103.5218012,1311,2026,6,20,23,46,43,102,411,115,76,0.8,0.4,0.7,38,41,35,0,0,0,0,0,0,35,0,36,0,0,0,0,0,0,0,0,0,0,36,0,35,37,0,37,0,0,39,38
6,16410,3,KR4MFM,6.93,3,   boost,19.11,86331,1330.37,427.55,85.33,52.7,4.2,4.2,4.11,15.19,0.18,-0.78,43.6,4.1,-2.87,0.69,0.09,-0.16,24.64,4.18,0,0,0.01,0,1,1,15,31.0420006,-103.5218012,1311,2026,6,20,23,46,43,102,411,115,76,0.8,0.4,0.7,38,41,35,0,0,0,0,0,0,35,0,36,0,0,0,0,0,0,0,0,0,0,36,0,35,37,0,37,0,0,39,38
6,16410,3,KR4MFM,6.94,3,   boost,9.56,86331,1330.37,427.55,85.4,52.7,4.2,4.2,4.11,17.57,0.13,0.04,43.23,4.04,-1.34,0.69,0.09,-0.16,24.68,4.18,0,0,0.01,0,1,1,15,31.0418238,-103.521396,1414,2026,6,20,23,46,44,145,522,116,74,0.8,0.4,0.7,38,41,36,0,0,0,0,0,0,26,0,37,0,0,0,0,0,0,0,0,0,0,33,0,34,37,0,38,0,0,42,33
6,16410,3,KR4MFM,6.95,3,   boost,12.07,86317,1331.7,428.87,85.48,52.7,4.2,4.2,4.11,11.29,-0.22,0.27,42.62,5.32,-0.67,0.69,0.09,-0.17,24.73,4.18,0,0,0.01,0,1,1,15,31.0418238,-103.521396,1414,2026,6,20,23,46,44,145,522,116,74,0.8,0.4,0.7,38,41,36,0,0,0,0,0,0,26,0,37,0,0,0,0,0,0,0,0,0,0,33,0,34,37,0,38,0,0,42,33
6,16410,3,KR4MFM,6.96,3,   boost,3.02,86317,1331.7,428.87,85.55,52.7,4.2,4.2,4.11,30.47,0.35,0.8,42.13,2.27,-0.55,0.69,0.08,-0.17,24.75,4.18,0,0,0.01,0,1,1,15,31.0418238,-103.521396,1414,2026,6,20,23,46,44,145,522,116,74,0.8,0.4,0.7,38,41,36,0,0,0,0,0,0,26,0,37,0,0,0,0,0,0,0,0,0,0,33,0,34,37,0,38,0,0,42,33
6,16410,3,KR4MFM,6.97,3,   boost,-0.5,86320,1331.41,428.59,85.61,52.7,4.2,4.2,4.11,12.93,0.38,1.08,40.3,5.44,1.04,0.69,0.08,-0.17,24.81,4.18,0,0,0.01,0,1,1,15,31.0418238,-103.521396,1414,2026,6,20,23,46,44,145,522,116,74,0.8,0.4,0.7,38,41,36,0,0,0,0,0,0,26,0,37,0,0,0,0,0,0,0,0,0,0,33,0,34,37,0,38,0,0,42,33
6,16410,3,KR4MFM,6.98,3,   boost,19.61,86320,1331.41,428.59,85.66,52.7,4.2,4.2,4.11,24.42,0.82,1.08,38.77,2.58,-1.95,0.69,0.08,-0.17,24.83,4.18,0,0,0.01,0,1,1,15,31.0418238,-103.521396,1414,2026,6,20,23,46,44,145,522,116,74,0.8,0.4,0.7,38,41,36,0,0,0,0,0,0,26,0,37,0,0,0,0,0,0,0,0,0,0,33,0,34,37,0,38,0,0,42,33
6,16410,3,KR4MFM,6.99,3,   boost,3.02,86296,1333.69,430.86,85.72,52.7,4.2,4.2,4.11,18.18,0.58,0.23,37.19,3.92,0.55,0.68,0.08,-0.17,24.87,4.18,0,0,0.01,0,1,1,15,31.0418238,-103.521396,1414,2026,6,20,23,46,44,145,522,116,74,0.8,0.4,0.7,38,41,36,0,0,0,0,0,0,26,0,37,0,0,0,0,0,0,0,0,0,0,33,0,34,37,0,38,0,0,42,33
6,16410,3,KR4MFM,7,3,   boost,2.01,86296,1333.69,430.86,85.78,52.7,4.2,4.2,4.11,19.71,0.46,-0.29,36.94,2.09,-1.89,0.68,0.08,-0.17,24.89,4.18,0,0,0.01,0,1,1,15,31.0418238,-103.521396,1414,2026,6,20,23,46,44,145,522,116,74,0.8,0.4,0.7,38,41,36,0,0,0,0,0,0,26,0,37,0,0,0,0,0,0,0,0,0,0,33,0,34,37,0,38,0,0,42,33
6,16410,3,KR4MFM,7.01,3,   boost,4.02,86270,1336.15,433.33,85.85,52.7,4.2,4.2,4.11,15.9,0.24,-0.27,36.39,2.58,0.06,0.69,0.08,-0.18,24.91,4.18,0,0,0.01,0,1,1,15,31.0418238,-103.521396,1414,2026,6,20,23,46,44,145,522,116,74,0.8,0.4,0.7,38,41,36,0,0,0,0,0,0,26,0,37,0,0,0,0,0,0,0,0,0,0,33,0,34,37,0,38,0,0,42,33
6,16410,3,KR4MFM,7.02,3,   boost,25.65,86270,1336.15,433.33,85.93,52.7,4.2,4.2,4.11,9.81,0.04,-0.14,36.27,3.49,0.31,0.69,0.08,-0.18,24.95,4.18,0,0,0.01,0,1,1,15,31.0418238,-103.521396,1414,2026,6,20,23,46,44,145,522,116,74,0.8,0.4,0.7,38,41,36,0,0,0,0,0,0,26,0,37,0,0,0,0,0,0,0,0,0,0,33,0,34,37,0,38,0,0,42,33
6,16410,3,KR4MFM,7.03,3,   boost,9.05,86235,1339.47,436.65,86,52.7,4.2,4.2,4.11,23.39,0.31,0.45,35.48,2.27,-0.06,0.68,0.08,-0.18,24.97,4.18,0,0,0.01,0,1,1,15,31.0418238,-103.521396,1414,2026,6,20,23,46,44,145,522,116,74,0.8,0.4,0.7,38,41,36,0,0,0,0,0,0,26,0,37,0,0,0,0,0,0,0,0,0,0,33,0,34,37,0,38,0,0,42,33
6,16410,3,KR4MFM,7.04,3,   boost,6.54,86235,1339.47,436.65,86.07,52.7,4.2,4.2,4.11,12.2,0.27,0.93,35.23,4.29,1.04,0.68,0.08,-0.18,25.01,4.18,0,0,0.01,0,1,1,15,31.0418238,-103.521396,1414,2026,6,20,23,46,44,145,522,116,74,0.8,0.4,0.7,38,41,36,0,0,0,0,0,0,26,0,37,0,0,0,0,0,0,0,0,0,0,33,0,34,37,0,38,0,0,42,33
6,16410,3,KR4MFM,7.05,3,   boost,2.01,86224,1340.51,437.69,86.12,52.7,4.2,4.2,4.11,25.6,0.91,1.35,33.34,1.72,-1.1,0.68,0.08,-0.18,25.03,4.18,0,0,0.01,0,1,1,15,31.0418238,-103.521396,1414,2026,6,20,23,46,44,145,522,116,74,0.8,0.4,0.7,38,41,36,0,0,0,0,0,0,26,0,37,0,0,0,0,0,0,0,0,0,0,33,0,34,37,0,38,0,0,42,33
6,16410,3,KR4MFM,7.06,3,   boost,0.5,86224,1340.51,437.69,86.17,52.7,4.21,4.19,4.1,15.49,0.68,0.24,31.45,2.33,0.92,0.69,0.08,-0.19,25.05,4.2,0,0,0,0,1,1,15,31.0418238,-103.521396,1414,2026,6,20,23,46,44,145,522,116,74,0.8,0.4,0.7,38,41,36,0,0,0,0,0,0,26,0,37,0,0,0,0,0,0,0,0,0,0,33,0,34,37,0,38,0,0,42,33
6,16410,3,KR4MFM,7.06,3,   boost,0.5,86224,1340.51,437.69,86.17,52.7,4.21,4.19,4.1,15.49,0.68,0.24,31.45,2.33,0.92,0.69,0.08,-0.19,25.05,4.2,0,0,0,0,1,1,15,31.0418238,-103.521396,1414,2026,6,20,23,46,44,145,522,116,74,0.8,0.4,0.7,38,41,36,0,0,0,0,0,0,26,0,37,0,0,0,0,0,0,0,0,0,0,33,0,34,37,0,38,0,0,42,33
6,16410,3,KR4MFM,7.07,3,   boost,9.05,86193,1343.46,440.63,86.23,52.7,4.21,4.19,4.1,32.06,0.71,0.93,31.27,0.38,-1.34,0.69,0.07,-0.19,25.05,4.2,0,0,0,0,1,1,15,31.0418238,-103.521396,1414,2026,6,20,23,46,44,145,522,116,74,0.8,0.4,0.7,38,41,36,0,0,0,0,0,0,26,0,37,0,0,0,0,0,0,0,0,0,0,33,0,34,37,0,38,0,0,42,33
6,16410,3,KR4MFM,7.08,3,   boost,6.54,86193,1343.46,440.63,86.29,52.7,4.21,4.19,4.1,13.69,0.24,0.48,31.02,0.38,2.02,0.69,0.07,-0.19,25.06,4.2,0,0,0,0,1,1,15,31.0418238,-103.521396,1414,2026,6,20,23,46,44,145,522,116,74,0.8,0.4,0.7,38,41,36,0,0,0,0,0,0,26,0,37,0,0,0,0,0,0,0,0,0,0,33,0,34,37,0,38,0,0,42,33
6,16410,3,KR4MFM,7.09,3,   boost,23.13,86184,1344.31,441.49,86.36,52.7,4.21,4.19,4.1,14.63,0.34,0.45,31.45,1.48,1.53,0.69,0.07,-0.19,25.08,4.2,0,0,0,0,1,1,15,31.0418238,-103.521396,1414,2026,6,20,23,46,44,145,522,116,74,0.8,0.4,0.7,38,41,36,0,0,0,0,0,0,26,0,37,0,0,0,0,0,0,0,0,0,0,33,0,34,37,0,38,0,0,42,33
6,16410,3,KR4MFM,7.1,3,   boost,6.03,86184,1344.31,441.49,86.43,52.7,4.21,4.19,4.1,19.15,0.34,0.79,31.33,0.93,1.9,0.69,0.07,-0.19,25.09,4.2,0,0,0,0,1,1,15,31.0418238,-103.521396,1414,2026,6,20,23,46,44,145,522,116,74,0.8,0.4,0.7,38,41,36,0,0,0,0,0,0,26,0,37,0,0,0,0,0,0,0,0,0,0,33,0,34,37,0,38,0,0,42,33
6,16410,3,KR4MFM,7.11,3,   boost,3.02,86168,1345.83,443,86.49,52.7,4.21,4.19,4.1,12.39,0.4,-0.45,29.8,3.19,2.08,0.68,0.07,-0.19,25.13,4.2,0,0,0,0,1,1,15,31.0418238,-103.521396,1414,2026,6,20,23,46,44,145,522,116,74,0.8,0.4,0.7,38,41,36,0,0,0,0,0,0,26,0,37,0,0,0,0,0,0,0,0,0,0,33,0,34,37,0,38,0,0,42,33
6,16410,3,KR4MFM,7.12,3,   boost,6.03,86168,1345.83,443,86.54,52.7,4.21,4.19,4.1,21.46,0.61,0.03,28.34,-0.35,-0.36,0.68,0.07,-0.19,25.12,4.2,0,0,0,0,1,1,15,31.0418238,-103.521396,1414,2026,6,20,23,46,44,145,522,116,74,0.8,0.4,0.7,38,41,36,0,0,0,0,0,0,26,0,37,0,0,0,0,0,0,0,0,0,0,33,0,34,37,0,38,0,0,42,33
6,16410,3,KR4MFM,7.13,3,   boost,-0.5,86160,1346.59,443.76,86.58,52.7,4.21,4.19,4.1,13.02,0.32,0.34,26.99,1.9,1.9,0.68,0.07,-0.19,25.15,4.2,0,0,0,0,1,1,15,31.0418238,-103.521396,1414,2026,6,20,23,46,44,145,522,116,74,0.8,0.4,0.7,38,41,36,0,0,0,0,0,0,26,0,37,0,0,0,0,0,0,0,0,0,0,33,0,34,37,0,38,0,0,42,33
6,16410,3,KR4MFM,7.14,3,   boost,11.06,86160,1346.59,443.76,86.62,52.7,4.21,4.19,4.1,30.6,0.56,0.5,25.9,-1.88,-0.12,0.68,0.07,-0.19,25.13,4.2,0,0,0,0,1,1,15,31.0418238,-103.521396,1414,2026,6,20,23,46,44,145,522,116,74,0.8,0.4,0.7,38,41,36,0,0,0,0,0,0,26,0,37,0,0,0,0,0,0,0,0,0,0,33,0,34,37,0,38,0,0,42,33
6,16410,3,KR4MFM,7.15,3,   boost,2.51,86144,1348.11,445.28,86.65,52.7,4.21,4.19,4.1,13.37,0.22,1.14,25.04,-0.23,3.54,0.68,0.06,-0.19,25.14,4.2,0,0,0,0,1,1,15,31.0418238,-103.521396,1414,2026,6,20,23,46,44,145,522,116,74,0.8,0.4,0.7,38,41,36,0,0,0,0,0,0,26,0,37,0,0,0,0,0,0,0,0,0,0,33,0,34,37,0,38,0,0,42,33
6,16410,3,KR4MFM,7.16,3,   boost,4.53,86144,1348.11,445.28,86.69,52.7,4.21,4.19,4.1,22.13,0.68,1.21,25.04,-0.6,1.35,0.68,0.06,-0.19,25.14,4.2,0,0,0,0,1,1,15,31.0418238,-103.521396,1414,2026,6,20,23,46,44,145,522,116,74,0.8,0.4,0.7,38,41,36,0,0,0,0,0,0,26,0,37,0,0,0,0,0,0,0,0,0,0,33,0,34,37,0,38,0,0,42,33
6,16410,3,KR4MFM,7.17,3,   boost,1.01,86118,1350.58,447.75,86.75,52.7,4.21,4.19,4.1,14.96,0.47,0.34,26.51,0.56,3.3,0.69,0.07,-0.2,25.15,4.2,0,0,0,0,1,1,15,31.0418238,-103.521396,1414,2026,6,20,23,46,44,145,522,116,74,0.8,0.4,0.7,38,41,36,0,0,0,0,0,0,26,0,37,0,0,0,0,0,0,0,0,0,0,33,0,34,37,0,38,0,0,42,33
6,16410,3,KR4MFM,7.18,3,   boost,17.1,86118,1350.58,447.75,86.82,52.7,4.21,4.19,4.1,24.53,0.5,0.47,26.14,0.5,1.16,0.68,0.06,-0.2,25.16,4.2,0,0,0,0,1,1,15,31.0418238,-103.521396,1414,2026,6,20,23,46,44,145,522,116,74,0.8,0.4,0.7,38,41,36,0,0,0,0,0,0,26,0,37,0,0,0,0,0,0,0,0,0,0,33,0,34,37,0,38,0,0,42,33
6,16410,3,KR4MFM,7.19,3,   boost,8.05,86084,1353.8,450.98,86.89,52.7,4.21,4.19,4.1,13.84,0.3,-0.09,25.96,-0.84,2.08,0.68,0.06,-0.2,25.16,4.2,0,0,0,0,1,1,15,31.0418238,-103.521396,1414,2026,6,20,23,46,44,145,522,116,74,0.8,0.4,0.7,38,41,36,0,0,0,0,0,0,26,0,37,0,0,0,0,0,0,0,0,0,0,33,0,34,37,0,38,0,0,42,33
6,16410,3,KR4MFM,7.2,3,   boost,22.13,86084,1353.8,450.98,86.97,52.7,4.21,4.19,4.1,12.02,0.07,-0.56,24.49,0.93,2.93,0.69,0.06,-0.2,25.18,4.2,0,0,0,0,1,1,15,31.0418238,-103.521396,1414,2026,6,20,23,46,44,145,522,116,74,0.8,0.4,0.7,38,41,36,0,0,0,0,0,0,26,0,37,0,0,0,0,0,0,0,0,0,0,33,0,34,37,0,38,0,0,42,33
6,16410,3,KR4MFM,7.21,3,   boost,4.02,86058,1356.27,453.45,87.05,52.7,4.21,4.19,4.1,22.06,0.2,0.27,24.55,-2.37,1.35,0.69,0.06,-0.2,25.16,4.2,0,0,0,0,1,1,15,31.0418238,-103.521396,1414,2026,6,20,23,46,44,145,522,116,74,0.8,0.4,0.7,38,41,36,0,0,0,0,0,0,26,0,37,0,0,0,0,0,0,0,0,0,0,33,0,34,37,0,38,0,0,42,33
6,16410,3,KR4MFM,7.22,3,   boost,-0.5,86058,1356.27,453.45,87.11,52.7,4.21,4.19,4.1,11.05,-0.02,0.03,24.19,0.87,3.97,0.68,0.06,-0.2,25.18,4.2,0,0,0,0,1,1,15,31.0418238,-103.521396,1414,2026,6,20,23,46,44,145,522,116,74,0.8,0.4,0.7,38,41,36,0,0,0,0,0,0,26,0,37,0,0,0,0,0,0,0,0,0,0,33,0,34,37,0,38,0,0,42,33
6,16410,3,KR4MFM,7.23,3,   boost,8.05,86044,1357.6,454.78,87.17,52.7,4.21,4.19,4.1,13.8,0.45,-0.38,23.64,-1.82,1.35,0.68,0.06,-0.2,25.17,4.2,0,0,0,0,1,1,15,31.0418238,-103.521396,1414,2026,6,20,23,46,44,145,522,116,74,0.8,0.4,0.7,38,41,36,0,0,0,0,0,0,26,0,37,0,0,0,0,0,0,0,0,0,0,33,0,34,37,0,38,0,0,42,33
6,16410,3,KR4MFM,7.24,3,   boost,2.51,86044,1357.6,454.78,87.23,52.7,4.21,4.19,4.1,18.8,0.24,0.08,22.17,-0.17,3.24,0.68,0.06,-0.2,25.17,4.2,0,0,0,0,1,1,15,31.0418238,-103.521396,1414,2026,6,20,23,46,44,145,522,116,74,0.8,0.4,0.7,38,41,36,0,0,0,0,0,0,26,0,37,0,0,0,0,0,0,0,0,0,0,33,0,34,37,0,38,0,0,42,33
6,16410,3,KR4MFM,7.25,3,   boost,17.6,86031,1358.84,456.02,87.29,52.7,4.21,4.19,4.1,12.6,-0.16,-0.32,22.97,-1.45,1.04,0.68,0.06,-0.2,25.16,4.2,0,0,0,0,1,1,15,31.0418238,-103.521396,1414,2026,6,20,23,46,44,145,522,116,74,0.8,0.4,0.7,38,41,36,0,0,0,0,0,0,26,0,37,0,0,0,0,0,0,0,0,0,0,33,0,34,37,0,38,0,0,42,33
6,16410,3,KR4MFM,7.26,3,   boost,8.55,86031,1358.84,456.02,87.37,52.7,4.21,4.19,4.1,21.17,0.22,0.32,23.7,-1.15,3.3,0.68,0.06,-0.2,25.17,4.2,0,0,0,0,1,1,15,31.0418238,-103.521396,1414,2026,6,20,23,46,44,145,522,116,74,0.8,0.4,0.7,38,41,36,0,0,0,0,0,0,26,0,37,0,0,0,0,0,0,0,0,0,0,33,0,34,37,0,38,0,0,42,33
6,16410,3,KR4MFM,7.27,3,   boost,17.1,86027,1359.22,456.4,87.44,52.7,4.21,4.19,4.1,13.88,0.06,0.93,22.9,-0.6,2.81,0.68,0.06,-0.2,25.17,4.2,0,0,0,0,1,1,15,31.0418238,-103.521396,1414,2026,6,20,23,46,44,145,522,116,74,0.8,0.4,0.7,38,41,36,0,0,0,0,0,0,26,0,37,0,0,0,0,0,0,0,0,0,0,33,0,34,37,0,38,0,0,42,33
6,16410,3,KR4MFM,7.28,3,   boost,0.5,86027,1359.22,456.4,87.51,52.7,4.21,4.19,4.1,30.99,0.57,1.25,21.81,-2.12,2.08,0.69,0.06,-0.2,25.16,4.2,0,0,0,0,1,1,15,31.0418238,-103.521396,1414,2026,6,20,23,46,44,145,522,116,74,0.8,0.4,0.7,38,41,36,0,0,0,0,0,0,26,0,37,0,0,0,0,0,0,0,0,0,0,33,0,34,37,0,38,0,0,42,33
6,16410,3,KR4MFM,7.29,3,   boost,1.01,85998,1361.98,459.15,87.57,52.7,4.21,4.19,4.1,12.52,0.24,1.04,20.77,0.26,3.67,0.69,0.05,-0.2,25.17,4.2,0,0,0,0,1,1,15,31.0418238,-103.521396,1414,2026,6,20,23,46,44,145,522,116,74,0.8,0.4,0.7,38,41,36,0,0,0,0,0,0,26,0,37,0,0,0,0,0,0,0,0,0,0,33,0,34,37,0,38,0,0,42,33
6,16410,3,KR4MFM,7.3,3,   boost,6.54,85998,1361.98,459.15,87.62,52.7,4.21,4.19,4.1,23.03,0.5,0.74,20.4,-2.43,0.86,0.69,0.05,-0.2,25.15,4.2,0,0,0,0,1,1,15,31.0418238,-103.521396,1414,2026,6,20,23,46,44,145,522,116,74,0.8,0.4,0.7,38,41,36,0,0,0,0,0,0,26,0,37,0,0,0,0,0,0,0,0,0,0,33,0,34,37,0,38,0,0,42,33
6,16410,3,KR4MFM,7.31,3,   boost,20.62,85990,1362.74,459.91,87.68,52.7,4.21,4.19,4.1,15.25,0.15,0.06,18.08,-0.66,3.36,0.69,0.05,-0.2,25.16,4.2,0,0,0,0,1,1,15,31.0418238,-103.521396,1414,2026,6,20,23,46,44,145,522,116,74,0.8,0.4,0.7,38,41,36,0,0,0,0,0,0,26,0,37,0,0,0,0,0,0,0,0,0,0,33,0,34,37,0,38,0,0,42,33
6,16410,3,KR4MFM,7.32,3,   boost,0.5,85990,1362.74,459.91,87.73,52.7,4.21,4.19,4.1,25.03,0.26,0.2,17.66,-3.53,1.1,0.69,0.05,-0.21,25.13,4.2,0,0,0,0,1,1,15,31.0418238,-103.521396,1414,2026,6,20,23,46,44,145,522,116,74,0.8,0.4,0.7,38,41,36,0,0,0,0,0,0,26,0,37,0,0,0,0,0,0,0,0,0,0,33,0,34,37,0,38,0,0,42,33
6,16410,3,KR4MFM,7.33,3,   boost,4.02,85965,1365.11,462.29,87.79,52.7,4.21,4.19,4.1,13.72,0.24,-0.1,17.23,-2.25,4.15,0.68,0.05,-0.2,25.13,4.2,0,0,0,0,1,1,15,31.0418238,-103.521396,1414,2026,6,20,23,46,44,145,522,116,74,0.8,0.4,0.7,38,41,36,0,0,0,0,0,0,26,0,37,0,0,0,0,0,0,0,0,0,0,33,0,34,37,0,38,0,0,42,33
6,16410,3,KR4MFM,7.34,3,   boost,8.55,85965,1365.11,462.29,87.84,52.7,4.21,4.19,4.1,13.48,0.19,0.03,18.02,-2.12,1.28,0.68,0.05,-0.2,25.11,4.2,0,0,0,0,1,1,15,31.0418238,-103.521396,1414,2026,6,20,23,46,44,145,522,116,74,0.8,0.4,0.7,38,41,36,0,0,0,0,0,0,26,0,37,0,0,0,0,0,0,0,0,0,0,33,0,34,37,0,38,0,0,42,33
6,16410,3,KR4MFM,7.35,3,   boost,1.01,85922,1369.2,466.38,87.91,52.7,4.21,4.19,4.1,19.9,0.22,0.31,19.18,-1.82,2.2,0.68,0.05,-0.21,25.1,4.2,0,0,0,0,1,1,15,31.0418238,-103.521396,1414,2026,6,20,23,46,44,145,522,116,74,0.8,0.4,0.7,38,41,36,0,0,0,0,0,0,26,0,37,0,0,0,0,0,0,0,0,0,0,33,0,34,37,0,38,0,0,42,33
6,16410,3,KR4MFM,7.36,3,   boost,18.61,85922,1369.2,466.38,87.98,52.7,4.21,4.19,4.1,11.06,-0.21,-0.52,19.91,0.56,1.1,0.68,0.05,-0.21,25.11,4.2,0,0,0,0,1,1,15,31.0418238,-103.521396,1414,2026,6,20,23,46,44,145,522,116,74,0.8,0.4,0.7,38,41,36,0,0,0,0,0,0,26,0,37,0,0,0,0,0,0,0,0,0,0,33,0,34,37,0,38,0,0,42,33
6,16410,3,KR4MFM,7.37,3,   boost,4.53,85907,1370.63,467.81,88.07,52.7,4.21,4.19,4.1,21.67,-0.01,0.41,20.22,-2.12,0.49,0.69,0.05,-0.21,25.09,4.2,0,0,0,0,1,1,15,31.0418238,-103.521396,1414,2026,6,20,23,46,44,145,522,116,74,0.8,0.4,0.7,38,41,36,0,0,0,0,0,0,26,0,37,0,0,0,0,0,0,0,0,0,0,33,0,34,37,0,38,0,0,42,33
6,16410,3,KR4MFM,7.38,3,   boost,26.65,85907,1370.63,467.81,88.15,52.7,4.18,4.19,4.11,13.73,-0.29,0.47,21.07,0.56,1.9,0.69,0.05,-0.21,25.11,4.17,0,0,0,0,1,1,15,31.0418238,-103.521396,1414,2026,6,20,23,46,44,145,522,116,74,0.8,0.4,0.7,38,41,36,0,0,0,0,0,0,26,0,37,0,0,0,0,0,0,0,0,0,0,33,0,34,37,0,38,0,0,42,33
6,16410,3,KR4MFM,7.38,3,   boost,26.65,85907,1370.63,467.81,88.15,52.7,4.18,4.19,4.11,13.73,-0.29,0.47,21.07,0.56,1.9,0.69,0.05,-0.21,25.11,4.17,0,0,0,0,1,1,15,31.0418238,-103.521396,1414,2026,6,20,23,46,44,145,522,116,74,0.8,0.4,0.7,38,41,36,0,0,0,0,0,0,26,0,37,0,0,0,0,0,0,0,0,0,0,33,0,34,37,0,38,0,0,42,33
6,16410,3,KR4MFM,7.39,3,   boost,4.02,85893,1371.96,469.14,88.23,52.7,4.18,4.19,4.11,31.33,0.53,0.34,19.91,-3.04,0.37,0.69,0.05,-0.21,25.08,4.17,0,0,0,0,1,1,15,31.0418238,-103.521396,1414,2026,6,20,23,46,44,145,522,116,74,0.8,0.4,0.7,38,41,36,0,0,0,0,0,0,26,0,37,0,0,0,0,0,0,0,0,0,0,33,0,34,37,0,38,0,0,42,33
6,16410,3,KR4MFM,7.4,3,   boost,2.51,85893,1371.96,469.14,88.3,52.7,4.18,4.19,4.11,12.34,0.16,0.95,18.75,-0.9,-0.12,0.69,0.04,-0.21,25.07,4.17,0,0,0,0,1,1,15,31.0418238,-103.521396,1414,2026,6,20,23,46,44,145,522,116,74,0.8,0.4,0.7,38,41,36,0,0,0,0,0,0,26,0,37,0,0,0,0,0,0,0,0,0,0,33,0,34,37,0,38,0,0,42,33
6,16410,3,KR4MFM,7.41,3,   boost,7.04,85880,1373.2,470.38,88.35,52.7,4.18,4.19,4.11,21.04,0.7,0.98,19.18,-0.72,0.43,0.69,0.04,-0.21,25.07,4.17,0,0,0,0,1,1,15,31.0418238,-103.521396,1414,2026,6,20,23,46,44,145,522,116,74,0.8,0.4,0.7,38,41,36,0,0,0,0,0,0,26,0,37,0,0,0,0,0,0,0,0,0,0,33,0,34,37,0,38,0,0,42,33
6,16410,3,KR4MFM,7.42,3,   boost,-1.01,85880,1373.2,470.38,88.41,52.7,4.18,4.19,4.11,14.8,0.42,0.19,18.94,1.9,0.67,0.69,0.05,-0.21,25.09,4.17,0,0,0,0,1,1,15,31.0418238,-103.521396,1414,2026,6,20,23,46,44,145,522,116,74,0.8,0.4,0.7,38,41,36,0,0,0,0,0,0,26,0,37,0,0,0,0,0,0,0,0,0,0,33,0,34,37,0,38,0,0,42,33
6,16410,3,KR4MFM,7.43,3,   boost,14.58,85843,1376.72,473.9,88.47,52.7,4.18,4.19,4.11,25.86,0.36,0.71,19.18,-0.48,-0.36,0.69,0.04,-0.21,25.08,4.17,0,0,0,0,1,1,15,31.0418238,-103.521396,1414,2026,6,20,23,46,44,145,522,116,74,0.8,0.4,0.7,38,41,36,0,0,0,0,0,0,26,0,37,0,0,0,0,0,0,0,0,0,0,33,0,34,37,0,38,0,0,42,33
6,16410,3,KR4MFM,7.44,3,   boost,7.04,85843,1376.72,473.9,88.53,52.7,4.18,4.19,4.11,14.35,0.21,-0.09,21.26,2.7,1.59,0.69,0.04,-0.21,25.11,4.17,0,0,0,0,1,1,15,31.0418238,-103.521396,1414,2026,6,20,23,46,44,145,522,116,74,0.8,0.4,0.7,38,41,36,0,0,0,0,0,0,26,0,37,0,0,0,0,0,0,0,0,0,0,33,0,34,37,0,38,0,0,42,33
6,16410,3,KR4MFM,7.45,3,   boost,18.61,85844,1376.63,473.8,88.61,52.7,4.18,4.19,4.11,11.41,-0.04,-0.6,22.84,-1.76,-0.73,0.68,0.04,-0.21,25.09,4.17,0,0,0,0,1,1,15,31.0418238,-103.521396,1414,2026,6,20,23,46,44,145,522,116,74,0.8,0.4,0.7,38,41,36,0,0,0,0,0,0,26,0,37,0,0,0,0,0,0,0,0,0,0,33,0,34,37,0,38,0,0,42,33
6,16410,3,KR4MFM,7.46,3,   boost,0.5,85844,1376.63,473.8,88.69,52.7,4.18,4.19,4.11,22.72,0.09,0.38,23.88,1.97,1.65,0.69,0.04,-0.21,25.12,4.17,0,0,0,0,1,1,15,31.0418238,-103.521396,1414,2026,6,20,23,46,44,145,522,116,74,0.8,0.4,0.7,38,41,36,0,0,0,0,0,0,26,0,37,0,0,0,0,0,0,0,0,0,0,33,0,34,37,0,38,0,0,42,33
6,16410,3,KR4MFM,7.47,3,   boost,14.08,85812,1379.67,476.85,88.77,52.7,4.18,4.19,4.11,10.88,-0.1,0.08,25.53,-0.96,-1.16,0.69,0.04,-0.21,25.1,4.17,0,0,0,0,1,1,15,31.0418238,-103.521396,1414,2026,6,20,23,46,44,145,522,116,74,0.8,0.4,0.7,38,41,36,0,0,0,0,0,0,26,0,37,0,0,0,0,0,0,0,0,0,0,33,0,34,37,0,38,0,0,42,33
6,16410,3,KR4MFM,7.48,3,   boost,8.55,85812,1379.67,476.85,88.85,52.7,4.18,4.19,4.11,21.1,0.44,0.46,27.6,1.42,1.71,0.69,0.04,-0.21,25.12,4.17,0,0,0,0,1,1,15,31.0418238,-103.521396,1414,2026,6,20,23,46,44,145,522,116,74,0.8,0.4,0.7,38,41,36,0,0,0,0,0,0,26,0,37,0,0,0,0,0,0,0,0,0,0,33,0,34,37,0,38,0,0,42,33
6,16410,3,KR4MFM,7.49,3,   boost,15.09,85805,1380.34,477.52,88.92,52.7,4.18,4.19,4.11,13.7,0.25,0.41,29.25,1.97,0.13,0.69,0.04,-0.21,25.14,4.17,0,0,0,0,1,1,15,31.0418238,-103.521396,1414,2026,6,20,23,46,44,145,522,116,74,0.8,0.4,0.7,38,41,36,0,0,0,0,0,0,26,0,37,0,0,0,0,0,0,0,0,0,0,33,0,34,37,0,38,0,0,42,33
6,16410,3,KR4MFM,7.5,3,   boost,3.02,85805,1380.34,477.52,88.98,52.7,4.18,4.19,4.11,30.8,0.55,0.66,32.18,1.66,0.86,0.69,0.04,-0.22,25.16,4.17,0,0,0,0,1,1,15,31.0418238,-103.521396,1414,2026,6,20,23,46,44,145,522,116,74,0.8,0.4,0.7,38,41,36,0,0,0,0,0,0,26,0,37,0,0,0,0,0,0,0,0,0,0,33,0,34,37,0,38,0,0,42,33
6,16410,3,KR4MFM,7.51,3,   boost,-1.01,85792,1381.58,478.76,89.04,52.7,4.18,4.19,4.11,14.31,0.44,-0.06,32.55,2.45,1.28,0.68,0.04,-0.22,25.19,4.17,0,0,0,0,1,1,15,31.0418238,-103.521396,1414,2026,6,20,23,46,44,145,522,116,74,0.8,0.4,0.7,38,41,36,0,0,0,0,0,0,26,0,37,0,0,0,0,0,0,0,0,0,0,33,0,34,37,0,38,0,0,42,33
6,16410,3,KR4MFM,7.52,3,   boost,13.08,85792,1381.58,478.76,89.1,52.7,4.18,4.19,4.11,16.4,0.48,-0.22,34.26,1.23,-0.42,0.68,0.04,-0.22,25.2,4.17,0,0,0,0,1,1,15,31.0418238,-103.521396,1414,2026,6,20,23,46,44,145,522,116,74,0.8,0.4,0.7,38,41,36,0,0,0,0,0,0,26,0,37,0,0,0,0,0,0,0,0,0,0,33,0,34,37,0,38,0,0,42,33
6,16410,3,KR4MFM,7.53,3,   boost,7.04,85763,1384.34,481.52,89.17,52.7,4.18,4.19,4.11,17.15,0.29,0.06,32.55,2.76,1.77,0.69,0.03,-0.22,25.23,4.17,0,0,0,0,1,1,15,31.0418238,-103.521396,1414,2026,6,20,23,46,44,145,522,116,74,0.8,0.4,0.7,38,41,36,0,0,0,0,0,0,26,0,37,0,0,0,0,0,0,0,0,0,0,33,0,34,37,0,38,0,0,42,33
6,16410,3,KR4MFM,7.54,3,   boost,15.59,85763,1384.34,481.52,89.23,52.7,4.18,4.19,4.11,12.68,0.04,-1.07,31.57,1.23,-0.61,0.69,0.03,-0.22,25.24,4.17,0,0,0,0,1,1,15,31.0418238,-103.521396,1414,2026,6,20,23,46,44,145,522,116,74,0.8,0.4,0.7,38,41,36,0,0,0,0,0,0,26,0,37,0,0,0,0,0,0,0,0,0,0,33,0,34,37,0,38,0,0,42,33
6,16410,3,KR4MFM,7.55,3,   boost,4.02,85743,1386.25,483.42,89.3,52.7,4.18,4.19,4.11,17.51,0.18,-0.15,30.17,3.37,2.02,0.68,0.03,-0.22,25.28,4.17,0,0,0,0,1,1,15,31.0418238,-103.521396,1414,2026,6,20,23,46,44,145,522,116,74,0.8,0.4,0.7,38,41,36,0,0,0,0,0,0,26,0,37,0,0,0,0,0,0,0,0,0,0,33,0,34,37,0,38,0,0,42,33
6,16410,3,KR4MFM,7.56,3,   boost,13.58,85743,1386.25,483.42,89.37,52.7,4.18,4.19,4.11,12.72,0.04,0.2,30.72,4.77,-0.24,0.68,0.03,-0.22,25.32,4.17,0,0,0,0,1,1,15,31.0418238,-103.521396,1414,2026,6,20,23,46,44,145,522,116,74,0.8,0.4,0.7,38,41,36,0,0,0,0,0,0,26,0,37,0,0,0,0,0,0,0,0,0,0,33,0,34,37,0,38,0,0,42,33
6,16410,3,KR4MFM,7.57,3,   boost,-0.5,85722,1388.25,485.42,89.42,52.7,4.18,4.19,4.11,27.37,0.43,-0.09,30.47,4.29,1.16,0.68,0.03,-0.22,25.36,4.17,0,0,0,0,1,1,15,31.0418238,-103.521396,1414,2026,6,20,23,46,44,145,522,116,74,0.8,0.4,0.7,38,41,36,0,0,0,0,0,0,26,0,37,0,0,0,0,0,0,0,0,0,0,33,0,34,37,0,38,0,0,42,33
6,16410,3,KR4MFM,7.58,3,   boost,5.03,85722,1388.25,485.42,89.47,52.7,4.18,4.19,4.11,12.88,0.02,0.24,30.23,5.99,-0.61,0.68,0.03,-0.22,25.41,4.17,0,0,0,0,1,1,15,31.0418238,-103.521396,1414,2026,6,20,23,46,44,145,522,116,74,0.8,0.4,0.7,38,41,36,0,0,0,0,0,0,26,0,37,0,0,0,0,0,0,0,0,0,0,33,0,34,37,0,38,0,0,42,33
6,16410,3,KR4MFM,7.59,3,   boost,14.08,85708,1389.58,486.76,89.52,52.7,4.18,4.19,4.11,23.61,0.54,0.97,30.11,4.04,0.13,0.68,0.03,-0.22,25.45,4.17,0,0,0,0,1,1,15,31.0418238,-103.521396,1414,2026,6,20,23,46,44,145,522,116,74,0.8,0.4,0.7,38,41,36,0,0,0,0,0,0,26,0,37,0,0,0,0,0,0,0,0,0,0,33,0,34,37,0,38,0,0,42,33
6,16410,3,KR4MFM,7.6,3,   boost,1.01,85708,1389.58,486.76,89.56,52.7,4.18,4.19,4.11,12.21,0.21,-0.07,28.95,6.6,1.16,0.68,0.03,-0.22,25.51,4.17,0,0,0,0,1,1,15,31.0418238,-103.521396,1414,2026,6,20,23,46,44,145,522,116,74,0.8,0.4,0.7,38,41,36,0,0,0,0,0,0,26,0,37,0,0,0,0,0,0,0,0,0,0,33,0,34,37,0,38,0,0,42,33
6,16410,3,KR4MFM,7.61,3,   boost,5.03,85668,1393.4,490.57,89.6,52.7,4.18,4.19,4.11,29.04,0.56,0.44,28.21,5.14,0,0.69,0.03,-0.23,25.56,4.17,0,0,0,0,1,1,15,31.0418238,-103.521396,1414,2026,6,20,23,46,44,145,522,116,74,0.8,0.4,0.7,38,41,36,0,0,0,0,0,0,26,0,37,0,0,0,0,0,0,0,0,0,0,33,0,34,37,0,38,0,0,42,33
6,16410,3,KR4MFM,7.62,3,   boost,2.01,85668,1393.4,490.57,89.65,52.7,4.18,4.19,4.11,13.23,0.36,0.52,28.46,8.01,2.38,0.69,0.03,-0.23,25.64,4.17,0,0,0,0,1,1,15,31.0418238,-103.521396,1414,2026,6,20,23,46,44,145,522,116,74,0.8,0.4,0.7,38,41,36,0,0,0,0,0,0,26,0,37,0,0,0,0,0,0,0,0,0,0,33,0,34,37,0,38,0,0,42,33
6,16410,3,KR4MFM,7.63,3,   boost,11.06,85664,1393.78,490.95,89.7,52.7,4.18,4.19,4.11,15.28,0.9,-0.08,30.47,6.12,-0.18,0.69,0.03,-0.23,25.69,4.17,0,0,0,0,1,1,15,31.0418238,-103.521396,1414,2026,6,20,23,46,44,145,522,116,74,0.8,0.4,0.7,38,41,36,0,0,0,0,0,0,26,0,37,0,0,0,0,0,0,0,0,0,0,33,0,34,37,0,38,0,0,42,33
6,16410,3,KR4MFM,7.64,3,   boost,4.02,85664,1393.78,490.95,89.76,52.7,4.18,4.19,4.11,16.08,0.71,-0.08,33.52,8.19,0.67,0.68,0.02,-0.23,25.77,4.17,0,0,0,0,1,1,15,31.0418238,-103.521396,1414,2026,6,20,23,46,44,145,522,116,74,0.8,0.4,0.7,38,41,36,0,0,0,0,0,0,26,0,37,0,0,0,0,0,0,0,0,0,0,33,0,34,37,0,38,0,0,42,33
6,16410,3,KR4MFM,7.65,3,   boost,14.08,85644,1395.69,492.86,89.82,52.7,4.18,4.19,4.11,16.76,0.37,-0.58,35.6,6.73,-1.28,0.68,0.02,-0.24,25.82,4.17,0,0,0,0,1,1,15,31.0418238,-103.521396,1414,2026,6,20,23,46,44,145,522,116,74,0.8,0.4,0.7,38,41,36,0,0,0,0,0,0,26,0,37,0,0,0,0,0,0,0,0,0,0,33,0,34,37,0,38,0,0,42,33
6,16410,3,KR4MFM,7.66,3,   boost,6.54,85644,1395.69,492.86,89.9,52.7,4.18,4.19,4.11,16.72,-0.04,0.14,37.43,6.73,1.47,0.68,0.02,-0.24,25.88,4.17,0,0,0,0,1,1,15,31.0418238,-103.521396,1414,2026,6,20,23,46,44,145,522,116,74,0.8,0.4,0.7,38,41,36,0,0,0,0,0,0,26,0,37,0,0,0,0,0,0,0,0,0,0,33,0,34,37,0,38,0,0,42,33
6,16410,3,KR4MFM,7.67,3,   boost,20.62,85636,1396.45,493.62,89.97,52.7,4.18,4.19,4.11,12.69,-0.22,0.17,38.83,7.76,1.41,0.68,0.02,-0.24,25.96,4.17,0,0,0,0,1,1,15,31.0418238,-103.521396,1414,2026,6,20,23,46,44,145,522,116,74,0.8,0.4,0.7,38,41,36,0,0,0,0,0,0,26,0,37,0,0,0,0,0,0,0,0,0,0,33,0,34,37,0,38,0,0,42,33
6,16410,3,KR4MFM,7.68,3,   boost,-0.5,85636,1396.45,493.62,90.03,52.7,4.18,4.19,4.11,23.34,0.14,0.4,40.85,7.15,3.05,0.68,0.01,-0.24,26.03,4.17,0,0,0,0,1,1,15,31.0418238,-103.521396,1414,2026,6,20,23,46,44,145,522,116,74,0.8,0.4,0.7,38,41,36,0,0,0,0,0,0,26,0,37,0,0,0,0,0,0,0,0,0,0,33,0,34,37,0,38,0,0,42,33
6,16410,3,KR4MFM,7.69,3,   boost,4.02,85609,1399.02,496.2,90.08,52.7,4.18,4.19,4.11,12.16,0.52,0.24,41.64,9.9,3.48,0.68,0.01,-0.24,26.14,4.17,0,0,0,0,1,1,15,31.0418238,-103.521396,1414,2026,6,20,23,46,44,145,522,116,74,0.8,0.4,0.7,38,41,36,0,0,0,0,0,0,26,0,37,0,0,0,0,0,0,0,0,0,0,33,0,34,37,0,38,0,0,42,33
6,16410,3,KR4MFM,7.7,3,   boost,8.55,85609,1399.02,496.2,90.13,52.7,4.18,4.19,4.11,22.35,1.19,0.73,42.56,6.67,2.08,0.68,0.01,-0.24,26.2,4.19,0,0,0,0,1,1,15,31.0418238,-103.521396,1414,2026,6,20,23,46,44,145,522,116,74,0.8,0.4,0.7,38,41,36,0,0,0,0,0,0,26,0,37,0,0,0,0,0,0,0,0,0,0,33,0,34,37,0,38,0,0,42,33
6,16410,3,KR4MFM,7.7,3,   boost,8.55,85609,1399.02,496.2,90.13,52.7,4.18,4.19,4.11,22.35,1.19,0.73,42.56,6.67,2.08,0.68,0.01,-0.24,26.2,4.19,0,0,0,0,1,1,15,31.0418238,-103.521396,1414,2026,6,20,23,46,44,145,522,116,74,0.8,0.4,0.7,38,41,36,0,0,0,0,0,0,26,0,37,0,0,0,0,0,0,0,0,0,0,33,0,34,37,0,38,0,0,42,33
6,16410,3,KR4MFM,7.71,3,   boost,-0.5,85590,1400.84,498.01,90.18,52.7,4.18,4.19,4.11,12.06,0.77,0.01,43.47,9.53,3.48,0.68,0.01,-0.24,26.3,4.19,0,0,0,0,1,1,15,31.0418238,-103.521396,1414,2026,6,20,23,46,44,145,522,116,74,0.8,0.4,0.7,38,41,36,0,0,0,0,0,0,26,0,37,0,0,0,0,0,0,0,0,0,0,33,0,34,37,0,38,0,0,42,33
6,16410,3,KR4MFM,7.72,3,   boost,10.06,85590,1400.84,498.01,90.23,52.7,4.18,4.19,4.11,30.62,0.79,0.6,43.72,5.44,0.86,0.68,0.01,-0.25,26.35,4.19,0,0,0,0,1,1,15,31.0418238,-103.521396,1414,2026,6,20,23,46,44,145,522,116,74,0.8,0.4,0.7,38,41,36,0,0,0,0,0,0,26,0,37,0,0,0,0,0,0,0,0,0,0,33,0,34,37,0,38,0,0,42,33
6,16410,3,KR4MFM,7.73,3,   boost,6.03,85577,1402.08,499.25,90.3,52.7,4.18,4.19,4.11,12.85,0.03,1.14,43.78,8.31,5.01,0.68,0.01,-0.25,26.45,4.19,0,0,0,0,1,1,15,31.0418238,-103.521396,1414,2026,6,20,23,46,44,145,522,116,74,0.8,0.4,0.7,38,41,36,0,0,0,0,0,0,26,0,37,0,0,0,0,0,0,0,0,0,0,33,0,34,37,0,38,0,0,42,33
6,16410,3,KR4MFM,7.74,3,   boost,25.15,85577,1402.08,499.25,90.38,52.7,4.18,4.19,4.11,11.8,0.04,0.58,43.05,5.51,2.63,0.68,0.01,-0.25,26.51,4.19,0,0,0,0,1,1,15,31.0418238,-103.521396,1414,2026,6,20,23,46,44,145,522,116,74,0.8,0.4,0.7,38,41,36,0,0,0,0,0,0,26,0,37,0,0,0,0,0,0,0,0,0,0,33,0,34,37,0,38,0,0,42,33
6,16410,3,KR4MFM,7.75,3,   boost,5.03,85531,1406.47,503.65,90.46,52.7,4.18,4.19,4.11,26.41,0.53,0.65,42.62,8.37,6.47,0.68,0,-0.25,26.62,4.19,0,0,0,0,1,1,15,31.0418238,-103.521396,1414,2026,6,20,23,46,44,145,522,116,74,0.8,0.4,0.7,38,41,36,0,0,0,0,0,0,26,0,37,0,0,0,0,0,0,0,0,0,0,33,0,34,37,0,38,0,0,42,33
6,16410,3,KR4MFM,7.76,3,   boost,5.03,85531,1406.47,503.65,90.54,52.7,4.18,4.19,4.11,11.6,0.4,0.75,42.31,6.3,3.36,0.68,0,-0.25,26.69,4.19,0,0,0,0,1,1,15,31.0418238,-103.521396,1414,2026,6,20,23,46,44,145,522,116,74,0.8,0.4,0.7,38,41,36,0,0,0,0,0,0,26,0,37,0,0,0,0,0,0,0,0,0,0,33,0,34,37,0,38,0,0,42,33
6,16410,3,KR4MFM,7.77,3,   boost,6.03,85531,1406.47,503.65,90.62,52.7,4.18,4.19,4.11,24.71,1.07,1.39,42.5,6.73,5.56,0.68,0,-0.25,26.77,4.19,0,0,0,0,1,1,15,31.0418238,-103.521396,1414,2026,6,20,23,46,44,145,522,116,74,0.8,0.4,0.7,38,41,36,0,0,0,0,0,0,26,0,37,0,0,0,0,0,0,0,0,0,0,33,0,34,37,0,38,0,0,42,33
6,16410,3,KR4MFM,7.78,3,   boost,21.62,85531,1406.47,503.65,90.7,52.7,4.18,4.19,4.11,12.92,0.36,0.37,43.6,7.21,2.57,0.68,0,-0.25,26.85,4.19,0,0,0,0,1,1,15,31.0418238,-103.521396,1414,2026,6,20,23,46,44,145,522,116,74,0.8,0.4,0.7,38,41,36,0,0,0,0,0,0,26,0,37,0,0,0,0,0,0,0,0,0,0,33,0,34,37,0,38,0,0,42,33
6,16410,3,KR4MFM,7.79,3,   boost,7.54,85489,1410.48,507.66,90.77,52.7,4.18,4.19,4.11,29.31,0.46,1.33,44.14,5.63,4.4,0.68,-0.01,-0.25,26.92,4.19,0,0,0,0,1,1,15,31.0418238,-103.521396,1414,2026,6,20,23,46,44,145,522,116,74,0.8,0.4,0.7,38,41,36,0,0,0,0,0,0,26,0,37,0,0,0,0,0,0,0,0,0,0,33,0,34,37,0,38,0,0,42,33
6,16410,3,KR4MFM,7.8,3,   boost,8.05,85489,1410.48,507.66,90.83,52.7,4.18,4.19,4.11,13.29,-0.01,0.98,44.39,7.89,4.09,0.68,-0.01,-0.25,27.01,4.19,0,0,0,0,1,1,15,31.0418238,-103.521396,1414,2026,6,20,23,46,44,145,522,116,74,0.8,0.4,0.7,38,41,36,0,0,0,0,0,0,26,0,37,0,0,0,0,0,0,0,0,0,0,33,0,34,37,0,38,0,0,42,33
6,16410,3,KR4MFM,7.81,3,   boost,0,85481,1411.25,508.42,90.89,52.7,4.18,4.19,4.11,18.36,0.55,0.58,45.3,4.04,4.09,0.68,-0.01,-0.26,27.06,4.19,0,0,0,0,1,1,15,31.0418238,-103.521396,1414,2026,6,20,23,46,44,145,522,116,74,0.8,0.4,0.7,38,41,36,0,0,0,0,0,0,26,0,37,0,0,0,0,0,0,0,0,0,0,33,0,34,37,0,38,0,0,42,33
6,16410,3,KR4MFM,7.82,3,   boost,8.05,85481,1411.25,508.42,90.93,52.7,4.18,4.19,4.11,13.08,0.47,0.25,43.66,7.21,6.53,0.68,-0.01,-0.26,27.16,4.19,0,0,0,0,1,1,15,31.0418238,-103.521396,1414,2026,6,20,23,46,44,145,522,116,74,0.8,0.4,0.7,38,41,36,0,0,0,0,0,0,26,0,37,0,0,0,0,0,0,0,0,0,0,33,0,34,37,0,38,0,0,42,33
6,16410,3,KR4MFM,7.83,3,   boost,4.53,85443,1414.88,512.05,90.98,52.7,4.18,4.19,4.11,21.17,0.58,0.22,42.68,2.52,4.15,0.68,-0.01,-0.26,27.21,4.19,0,0,0,0,1,1,15,31.0418238,-103.521396,1414,2026,6,20,23,46,44,145,522,116,74,0.8,0.4,0.7,38,41,36,0,0,0,0,0,0,26,0,37,0,0,0,0,0,0,0,0,0,0,33,0,34,37,0,38,0,0,42,33
6,16410,3,KR4MFM,7.84,3,   boost,4.53,85443,1414.88,512.05,91.03,52.7,4.18,4.19,4.11,13.47,0.44,0.4,40.3,5.75,6.78,0.68,-0.01,-0.26,27.29,4.19,0,0,0,0,1,1,15,31.0418238,-103.521396,1414,2026,6,20,23,46,44,145,522,116,74,0.8,0.4,0.7,38,41,36,0,0,0,0,0,0,26,0,37,0,0,0,0,0,0,0,0,0,0,33,0,34,37,0,38,0,0,42,33
6,16410,3,KR4MFM,7.85,3,   boost,16.09,85429,1416.21,513.39,91.09,52.7,4.18,4.19,4.11,13.61,0.08,0.13,39.63,1.9,3.24,0.68,-0.01,-0.26,27.33,4.19,0,0,0,0,1,1,15,31.0418238,-103.521396,1414,2026,6,20,23,46,44,145,522,116,74,0.8,0.4,0.7,38,41,36,0,0,0,0,0,0,26,0,37,0,0,0,0,0,0,0,0,0,0,33,0,34,37,0,38,0,0,42,33
6,16410,3,KR4MFM,7.86,3,   boost,3.02,85429,1416.21,513.39,91.15,52.7,4.18,4.19,4.11,20.83,0.22,0.6,38.1,4.16,6.23,0.68,-0.02,-0.26,27.4,4.19,0,0,0,0,1,1,15,31.0418238,-103.521396,1414,2026,6,20,23,46,44,145,522,116,74,0.8,0.4,0.7,38,41,36,0,0,0,0,0,0,26,0,37,0,0,0,0,0,0,0,0,0,0,33,0,34,37,0,38,0,0,42,33
6,16410,3,KR4MFM,7.87,3,   boost,15.59,85398,1419.18,516.35,91.22,52.7,4.18,4.19,4.11,11.84,-0.29,0.05,37.92,1.29,3.36,0.68,-0.02,-0.26,27.43,4.19,0,0,0,0,1,1,15,31.0418238,-103.521396,1414,2026,6,20,23,46,44,145,522,116,74,0.8,0.4,0.7,38,41,36,0,0,0,0,0,0,26,0,37,0,0,0,0,0,0,0,0,0,0,33,0,34,37,0,38,0,0,42,33
6,16410,3,KR4MFM,7.88,3,   boost,5.03,85398,1419.18,516.35,91.29,52.7,4.18,4.19,4.11,19.42,0.14,0.86,37.37,2.39,7.45,0.68,-0.02,-0.26,27.5,4.19,0,0,0,0,1,1,15,31.0418238,-103.521396,1414,2026,6,20,23,46,44,145,522,116,74,0.8,0.4,0.7,38,41,36,0,0,0,0,0,0,26,0,37,0,0,0,0,0,0,0,0,0,0,33,0,34,37,0,38,0,0,42,33
6,16410,3,KR4MFM,7.89,3,   boost,15.09,85398,1419.18,516.35,91.35,52.7,4.18,4.19,4.11,11.8,0.11,0.83,36.94,2.76,4.76,0.68,-0.03,-0.26,27.55,4.19,0,0,0,0,1,1,15,31.0418238,-103.521396,1414,2026,6,20,23,46,44,145,522,116,74,0.8,0.4,0.7,38,41,36,0,0,0,0,0,0,26,0,37,0,0,0,0,0,0,0,0,0,0,33,0,34,37,0,38,0,0,42,33
6,16410,3,KR4MFM,7.9,3,   boost,0.5,85398,1419.18,516.35,91.39,52.7,4.18,4.19,4.11,28.87,0.48,0.67,36.7,1.66,5.62,0.68,-0.03,-0.26,27.6,4.19,0,0,0,0,1,1,15,31.0418238,-103.521396,1414,2026,6,20,23,46,44,145,522,116,74,0.8,0.4,0.7,38,41,36,0,0,0,0,0,0,26,0,37,0,0,0,0,0,0,0,0,0,0,33,0,34,37,0,38,0,0,42,33
6,16410,3,KR4MFM,7.91,3,   boost,-2.51,85374,1421.47,518.65,91.43,52.7,4.18,4.19,4.11,12.64,-0.02,0.93,37.31,2.82,4.03,0.68,-0.03,-0.26,27.65,4.19,0,0,0,0,1,1,15,31.0418238,-103.521396,1414,2026,6,20,23,46,44,145,522,116,74,0.8,0.4,0.7,38,41,36,0,0,0,0,0,0,26,0,37,0,0,0,0,0,0,0,0,0,0,33,0,34,37,0,38,0,0,42,33
6,16410,3,KR4MFM,7.92,3,   boost,6.03,85374,1421.47,518.65,91.46,52.7,4.18,4.19,4.11,24.02,0.19,1.59,38.41,-0.23,3.18,0.68,-0.03,-0.26,27.66,4.19,0,0,0,0,1,1,15,31.0418238,-103.521396,1414,2026,6,20,23,46,44,145,522,116,74,0.8,0.4,0.7,38,41,36,0,0,0,0,0,0,26,0,37,0,0,0,0,0,0,0,0,0,0,33,0,34,37,0,38,0,0,42,33
6,16410,3,KR4MFM,7.93,3,   boost,13.58,85375,1421.38,518.55,91.49,52.7,4.18,4.19,4.11,14.15,0.1,0.47,39.44,2.39,4.64,0.68,-0.03,-0.26,27.71,4.19,0,0,0,0,1,1,15,31.0418238,-103.521396,1414,2026,6,20,23,46,44,145,522,116,74,0.8,0.4,0.7,38,41,36,0,0,0,0,0,0,26,0,37,0,0,0,0,0,0,0,0,0,0,33,0,34,37,0,38,0,0,42,33
6,16410,3,KR4MFM,7.94,3,   boost,0.5,85375,1421.38,518.55,91.52,52.7,4.18,4.19,4.11,24.46,0.27,0.63,40.73,-2,2.99,0.68,-0.03,-0.27,27.72,4.19,0,0,0,0,1,1,15,31.0418238,-103.521396,1414,2026,6,20,23,46,44,145,522,116,74,0.8,0.4,0.7,38,41,36,0,0,0,0,0,0,26,0,37,0,0,0,0,0,0,0,0,0,0,33,0,34,37,0,38,0,0,42,33
6,16410,3,KR4MFM,7.95,3,   boost,-0.5,85327,1425.97,523.14,91.56,52.7,4.18,4.19,4.11,13.2,0.33,0.39,39.14,1.9,6.23,0.68,-0.04,-0.27,27.77,4.19,0,0,0,0,1,1,15,31.0418238,-103.521396,1414,2026,6,20,23,46,44,145,522,116,74,0.8,0.4,0.7,38,41,36,0,0,0,0,0,0,26,0,37,0,0,0,0,0,0,0,0,0,0,33,0,34,37,0,38,0,0,42,33
6,16410,3,KR4MFM,7.95,3,   boost,-0.5,85327,1425.97,523.14,91.56,52.7,4.18,4.19,4.11,13.2,0.33,0.39,39.14,1.9,6.23,0.68,-0.04,-0.27,27.77,4.19,0,0,0,0,1,1,15,31.0418238,-103.521396,1414,2026,6,20,23,46,44,145,522,116,74,0.8,0.4,0.7,38,41,36,0,0,0,0,0,0,26,0,37,0,0,0,0,0,0,0,0,0,0,33,0,34,37,0,38,0,0,42,33
6,16410,3,KR4MFM,7.95,3,   boost,-0.5,85327,1425.97,523.14,91.56,52.7,4.18,4.19,4.11,13.2,0.33,0.39,39.14,1.9,6.23,0.68,-0.04,-0.27,27.77,4.19,0,0,0,0,1,1,15,31.0418238,-103.521396,1414,2026,6,20,23,46,44,145,522,116,74,0.8,0.4,0.7,38,41,36,0,0,0,0,0,0,26,0,37,0,0,0,0,0,0,0,0,0,0,33,0,34,37,0,38,0,0,42,33
6,16410,3,KR4MFM,7.96,3,   boost,8.55,85327,1425.97,523.14,91.6,52.7,4.18,4.19,4.11,12.81,0.39,-0.06,37.13,-1.39,1.83,0.68,-0.04,-0.27,27.78,4.19,0,0,0,0,1,1,15,31.0416158,-103.5209119,1524,2026,6,20,23,46,45,197,642,116,72,0.8,0.4,0.7,38,40,37,0,0,0,0,0,0,26,0,36,0,0,0,0,0,0,0,0,0,0,37,0,30,38,0,37,0,0,43,37
6,16410,3,KR4MFM,7.97,3,   boost,6.03,85308,1427.79,524.96,91.65,52.7,4.18,4.19,4.11,16.59,0.38,-0.15,36.52,0.81,3.73,0.68,-0.04,-0.27,27.81,4.19,0,0,0,0,1,1,15,31.0416158,-103.5209119,1524,2026,6,20,23,46,45,197,642,116,72,0.8,0.4,0.7,38,40,37,0,0,0,0,0,0,26,0,36,0,0,0,0,0,0,0,0,0,0,37,0,30,38,0,37,0,0,43,37
6,16410,3,KR4MFM,7.98,3,   boost,16.09,85308,1427.79,524.96,91.71,52.7,4.18,4.19,4.11,12.43,-0.44,-0.42,34.32,-2.25,-0.18,0.68,-0.04,-0.27,27.79,4.19,0,0,0,0,1,1,15,31.0416158,-103.5209119,1524,2026,6,20,23,46,45,197,642,116,72,0.8,0.4,0.7,38,40,37,0,0,0,0,0,0,26,0,36,0,0,0,0,0,0,0,0,0,0,37,0,30,38,0,37,0,0,43,37
6,16410,3,KR4MFM,7.99,3,   boost,2.51,85286,1429.89,527.07,91.77,52.7,4.18,4.19,4.11,18.82,-0.47,0.82,33.04,-0.35,2.69,0.68,-0.04,-0.27,27.81,4.19,0,0,0,0,1,1,15,31.0416158,-103.5209119,1524,2026,6,20,23,46,45,197,642,116,72,0.8,0.4,0.7,38,40,37,0,0,0,0,0,0,26,0,36,0,0,0,0,0,0,0,0,0,0,37,0,30,38,0,37,0,0,43,37
6,16410,3,KR4MFM,8,3,   boost,18.61,85286,1429.89,527.07,91.83,52.7,4.18,4.19,4.11,12.93,-0.59,0.91,33.1,-0.17,1.35,0.68,-0.04,-0.27,27.81,4.19,0,0,0,0,1,1,15,31.0416158,-103.5209119,1524,2026,6,20,23,46,45,197,642,116,72,0.8,0.4,0.7,38,40,37,0,0,0,0,0,0,26,0,36,0,0,0,0,0,0,0,0,0,0,37,0,30,38,0,37,0,0,43,37
6,16410,3,KR4MFM,8.01,3,   boost,0.5,85253,1433.05,530.23,91.89,52.7,4.18,4.19,4.11,28.54,0.14,0.5,31.57,-1.09,2.87,0.68,-0.04,-0.27,27.83,4.19,0,0,0,0,1,1,15,31.0416158,-103.5209119,1524,2026,6,20,23,46,45,197,642,116,72,0.8,0.4,0.7,38,40,37,0,0,0,0,0,0,26,0,36,0,0,0,0,0,0,0,0,0,0,37,0,30,38,0,37,0,0,43,37
6,16410,3,KR4MFM,8.02,3,   boost,1.51,85253,1433.05,530.23,91.93,52.7,4.17,4.2,4.11,11.31,0,0.61,28.28,0.75,1.28,0.68,-0.05,-0.27,27.84,4.19,0,0,0,0,1,1,15,31.0416158,-103.5209119,1524,2026,6,20,23,46,45,197,642,116,72,0.8,0.4,0.7,38,40,37,0,0,0,0,0,0,26,0,36,0,0,0,0,0,0,0,0,0,0,37,0,30,38,0,37,0,0,43,37
6,16410,3,KR4MFM,8.02,3,   boost,1.51,85253,1433.05,530.23,91.93,52.7,4.17,4.2,4.11,11.31,0,0.61,28.28,0.75,1.28,0.68,-0.05,-0.27,27.84,4.19,0,0,0,0,1,1,15,31.0416158,-103.5209119,1524,2026,6,20,23,46,45,197,642,116,72,0.8,0.4,0.7,38,40,37,0,0,0,0,0,0,26,0,36,0,0,0,0,0,0,0,0,0,0,37,0,30,38,0,37,0,0,43,37
6,16410,3,KR4MFM,8.03,3,   boost,9.05,85236,1434.68,531.85,91.97,52.7,4.17,4.2,4.11,21.96,0.65,1.24,24.86,-2.61,-0.67,0.68,-0.05,-0.27,27.82,4.19,0,0,0,0,1,1,15,31.0416158,-103.5209119,1524,2026,6,20,23,46,45,197,642,116,72,0.8,0.4,0.7,38,40,37,0,0,0,0,0,0,26,0,36,0,0,0,0,0,0,0,0,0,0,37,0,30,38,0,37,0,0,43,37
6,16410,3,KR4MFM,8.04,3,   boost,0,85236,1434.68,531.85,92.01,52.7,4.17,4.2,4.11,12.49,0.15,0.42,21.81,1.05,-0.73,0.68,-0.05,-0.27,27.82,4.19,0,0,0,0,1,1,15,31.0416158,-103.5209119,1524,2026,6,20,23,46,45,197,642,116,72,0.8,0.4,0.7,38,40,37,0,0,0,0,0,0,26,0,36,0,0,0,0,0,0,0,0,0,0,37,0,30,38,0,37,0,0,43,37
6,16410,3,KR4MFM,8.05,3,   boost,10.06,85206,1437.55,534.73,92.06,52.7,4.17,4.2,4.11,23.16,0.06,0.88,20.04,-2.73,-3.05,0.68,-0.05,-0.27,27.78,4.19,0,0,0,0,1,1,15,31.0416158,-103.5209119,1524,2026,6,20,23,46,45,197,642,116,72,0.8,0.4,0.7,38,40,37,0,0,0,0,0,0,26,0,36,0,0,0,0,0,0,0,0,0,0,37,0,30,38,0,37,0,0,43,37
6,16410,3,KR4MFM,8.06,3,   boost,9.56,85206,1437.55,534.73,92.11,52.7,4.17,4.2,4.11,15.51,-0.18,0.75,18.14,0.38,0.19,0.68,-0.05,-0.27,27.78,4.19,0,0,0,0,1,1,15,31.0416158,-103.5209119,1524,2026,6,20,23,46,45,197,642,116,72,0.8,0.4,0.7,38,40,37,0,0,0,0,0,0,26,0,36,0,0,0,0,0,0,0,0,0,0,37,0,30,38,0,37,0,0,43,37
6,16410,3,KR4MFM,8.07,3,   boost,12.07,85190,1439.08,536.26,92.18,52.7,4.17,4.2,4.11,14.18,0.03,-0.15,17.59,-2.43,-2.44,0.68,-0.05,-0.27,27.75,4.19,0,0,0,0,1,1,15,31.0416158,-103.5209119,1524,2026,6,20,23,46,45,197,642,116,72,0.8,0.4,0.7,38,40,37,0,0,0,0,0,0,26,0,36,0,0,0,0,0,0,0,0,0,0,37,0,30,38,0,37,0,0,43,37
6,16410,3,KR4MFM,8.08,3,   boost,3.02,85190,1439.08,536.26,92.24,52.7,4.17,4.2,4.11,17.44,0.2,-0.5,16.13,-0.54,-0.73,0.68,-0.05,-0.27,27.74,4.19,0,0,0,0,1,1,15,31.0416158,-103.5209119,1524,2026,6,20,23,46,45,197,642,116,72,0.8,0.4,0.7,38,40,37,0,0,0,0,0,0,26,0,36,0,0,0,0,0,0,0,0,0,0,37,0,30,38,0,37,0,0,43,37
6,16410,3,KR4MFM,8.09,3,   boost,14.08,85176,1440.42,537.6,92.31,52.7,4.17,4.2,4.11,7.77,-0.14,-0.39,15.46,-1.27,-2.93,0.68,-0.05,-0.27,27.71,4.19,0,0,0,0,1,1,15,31.0416158,-103.5209119,1524,2026,6,20,23,46,45,197,642,116,72,0.8,0.4,0.7,38,40,37,0,0,0,0,0,0,26,0,36,0,0,0,0,0,0,0,0,0,0,37,0,30,38,0,37,0,0,43,37
6,16410,3,KR4MFM,8.1,3,   boost,10.56,85176,1440.42,537.6,92.37,52.7,4.17,4.2,4.11,18.46,0.01,0.62,16.86,-1.39,-3.72,0.68,-0.05,-0.27,27.67,4.19,0,0,0,0,1,1,15,31.0416158,-103.5209119,1524,2026,6,20,23,46,45,197,642,116,72,0.8,0.4,0.7,38,40,37,0,0,0,0,0,0,26,0,36,0,0,0,0,0,0,0,0,0,0,37,0,30,38,0,37,0,0,43,37
6,16410,3,KR4MFM,8.11,3,   boost,0,85171,1440.9,538.08,92.42,52.7,4.17,4.2,4.11,14.47,-0.24,0.95,19.49,-0.41,-3.48,0.68,-0.05,-0.27,27.65,4.19,0,0,0,0,1,1,15,31.0416158,-103.5209119,1524,2026,6,20,23,46,45,197,642,116,72,0.8,0.4,0.7,38,40,37,0,0,0,0,0,0,26,0,36,0,0,0,0,0,0,0,0,0,0,37,0,30,38,0,37,0,0,43,37
6,16410,3,KR4MFM,8.12,3,   boost,6.03,85171,1440.9,538.08,92.46,52.7,4.17,4.2,4.11,16.29,0.12,0.5,20.04,-0.35,-3.96,0.68,-0.05,-0.28,27.61,4.19,0,0,0,0,1,1,15,31.0416158,-103.5209119,1524,2026,6,20,23,46,45,197,642,116,72,0.8,0.4,0.7,38,40,37,0,0,0,0,0,0,26,0,36,0,0,0,0,0,0,0,0,0,0,37,0,30,38,0,37,0,0,43,37
6,16410,3,KR4MFM,8.13,3,   boost,6.54,85133,1444.54,541.72,92.51,52.7,4.17,4.2,4.11,21.03,0.45,0.39,18.94,-0.6,-2.87,0.68,-0.06,-0.27,27.59,4.19,0,0,0,0,1,1,15,31.0416158,-103.5209119,1524,2026,6,20,23,46,45,197,642,116,72,0.8,0.4,0.7,38,40,37,0,0,0,0,0,0,26,0,36,0,0,0,0,0,0,0,0,0,0,37,0,30,38,0,37,0,0,43,37
6,16410,3,KR4MFM,8.14,3,   boost,9.56,85133,1444.54,541.72,92.54,52.7,4.17,4.2,4.11,11.83,0.32,-0.01,17.59,-0.41,-2.13,0.68,-0.06,-0.27,27.57,4.19,0,0,0,0,1,1,15,31.0416158,-103.5209119,1524,2026,6,20,23,46,45,197,642,116,72,0.8,0.4,0.7,38,40,37,0,0,0,0,0,0,26,0,36,0,0,0,0,0,0,0,0,0,0,37,0,30,38,0,37,0,0,43,37
6,16410,3,KR4MFM,8.15,3,   boost,3.02,85116,1446.17,543.35,92.57,52.7,4.17,4.2,4.11,10.09,0.24,-0.52,18.94,-0.05,-3.23,0.68,-0.06,-0.27,27.55,4.19,0,0,0,0,1,1,15,31.0416158,-103.5209119,1524,2026,6,20,23,46,45,197,642,116,72,0.8,0.4,0.7,38,40,37,0,0,0,0,0,0,26,0,36,0,0,0,0,0,0,0,0,0,0,37,0,30,38,0,37,0,0,43,37
6,16410,3,KR4MFM,8.16,3,   boost,0.5,85116,1446.17,543.35,92.6,52.7,4.17,4.2,4.11,14.06,0.26,0.23,21.32,-0.11,-4.03,0.68,-0.06,-0.28,27.52,4.19,0,0,0,0,1,1,15,31.0416158,-103.5209119,1524,2026,6,20,23,46,45,197,642,116,72,0.8,0.4,0.7,38,40,37,0,0,0,0,0,0,26,0,36,0,0,0,0,0,0,0,0,0,0,37,0,30,38,0,37,0,0,43,37
6,16410,3,KR4MFM,8.17,3,   boost,4.53,85102,1447.52,544.69,92.62,52.7,4.17,4.2,4.11,16.36,0.28,0.61,22.54,0.32,-3.66,0.68,-0.06,-0.28,27.49,4.19,0,0,0,0,1,1,15,31.0416158,-103.5209119,1524,2026,6,20,23,46,45,197,642,116,72,0.8,0.4,0.7,38,40,37,0,0,0,0,0,0,26,0,36,0,0,0,0,0,0,0,0,0,0,37,0,30,38,0,37,0,0,43,37
6,16410,3,KR4MFM,8.18,3,   boost,1.51,85102,1447.52,544.69,92.63,52.7,4.17,4.2,4.11,14.56,0.22,0.45,23.88,-0.35,-3.54,0.68,-0.06,-0.28,27.46,4.19,0,0,0,0,1,1,15,31.0416158,-103.5209119,1524,2026,6,20,23,46,45,197,642,116,72,0.8,0.4,0.7,38,40,37,0,0,0,0,0,0,26,0,36,0,0,0,0,0,0,0,0,0,0,37,0,30,38,0,37,0,0,43,37
6,16410,3,KR4MFM,8.19,3,   boost,3.02,85059,1451.64,548.82,92.65,52.7,4.17,4.2,4.11,13.22,0.12,0.37,24.98,0.38,-3.35,0.68,-0.06,-0.28,27.44,4.19,0,0,0,0,1,1,15,31.0416158,-103.5209119,1524,2026,6,20,23,46,45,197,642,116,72,0.8,0.4,0.7,38,40,37,0,0,0,0,0,0,26,0,36,0,0,0,0,0,0,0,0,0,0,37,0,30,38,0,37,0,0,43,37
6,16410,3,KR4MFM,8.2,3,   boost,5.53,85059,1451.64,548.82,92.66,52.7,4.17,4.2,4.11,13.25,0.11,0.84,25.53,1.29,-3.29,0.68,-0.06,-0.27,27.42,4.19,0,0,0,0,1,1,15,31.0416158,-103.5209119,1524,2026,6,20,23,46,45,197,642,116,72,0.8,0.4,0.7,38,40,37,0,0,0,0,0,0,26,0,36,0,0,0,0,0,0,0,0,0,0,37,0,30,38,0,37,0,0,43,37
6,16410,3,KR4MFM,8.21,3,   boost,1.01,85050,1452.5,549.68,92.67,52.7,4.17,4.2,4.11,12.87,0.24,0.52,26.87,2.03,-2.99,0.68,-0.06,-0.27,27.41,4.19,0,0,0,0,1,1,15,31.0416158,-103.5209119,1524,2026,6,20,23,46,45,197,642,116,72,0.8,0.4,0.7,38,40,37,0,0,0,0,0,0,26,0,36,0,0,0,0,0,0,0,0,0,0,37,0,30,38,0,37,0,0,43,37
6,16410,3,KR4MFM,8.22,3,   boost,-1.51,85050,1452.5,549.68,92.67,52.7,4.17,4.2,4.11,11.41,0.48,-0.2,28.28,1.36,-3.6,0.68,-0.06,-0.27,27.4,4.19,0,0,0,0,1,1,15,31.0416158,-103.5209119,1524,2026,6,20,23,46,45,197,642,116,72,0.8,0.4,0.7,38,40,37,0,0,0,0,0,0,26,0,36,0,0,0,0,0,0,0,0,0,0,37,0,30,38,0,37,0,0,43,37
6,16410,3,KR4MFM,8.23,3,   boost,2.51,85019,1455.48,552.65,92.67,52.7,4.17,4.2,4.11,11.3,0.37,-0.11,29.44,2.09,-3.84,0.68,-0.06,-0.28,27.38,4.19,0,0,0,0,1,1,15,31.0416158,-103.5209119,1524,2026,6,20,23,46,45,197,642,116,72,0.8,0.4,0.7,38,40,37,0,0,0,0,0,0,26,0,36,0,0,0,0,0,0,0,0,0,0,37,0,30,38,0,37,0,0,43,37
6,16410,3,KR4MFM,8.24,3,   boost,-2.01,85019,1455.48,552.65,92.66,52.7,4.17,4.2,4.11,12.76,0.27,0.57,32.43,1.29,-3.35,0.67,-0.07,-0.28,27.36,4.19,0,0,0,0,1,1,15,31.0416158,-103.5209119,1524,2026,6,20,23,46,45,197,642,116,72,0.8,0.4,0.7,38,40,37,0,0,0,0,0,0,26,0,36,0,0,0,0,0,0,0,0,0,0,37,0,30,38,0,37,0,0,43,37
6,16410,3,KR4MFM,8.25,3,   boost,2.51,84995,1457.78,554.96,92.66,52.7,4.17,4.2,4.11,12.56,0.3,0.63,34.38,1.78,-2.93,0.68,-0.07,-0.28,27.35,4.19,0,0,0,0,1,1,15,31.0416158,-103.5209119,1524,2026,6,20,23,46,45,197,642,116,72,0.8,0.4,0.7,38,40,37,0,0,0,0,0,0,26,0,36,0,0,0,0,0,0,0,0,0,0,37,0,30,38,0,37,0,0,43,37
6,16410,3,KR4MFM,8.26,3,   boost,3.02,84995,1457.78,554.96,92.66,52.7,4.17,4.2,4.11,12.37,0.08,0.69,34.75,1.17,-2.56,0.68,-0.07,-0.28,27.34,4.19,0,0,0,0,1,1,15,31.0416158,-103.5209119,1524,2026,6,20,23,46,45,197,642,116,72,0.8,0.4,0.7,38,40,37,0,0,0,0,0,0,26,0,36,0,0,0,0,0,0,0,0,0,0,37,0,30,38,0,37,0,0,43,37
6,16410,3,KR4MFM,8.27,3,   boost,-1.51,84969,1460.28,557.45,92.65,52.7,4.17,4.2,4.11,11.14,0.12,0.22,35.9,1.97,-1.83,0.68,-0.07,-0.28,27.34,4.19,0,0,0,0,1,1,15,31.0416158,-103.5209119,1524,2026,6,20,23,46,45,197,642,116,72,0.8,0.4,0.7,38,40,37,0,0,0,0,0,0,26,0,36,0,0,0,0,0,0,0,0,0,0,37,0,30,38,0,37,0,0,43,37
6,16410,3,KR4MFM,8.28,3,   boost,0.5,84969,1460.28,557.45,92.64,52.7,4.17,4.2,4.11,9.9,0.34,-0.22,38.83,1.72,-1.03,0.68,-0.07,-0.28,27.34,4.19,0,0,0,0,1,1,15,31.0416158,-103.5209119,1524,2026,6,20,23,46,45,197,642,116,72,0.8,0.4,0.7,38,40,37,0,0,0,0,0,0,26,0,36,0,0,0,0,0,0,0,0,0,0,37,0,30,38,0,37,0,0,43,37
6,16410,3,KR4MFM,8.29,3,   boost,1.51,84940,1463.06,560.24,92.63,52.7,4.17,4.2,4.11,10.53,0.45,0.19,39.75,1.6,-0.67,0.68,-0.07,-0.28,27.35,4.19,0,0,0,0,1,1,15,31.0416158,-103.5209119,1524,2026,6,20,23,46,45,197,642,116,72,0.8,0.4,0.7,38,40,37,0,0,0,0,0,0,26,0,36,0,0,0,0,0,0,0,0,0,0,37,0,30,38,0,37,0,0,43,37
6,16410,3,KR4MFM,8.3,3,   boost,-3.52,84940,1463.06,560.24,92.62,52.7,4.17,4.2,4.11,11.15,0.55,0.56,41.64,1.97,-1.64,0.68,-0.07,-0.28,27.35,4.19,0,0,0,0,1,1,15,31.0416158,-103.5209119,1524,2026,6,20,23,46,45,197,642,116,72,0.8,0.4,0.7,38,40,37,0,0,0,0,0,0,26,0,36,0,0,0,0,0,0,0,0,0,0,37,0,30,38,0,37,0,0,43,37
6,16410,3,KR4MFM,8.31,3,   boost,-0.5,84902,1466.71,563.89,92.61,52.7,4.17,4.2,4.11,9.77,0.59,0.21,42.86,2.58,-1.22,0.67,-0.08,-0.28,27.35,4.19,0,0,0,0,1,1,15,31.0416158,-103.5209119,1524,2026,6,20,23,46,45,197,642,116,72,0.8,0.4,0.7,38,40,37,0,0,0,0,0,0,26,0,36,0,0,0,0,0,0,0,0,0,0,37,0,30,38,0,37,0,0,43,37
6,16410,3,KR4MFM,8.32,3,   boost,2.01,84902,1466.71,563.89,92.6,52.7,4.17,4.2,4.11,9.12,0.4,0.17,44.39,2.21,-1.1,0.67,-0.08,-0.28,27.36,4.19,0,0,0,0,1,1,15,31.0416158,-103.5209119,1524,2026,6,20,23,46,45,197,642,116,72,0.8,0.4,0.7,38,40,37,0,0,0,0,0,0,26,0,36,0,0,0,0,0,0,0,0,0,0,37,0,30,38,0,37,0,0,43,37
6,16410,3,KR4MFM,8.33,3,   boost,0,84894,1467.48,564.65,92.59,52.7,4.17,4.2,4.11,9.87,0.23,0.4,45.55,3.13,-0.12,0.67,-0.08,-0.28,27.38,4.19,0,0,0,0,1,1,15,31.0416158,-103.5209119,1524,2026,6,20,23,46,45,197,642,116,72,0.8,0.4,0.7,38,40,37,0,0,0,0,0,0,26,0,36,0,0,0,0,0,0,0,0,0,0,37,0,30,38,0,37,0,0,43,37
6,16410,3,KR4MFM,8.34,3,   boost,0.5,84894,1467.48,564.65,92.58,52.7,4.19,4.2,4.11,11.8,0.34,0.55,46.04,1.84,-0.06,0.67,-0.08,-0.28,27.39,4.19,0,0,0.01,0,1,1,15,31.0416158,-103.5209119,1524,2026,6,20,23,46,45,197,642,116,72,0.8,0.4,0.7,38,40,37,0,0,0,0,0,0,26,0,36,0,0,0,0,0,0,0,0,0,0,37,0,30,38,0,37,0,0,43,37
6,16410,3,KR4MFM,8.34,3,   boost,0.5,84894,1467.48,564.65,92.58,52.7,4.19,4.2,4.11,11.8,0.34,0.55,46.04,1.84,-0.06,0.67,-0.08,-0.28,27.39,4.19,0,0,0.01,0,1,1,15,31.0416158,-103.5209119,1524,2026,6,20,23,46,45,197,642,116,72,0.8,0.4,0.7,38,40,37,0,0,0,0,0,0,26,0,36,0,0,0,0,0,0,0,0,0,0,37,0,30,38,0,37,0,0,43,37
6,16410,3,KR4MFM,8.35,3,   boost,2.51,84863,1470.46,567.63,92.58,52.7,4.19,4.2,4.11,10.95,0.41,0.34,48.36,2.94,0.61,0.67,-0.09,-0.28,27.41,4.19,0,0,0.01,0,1,1,15,31.0416158,-103.5209119,1524,2026,6,20,23,46,45,197,642,116,72,0.8,0.4,0.7,38,40,37,0,0,0,0,0,0,26,0,36,0,0,0,0,0,0,0,0,0,0,37,0,30,38,0,37,0,0,43,37
6,16410,3,KR4MFM,8.36,3,   boost,-0.5,84863,1470.46,567.63,92.57,52.7,4.19,4.2,4.11,10.91,0.67,0.32,49.39,2.21,1.16,0.67,-0.09,-0.28,27.43,4.19,0,0,0.01,0,1,1,15,31.0416158,-103.5209119,1524,2026,6,20,23,46,45,197,642,116,72,0.8,0.4,0.7,38,40,37,0,0,0,0,0,0,26,0,36,0,0,0,0,0,0,0,0,0,0,37,0,30,38,0,37,0,0,43,37
6,16410,3,KR4MFM,8.37,3,   boost,-0.5,84831,1473.53,570.71,92.57,52.7,4.19,4.2,4.11,11.32,0.75,0.45,49.45,2.82,1.28,0.67,-0.09,-0.28,27.46,4.19,0,0,0.01,0,1,1,15,31.0416158,-103.5209119,1524,2026,6,20,23,46,45,197,642,116,72,0.8,0.4,0.7,38,40,37,0,0,0,0,0,0,26,0,36,0,0,0,0,0,0,0,0,0,0,37,0,30,38,0,37,0,0,43,37
6,16410,3,KR4MFM,8.38,3,   boost,3.02,84831,1473.53,570.71,92.56,52.7,4.19,4.2,4.11,10.98,0.61,0.43,49.88,2.03,1.35,0.68,-0.09,-0.29,27.48,4.19,0,0,0.01,0,1,1,15,31.0416158,-103.5209119,1524,2026,6,20,23,46,45,197,642,116,72,0.8,0.4,0.7,38,40,37,0,0,0,0,0,0,26,0,36,0,0,0,0,0,0,0,0,0,0,37,0,30,38,0,37,0,0,43,37
6,16410,3,KR4MFM,8.39,3,   boost,-3.02,84805,1476.03,573.21,92.55,52.7,4.19,4.2,4.11,9.61,0.52,-0.06,49.94,2.7,1.59,0.68,-0.09,-0.29,27.51,4.19,0,0,0.01,0,1,1,15,31.0416158,-103.5209119,1524,2026,6,20,23,46,45,197,642,116,72,0.8,0.4,0.7,38,40,37,0,0,0,0,0,0,26,0,36,0,0,0,0,0,0,0,0,0,0,37,0,30,38,0,37,0,0,43,37
6,16410,3,KR4MFM,8.4,3,   boost,2.01,84805,1476.03,573.21,92.54,52.7,4.19,4.2,4.11,9.78,0.44,0.02,49.45,1.9,2.32,0.68,-0.09,-0.29,27.54,4.19,0,0,0.01,0,1,1,15,31.0416158,-103.5209119,1524,2026,6,20,23,46,45,197,642,116,72,0.8,0.4,0.7,38,40,37,0,0,0,0,0,0,26,0,36,0,0,0,0,0,0,0,0,0,0,37,0,30,38,0,37,0,0,43,37
6,16410,3,KR4MFM,8.41,3,   boost,-0.5,84773,1479.11,576.28,92.53,52.7,4.19,4.2,4.11,10.57,0.29,0.55,47.87,2.03,2.63,0.68,-0.1,-0.29,27.57,4.19,0,0,0.01,0,1,1,15,31.0416158,-103.5209119,1524,2026,6,20,23,46,45,197,642,116,72,0.8,0.4,0.7,38,40,37,0,0,0,0,0,0,26,0,36,0,0,0,0,0,0,0,0,0,0,37,0,30,38,0,37,0,0,43,37
6,16410,3,KR4MFM,8.42,3,   boost,-1.01,84773,1479.11,576.28,92.52,52.7,4.19,4.2,4.11,10.55,0.39,0.65,47.2,2.15,3.36,0.68,-0.1,-0.29,27.61,4.19,0,0,0.01,0,1,1,15,31.0416158,-103.5209119,1524,2026,6,20,23,46,45,197,642,116,72,0.8,0.4,0.7,38,40,37,0,0,0,0,0,0,26,0,36,0,0,0,0,0,0,0,0,0,0,37,0,30,38,0,37,0,0,43,37
6,16410,3,KR4MFM,8.43,3,   boost,1.01,84754,1480.94,578.11,92.5,52.7,4.19,4.2,4.11,10.07,0.65,0.32,46.77,2.33,3.67,0.67,-0.1,-0.29,27.66,4.19,0,0,0.01,0,1,1,15,31.0416158,-103.5209119,1524,2026,6,20,23,46,45,197,642,116,72,0.8,0.4,0.7,38,40,37,0,0,0,0,0,0,26,0,36,0,0,0,0,0,0,0,0,0,0,37,0,30,38,0,37,0,0,43,37
6,16410,3,KR4MFM,8.44,3,   boost,-0.5,84754,1480.94,578.11,92.49,52.7,4.19,4.2,4.11,10.12,0.67,0.23,45.85,1.72,3.3,0.67,-0.11,-0.29,27.7,4.19,0,0,0.01,0,1,1,15,31.0416158,-103.5209119,1524,2026,6,20,23,46,45,197,642,116,72,0.8,0.4,0.7,38,40,37,0,0,0,0,0,0,26,0,36,0,0,0,0,0,0,0,0,0,0,37,0,30,38,0,37,0,0,43,37
6,16410,3,KR4MFM,8.45,3,   boost,-1.51,84736,1482.67,579.84,92.48,52.7,4.19,4.2,4.11,10.38,0.51,0.42,45,1.54,3.67,0.67,-0.11,-0.29,27.73,4.19,0,0,0.01,0,1,1,15,31.0416158,-103.5209119,1524,2026,6,20,23,46,45,197,642,116,72,0.8,0.4,0.7,38,40,37,0,0,0,0,0,0,26,0,36,0,0,0,0,0,0,0,0,0,0,37,0,30,38,0,37,0,0,43,37
6,16410,3,KR4MFM,8.46,3,   boost,0.5,84736,1482.67,579.84,92.47,52.7,4.19,4.2,4.11,9.91,0.5,0.17,44.27,1.17,4.09,0.67,-0.11,-0.29,27.78,4.19,0,0,0.01,0,1,1,15,31.0416158,-103.5209119,1524,2026,6,20,23,46,45,197,642,116,72,0.8,0.4,0.7,38,40,37,0,0,0,0,0,0,26,0,36,0,0,0,0,0,0,0,0,0,0,37,0,30,38,0,37,0,0,43,37
6,16410,3,KR4MFM,8.47,3,   boost,1.51,84697,1486.42,583.6,92.46,52.7,4.19,4.2,4.11,9.4,0.29,0.06,43.66,0.93,3.73,0.67,-0.11,-0.29,27.81,4.19,0,0,0.01,0,1,1,15,31.0416158,-103.5209119,1524,2026,6,20,23,46,45,197,642,116,72,0.8,0.4,0.7,38,40,37,0,0,0,0,0,0,26,0,36,0,0,0,0,0,0,0,0,0,0,37,0,30,38,0,37,0,0,43,37
6,16410,3,KR4MFM,8.48,3,   boost,0.5,84697,1486.42,583.6,92.45,52.7,4.19,4.2,4.11,9.71,0.18,0.31,43.29,0.68,5.01,0.67,-0.11,-0.29,27.86,4.19,0,0,0.01,0,1,1,15,31.0416158,-103.5209119,1524,2026,6,20,23,46,45,197,642,116,72,0.8,0.4,0.7,38,40,37,0,0,0,0,0,0,26,0,36,0,0,0,0,0,0,0,0,0,0,37,0,30,38,0,37,0,0,43,37
6,16410,3,KR4MFM,8.49,3,   boost,0.5,84680,1488.06,585.23,92.44,52.7,4.19,4.2,4.11,10.14,0.29,0.49,44.51,0.93,5.13,0.68,-0.12,-0.29,27.91,4.19,0,0,0.01,0,1,1,15,31.0416158,-103.5209119,1524,2026,6,20,23,46,45,197,642,116,72,0.8,0.4,0.7,38,40,37,0,0,0,0,0,0,26,0,36,0,0,0,0,0,0,0,0,0,0,37,0,30,38,0,37,0,0,43,37
6,16410,3,KR4MFM,8.5,3,   boost,0.5,84680,1488.06,585.23,92.44,52.7,4.19,4.2,4.11,9.73,0.47,0.42,45.91,1.05,5.31,0.67,-0.12,-0.29,27.96,4.19,0,0,0.01,0,1,1,15,31.0416158,-103.5209119,1524,2026,6,20,23,46,45,197,642,116,72,0.8,0.4,0.7,38,40,37,0,0,0,0,0,0,26,0,36,0,0,0,0,0,0,0,0,0,0,37,0,30,38,0,37,0,0,43,37
6,16410,3,KR4MFM,8.51,3,   boost,0,84656,1490.37,587.54,92.43,52.7,4.19,4.2,4.11,9.44,0.52,0.3,46.59,0.62,4.89,0.67,-0.12,-0.29,28,4.19,0,0,0.01,0,1,1,15,31.0416158,-103.5209119,1524,2026,6,20,23,46,45,197,642,116,72,0.8,0.4,0.7,38,40,37,0,0,0,0,0,0,26,0,36,0,0,0,0,0,0,0,0,0,0,37,0,30,38,0,37,0,0,43,37
6,16410,3,KR4MFM,8.52,3,   boost,-0.5,84656,1490.37,587.54,92.41,52.7,4.19,4.2,4.11,9.62,0.41,0.22,47.2,0.62,4.95,0.68,-0.12,-0.29,28.05,4.19,0,0,0.01,0,1,1,15,31.0416158,-103.5209119,1524,2026,6,20,23,46,45,197,642,116,72,0.8,0.4,0.7,38,40,37,0,0,0,0,0,0,26,0,36,0,0,0,0,0,0,0,0,0,0,37,0,30,38,0,37,0,0,43,37
6,16410,3,KR4MFM,8.53,3,   boost,0,84629,1492.97,590.14,92.4,52.7,4.19,4.2,4.11,9.76,0.27,0.37,46.28,0.56,4.76,0.68,-0.13,-0.29,28.1,4.19,0,0,0.01,0,1,1,15,31.0416158,-103.5209119,1524,2026,6,20,23,46,45,197,642,116,72,0.8,0.4,0.7,38,40,37,0,0,0,0,0,0,26,0,36,0,0,0,0,0,0,0,0,0,0,37,0,30,38,0,37,0,0,43,37
6,16410,3,KR4MFM,8.54,3,   boost,-1.51,84629,1492.97,590.14,92.38,52.7,4.19,4.2,4.11,9.48,0.16,0.3,47.87,0.87,5.19,0.67,-0.13,-0.29,28.15,4.19,0,0,0.01,0,1,1,15,31.0416158,-103.5209119,1524,2026,6,20,23,46,45,197,642,116,72,0.8,0.4,0.7,38,40,37,0,0,0,0,0,0,26,0,36,0,0,0,0,0,0,0,0,0,0,37,0,30,38,0,37,0,0,43,37
6,16410,3,KR4MFM,8.55,3,   boost,-0.5,84599,1495.86,593.03,92.37,52.7,4.19,4.2,4.11,9.3,0.34,0.29,49.39,0.62,5.56,0.67,-0.13,-0.29,28.2,4.19,0,0,0.01,0,1,1,15,31.0416158,-103.5209119,1524,2026,6,20,23,46,45,197,642,116,72,0.8,0.4,0.7,38,40,37,0,0,0,0,0,0,26,0,36,0,0,0,0,0,0,0,0,0,0,37,0,30,38,0,37,0,0,43,37
6,16410,3,KR4MFM,8.56,3,   boost,-1.01,84599,1495.86,593.03,92.35,52.7,4.19,4.2,4.11,9.4,0.37,0.41,49.52,0.26,5.44,0.67,-0.14,-0.29,28.25,4.19,0,0,0.01,0,1,1,15,31.0416158,-103.5209119,1524,2026,6,20,23,46,45,197,642,116,72,0.8,0.4,0.7,38,40,37,0,0,0,0,0,0,26,0,36,0,0,0,0,0,0,0,0,0,0,37,0,30,38,0,37,0,0,43,37
6,16410,3,KR4MFM,8.57,3,   boost,0,84578,1497.88,595.06,92.33,52.7,4.19,4.2,4.11,9.47,0.67,0.22,49.7,0.5,5.25,0.67,-0.14,-0.29,28.3,4.19,0,0,0.01,0,1,1,15,31.0416158,-103.5209119,1524,2026,6,20,23,46,45,197,642,116,72,0.8,0.4,0.7,38,40,37,0,0,0,0,0,0,26,0,36,0,0,0,0,0,0,0,0,0,0,37,0,30,38,0,37,0,0,43,37
6,16410,3,KR4MFM,8.58,3,   boost,0.5,84578,1497.88,595.06,92.31,52.7,4.19,4.2,4.11,9.09,0.42,0.14,49.76,0.62,5.07,0.67,-0.14,-0.29,28.34,4.19,0,0,0.01,0,1,1,15,31.0416158,-103.5209119,1524,2026,6,20,23,46,45,197,642,116,72,0.8,0.4,0.7,38,40,37,0,0,0,0,0,0,26,0,36,0,0,0,0,0,0,0,0,0,0,37,0,30,38,0,37,0,0,43,37
6,16410,3,KR4MFM,8.59,3,   boost,-3.02,84545,1501.06,598.24,92.29,52.7,4.19,4.2,4.11,9.04,0.37,0.26,50.61,-0.41,5.5,0.67,-0.14,-0.29,28.39,4.19,0,0,0.01,0,1,1,15,31.0416158,-103.5209119,1524,2026,6,20,23,46,45,197,642,116,72,0.8,0.4,0.7,38,40,37,0,0,0,0,0,0,26,0,36,0,0,0,0,0,0,0,0,0,0,37,0,30,38,0,37,0,0,43,37
6,16410,3,KR4MFM,8.6,3,   boost,-3.52,84545,1501.06,598.24,92.26,52.7,4.19,4.2,4.11,9.19,0.27,0.4,50.86,0.01,5.62,0.68,-0.15,-0.29,28.44,4.19,0,0,0.01,0,1,1,15,31.0416158,-103.5209119,1524,2026,6,20,23,46,45,197,642,116,72,0.8,0.4,0.7,38,40,37,0,0,0,0,0,0,26,0,36,0,0,0,0,0,0,0,0,0,0,37,0,30,38,0,37,0,0,43,37
6,16410,3,KR4MFM,8.61,3,   boost,0,84528,1502.7,599.88,92.24,52.7,4.19,4.2,4.11,9.18,0.32,0.45,49.94,-1.02,5.8,0.67,-0.15,-0.29,28.49,4.19,0,0,0.01,0,1,1,15,31.0416158,-103.5209119,1524,2026,6,20,23,46,45,197,642,116,72,0.8,0.4,0.7,38,40,37,0,0,0,0,0,0,26,0,36,0,0,0,0,0,0,0,0,0,0,37,0,30,38,0,37,0,0,43,37
6,16410,3,KR4MFM,8.62,3,   boost,-0.5,84528,1502.7,599.88,92.22,52.7,4.19,4.2,4.11,8.76,0.34,0.34,51.71,-0.05,6.05,0.67,-0.15,-0.29,28.55,4.19,0,0,0.01,0,1,1,15,31.0416158,-103.5209119,1524,2026,6,20,23,46,45,197,642,116,72,0.8,0.4,0.7,38,40,37,0,0,0,0,0,0,26,0,36,0,0,0,0,0,0,0,0,0,0,37,0,30,38,0,37,0,0,43,37
6,16410,3,KR4MFM,8.63,3,   boost,-1.51,84505,1504.92,602.09,92.2,52.7,4.19,4.2,4.11,8.83,0.42,0.27,51.77,-1.09,5.56,0.68,-0.15,-0.29,28.59,4.19,0,0,0.01,0,1,1,15,31.0416158,-103.5209119,1524,2026,6,20,23,46,45,197,642,116,72,0.8,0.4,0.7,38,40,37,0,0,0,0,0,0,26,0,36,0,0,0,0,0,0,0,0,0,0,37,0,30,38,0,37,0,0,43,37
6,16410,3,KR4MFM,8.64,3,   boost,0,84505,1504.92,602.09,92.17,52.7,4.19,4.2,4.11,8.94,0.17,0.29,51.1,-0.17,5.44,0.68,-0.16,-0.29,28.64,4.19,0,0,0.01,0,1,1,15,31.0416158,-103.5209119,1524,2026,6,20,23,46,45,197,642,116,72,0.8,0.4,0.7,38,40,37,0,0,0,0,0,0,26,0,36,0,0,0,0,0,0,0,0,0,0,37,0,30,38,0,37,0,0,43,37
6,16410,3,KR4MFM,8.65,3,   boost,-2.01,84481,1507.23,604.41,92.15,52.7,4.19,4.2,4.11,8.72,-0.09,0.18,50.07,-1.76,5.5,0.67,-0.16,-0.28,28.69,4.19,0,0,0.01,0,1,1,15,31.0416158,-103.5209119,1524,2026,6,20,23,46,45,197,642,116,72,0.8,0.4,0.7,38,40,37,0,0,0,0,0,0,26,0,36,0,0,0,0,0,0,0,0,0,0,37,0,30,38,0,37,0,0,43,37
6,16410,3,KR4MFM,8.66,3,   boost,-0.5,84481,1507.23,604.41,92.13,52.7,4.19,4.2,4.11,8.72,-0.08,0.36,48.66,-0.9,6.35,0.67,-0.16,-0.28,28.74,4.2,0,0.01,0,0,1,1,15,31.0416158,-103.5209119,1524,2026,6,20,23,46,45,197,642,116,72,0.8,0.4,0.7,38,40,37,0,0,0,0,0,0,26,0,36,0,0,0,0,0,0,0,0,0,0,37,0,30,38,0,37,0,0,43,37
6,16410,3,KR4MFM,8.66,3,   boost,-0.5,84481,1507.23,604.41,92.13,52.7,4.19,4.2,4.11,8.72,-0.08,0.36,48.66,-0.9,6.35,0.67,-0.16,-0.28,28.74,4.2,0,0.01,0,0,1,1,15,31.0416158,-103.5209119,1524,2026,6,20,23,46,45,197,642,116,72,0.8,0.4,0.7,38,40,37,0,0,0,0,0,0,26,0,36,0,0,0,0,0,0,0,0,0,0,37,0,30,38,0,37,0,0,43,37
6,16410,3,KR4MFM,8.67,3,   boost,0,84466,1508.68,605.85,92.11,52.7,4.19,4.2,4.11,8.77,0.14,0.73,47.99,-1.51,5.8,0.67,-0.17,-0.28,28.79,4.2,0,0.01,0,0,1,1,15,31.0416158,-103.5209119,1524,2026,6,20,23,46,45,197,642,116,72,0.8,0.4,0.7,38,40,37,0,0,0,0,0,0,26,0,36,0,0,0,0,0,0,0,0,0,0,37,0,30,38,0,37,0,0,43,37
6,16410,3,KR4MFM,8.68,3,   boost,-3.02,84466,1508.68,605.85,92.09,52.7,4.19,4.2,4.11,8.94,0.57,0.5,44.69,-0.72,5.68,0.67,-0.17,-0.28,28.84,4.2,0,0.01,0,0,1,1,15,31.0416158,-103.5209119,1524,2026,6,20,23,46,45,197,642,116,72,0.8,0.4,0.7,38,40,37,0,0,0,0,0,0,26,0,36,0,0,0,0,0,0,0,0,0,0,37,0,30,38,0,37,0,0,43,37
6,16410,3,KR4MFM,8.69,3,   boost,-1.51,84432,1511.96,609.13,92.06,52.7,4.19,4.2,4.11,8.64,0.78,0.15,41.7,-1.76,5.25,0.67,-0.17,-0.28,28.89,4.2,0,0.01,0,0,1,1,15,31.0416158,-103.5209119,1524,2026,6,20,23,46,45,197,642,116,72,0.8,0.4,0.7,38,40,37,0,0,0,0,0,0,26,0,36,0,0,0,0,0,0,0,0,0,0,37,0,30,38,0,37,0,0,43,37
6,16410,3,KR4MFM,8.7,3,   boost,-3.02,84432,1511.96,609.13,92.03,52.7,4.19,4.2,4.11,8.71,0.8,-0.09,41.21,-1.21,4.09,0.67,-0.17,-0.28,28.92,4.2,0,0.01,0,0,1,1,15,31.0416158,-103.5209119,1524,2026,6,20,23,46,45,197,642,116,72,0.8,0.4,0.7,38,40,37,0,0,0,0,0,0,26,0,36,0,0,0,0,0,0,0,0,0,0,37,0,30,38,0,37,0,0,43,37
6,16410,3,KR4MFM,8.71,3,   boost,-1.01,84406,1514.47,611.64,92,52.7,4.19,4.2,4.11,8.63,0.11,0.2,42.07,-2.49,3.85,0.68,-0.17,-0.29,28.95,4.2,0,0.01,0,0,1,1,15,31.0416158,-103.5209119,1524,2026,6,20,23,46,45,197,642,116,72,0.8,0.4,0.7,38,40,37,0,0,0,0,0,0,26,0,36,0,0,0,0,0,0,0,0,0,0,37,0,30,38,0,37,0,0,43,37
6,16410,3,KR4MFM,8.72,3,   boost,-2.51,84406,1514.47,611.64,91.97,52.7,4.19,4.2,4.11,8.54,-0.09,0.27,41.89,-2.43,4.95,0.67,-0.18,-0.28,28.99,4.2,0,0.01,0,0,1,1,15,31.0416158,-103.5209119,1524,2026,6,20,23,46,45,197,642,116,72,0.8,0.4,0.7,38,40,37,0,0,0,0,0,0,26,0,36,0,0,0,0,0,0,0,0,0,0,37,0,30,38,0,37,0,0,43,37
6,16410,3,KR4MFM,8.73,3,   boost,-1.01,84389,1516.11,613.28,91.95,52.7,4.19,4.2,4.11,8.58,-0.2,0.66,42.5,-2.43,5.37,0.67,-0.18,-0.28,29.03,4.2,0,0.01,0,0,1,1,15,31.0416158,-103.5209119,1524,2026,6,20,23,46,45,197,642,116,72,0.8,0.4,0.7,38,40,37,0,0,0,0,0,0,26,0,36,0,0,0,0,0,0,0,0,0,0,37,0,30,38,0,37,0,0,43,37
6,16410,3,KR4MFM,8.74,3,   boost,-2.51,84389,1516.11,613.28,91.92,52.7,4.19,4.2,4.11,8.3,0.24,0.3,41.83,-1.57,5.31,0.68,-0.18,-0.28,29.08,4.2,0,0.01,0,0,1,1,15,31.0416158,-103.5209119,1524,2026,6,20,23,46,45,197,642,116,72,0.8,0.4,0.7,38,40,37,0,0,0,0,0,0,26,0,36,0,0,0,0,0,0,0,0,0,0,37,0,30,38,0,37,0,0,43,37
6,16410,3,KR4MFM,8.75,3,   boost,-0.5,84372,1517.75,614.92,91.9,52.7,4.19,4.2,4.11,8.28,0.41,0.19,42.74,-1.88,5.62,0.68,-0.18,-0.28,29.13,4.2,0,0.01,0,0,1,1,15,31.0416158,-103.5209119,1524,2026,6,20,23,46,45,197,642,116,72,0.8,0.4,0.7,38,40,37,0,0,0,0,0,0,26,0,36,0,0,0,0,0,0,0,0,0,0,37,0,30,38,0,37,0,0,43,37
6,16410,3,KR4MFM,8.76,3,   boost,-0.5,84372,1517.75,614.92,91.87,52.7,4.19,4.2,4.11,8.38,0.62,0.09,43.72,-1.51,4.46,0.67,-0.18,-0.28,29.17,4.2,0,0.01,0,0,1,1,15,31.0416158,-103.5209119,1524,2026,6,20,23,46,45,197,642,116,72,0.8,0.4,0.7,38,40,37,0,0,0,0,0,0,26,0,36,0,0,0,0,0,0,0,0,0,0,37,0,30,38,0,37,0,0,43,37
6,16410,3,KR4MFM,8.77,3,   boost,-1.51,84350,1519.87,617.05,91.85,52.7,4.19,4.2,4.11,8.31,0.26,0.11,43.35,-1.88,3.42,0.67,-0.19,-0.28,29.19,4.2,0,0.01,0,0,1,1,15,31.0416158,-103.5209119,1524,2026,6,20,23,46,45,197,642,116,72,0.8,0.4,0.7,38,40,37,0,0,0,0,0,0,26,0,36,0,0,0,0,0,0,0,0,0,0,37,0,30,38,0,37,0,0,43,37
6,16410,3,KR4MFM,8.78,3,   boost,-0.5,84350,1519.87,617.05,91.83,52.7,4.19,4.2,4.11,8.05,-0.01,0.27,44.69,-2.06,3.18,0.67,-0.19,-0.28,29.22,4.2,0,0.01,0,0,1,1,15,31.0416158,-103.5209119,1524,2026,6,20,23,46,45,197,642,116,72,0.8,0.4,0.7,38,40,37,0,0,0,0,0,0,26,0,36,0,0,0,0,0,0,0,0,0,0,37,0,30,38,0,37,0,0,43,37
6,16410,3,KR4MFM,8.79,3,   boost,-2.51,84323,1522.48,619.66,91.8,52.7,4.19,4.2,4.11,8.02,-0.07,0.38,45.06,-1.7,4.15,0.67,-0.19,-0.28,29.26,4.2,0,0.01,0,0,1,1,15,31.0416158,-103.5209119,1524,2026,6,20,23,46,45,197,642,116,72,0.8,0.4,0.7,38,40,37,0,0,0,0,0,0,26,0,36,0,0,0,0,0,0,0,0,0,0,37,0,30,38,0,37,0,0,43,37
6,16410,3,KR4MFM,8.8,3,   boost,-2.51,84323,1522.48,619.66,91.77,52.7,4.19,4.2,4.11,7.96,-0.04,0.07,45.24,0.26,3.91,0.67,-0.19,-0.28,29.29,4.2,0,0.01,0,0,1,1,15,31.0416158,-103.5209119,1524,2026,6,20,23,46,45,197,642,116,72,0.8,0.4,0.7,38,40,37,0,0,0,0,0,0,26,0,36,0,0,0,0,0,0,0,0,0,0,37,0,30,38,0,37,0,0,43,37
6,16410,3,KR4MFM,8.81,3,   boost,-1.51,84313,1523.45,620.62,91.74,52.7,4.19,4.2,4.11,7.98,0.36,-0.02,43.96,-0.54,5.07,0.67,-0.19,-0.28,29.34,4.2,0,0.01,0,0,1,1,15,31.0416158,-103.5209119,1524,2026,6,20,23,46,45,197,642,116,72,0.8,0.4,0.7,38,40,37,0,0,0,0,0,0,26,0,36,0,0,0,0,0,0,0,0,0,0,37,0,30,38,0,37,0,0,43,37
6,16410,3,KR4MFM,8.82,3,   boost,-0.5,84313,1523.45,620.62,91.72,52.7,4.19,4.2,4.11,8.02,0.59,0.03,43.78,-0.11,3.97,0.68,-0.2,-0.28,29.38,4.2,0,0.01,0,0,1,1,15,31.0416158,-103.5209119,1524,2026,6,20,23,46,45,197,642,116,72,0.8,0.4,0.7,38,40,37,0,0,0,0,0,0,26,0,36,0,0,0,0,0,0,0,0,0,0,37,0,30,38,0,37,0,0,43,37
6,16410,3,KR4MFM,8.83,3,   boost,-2.01,84277,1526.92,624.1,91.68,52.7,4.19,4.2,4.11,7.97,0.27,0.09,43.96,-0.48,2.69,0.67,-0.2,-0.28,29.41,4.2,0,0.01,0,0,1,1,15,31.0416158,-103.5209119,1524,2026,6,20,23,46,45,197,642,116,72,0.8,0.4,0.7,38,40,37,0,0,0,0,0,0,26,0,36,0,0,0,0,0,0,0,0,0,0,37,0,30,38,0,37,0,0,43,37
6,16410,3,KR4MFM,8.84,3,   boost,-4.02,84277,1526.92,624.1,91.65,52.7,4.19,4.2,4.11,8.07,-0.04,0.15,44.27,-0.29,2.44,0.67,-0.2,-0.28,29.43,4.2,0,0.01,0,0,1,1,15,31.0416158,-103.5209119,1524,2026,6,20,23,46,45,197,642,116,72,0.8,0.4,0.7,38,40,37,0,0,0,0,0,0,26,0,36,0,0,0,0,0,0,0,0,0,0,37,0,30,38,0,37,0,0,43,37
6,16410,3,KR4MFM,8.85,3,   boost,-3.02,84273,1527.31,624.49,91.61,52.7,4.19,4.2,4.11,7.92,-0.29,0.46,42.86,-1.09,3.05,0.68,-0.2,-0.28,29.46,4.2,0,0.01,0,0,1,1,15,31.0416158,-103.5209119,1524,2026,6,20,23,46,45,197,642,116,72,0.8,0.4,0.7,38,40,37,0,0,0,0,0,0,26,0,36,0,0,0,0,0,0,0,0,0,0,37,0,30,38,0,37,0,0,43,37
6,16410,3,KR4MFM,8.86,3,   boost,-4.02,84273,1527.31,624.49,91.57,52.7,4.19,4.2,4.11,7.68,-0.14,0.26,43.9,1.42,2.93,0.68,-0.2,-0.28,29.49,4.2,0,0.01,0,0,1,1,15,31.0416158,-103.5209119,1524,2026,6,20,23,46,45,197,642,116,72,0.8,0.4,0.7,38,40,37,0,0,0,0,0,0,26,0,36,0,0,0,0,0,0,0,0,0,0,37,0,30,38,0,37,0,0,43,37
6,16410,3,KR4MFM,8.87,3,   boost,-2.51,84240,1530.5,627.68,91.53,52.7,4.19,4.2,4.11,7.62,0.14,0.11,42.01,1.23,3.85,0.67,-0.21,-0.27,29.53,4.2,0,0.01,0,0,1,1,15,31.0416158,-103.5209119,1524,2026,6,20,23,46,45,197,642,116,72,0.8,0.4,0.7,38,40,37,0,0,0,0,0,0,26,0,36,0,0,0,0,0,0,0,0,0,0,37,0,30,38,0,37,0,0,43,37
6,16410,3,KR4MFM,8.88,3,   boost,-3.02,84240,1530.5,627.68,91.5,52.7,4.19,4.2,4.11,7.69,0.59,0.02,41.95,1.6,3.05,0.67,-0.21,-0.27,29.56,4.2,0,0.01,0,0,1,1,15,31.0416158,-103.5209119,1524,2026,6,20,23,46,45,197,642,116,72,0.8,0.4,0.7,38,40,37,0,0,0,0,0,0,26,0,36,0,0,0,0,0,0,0,0,0,0,37,0,30,38,0,37,0,0,43,37
6,16410,3,KR4MFM,8.89,3,   boost,-1.01,84215,1532.92,630.09,91.46,52.7,4.19,4.2,4.11,7.67,0.64,0.04,41.09,0.87,2.08,0.67,-0.21,-0.27,29.58,4.2,0,0.01,0,0,1,1,15,31.0416158,-103.5209119,1524,2026,6,20,23,46,45,197,642,116,72,0.8,0.4,0.7,38,40,37,0,0,0,0,0,0,26,0,36,0,0,0,0,0,0,0,0,0,0,37,0,30,38,0,37,0,0,43,37
6,16410,3,KR4MFM,8.9,3,   boost,-3.52,84215,1532.92,630.09,91.42,52.7,4.19,4.2,4.11,7.68,0.41,0.2,40.97,1.42,1.04,0.67,-0.21,-0.27,29.6,4.2,0,0.01,0,0,1,1,15,31.0416158,-103.5209119,1524,2026,6,20,23,46,45,197,642,116,72,0.8,0.4,0.7,38,40,37,0,0,0,0,0,0,26,0,36,0,0,0,0,0,0,0,0,0,0,37,0,30,38,0,37,0,0,43,37
6,16410,3,KR4MFM,8.91,3,   boost,-3.52,84204,1533.98,631.16,91.39,52.7,4.19,4.2,4.11,7.57,0.08,0.5,41.58,0.5,1.59,0.67,-0.22,-0.27,29.61,4.2,0,0.01,0,0,1,1,15,31.0416158,-103.5209119,1524,2026,6,20,23,46,45,197,642,116,72,0.8,0.4,0.7,38,40,37,0,0,0,0,0,0,26,0,36,0,0,0,0,0,0,0,0,0,0,37,0,30,38,0,37,0,0,43,37
6,16410,3,KR4MFM,8.92,3,   boost,-3.52,84204,1533.98,631.16,91.35,52.7,4.19,4.2,4.11,7.59,-0.11,0.44,42.68,2.03,0.74,0.67,-0.22,-0.27,29.62,4.2,0,0.01,0,0,1,1,15,31.0416158,-103.5209119,1524,2026,6,20,23,46,45,197,642,116,72,0.8,0.4,0.7,38,40,37,0,0,0,0,0,0,26,0,36,0,0,0,0,0,0,0,0,0,0,37,0,30,38,0,37,0,0,43,37
6,16410,3,KR4MFM,8.93,3,   boost,-2.01,84179,1536.4,633.58,91.31,52.7,4.19,4.2,4.11,7.36,-0.34,0.01,42.98,2.03,2.63,0.68,-0.22,-0.27,29.65,4.2,0,0.01,0,0,1,1,15,31.0416158,-103.5209119,1524,2026,6,20,23,46,45,197,642,116,72,0.8,0.4,0.7,38,40,37,0,0,0,0,0,0,26,0,36,0,0,0,0,0,0,0,0,0,0,37,0,30,38,0,37,0,0,43,37
6,16410,3,KR4MFM,8.94,3,   boost,-1.51,84179,1536.4,633.58,91.28,52.7,4.19,4.2,4.11,7.37,0.32,-0.06,42.68,1.84,2.99,0.68,-0.22,-0.27,29.68,4.2,0,0.01,0,0,1,1,15,31.0416158,-103.5209119,1524,2026,6,20,23,46,45,197,642,116,72,0.8,0.4,0.7,38,40,37,0,0,0,0,0,0,26,0,36,0,0,0,0,0,0,0,0,0,0,37,0,30,38,0,37,0,0,43,37
6,16410,3,KR4MFM,8.95,3,   boost,-3.02,84160,1538.24,635.41,91.24,52.7,4.19,4.2,4.11,7.41,0.53,-0.1,42.56,2.03,2.69,0.68,-0.22,-0.27,29.71,4.2,0,0.01,0,0,1,1,15,31.0416158,-103.5209119,1524,2026,6,20,23,46,45,197,642,116,72,0.8,0.4,0.7,38,40,37,0,0,0,0,0,0,26,0,36,0,0,0,0,0,0,0,0,0,0,37,0,30,38,0,37,0,0,43,37
6,16410,3,KR4MFM,8.96,3,   boost,-1.51,84160,1538.24,635.41,91.21,52.7,4.19,4.2,4.11,7.38,0.65,0.09,42.62,1.11,1.35,0.68,-0.22,-0.27,29.73,4.2,0,0.01,0,0,1,1,15,31.0416158,-103.5209119,1524,2026,6,20,23,46,45,197,642,116,72,0.8,0.4,0.7,38,40,37,0,0,0,0,0,0,26,0,36,0,0,0,0,0,0,0,0,0,0,37,0,30,38,0,37,0,0,43,37
6,16410,3,KR4MFM,8.96,3,   boost,-1.51,84160,1538.24,635.41,91.21,52.7,4.19,4.2,4.11,7.38,0.65,0.09,42.62,1.11,1.35,0.68,-0.22,-0.27,29.73,4.2,0,0.01,0,0,1,1,15,31.0416158,-103.5209119,1524,2026,6,20,23,46,45,197,642,116,72,0.8,0.4,0.7,38,40,37,0,0,0,0,0,0,26,0,36,0,0,0,0,0,0,0,0,0,0,37,0,30,38,0,37,0,0,43,37
6,16410,3,KR4MFM,8.96,3,   boost,-1.51,84160,1538.24,635.41,91.21,52.7,4.19,4.2,4.11,7.38,0.65,0.09,42.62,1.11,1.35,0.68,-0.22,-0.27,29.73,4.2,0,0.01,0,0,1,1,15,31.0416158,-103.5209119,1524,2026,6,20,23,46,45,197,642,116,72,0.8,0.4,0.7,38,40,37,0,0,0,0,0,0,26,0,36,0,0,0,0,0,0,0,0,0,0,37,0,30,38,0,37,0,0,43,37
6,16410,3,KR4MFM,8.97,3,   boost,-2.51,84133,1540.85,638.03,91.18,52.7,4.19,4.2,4.11,7.26,0.21,0.34,41.7,1.78,1.41,0.67,-0.23,-0.27,29.74,4.2,0,0.01,0,0,1,1,15,31.0413824,-103.5203603,1636,2026,6,20,23,46,46,255,767,116,71,0.8,0.4,0.7,38,38,28,0,0,0,0,0,0,35,0,39,0,0,0,0,0,0,0,0,0,0,38,0,34,39,0,34,0,0,39,37
6,16410,3,KR4MFM,8.98,3,   boost,-3.52,84133,1540.85,638.03,91.14,52.7,4.17,4.2,4.11,7.36,-0.26,0.58,42.8,2.27,0.49,0.67,-0.23,-0.27,29.75,4.2,0,0,0,0,1,1,15,31.0413824,-103.5203603,1636,2026,6,20,23,46,46,255,767,116,71,0.8,0.4,0.7,38,38,28,0,0,0,0,0,0,35,0,39,0,0,0,0,0,0,0,0,0,0,38,0,34,39,0,34,0,0,39,37
6,16410,3,KR4MFM,8.98,3,   boost,-3.52,84133,1540.85,638.03,91.14,52.7,4.17,4.2,4.11,7.36,-0.26,0.58,42.8,2.27,0.49,0.67,-0.23,-0.27,29.75,4.2,0,0,0,0,1,1,15,31.0413824,-103.5203603,1636,2026,6,20,23,46,46,255,767,116,71,0.8,0.4,0.7,38,38,28,0,0,0,0,0,0,35,0,39,0,0,0,0,0,0,0,0,0,0,38,0,34,39,0,34,0,0,39,37
6,16410,3,KR4MFM,8.99,3,   boost,-2.01,84108,1543.27,640.45,91.1,52.7,4.17,4.2,4.11,7.18,-0.5,0.29,43.66,3.86,2.02,0.67,-0.23,-0.27,29.78,4.2,0,0,0,0,1,1,15,31.0413824,-103.5203603,1636,2026,6,20,23,46,46,255,767,116,71,0.8,0.4,0.7,38,38,28,0,0,0,0,0,0,35,0,39,0,0,0,0,0,0,0,0,0,0,38,0,34,39,0,34,0,0,39,37
6,16410,3,KR4MFM,9,3,   boost,-4.53,84108,1543.27,640.45,91.06,52.7,4.17,4.2,4.11,7.16,-0.08,0.3,44.08,2.03,2.81,0.67,-0.23,-0.26,29.81,4.2,0,0,0,0,1,1,15,31.0413824,-103.5203603,1636,2026,6,20,23,46,46,255,767,116,71,0.8,0.4,0.7,38,38,28,0,0,0,0,0,0,35,0,39,0,0,0,0,0,0,0,0,0,0,38,0,34,39,0,34,0,0,39,37
6,16410,3,KR4MFM,9.01,3,   boost,-2.51,84088,1545.21,642.38,91.02,52.7,4.17,4.2,4.11,7.11,0.52,0.34,44.02,2.21,2.02,0.67,-0.24,-0.26,29.83,4.2,0,0,0,0,1,1,15,31.0413824,-103.5203603,1636,2026,6,20,23,46,46,255,767,116,71,0.8,0.4,0.7,38,38,28,0,0,0,0,0,0,35,0,39,0,0,0,0,0,0,0,0,0,0,38,0,34,39,0,34,0,0,39,37
6,16410,3,KR4MFM,9.02,3,   boost,-2.51,84088,1545.21,642.38,90.98,52.7,4.17,4.2,4.11,7.07,0.93,0.06,42.5,3.25,0.8,0.67,-0.24,-0.27,29.84,4.2,0,0,0,0,1,1,15,31.0413824,-103.5203603,1636,2026,6,20,23,46,46,255,767,116,71,0.8,0.4,0.7,38,38,28,0,0,0,0,0,0,35,0,39,0,0,0,0,0,0,0,0,0,0,38,0,34,39,0,34,0,0,39,37
6,16410,3,KR4MFM,9.03,3,   boost,-4.02,84065,1547.43,644.61,90.94,52.7,4.17,4.2,4.11,6.96,0.63,-0.14,41.09,2.7,0.49,0.67,-0.24,-0.27,29.85,4.2,0,0,0,0,1,1,15,31.0413824,-103.5203603,1636,2026,6,20,23,46,46,255,767,116,71,0.8,0.4,0.7,38,38,28,0,0,0,0,0,0,35,0,39,0,0,0,0,0,0,0,0,0,0,38,0,34,39,0,34,0,0,39,37
6,16410,3,KR4MFM,9.04,3,   boost,-2.51,84065,1547.43,644.61,90.9,52.7,4.17,4.2,4.11,7,0.09,0.16,42.5,2.27,-0.06,0.67,-0.24,-0.27,29.85,4.2,0,0,0,0,1,1,15,31.0413824,-103.5203603,1636,2026,6,20,23,46,46,255,767,116,71,0.8,0.4,0.7,38,38,28,0,0,0,0,0,0,35,0,39,0,0,0,0,0,0,0,0,0,0,38,0,34,39,0,34,0,0,39,37
6,16410,3,KR4MFM,9.05,3,   boost,-3.52,84041,1549.76,646.93,90.86,52.7,4.17,4.2,4.11,6.83,-0.4,0.32,43.72,2.45,0.49,0.67,-0.24,-0.27,29.86,4.2,0,0,0,0,1,1,15,31.0413824,-103.5203603,1636,2026,6,20,23,46,46,255,767,116,71,0.8,0.4,0.7,38,38,28,0,0,0,0,0,0,35,0,39,0,0,0,0,0,0,0,0,0,0,38,0,34,39,0,34,0,0,39,37
6,16410,3,KR4MFM,9.06,3,   boost,-4.02,84041,1549.76,646.93,90.82,52.7,4.17,4.2,4.11,6.95,-0.21,0.42,43.05,2.21,2.02,0.67,-0.24,-0.27,29.88,4.2,0,0,0,0,1,1,15,31.0413824,-103.5203603,1636,2026,6,20,23,46,46,255,767,116,71,0.8,0.4,0.7,38,38,28,0,0,0,0,0,0,35,0,39,0,0,0,0,0,0,0,0,0,0,38,0,34,39,0,34,0,0,39,37
6,16410,3,KR4MFM,9.07,3,   boost,-1.51,84018,1551.98,649.16,90.78,52.7,4.17,4.2,4.11,6.73,0.29,0.45,41.03,1.84,2.26,0.67,-0.25,-0.26,29.9,4.2,0,0,0,0,1,1,15,31.0413824,-103.5203603,1636,2026,6,20,23,46,46,255,767,116,71,0.8,0.4,0.7,38,38,28,0,0,0,0,0,0,35,0,39,0,0,0,0,0,0,0,0,0,0,38,0,34,39,0,34,0,0,39,37
6,16410,3,KR4MFM,9.08,3,   boost,-3.52,84018,1551.98,649.16,90.74,52.7,4.17,4.2,4.11,6.84,0.62,0.43,41.09,3,1.47,0.67,-0.25,-0.26,29.92,4.2,0,0,0,0,1,1,15,31.0413824,-103.5203603,1636,2026,6,20,23,46,46,255,767,116,71,0.8,0.4,0.7,38,38,28,0,0,0,0,0,0,35,0,39,0,0,0,0,0,0,0,0,0,0,38,0,34,39,0,34,0,0,39,37
6,16410,3,KR4MFM,9.09,3,   boost,-3.52,83989,1554.79,651.97,90.7,52.7,4.17,4.2,4.11,6.72,0.62,0.15,40.36,2.21,0.49,0.67,-0.25,-0.26,29.92,4.2,0,0,0,0,1,1,15,31.0413824,-103.5203603,1636,2026,6,20,23,46,46,255,767,116,71,0.8,0.4,0.7,38,38,28,0,0,0,0,0,0,35,0,39,0,0,0,0,0,0,0,0,0,0,38,0,34,39,0,34,0,0,39,37
6,16410,3,KR4MFM,9.1,3,   boost,-4.02,83989,1554.79,651.97,90.66,52.7,4.17,4.2,4.11,6.7,0.39,0.25,39.26,1.72,0.13,0.67,-0.25,-0.26,29.92,4.2,0,0,0,0,1,1,15,31.0413824,-103.5203603,1636,2026,6,20,23,46,46,255,767,116,71,0.8,0.4,0.7,38,38,28,0,0,0,0,0,0,35,0,39,0,0,0,0,0,0,0,0,0,0,38,0,34,39,0,34,0,0,39,37
6,16410,3,KR4MFM,9.11,3,   boost,-2.01,83966,1557.02,654.2,90.62,52.7,4.17,4.2,4.11,6.52,-0.06,0.27,38.83,1.97,0,0.67,-0.25,-0.26,29.93,4.2,0,0,0,0,1,1,15,31.0413824,-103.5203603,1636,2026,6,20,23,46,46,255,767,116,71,0.8,0.4,0.7,38,38,28,0,0,0,0,0,0,35,0,39,0,0,0,0,0,0,0,0,0,0,38,0,34,39,0,34,0,0,39,37
6,16410,3,KR4MFM,9.12,3,   boost,-3.02,83966,1557.02,654.2,90.58,52.7,4.17,4.2,4.11,6.74,-0.21,0.52,38.59,1.54,1.59,0.67,-0.25,-0.26,29.94,4.2,0,0,0,0,1,1,15,31.0413824,-103.5203603,1636,2026,6,20,23,46,46,255,767,116,71,0.8,0.4,0.7,38,38,28,0,0,0,0,0,0,35,0,39,0,0,0,0,0,0,0,0,0,0,38,0,34,39,0,34,0,0,39,37
6,16410,3,KR4MFM,9.13,3,   boost,-3.02,83951,1558.48,655.65,90.54,52.7,4.17,4.2,4.11,6.65,0.08,0.52,38.04,1.66,1.71,0.67,-0.26,-0.26,29.96,4.2,0,0,0,0,1,1,15,31.0413824,-103.5203603,1636,2026,6,20,23,46,46,255,767,116,71,0.8,0.4,0.7,38,38,28,0,0,0,0,0,0,35,0,39,0,0,0,0,0,0,0,0,0,0,38,0,34,39,0,34,0,0,39,37
6,16410,3,KR4MFM,9.14,5,   coast,-4.02,83951,1558.48,655.65,90.5,52.7,4.17,4.2,4.11,6.54,0.42,0.46,37.31,1.72,1.35,0.67,-0.26,-0.26,29.97,4.2,0,0,0,0,1,1,15,31.0413824,-103.5203603,1636,2026,6,20,23,46,46,255,767,116,71,0.8,0.4,0.7,38,38,28,0,0,0,0,0,0,35,0,39,0,0,0,0,0,0,0,0,0,0,38,0,34,39,0,34,0,0,39,37
6,16410,3,KR4MFM,9.14,5,   coast,-4.02,83951,1558.48,655.65,90.5,52.7,4.17,4.2,4.11,6.54,0.42,0.46,37.31,1.72,1.35,0.67,-0.26,-0.26,29.97,4.2,0,0,0,0,1,1,15,31.0413824,-103.5203603,1636,2026,6,20,23,46,46,255,767,116,71,0.8,0.4,0.7,38,38,28,0,0,0,0,0,0,35,0,39,0,0,0,0,0,0,0,0,0,0,38,0,34,39,0,34,0,0,39,37
6,16410,3,KR4MFM,9.15,5,   coast,-4.02,83923,1561.19,658.37,90.45,52.7,4.17,4.2,4.11,6.4,0.51,0.27,36.82,1.36,0.49,0.67,-0.26,-0.26,29.98,4.2,0,0,0,0,1,1,15,31.0413824,-103.5203603,1636,2026,6,20,23,46,46,255,767,116,71,0.8,0.4,0.7,38,38,28,0,0,0,0,0,0,35,0,39,0,0,0,0,0,0,0,0,0,0,38,0,34,39,0,34,0,0,39,37
6,16410,3,KR4MFM,9.16,5,   coast,-4.53,83923,1561.19,658.37,90.4,52.7,4.17,4.2,4.11,6.25,0.25,0.26,34.75,0.93,0.86,0.67,-0.26,-0.26,29.99,4.2,0,0,0,0,1,1,15,31.0413824,-103.5203603,1636,2026,6,20,23,46,46,255,767,116,71,0.8,0.4,0.7,38,38,28,0,0,0,0,0,0,35,0,39,0,0,0,0,0,0,0,0,0,0,38,0,34,39,0,34,0,0,39,37
6,16410,3,KR4MFM,9.17,5,   coast,-3.52,83894,1564,661.18,90.36,52.7,4.17,4.2,4.11,6.32,-0.09,0.35,32.36,0.56,0.06,0.67,-0.26,-0.26,29.99,4.2,0,0,0,0,1,1,15,31.0413824,-103.5203603,1636,2026,6,20,23,46,46,255,767,116,71,0.8,0.4,0.7,38,38,28,0,0,0,0,0,0,35,0,39,0,0,0,0,0,0,0,0,0,0,38,0,34,39,0,34,0,0,39,37
6,16410,3,KR4MFM,9.18,5,   coast,-4.02,83894,1564,661.18,90.31,52.7,4.17,4.2,4.11,6.28,-0.25,0.55,29.44,0.26,1.41,0.67,-0.26,-0.26,30,4.2,0,0,0,0,1,1,15,31.0413824,-103.5203603,1636,2026,6,20,23,46,46,255,767,116,71,0.8,0.4,0.7,38,38,28,0,0,0,0,0,0,35,0,39,0,0,0,0,0,0,0,0,0,0,38,0,34,39,0,34,0,0,39,37
6,16410,3,KR4MFM,9.19,5,   coast,-3.52,83878,1565.56,662.73,90.26,52.7,4.17,4.2,4.11,6.37,-0.13,0.63,29.07,0.13,1.53,0.67,-0.26,-0.25,30.02,4.2,0,0,0,0,1,1,15,31.0413824,-103.5203603,1636,2026,6,20,23,46,46,255,767,116,71,0.8,0.4,0.7,38,38,28,0,0,0,0,0,0,35,0,39,0,0,0,0,0,0,0,0,0,0,38,0,34,39,0,34,0,0,39,37
6,16410,3,KR4MFM,9.2,5,   coast,-5.03,83878,1565.56,662.73,90.21,52.7,4.17,4.2,4.11,6.43,0.24,0.61,30.53,0.32,1.77,0.67,-0.26,-0.25,30.03,4.2,0,0,0,0,1,1,15,31.0413824,-103.5203603,1636,2026,6,20,23,46,46,255,767,116,71,0.8,0.4,0.7,38,38,28,0,0,0,0,0,0,35,0,39,0,0,0,0,0,0,0,0,0,0,38,0,34,39,0,34,0,0,39,37
6,16410,3,KR4MFM,9.21,5,   coast,-3.52,83851,1568.18,665.35,90.16,52.7,4.17,4.2,4.11,6.42,0.46,0.39,29.8,-0.23,0.61,0.67,-0.27,-0.25,30.04,4.2,0,0,0,0,1,1,15,31.0413824,-103.5203603,1636,2026,6,20,23,46,46,255,767,116,71,0.8,0.4,0.7,38,38,28,0,0,0,0,0,0,35,0,39,0,0,0,0,0,0,0,0,0,0,38,0,34,39,0,34,0,0,39,37
6,16410,3,KR4MFM,9.22,5,   coast,-4.53,83851,1568.18,665.35,90.11,52.7,4.17,4.2,4.11,6.27,0.26,0.29,28.76,-1.45,0.25,0.67,-0.27,-0.25,30.04,4.2,0,0,0,0,1,1,15,31.0413824,-103.5203603,1636,2026,6,20,23,46,46,255,767,116,71,0.8,0.4,0.7,38,38,28,0,0,0,0,0,0,35,0,39,0,0,0,0,0,0,0,0,0,0,38,0,34,39,0,34,0,0,39,37
6,16410,3,KR4MFM,9.23,5,   coast,-4.02,83822,1570.99,668.17,90.06,52.7,4.17,4.2,4.11,6.21,-0.01,0.51,26.93,-1.88,-0.61,0.67,-0.27,-0.25,30.04,4.2,0,0,0,0,1,1,15,31.0413824,-103.5203603,1636,2026,6,20,23,46,46,255,767,116,71,0.8,0.4,0.7,38,38,28,0,0,0,0,0,0,35,0,39,0,0,0,0,0,0,0,0,0,0,38,0,34,39,0,34,0,0,39,37
6,16410,3,KR4MFM,9.24,5,   coast,-5.03,83822,1570.99,668.17,90.01,52.7,4.17,4.2,4.11,5.98,-0.19,0.53,25.96,-1.88,0.37,0.67,-0.27,-0.25,30.04,4.2,0,0,0,0,1,1,15,31.0413824,-103.5203603,1636,2026,6,20,23,46,46,255,767,116,71,0.8,0.4,0.7,38,38,28,0,0,0,0,0,0,35,0,39,0,0,0,0,0,0,0,0,0,0,38,0,34,39,0,34,0,0,39,37
6,16410,3,KR4MFM,9.25,5,   coast,-5.03,83806,1572.54,669.72,89.95,52.7,4.17,4.2,4.11,5.95,-0.21,0.61,27.24,-1.64,0.67,0.67,-0.27,-0.25,30.05,4.2,0,0,0,0,1,1,15,31.0413824,-103.5203603,1636,2026,6,20,23,46,46,255,767,116,71,0.8,0.4,0.7,38,38,28,0,0,0,0,0,0,35,0,39,0,0,0,0,0,0,0,0,0,0,38,0,34,39,0,34,0,0,39,37
6,16410,3,KR4MFM,9.26,5,   coast,-5.03,83806,1572.54,669.72,89.9,52.7,4.17,4.2,4.11,5.96,-0.04,0.59,25.22,-1.57,0.74,0.67,-0.27,-0.25,30.06,4.2,0,0,0,0,1,1,15,31.0413824,-103.5203603,1636,2026,6,20,23,46,46,255,767,116,71,0.8,0.4,0.7,38,38,28,0,0,0,0,0,0,35,0,39,0,0,0,0,0,0,0,0,0,0,38,0,34,39,0,34,0,0,39,37
6,16410,3,KR4MFM,9.27,5,   coast,-4.53,83779,1575.16,672.34,89.85,52.7,4.17,4.2,4.11,6.06,0.18,0.34,23.21,-1.51,0.37,0.67,-0.27,-0.25,30.06,4.2,0,0,0,0,1,1,15,31.0413824,-103.5203603,1636,2026,6,20,23,46,46,255,767,116,71,0.8,0.4,0.7,38,38,28,0,0,0,0,0,0,35,0,39,0,0,0,0,0,0,0,0,0,0,38,0,34,39,0,34,0,0,39,37
6,16410,3,KR4MFM,9.28,5,   coast,-5.03,83779,1575.16,672.34,89.79,52.7,4.17,4.2,4.11,5.87,0.34,0.28,21.07,-2.61,-0.49,0.67,-0.27,-0.25,30.06,4.2,0,0,0,0,1,1,15,31.0413824,-103.5203603,1636,2026,6,20,23,46,46,255,767,116,71,0.8,0.4,0.7,38,38,28,0,0,0,0,0,0,35,0,39,0,0,0,0,0,0,0,0,0,0,38,0,34,39,0,34,0,0,39,37
6,16410,3,KR4MFM,9.29,5,   coast,-4.02,83755,1577.49,674.67,89.74,52.7,4.17,4.2,4.11,5.68,0.17,0.34,19.61,-3.04,-1.1,0.67,-0.27,-0.25,30.05,4.2,0,0,0,0,1,1,15,31.0413824,-103.5203603,1636,2026,6,20,23,46,46,255,767,116,71,0.8,0.4,0.7,38,38,28,0,0,0,0,0,0,35,0,39,0,0,0,0,0,0,0,0,0,0,38,0,34,39,0,34,0,0,39,37
6,16410,3,KR4MFM,9.3,5,   coast,-3.52,83755,1577.49,674.67,89.69,52.7,4.19,4.2,4.11,5.7,0.23,0.55,19.06,-3.41,-0.73,0.67,-0.27,-0.24,30.04,4.18,0,0,0.02,0,1,1,15,31.0413824,-103.5203603,1636,2026,6,20,23,46,46,255,767,116,71,0.8,0.4,0.7,38,38,28,0,0,0,0,0,0,35,0,39,0,0,0,0,0,0,0,0,0,0,38,0,34,39,0,34,0,0,39,37
6,16410,3,KR4MFM,9.3,5,   coast,-3.52,83755,1577.49,674.67,89.69,52.7,4.19,4.2,4.11,5.7,0.23,0.55,19.06,-3.41,-0.73,0.67,-0.27,-0.24,30.04,4.18,0,0,0.02,0,1,1,15,31.0413824,-103.5203603,1636,2026,6,20,23,46,46,255,767,116,71,0.8,0.4,0.7,38,38,28,0,0,0,0,0,0,35,0,39,0,0,0,0,0,0,0,0,0,0,38,0,34,39,0,34,0,0,39,37
6,16410,3,KR4MFM,9.31,5,   coast,-3.52,83743,1578.66,675.84,89.65,52.7,4.19,4.2,4.11,5.73,0.06,0.55,19,-3.59,-1.16,0.67,-0.28,-0.24,30.04,4.18,0,0,0.02,0,1,1,15,31.0413824,-103.5203603,1636,2026,6,20,23,46,46,255,767,116,71,0.8,0.4,0.7,38,38,28,0,0,0,0,0,0,35,0,39,0,0,0,0,0,0,0,0,0,0,38,0,34,39,0,34,0,0,39,37
6,16410,3,KR4MFM,9.32,5,   coast,-3.52,83743,1578.66,675.84,89.6,52.7,4.19,4.2,4.11,5.79,0.24,0.57,18.51,-3.59,-0.06,0.67,-0.28,-0.24,30.04,4.18,0,0,0.02,0,1,1,15,31.0413824,-103.5203603,1636,2026,6,20,23,46,46,255,767,116,71,0.8,0.4,0.7,38,38,28,0,0,0,0,0,0,35,0,39,0,0,0,0,0,0,0,0,0,0,38,0,34,39,0,34,0,0,39,37
6,16410,3,KR4MFM,9.33,5,   coast,-5.03,83714,1581.48,678.65,89.55,52.7,4.19,4.2,4.11,5.83,0.36,0.32,18.63,-3.89,-0.12,0.67,-0.28,-0.24,30.04,4.18,0,0,0.02,0,1,1,15,31.0413824,-103.5203603,1636,2026,6,20,23,46,46,255,767,116,71,0.8,0.4,0.7,38,38,28,0,0,0,0,0,0,35,0,39,0,0,0,0,0,0,0,0,0,0,38,0,34,39,0,34,0,0,39,37
6,16410,3,KR4MFM,9.34,5,   coast,-3.52,83714,1581.48,678.65,89.5,52.7,4.19,4.2,4.11,5.8,0.27,0.14,19.49,-3.16,-0.61,0.67,-0.28,-0.24,30.04,4.18,0,0,0.02,0,1,1,15,31.0413824,-103.5203603,1636,2026,6,20,23,46,46,255,767,116,71,0.8,0.4,0.7,38,38,28,0,0,0,0,0,0,35,0,39,0,0,0,0,0,0,0,0,0,0,38,0,34,39,0,34,0,0,39,37
6,16410,3,KR4MFM,9.35,5,   coast,-6.03,83695,1583.32,680.5,89.45,52.7,4.19,4.2,4.11,5.6,0.09,0.11,19.91,-3.53,-0.85,0.67,-0.28,-0.24,30.03,4.18,0,0,0.02,0,1,1,15,31.0413824,-103.5203603,1636,2026,6,20,23,46,46,255,767,116,71,0.8,0.4,0.7,38,38,28,0,0,0,0,0,0,35,0,39,0,0,0,0,0,0,0,0,0,0,38,0,34,39,0,34,0,0,39,37
6,16410,3,KR4MFM,9.36,5,   coast,-4.02,83695,1583.32,680.5,89.4,52.7,4.19,4.2,4.11,5.6,0.03,0.17,19.49,-3.95,-0.42,0.67,-0.28,-0.24,30.03,4.18,0,0,0.02,0,1,1,15,31.0413824,-103.5203603,1636,2026,6,20,23,46,46,255,767,116,71,0.8,0.4,0.7,38,38,28,0,0,0,0,0,0,35,0,39,0,0,0,0,0,0,0,0,0,0,38,0,34,39,0,34,0,0,39,37
6,16410,3,KR4MFM,9.37,5,   coast,-3.52,83679,1584.88,682.05,89.35,52.7,4.19,4.2,4.11,5.48,-0.12,0.41,18.75,-3.83,-0.79,0.67,-0.28,-0.24,30.03,4.18,0,0,0.02,0,1,1,15,31.0413824,-103.5203603,1636,2026,6,20,23,46,46,255,767,116,71,0.8,0.4,0.7,38,38,28,0,0,0,0,0,0,35,0,39,0,0,0,0,0,0,0,0,0,0,38,0,34,39,0,34,0,0,39,37
6,16410,3,KR4MFM,9.38,5,   coast,-4.53,83679,1584.88,682.05,89.29,52.7,4.19,4.2,4.11,5.48,0.14,0.32,18.82,-4.63,-0.24,0.68,-0.28,-0.24,30.03,4.18,0,0,0.02,0,1,1,15,31.0413824,-103.5203603,1636,2026,6,20,23,46,46,255,767,116,71,0.8,0.4,0.7,38,38,28,0,0,0,0,0,0,35,0,39,0,0,0,0,0,0,0,0,0,0,38,0,34,39,0,34,0,0,39,37
6,16410,3,KR4MFM,9.39,5,   coast,-5.03,83652,1587.5,684.68,89.24,52.7,4.19,4.2,4.11,5.43,0.29,0.4,20.1,-3.89,0.13,0.68,-0.28,-0.24,30.04,4.18,0,0,0.02,0,1,1,15,31.0413824,-103.5203603,1636,2026,6,20,23,46,46,255,767,116,71,0.8,0.4,0.7,38,38,28,0,0,0,0,0,0,35,0,39,0,0,0,0,0,0,0,0,0,0,38,0,34,39,0,34,0,0,39,37
6,16410,3,KR4MFM,9.4,5,   coast,-5.03,83652,1587.5,684.68,89.18,52.7,4.19,4.2,4.11,5.42,0.26,0.29,22.23,-3.34,-0.42,0.68,-0.28,-0.24,30.04,4.18,0,0,0.02,0,1,1,15,31.0413824,-103.5203603,1636,2026,6,20,23,46,46,255,767,116,71,0.8,0.4,0.7,38,38,28,0,0,0,0,0,0,35,0,39,0,0,0,0,0,0,0,0,0,0,38,0,34,39,0,34,0,0,39,37
6,16410,3,KR4MFM,9.41,5,   coast,-5.03,83643,1588.38,685.55,89.13,52.7,4.19,4.2,4.11,5.48,0.04,0.31,23.33,-3.71,-0.73,0.67,-0.28,-0.24,30.03,4.18,0,0,0.02,0,1,1,15,31.0413824,-103.5203603,1636,2026,6,20,23,46,46,255,767,116,71,0.8,0.4,0.7,38,38,28,0,0,0,0,0,0,35,0,39,0,0,0,0,0,0,0,0,0,0,38,0,34,39,0,34,0,0,39,37
6,16410,3,KR4MFM,9.42,5,   coast,-5.03,83643,1588.38,685.55,89.07,52.7,4.19,4.2,4.11,5.37,-0.12,0.07,23.27,-3.47,-0.42,0.67,-0.28,-0.23,30.03,4.18,0,0,0.02,0,1,1,15,31.0413824,-103.5203603,1636,2026,6,20,23,46,46,255,767,116,71,0.8,0.4,0.7,38,38,28,0,0,0,0,0,0,35,0,39,0,0,0,0,0,0,0,0,0,0,38,0,34,39,0,34,0,0,39,37
6,16410,3,KR4MFM,9.43,5,   coast,-7.04,83615,1591.1,688.28,89.01,52.7,4.19,4.2,4.11,5.52,-0.01,0.05,24.86,-4.08,-0.3,0.67,-0.28,-0.23,30.03,4.18,0,0,0.02,0,1,1,15,31.0413824,-103.5203603,1636,2026,6,20,23,46,46,255,767,116,71,0.8,0.4,0.7,38,38,28,0,0,0,0,0,0,35,0,39,0,0,0,0,0,0,0,0,0,0,38,0,34,39,0,34,0,0,39,37
6,16410,3,KR4MFM,9.44,5,   coast,-6.03,83615,1591.1,688.28,88.95,52.7,4.19,4.2,4.11,5.36,-0.08,0.34,25.04,-3.83,-0.36,0.67,-0.28,-0.23,30.04,4.18,0,0,0.02,0,1,1,15,31.0413824,-103.5203603,1636,2026,6,20,23,46,46,255,767,116,71,0.8,0.4,0.7,38,38,28,0,0,0,0,0,0,35,0,39,0,0,0,0,0,0,0,0,0,0,38,0,34,39,0,34,0,0,39,37
6,16410,3,KR4MFM,9.45,5,   coast,-3.52,83586,1593.92,691.1,88.89,52.7,4.19,4.2,4.11,5.41,0.07,0.47,26.08,-3.34,-0.06,0.67,-0.29,-0.23,30.04,4.18,0,0,0.02,0,1,1,15,31.0413824,-103.5203603,1636,2026,6,20,23,46,46,255,767,116,71,0.8,0.4,0.7,38,38,28,0,0,0,0,0,0,35,0,39,0,0,0,0,0,0,0,0,0,0,38,0,34,39,0,34,0,0,39,37
6,16410,3,KR4MFM,9.46,5,   coast,-6.03,83586,1593.92,691.1,88.83,52.7,4.19,4.2,4.11,5.24,0.21,0.25,26.26,-2.49,-0.91,0.67,-0.29,-0.23,30.04,4.18,0,0,0.02,0,1,1,15,31.0413824,-103.5203603,1636,2026,6,20,23,46,46,255,767,116,71,0.8,0.4,0.7,38,38,28,0,0,0,0,0,0,35,0,39,0,0,0,0,0,0,0,0,0,0,38,0,34,39,0,34,0,0,39,37
6,16410,3,KR4MFM,9.47,5,   coast,-5.53,83571,1595.38,692.56,88.77,52.7,4.19,4.2,4.11,5.18,0.37,0.02,27.97,-2.12,-0.67,0.67,-0.29,-0.23,30.03,4.18,0,0,0.02,0,1,1,15,31.0413824,-103.5203603,1636,2026,6,20,23,46,46,255,767,116,71,0.8,0.4,0.7,38,38,28,0,0,0,0,0,0,35,0,39,0,0,0,0,0,0,0,0,0,0,38,0,34,39,0,34,0,0,39,37
6,16410,3,KR4MFM,9.48,5,   coast,-5.53,83571,1595.38,692.56,88.7,52.7,4.19,4.2,4.11,5.08,0.29,0.07,28.7,-2.25,-1.28,0.68,-0.29,-0.23,30.02,4.18,0,0,0.02,0,1,1,15,31.0413824,-103.5203603,1636,2026,6,20,23,46,46,255,767,116,71,0.8,0.4,0.7,38,38,28,0,0,0,0,0,0,35,0,39,0,0,0,0,0,0,0,0,0,0,38,0,34,39,0,34,0,0,39,37
6,16410,3,KR4MFM,9.49,5,   coast,-5.53,83537,1598.69,695.87,88.64,52.7,4.19,4.2,4.11,5.06,0.35,0.15,29.44,-2.49,-1.16,0.68,-0.29,-0.23,30.02,4.18,0,0,0.02,0,1,1,15,31.0413824,-103.5203603,1636,2026,6,20,23,46,46,255,767,116,71,0.8,0.4,0.7,38,38,28,0,0,0,0,0,0,35,0,39,0,0,0,0,0,0,0,0,0,0,38,0,34,39,0,34,0,0,39,37
6,16410,3,KR4MFM,9.5,5,   coast,-6.03,83537,1598.69,695.87,88.58,52.7,4.19,4.2,4.11,5.18,0.23,0.33,29.5,-2.37,-1.1,0.68,-0.29,-0.23,30.01,4.18,0,0,0.02,0,1,1,15,31.0413824,-103.5203603,1636,2026,6,20,23,46,46,255,767,116,71,0.8,0.4,0.7,38,38,28,0,0,0,0,0,0,35,0,39,0,0,0,0,0,0,0,0,0,0,38,0,34,39,0,34,0,0,39,37
6,16410,3,KR4MFM,9.51,5,   coast,-7.04,83521,1600.25,697.42,88.52,52.7,4.19,4.2,4.11,5.24,0.39,0.19,30.05,-1.64,-0.42,0.68,-0.29,-0.23,30.01,4.18,0,0,0.02,0,1,1,15,31.0413824,-103.5203603,1636,2026,6,20,23,46,46,255,767,116,71,0.8,0.4,0.7,38,38,28,0,0,0,0,0,0,35,0,39,0,0,0,0,0,0,0,0,0,0,38,0,34,39,0,34,0,0,39,37
6,16410,3,KR4MFM,9.52,5,   coast,-5.03,83521,1600.25,697.42,88.45,52.7,4.19,4.2,4.11,5.13,0.49,0.02,31.33,-1.33,-0.3,0.68,-0.29,-0.22,30.01,4.18,0,0,0.02,0,1,1,15,31.0413824,-103.5203603,1636,2026,6,20,23,46,46,255,767,116,71,0.8,0.4,0.7,38,38,28,0,0,0,0,0,0,35,0,39,0,0,0,0,0,0,0,0,0,0,38,0,34,39,0,34,0,0,39,37
6,16410,3,KR4MFM,9.53,5,   coast,-5.03,83509,1601.41,698.59,88.39,52.7,4.19,4.2,4.11,5.02,0.47,-0.15,34.01,-0.9,0.31,0.68,-0.29,-0.22,30.01,4.18,0,0,0.02,0,1,1,15,31.0413824,-103.5203603,1636,2026,6,20,23,46,46,255,767,116,71,0.8,0.4,0.7,38,38,28,0,0,0,0,0,0,35,0,39,0,0,0,0,0,0,0,0,0,0,38,0,34,39,0,34,0,0,39,37
6,16410,3,KR4MFM,9.54,5,   coast,-4.02,83509,1601.41,698.59,88.33,52.7,4.19,4.2,4.11,4.91,0.32,-0.13,35.97,-1.09,-0.36,0.68,-0.3,-0.22,30.01,4.18,0,0,0.02,0,1,1,15,31.0413824,-103.5203603,1636,2026,6,20,23,46,46,255,767,116,71,0.8,0.4,0.7,38,38,28,0,0,0,0,0,0,35,0,39,0,0,0,0,0,0,0,0,0,0,38,0,34,39,0,34,0,0,39,37
6,16410,3,KR4MFM,9.55,5,   coast,-7.54,83489,1603.36,700.54,88.27,52.7,4.19,4.2,4.11,4.81,0.15,0.16,37.19,-0.96,0.06,0.67,-0.3,-0.22,30.01,4.18,0,0,0.02,0,1,1,15,31.0413824,-103.5203603,1636,2026,6,20,23,46,46,255,767,116,71,0.8,0.4,0.7,38,38,28,0,0,0,0,0,0,35,0,39,0,0,0,0,0,0,0,0,0,0,38,0,34,39,0,34,0,0,39,37
6,16410,3,KR4MFM,9.56,5,   coast,-6.54,83489,1603.36,700.54,88.2,52.7,4.19,4.2,4.11,4.84,0.35,0.3,38.16,-0.96,0.19,0.67,-0.3,-0.22,30.02,4.18,0,0,0.02,0,1,1,15,31.0413824,-103.5203603,1636,2026,6,20,23,46,46,255,767,116,71,0.8,0.4,0.7,38,38,28,0,0,0,0,0,0,35,0,39,0,0,0,0,0,0,0,0,0,0,38,0,34,39,0,34,0,0,39,37
6,16410,3,KR4MFM,9.57,5,   coast,-5.53,83455,1606.67,703.85,88.14,52.7,4.19,4.2,4.11,4.78,0.45,0.4,40.18,0.5,0.8,0.67,-0.3,-0.22,30.02,4.18,0,0,0.02,0,1,1,15,31.0413824,-103.5203603,1636,2026,6,20,23,46,46,255,767,116,71,0.8,0.4,0.7,38,38,28,0,0,0,0,0,0,35,0,39,0,0,0,0,0,0,0,0,0,0,38,0,34,39,0,34,0,0,39,37
6,16410,3,KR4MFM,9.58,5,   coast,-6.03,83455,1606.67,703.85,88.08,52.7,4.19,4.2,4.11,4.84,0.54,0.34,41.64,0.81,1.22,0.67,-0.3,-0.22,30.03,4.18,0,0,0.02,0,1,1,15,31.0413824,-103.5203603,1636,2026,6,20,23,46,46,255,767,116,71,0.8,0.4,0.7,38,38,28,0,0,0,0,0,0,35,0,39,0,0,0,0,0,0,0,0,0,0,38,0,34,39,0,34,0,0,39,37
6,16410,3,KR4MFM,9.59,5,   coast,-5.03,83446,1607.55,704.73,88.02,52.7,4.19,4.2,4.11,4.75,0.64,0.01,42.56,1.48,1.53,0.68,-0.3,-0.22,30.04,4.18,0,0,0.02,0,1,1,15,31.0413824,-103.5203603,1636,2026,6,20,23,46,46,255,767,116,71,0.8,0.4,0.7,38,38,28,0,0,0,0,0,0,35,0,39,0,0,0,0,0,0,0,0,0,0,38,0,34,39,0,34,0,0,39,37
6,16410,3,KR4MFM,9.6,5,   coast,-4.02,83446,1607.55,704.73,87.96,52.7,4.19,4.2,4.11,4.79,0.56,-0.27,43.6,1.05,1.28,0.68,-0.3,-0.22,30.05,4.18,0,0,0.02,0,1,1,15,31.0413824,-103.5203603,1636,2026,6,20,23,46,46,255,767,116,71,0.8,0.4,0.7,38,38,28,0,0,0,0,0,0,35,0,39,0,0,0,0,0,0,0,0,0,0,38,0,34,39,0,34,0,0,39,37
6,16410,3,KR4MFM,9.61,5,   coast,-5.03,83418,1610.28,707.45,87.9,52.7,4.19,4.2,4.11,4.67,0.37,-0.14,45.12,0.56,1.77,0.68,-0.3,-0.22,30.07,4.18,0,0,0.02,0,1,1,15,31.0413824,-103.5203603,1636,2026,6,20,23,46,46,255,767,116,71,0.8,0.4,0.7,38,38,28,0,0,0,0,0,0,35,0,39,0,0,0,0,0,0,0,0,0,0,38,0,34,39,0,34,0,0,39,37
6,16410,3,KR4MFM,9.62,5,   coast,-5.03,83418,1610.28,707.45,87.85,52.7,4.2,4.2,4.11,4.75,0.23,0.21,46.34,-0.05,2.08,0.68,-0.31,-0.22,30.09,4.2,0,0,0,0,1,1,15,31.0413824,-103.5203603,1636,2026,6,20,23,46,46,255,767,116,71,0.8,0.4,0.7,38,38,28,0,0,0,0,0,0,35,0,39,0,0,0,0,0,0,0,0,0,0,38,0,34,39,0,34,0,0,39,37
6,16410,3,KR4MFM,9.62,5,   coast,-5.03,83418,1610.28,707.45,87.85,52.7,4.2,4.2,4.11,4.75,0.23,0.21,46.34,-0.05,2.08,0.68,-0.31,-0.22,30.09,4.2,0,0,0,0,1,1,15,31.0413824,-103.5203603,1636,2026,6,20,23,46,46,255,767,116,71,0.8,0.4,0.7,38,38,28,0,0,0,0,0,0,35,0,39,0,0,0,0,0,0,0,0,0,0,38,0,34,39,0,34,0,0,39,37
6,16410,3,KR4MFM,9.63,5,   coast,-5.03,83388,1613.2,710.38,87.79,52.7,4.2,4.2,4.11,4.68,0.16,0.51,47.56,0.56,2.93,0.67,-0.31,-0.21,30.12,4.2,0,0,0,0,1,1,15,31.0413824,-103.5203603,1636,2026,6,20,23,46,46,255,767,116,71,0.8,0.4,0.7,38,38,28,0,0,0,0,0,0,35,0,39,0,0,0,0,0,0,0,0,0,0,38,0,34,39,0,34,0,0,39,37
6,16410,3,KR4MFM,9.64,5,   coast,-5.53,83388,1613.2,710.38,87.73,52.7,4.2,4.2,4.11,4.69,0.24,0.58,48.91,1.05,3.48,0.68,-0.31,-0.21,30.15,4.2,0,0,0,0,1,1,15,31.0413824,-103.5203603,1636,2026,6,20,23,46,46,255,767,116,71,0.8,0.4,0.7,38,38,28,0,0,0,0,0,0,35,0,39,0,0,0,0,0,0,0,0,0,0,38,0,34,39,0,34,0,0,39,37
6,16410,3,KR4MFM,9.65,5,   coast,-5.53,83370,1614.96,712.13,87.67,52.7,4.2,4.2,4.11,4.71,0.38,0.34,50.37,1.72,3.67,0.67,-0.31,-0.21,30.18,4.2,0,0,0,0,1,1,15,31.0413824,-103.5203603,1636,2026,6,20,23,46,46,255,767,116,71,0.8,0.4,0.7,38,38,28,0,0,0,0,0,0,35,0,39,0,0,0,0,0,0,0,0,0,0,38,0,34,39,0,34,0,0,39,37
6,16410,3,KR4MFM,9.66,5,   coast,-5.03,83370,1614.96,712.13,87.61,52.7,4.2,4.2,4.11,4.61,0.55,0,52.81,1.97,4.09,0.67,-0.32,-0.21,30.21,4.2,0,0,0,0,1,1,15,31.0413824,-103.5203603,1636,2026,6,20,23,46,46,255,767,116,71,0.8,0.4,0.7,38,38,28,0,0,0,0,0,0,35,0,39,0,0,0,0,0,0,0,0,0,0,38,0,34,39,0,34,0,0,39,37
6,16410,3,KR4MFM,9.67,5,   coast,-5.03,83359,1616.03,713.2,87.55,52.7,4.2,4.2,4.11,4.5,0.48,-0.19,53.85,1.11,3.73,0.67,-0.32,-0.2,30.25,4.2,0,0,0,0,1,1,15,31.0413824,-103.5203603,1636,2026,6,20,23,46,46,255,767,116,71,0.8,0.4,0.7,38,38,28,0,0,0,0,0,0,35,0,39,0,0,0,0,0,0,0,0,0,0,38,0,34,39,0,34,0,0,39,37
6,16410,3,KR4MFM,9.68,5,   coast,-6.54,83359,1616.03,713.2,87.49,52.7,4.2,4.2,4.11,4.52,0.34,0.11,54.83,0.81,4.15,0.67,-0.32,-0.2,30.28,4.2,0,0,0,0,1,1,15,31.0413824,-103.5203603,1636,2026,6,20,23,46,46,255,767,116,71,0.8,0.4,0.7,38,38,28,0,0,0,0,0,0,35,0,39,0,0,0,0,0,0,0,0,0,0,38,0,34,39,0,34,0,0,39,37
6,16410,3,KR4MFM,9.69,5,   coast,-6.54,83344,1617.49,714.67,87.42,52.7,4.2,4.2,4.11,4.43,0.3,0.47,56.47,0.5,4.64,0.67,-0.32,-0.2,30.33,4.2,0,0,0,0,1,1,15,31.0413824,-103.5203603,1636,2026,6,20,23,46,46,255,767,116,71,0.8,0.4,0.7,38,38,28,0,0,0,0,0,0,35,0,39,0,0,0,0,0,0,0,0,0,0,38,0,34,39,0,34,0,0,39,37
6,16410,3,KR4MFM,9.7,5,   coast,-6.03,83344,1617.49,714.67,87.35,52.7,4.2,4.2,4.11,4.5,0.39,0.67,58.24,1.78,5.13,0.68,-0.32,-0.2,30.37,4.2,0,0,0,0,1,1,15,31.0413824,-103.5203603,1636,2026,6,20,23,46,46,255,767,116,71,0.8,0.4,0.7,38,38,28,0,0,0,0,0,0,35,0,39,0,0,0,0,0,0,0,0,0,0,38,0,34,39,0,34,0,0,39,37
6,16410,3,KR4MFM,9.71,5,   coast,-7.54,83306,1621.2,718.37,87.28,52.7,4.2,4.2,4.11,4.43,0.4,0.36,59.1,1.72,4.76,0.68,-0.32,-0.2,30.41,4.2,0,0,0,0,1,1,15,31.0413824,-103.5203603,1636,2026,6,20,23,46,46,255,767,116,71,0.8,0.4,0.7,38,38,28,0,0,0,0,0,0,35,0,39,0,0,0,0,0,0,0,0,0,0,38,0,34,39,0,34,0,0,39,37
6,16410,3,KR4MFM,9.72,5,   coast,-8.05,83306,1621.2,718.37,87.21,52.7,4.2,4.2,4.11,4.48,0.42,0.22,59.34,1.36,5.68,0.68,-0.32,-0.2,30.46,4.2,0,0,0,0,1,1,15,31.0413824,-103.5203603,1636,2026,6,20,23,46,46,255,767,116,71,0.8,0.4,0.7,38,38,28,0,0,0,0,0,0,35,0,39,0,0,0,0,0,0,0,0,0,0,38,0,34,39,0,34,0,0,39,37
6,16410,3,KR4MFM,9.73,5,   coast,-6.03,83278,1623.93,721.1,87.14,52.7,4.2,4.2,4.11,4.27,0.31,0.1,60.75,0.87,5.56,0.68,-0.33,-0.19,30.51,4.2,0,0,0,0,1,1,15,31.0413824,-103.5203603,1636,2026,6,20,23,46,46,255,767,116,71,0.8,0.4,0.7,38,38,28,0,0,0,0,0,0,35,0,39,0,0,0,0,0,0,0,0,0,0,38,0,34,39,0,34,0,0,39,37
6,16410,3,KR4MFM,9.74,5,   coast,-5.03,83278,1623.93,721.1,87.07,52.7,4.2,4.2,4.11,4.32,0.36,0.18,60.32,0.75,5.92,0.67,-0.33,-0.19,30.56,4.2,0,0,0,0,1,1,15,31.0413824,-103.5203603,1636,2026,6,20,23,46,46,255,767,116,71,0.8,0.4,0.7,38,38,28,0,0,0,0,0,0,35,0,39,0,0,0,0,0,0,0,0,0,0,38,0,34,39,0,34,0,0,39,37
6,16410,3,KR4MFM,9.75,5,   coast,-5.03,83261,1625.59,722.76,87.01,52.7,4.2,4.2,4.11,4.34,0.32,0.37,59.95,-0.23,5.56,0.67,-0.33,-0.19,30.61,4.2,0,0,0,0,1,1,15,31.0413824,-103.5203603,1636,2026,6,20,23,46,46,255,767,116,71,0.8,0.4,0.7,38,38,28,0,0,0,0,0,0,35,0,39,0,0,0,0,0,0,0,0,0,0,38,0,34,39,0,34,0,0,39,37
6,16410,3,KR4MFM,9.76,5,   coast,-7.04,83261,1625.59,722.76,86.94,52.7,4.2,4.2,4.11,4.27,0.37,0.62,59.83,0.32,6.23,0.67,-0.34,-0.19,30.67,4.2,0,0,0,0,1,1,15,31.0413824,-103.5203603,1636,2026,6,20,23,46,46,255,767,116,71,0.8,0.4,0.7,38,38,28,0,0,0,0,0,0,35,0,39,0,0,0,0,0,0,0,0,0,0,38,0,34,39,0,34,0,0,39,37
6,16410,3,KR4MFM,9.77,5,   coast,-5.53,83241,1627.54,724.72,86.88,52.7,4.2,4.2,4.11,4.18,0.37,0.41,59.28,0.38,5.56,0.67,-0.34,-0.18,30.72,4.2,0,0,0,0,1,1,15,31.0413824,-103.5203603,1636,2026,6,20,23,46,46,255,767,116,71,0.8,0.4,0.7,38,38,28,0,0,0,0,0,0,35,0,39,0,0,0,0,0,0,0,0,0,0,38,0,34,39,0,34,0,0,39,37
6,16410,3,KR4MFM,9.78,5,   coast,-6.54,83241,1627.54,724.72,86.81,52.7,4.2,4.2,4.11,4.17,0.19,0.23,58.61,0.01,6.41,0.67,-0.34,-0.18,30.78,4.2,0,0,0,0,1,1,15,31.0413824,-103.5203603,1636,2026,6,20,23,46,46,255,767,116,71,0.8,0.4,0.7,38,38,28,0,0,0,0,0,0,35,0,39,0,0,0,0,0,0,0,0,0,0,38,0,34,39,0,34,0,0,39,37
6,16410,3,KR4MFM,9.79,5,   coast,-6.54,83205,1631.05,728.23,86.74,52.7,4.2,4.2,4.11,4.13,0.16,0.05,57.88,-0.11,6.41,0.67,-0.34,-0.18,30.84,4.2,0,0,0,0,1,1,15,31.0413824,-103.5203603,1636,2026,6,20,23,46,46,255,767,116,71,0.8,0.4,0.7,38,38,28,0,0,0,0,0,0,35,0,39,0,0,0,0,0,0,0,0,0,0,38,0,34,39,0,34,0,0,39,37
6,16410,3,KR4MFM,9.8,5,   coast,-5.53,83205,1631.05,728.23,86.67,52.7,4.2,4.2,4.11,4.22,0.25,0.14,56.29,-1.57,6.41,0.67,-0.34,-0.18,30.9,4.2,0,0,0,0,1,1,15,31.0413824,-103.5203603,1636,2026,6,20,23,46,46,255,767,116,71,0.8,0.4,0.7,38,38,28,0,0,0,0,0,0,35,0,39,0,0,0,0,0,0,0,0,0,0,38,0,34,39,0,34,0,0,39,37
6,16410,3,KR4MFM,9.81,5,   coast,-7.04,83194,1632.13,729.3,86.6,52.7,4.2,4.2,4.11,4.04,0.09,0.45,56.05,-1.27,6.17,0.68,-0.34,-0.18,30.97,4.2,0,0,0,0,1,1,15,31.0413824,-103.5203603,1636,2026,6,20,23,46,46,255,767,116,71,0.8,0.4,0.7,38,38,28,0,0,0,0,0,0,35,0,39,0,0,0,0,0,0,0,0,0,0,38,0,34,39,0,34,0,0,39,37
6,16410,3,KR4MFM,9.82,5,   coast,-7.04,83194,1632.13,729.3,86.53,52.7,4.2,4.2,4.11,4.16,0.24,0.65,54.15,-2.31,6.59,0.67,-0.35,-0.17,31.03,4.2,0,0,0,0,1,1,15,31.0413824,-103.5203603,1636,2026,6,20,23,46,46,255,767,116,71,0.8,0.4,0.7,38,38,28,0,0,0,0,0,0,35,0,39,0,0,0,0,0,0,0,0,0,0,38,0,34,39,0,34,0,0,39,37
6,16410,3,KR4MFM,9.83,5,   coast,-7.04,83165,1634.96,732.14,86.46,52.7,4.2,4.2,4.11,4.01,0.19,0.45,52.63,-0.54,5.74,0.67,-0.35,-0.17,31.09,4.2,0,0,0,0,1,1,15,31.0413824,-103.5203603,1636,2026,6,20,23,46,46,255,767,116,71,0.8,0.4,0.7,38,38,28,0,0,0,0,0,0,35,0,39,0,0,0,0,0,0,0,0,0,0,38,0,34,39,0,34,0,0,39,37
6,16410,3,KR4MFM,9.84,5,   coast,-7.04,83165,1634.96,732.14,86.39,52.7,4.2,4.2,4.11,4.07,0.11,0.22,52.2,-1.02,5.74,0.67,-0.35,-0.17,31.15,4.2,0,0,0,0,1,1,15,31.0413824,-103.5203603,1636,2026,6,20,23,46,46,255,767,116,71,0.8,0.4,0.7,38,38,28,0,0,0,0,0,0,35,0,39,0,0,0,0,0,0,0,0,0,0,38,0,34,39,0,34,0,0,39,37
6,16410,3,KR4MFM,9.85,5,   coast,-6.03,83155,1635.94,733.11,86.32,52.7,4.2,4.2,4.11,3.99,0.27,-0.13,50.37,-0.9,5.98,0.67,-0.35,-0.17,31.2,4.2,0,0,0,0,1,1,15,31.0413824,-103.5203603,1636,2026,6,20,23,46,46,255,767,116,71,0.8,0.4,0.7,38,38,28,0,0,0,0,0,0,35,0,39,0,0,0,0,0,0,0,0,0,0,38,0,34,39,0,34,0,0,39,37
6,16410,3,KR4MFM,9.86,5,   coast,-6.54,83155,1635.94,733.11,86.24,52.7,4.2,4.2,4.11,4.04,0.17,0.01,48.78,-1.82,5.92,0.67,-0.35,-0.16,31.26,4.2,0,0,0,0,1,1,15,31.0413824,-103.5203603,1636,2026,6,20,23,46,46,255,767,116,71,0.8,0.4,0.7,38,38,28,0,0,0,0,0,0,35,0,39,0,0,0,0,0,0,0,0,0,0,38,0,34,39,0,34,0,0,39,37
6,16410,3,KR4MFM,9.87,5,   coast,-7.04,83143,1637.11,734.29,86.17,52.7,4.2,4.2,4.11,4,0.22,0.22,46.77,-2.12,5.44,0.67,-0.36,-0.16,31.32,4.2,0,0,0,0,1,1,15,31.0413824,-103.5203603,1636,2026,6,20,23,46,46,255,767,116,71,0.8,0.4,0.7,38,38,28,0,0,0,0,0,0,35,0,39,0,0,0,0,0,0,0,0,0,0,38,0,34,39,0,34,0,0,39,37
6,16410,3,KR4MFM,9.88,5,   coast,-7.04,83143,1637.11,734.29,86.1,52.7,4.2,4.2,4.11,4.03,0.36,0.45,45.67,-2.61,5.8,0.67,-0.36,-0.16,31.39,4.2,0,0,0,0,1,1,15,31.0413824,-103.5203603,1636,2026,6,20,23,46,46,255,767,116,71,0.8,0.4,0.7,38,38,28,0,0,0,0,0,0,35,0,39,0,0,0,0,0,0,0,0,0,0,38,0,34,39,0,34,0,0,39,37
6,16410,3,KR4MFM,9.89,5,   coast,-7.04,83100,1641.31,738.49,86.03,52.7,4.2,4.2,4.11,3.97,0.06,0.51,43.96,-1.82,4.64,0.67,-0.36,-0.16,31.44,4.2,0,0,0,0,1,1,15,31.0413824,-103.5203603,1636,2026,6,20,23,46,46,255,767,116,71,0.8,0.4,0.7,38,38,28,0,0,0,0,0,0,35,0,39,0,0,0,0,0,0,0,0,0,0,38,0,34,39,0,34,0,0,39,37
6,16410,3,KR4MFM,9.9,5,   coast,-6.54,83100,1641.31,738.49,85.96,52.7,4.2,4.2,4.11,3.92,0.04,0.24,42.37,-1.45,4.89,0.67,-0.36,-0.16,31.49,4.2,0,0,0,0,1,1,15,31.0413824,-103.5203603,1636,2026,6,20,23,46,46,255,767,116,71,0.8,0.4,0.7,38,38,28,0,0,0,0,0,0,35,0,39,0,0,0,0,0,0,0,0,0,0,38,0,34,39,0,34,0,0,39,37
6,16410,3,KR4MFM,9.91,5,   coast,-6.03,83075,1643.76,740.93,85.89,52.7,4.2,4.2,4.11,3.76,-0.1,0.17,42.8,-1.94,4.64,0.67,-0.36,-0.16,31.54,4.2,0,0,0,0,1,1,15,31.0413824,-103.5203603,1636,2026,6,20,23,46,46,255,767,116,71,0.8,0.4,0.7,38,38,28,0,0,0,0,0,0,35,0,39,0,0,0,0,0,0,0,0,0,0,38,0,34,39,0,34,0,0,39,37
6,16410,3,KR4MFM,9.92,5,   coast,-6.54,83075,1643.76,740.93,85.82,52.7,4.2,4.2,4.11,3.79,-0.03,0.17,41.7,-2.49,5.01,0.67,-0.36,-0.16,31.59,4.2,0,0,0,0,1,1,15,31.0413824,-103.5203603,1636,2026,6,20,23,46,46,255,767,116,71,0.8,0.4,0.7,38,38,28,0,0,0,0,0,0,35,0,39,0,0,0,0,0,0,0,0,0,0,38,0,34,39,0,34,0,0,39,37
6,16410,3,KR4MFM,9.93,5,   coast,-7.04,83067,1644.54,741.71,85.75,52.7,4.2,4.2,4.11,3.73,0.04,0.19,41.28,-2.25,4.4,0.67,-0.36,-0.15,31.64,4.2,0,0,0,0,1,1,15,31.0413824,-103.5203603,1636,2026,6,20,23,46,46,255,767,116,71,0.8,0.4,0.7,38,38,28,0,0,0,0,0,0,35,0,39,0,0,0,0,0,0,0,0,0,0,38,0,34,39,0,34,0,0,39,37
6,16410,3,KR4MFM,9.94,5,   coast,-5.53,83067,1644.54,741.71,85.68,52.7,4.17,4.19,4.11,3.76,0.02,0.22,40.48,-2.55,4.34,0.67,-0.36,-0.15,31.69,4.19,0,0,0,0,1,1,15,31.0413824,-103.5203603,1636,2026,6,20,23,46,46,255,767,116,71,0.8,0.4,0.7,38,38,28,0,0,0,0,0,0,35,0,39,0,0,0,0,0,0,0,0,0,0,38,0,34,39,0,34,0,0,39,37
6,16410,3,KR4MFM,9.94,5,   coast,-5.53,83067,1644.54,741.71,85.68,52.7,4.17,4.19,4.11,3.76,0.02,0.22,40.48,-2.55,4.34,0.67,-0.36,-0.15,31.69,4.19,0,0,0,0,1,1,15,31.0413824,-103.5203603,1636,2026,6,20,23,46,46,255,767,116,71,0.8,0.4,0.7,38,38,28,0,0,0,0,0,0,35,0,39,0,0,0,0,0,0,0,0,0,0,38,0,34,39,0,34,0,0,39,37
6,16410,3,KR4MFM,9.95,5,   coast,-6.54,83039,1647.28,744.45,85.61,52.7,4.17,4.19,4.11,3.76,-0.08,0.15,39.02,-2.06,3.48,0.67,-0.36,-0.15,31.73,4.19,0,0,0,0,1,1,15,31.0413824,-103.5203603,1636,2026,6,20,23,46,46,255,767,116,71,0.8,0.4,0.7,38,38,28,0,0,0,0,0,0,35,0,39,0,0,0,0,0,0,0,0,0,0,38,0,34,39,0,34,0,0,39,37
6,16410,3,KR4MFM,9.96,5,   coast,-7.04,83039,1647.28,744.45,85.54,52.7,4.17,4.19,4.11,3.74,-0.01,0.17,34.75,-1.94,3.48,0.67,-0.36,-0.15,31.77,4.19,0,0,0,0,1,1,15,31.0413824,-103.5203603,1636,2026,6,20,23,46,46,255,767,116,71,0.8,0.4,0.7,38,38,28,0,0,0,0,0,0,35,0,39,0,0,0,0,0,0,0,0,0,0,38,0,34,39,0,34,0,0,39,37
6,16410,3,KR4MFM,9.96,5,   coast,-7.04,83039,1647.28,744.45,85.54,52.7,4.17,4.19,4.11,3.74,-0.01,0.17,34.75,-1.94,3.48,0.67,-0.36,-0.15,31.77,4.19,0,0,0,0,1,1,15,31.0413824,-103.5203603,1636,2026,6,20,23,46,46,255,767,116,71,0.8,0.4,0.7,38,38,28,0,0,0,0,0,0,35,0,39,0,0,0,0,0,0,0,0,0,0,38,0,34,39,0,34,0,0,39,37
6,16410,3,KR4MFM,9.96,5,   coast,-7.04,83039,1647.28,744.45,85.54,52.7,4.17,4.19,4.11,3.74,-0.01,0.17,34.75,-1.94,3.48,0.67,-0.36,-0.15,31.77,4.19,0,0,0,0,1,1,15,31.0413824,-103.5203603,1636,2026,6,20,23,46,46,255,767,116,71,0.8,0.4,0.7,38,38,28,0,0,0,0,0,0,35,0,39,0,0,0,0,0,0,0,0,0,0,38,0,34,39,0,34,0,0,39,37
6,16410,3,KR4MFM,9.97,5,   coast,-7.04,83024,1648.74,745.92,85.47,52.7,4.17,4.19,4.11,3.63,-0.08,0.15,31.08,-1.33,2.87,0.67,-0.37,-0.14,31.8,4.19,0,0,0,0,1,1,15,31.0411343,-103.5197661,1747,2026,6,20,23,46,47,318,893,116,69,0.8,0.4,0.7,36,39,29,0,0,0,0,0,0,38,0,38,0,0,0,0,0,0,0,0,0,0,40,0,36,39,0,34,0,0,30,30
6,16410,3,KR4MFM,9.98,5,   coast,-6.03,83024,1648.74,745.92,85.4,52.7,4.17,4.19,4.11,3.66,0.09,0.12,29.8,-1.45,2.44,0.67,-0.37,-0.14,31.83,4.19,0,0,0,0,1,1,15,31.0411343,-103.5197661,1747,2026,6,20,23,46,47,318,893,116,69,0.8,0.4,0.7,36,39,29,0,0,0,0,0,0,38,0,38,0,0,0,0,0,0,0,0,0,0,40,0,36,39,0,34,0,0,30,30
6,16410,3,KR4MFM,9.99,5,   coast,-6.03,83003,1650.8,747.97,85.32,52.7,4.17,4.19,4.11,3.71,0.21,0.27,26.57,-1.64,1.96,0.67,-0.37,-0.14,31.86,4.19,0,0,0,0,1,1,15,31.0411343,-103.5197661,1747,2026,6,20,23,46,47,318,893,116,69,0.8,0.4,0.7,36,39,29,0,0,0,0,0,0,38,0,38,0,0,0,0,0,0,0,0,0,0,40,0,36,39,0,34,0,0,30,30
6,16410,3,KR4MFM,10,5,   coast,-6.54,83003,1650.8,747.97,85.25,52.7,4.17,4.19,4.11,3.58,0.11,0.37,24.43,-1.02,0.55,0.67,-0.37,-0.14,31.87,4.19,0,0,0,0,1,1,15,31.0411343,-103.5197661,1747,2026,6,20,23,46,47,318,893,116,69,0.8,0.4,0.7,36,39,29,0,0,0,0,0,0,38,0,38,0,0,0,0,0,0,0,0,0,0,40,0,36,39,0,34,0,0,30,30
6,16410,3,KR4MFM,10.01,5,   coast,-7.04,82995,1651.58,748.76,85.18,52.7,4.17,4.19,4.11,3.56,-0.12,0.26,23.09,-0.05,0.06,0.67,-0.37,-0.14,31.87,4.19,0,0,0,0,1,1,15,31.0411343,-103.5197661,1747,2026,6,20,23,46,47,318,893,116,69,0.8,0.4,0.7,36,39,29,0,0,0,0,0,0,38,0,38,0,0,0,0,0,0,0,0,0,0,40,0,36,39,0,34,0,0,30,30
6,16410,3,KR4MFM,10.02,5,   coast,-8.05,82995,1651.58,748.76,85.1,52.7,4.17,4.19,4.11,3.51,-0.21,0.04,21.87,-0.6,-0.36,0.67,-0.37,-0.14,31.87,4.19,0,0,0,0,1,1,15,31.0411343,-103.5197661,1747,2026,6,20,23,46,47,318,893,116,69,0.8,0.4,0.7,36,39,29,0,0,0,0,0,0,38,0,38,0,0,0,0,0,0,0,0,0,0,40,0,36,39,0,34,0,0,30,30
6,16410,3,KR4MFM,10.03,5,   coast,-7.04,82963,1654.71,751.89,85.02,52.7,4.17,4.19,4.11,3.42,-0.27,0.13,19.79,-0.05,-0.49,0.67,-0.37,-0.14,31.86,4.19,0,0,0,0,1,1,15,31.0411343,-103.5197661,1747,2026,6,20,23,46,47,318,893,116,69,0.8,0.4,0.7,36,39,29,0,0,0,0,0,0,38,0,38,0,0,0,0,0,0,0,0,0,0,40,0,36,39,0,34,0,0,30,30
6,16410,3,KR4MFM,10.04,5,   coast,-9.56,82963,1654.71,751.89,84.94,52.7,4.17,4.19,4.11,3.42,-0.15,0.25,18.08,-0.84,-0.79,0.67,-0.37,-0.14,31.86,4.19,0,0,0,0,1,1,15,31.0411343,-103.5197661,1747,2026,6,20,23,46,47,318,893,116,69,0.8,0.4,0.7,36,39,29,0,0,0,0,0,0,38,0,38,0,0,0,0,0,0,0,0,0,0,40,0,36,39,0,34,0,0,30,30
6,16410,3,KR4MFM,10.05,5,   coast,-7.54,82936,1657.35,754.53,84.86,52.7,4.17,4.19,4.11,3.58,0.07,0.4,16.13,0.68,-0.67,0.67,-0.37,-0.14,31.85,4.19,0,0,0,0,1,1,15,31.0411343,-103.5197661,1747,2026,6,20,23,46,47,318,893,116,69,0.8,0.4,0.7,36,39,29,0,0,0,0,0,0,38,0,38,0,0,0,0,0,0,0,0,0,0,40,0,36,39,0,34,0,0,30,30
6,16410,3,KR4MFM,10.06,5,   coast,-7.54,82936,1657.35,754.53,84.78,52.7,4.17,4.19,4.11,3.51,0.22,0.09,16.62,0.01,-2.01,0.67,-0.37,-0.14,31.84,4.19,0,0,0,0,1,1,15,31.0411343,-103.5197661,1747,2026,6,20,23,46,47,318,893,116,69,0.8,0.4,0.7,36,39,29,0,0,0,0,0,0,38,0,38,0,0,0,0,0,0,0,0,0,0,40,0,36,39,0,34,0,0,30,30
6,16410,3,KR4MFM,10.07,5,   coast,-7.04,82928,1658.14,755.31,84.7,52.7,4.17,4.19,4.11,3.67,0.24,0.06,15.09,1.05,-2.32,0.67,-0.37,-0.14,31.81,4.19,0,0,0,0,1,1,15,31.0411343,-103.5197661,1747,2026,6,20,23,46,47,318,893,116,69,0.8,0.4,0.7,36,39,29,0,0,0,0,0,0,38,0,38,0,0,0,0,0,0,0,0,0,0,40,0,36,39,0,34,0,0,30,30
6,16410,3,KR4MFM,10.08,5,   coast,-7.54,82928,1658.14,755.31,84.62,52.7,4.17,4.19,4.11,3.48,0.04,0.03,14.24,0.38,-2.62,0.67,-0.37,-0.14,31.79,4.19,0,0,0,0,1,1,15,31.0411343,-103.5197661,1747,2026,6,20,23,46,47,318,893,116,69,0.8,0.4,0.7,36,39,29,0,0,0,0,0,0,38,0,38,0,0,0,0,0,0,0,0,0,0,40,0,36,39,0,34,0,0,30,30
6,16410,3,KR4MFM,10.09,5,   coast,-6.03,82902,1660.68,757.86,84.55,52.7,4.17,4.19,4.11,3.4,-0.05,0.21,15.21,1.11,-2.8,0.67,-0.37,-0.13,31.76,4.19,0,0,0,0,1,1,15,31.0411343,-103.5197661,1747,2026,6,20,23,46,47,318,893,116,69,0.8,0.4,0.7,36,39,29,0,0,0,0,0,0,38,0,38,0,0,0,0,0,0,0,0,0,0,40,0,36,39,0,34,0,0,30,30
6,16410,3,KR4MFM,10.1,5,   coast,-8.55,82902,1660.68,757.86,84.47,52.7,4.17,4.19,4.11,3.2,-0.16,0.37,16.92,-0.05,-2.62,0.67,-0.37,-0.13,31.74,4.19,0,0,0,0,1,1,15,31.0411343,-103.5197661,1747,2026,6,20,23,46,47,318,893,116,69,0.8,0.4,0.7,36,39,29,0,0,0,0,0,0,38,0,38,0,0,0,0,0,0,0,0,0,0,40,0,36,39,0,34,0,0,30,30
6,16410,3,KR4MFM,10.11,5,   coast,-8.05,82886,1662.25,759.43,84.4,52.7,4.17,4.19,4.11,3.23,-0.04,0.59,17.72,1.9,-1.95,0.67,-0.37,-0.13,31.71,4.19,0,0,0,0,1,1,15,31.0411343,-103.5197661,1747,2026,6,20,23,46,47,318,893,116,69,0.8,0.4,0.7,36,39,29,0,0,0,0,0,0,38,0,38,0,0,0,0,0,0,0,0,0,0,40,0,36,39,0,34,0,0,30,30
6,16410,3,KR4MFM,10.12,5,   coast,-5.03,82886,1662.25,759.43,84.32,52.7,4.17,4.19,4.11,3.13,0.17,0.19,19.91,1.48,-2.68,0.67,-0.37,-0.13,31.68,4.19,0,0,0,0,1,1,15,31.0411343,-103.5197661,1747,2026,6,20,23,46,47,318,893,116,69,0.8,0.4,0.7,36,39,29,0,0,0,0,0,0,38,0,38,0,0,0,0,0,0,0,0,0,0,40,0,36,39,0,34,0,0,30,30
6,16410,3,KR4MFM,10.13,5,   coast,-7.54,82867,1664.11,761.29,84.25,52.7,4.17,4.19,4.11,3.23,0.31,0.08,20.52,2.21,-2.56,0.67,-0.37,-0.13,31.64,4.19,0,0,0,0,1,1,15,31.0411343,-103.5197661,1747,2026,6,20,23,46,47,318,893,116,69,0.8,0.4,0.7,36,39,29,0,0,0,0,0,0,38,0,38,0,0,0,0,0,0,0,0,0,0,40,0,36,39,0,34,0,0,30,30
6,16410,3,KR4MFM,10.14,5,   coast,-7.04,82867,1664.11,761.29,84.18,52.7,4.17,4.19,4.11,3.17,0.34,-0.07,21.5,0.56,-2.74,0.68,-0.37,-0.13,31.62,4.19,0,0,0,0,1,1,15,31.0411343,-103.5197661,1747,2026,6,20,23,46,47,318,893,116,69,0.8,0.4,0.7,36,39,29,0,0,0,0,0,0,38,0,38,0,0,0,0,0,0,0,0,0,0,40,0,36,39,0,34,0,0,30,30
6,16410,3,KR4MFM,10.15,5,   coast,-5.53,82837,1667.05,764.23,84.11,52.7,4.17,4.19,4.11,3.23,0.22,0.22,22.11,1.66,-3.17,0.67,-0.37,-0.13,31.58,4.19,0,0,0,0,1,1,15,31.0411343,-103.5197661,1747,2026,6,20,23,46,47,318,893,116,69,0.8,0.4,0.7,36,39,29,0,0,0,0,0,0,38,0,38,0,0,0,0,0,0,0,0,0,0,40,0,36,39,0,34,0,0,30,30
6,16410,3,KR4MFM,10.16,5,   coast,-7.04,82837,1667.05,764.23,84.04,52.7,4.17,4.19,4.11,3.13,-0.09,0.48,22.6,0.44,-2.56,0.67,-0.37,-0.13,31.56,4.19,0,0,0,0,1,1,15,31.0411343,-103.5197661,1747,2026,6,20,23,46,47,318,893,116,69,0.8,0.4,0.7,36,39,29,0,0,0,0,0,0,38,0,38,0,0,0,0,0,0,0,0,0,0,40,0,36,39,0,34,0,0,30,30
6,16410,3,KR4MFM,10.17,5,   coast,-5.53,82816,1669.11,766.28,83.97,52.7,4.17,4.19,4.11,3.13,0.19,0.57,23.33,1.54,-1.71,0.68,-0.37,-0.13,31.54,4.19,0,0,0,0,1,1,15,31.0411343,-103.5197661,1747,2026,6,20,23,46,47,318,893,116,69,0.8,0.4,0.7,36,39,29,0,0,0,0,0,0,38,0,38,0,0,0,0,0,0,0,0,0,0,40,0,36,39,0,34,0,0,30,30
6,16410,3,KR4MFM,10.18,5,   coast,-6.03,82816,1669.11,766.28,83.9,52.7,4.17,4.19,4.11,3.05,0.29,0.3,23.09,1.23,-2.07,0.68,-0.37,-0.13,31.51,4.19,0,0,0,0,1,1,15,31.0411343,-103.5197661,1747,2026,6,20,23,46,47,318,893,116,69,0.8,0.4,0.7,36,39,29,0,0,0,0,0,0,38,0,38,0,0,0,0,0,0,0,0,0,0,40,0,36,39,0,34,0,0,30,30
6,16410,3,KR4MFM,10.19,5,   coast,-7.04,82794,1671.26,768.44,83.83,52.7,4.17,4.19,4.11,3.02,0.44,0.21,23.27,2.15,-2.32,0.68,-0.37,-0.13,31.48,4.19,0,0,0,0,1,1,15,31.0411343,-103.5197661,1747,2026,6,20,23,46,47,318,893,116,69,0.8,0.4,0.7,36,39,29,0,0,0,0,0,0,38,0,38,0,0,0,0,0,0,0,0,0,0,40,0,36,39,0,34,0,0,30,30
6,16410,3,KR4MFM,10.2,5,   coast,-6.54,82794,1671.26,768.44,83.76,52.7,4.17,4.19,4.11,3.01,0.26,0.14,23.15,0.75,-2.26,0.68,-0.37,-0.13,31.46,4.19,0,0,0,0,1,1,15,31.0411343,-103.5197661,1747,2026,6,20,23,46,47,318,893,116,69,0.8,0.4,0.7,36,39,29,0,0,0,0,0,0,38,0,38,0,0,0,0,0,0,0,0,0,0,40,0,36,39,0,34,0,0,30,30
6,16410,3,KR4MFM,10.21,5,   coast,-7.04,82768,1673.81,770.99,83.69,52.7,4.17,4.19,4.11,3.02,0.21,0.31,22.97,0.56,-2.19,0.67,-0.37,-0.13,31.44,4.19,0,0,0,0,1,1,15,31.0411343,-103.5197661,1747,2026,6,20,23,46,47,318,893,116,69,0.8,0.4,0.7,36,39,29,0,0,0,0,0,0,38,0,38,0,0,0,0,0,0,0,0,0,0,40,0,36,39,0,34,0,0,30,30
6,16410,3,KR4MFM,10.22,5,   coast,-6.54,82768,1673.81,770.99,83.62,52.7,4.17,4.19,4.11,3,0.03,0.42,23.64,-0.41,-1.89,0.67,-0.37,-0.12,31.43,4.19,0,0,0,0,1,1,15,31.0411343,-103.5197661,1747,2026,6,20,23,46,47,318,893,116,69,0.8,0.4,0.7,36,39,29,0,0,0,0,0,0,38,0,38,0,0,0,0,0,0,0,0,0,0,40,0,36,39,0,34,0,0,30,30
6,16410,3,KR4MFM,10.23,5,   coast,-7.54,82751,1675.48,772.66,83.54,52.7,4.17,4.19,4.11,2.97,0.13,0.44,23.64,0.07,-1.22,0.67,-0.37,-0.12,31.41,4.19,0,0,0,0,1,1,15,31.0411343,-103.5197661,1747,2026,6,20,23,46,47,318,893,116,69,0.8,0.4,0.7,36,39,29,0,0,0,0,0,0,38,0,38,0,0,0,0,0,0,0,0,0,0,40,0,36,39,0,34,0,0,30,30
6,16410,3,KR4MFM,10.24,5,   coast,-7.54,82751,1675.48,772.66,83.46,52.7,4.17,4.19,4.11,2.98,0.27,0.43,23.82,0.13,-0.91,0.67,-0.37,-0.12,31.41,4.19,0,0,0,0,1,1,15,31.0411343,-103.5197661,1747,2026,6,20,23,46,47,318,893,116,69,0.8,0.4,0.7,36,39,29,0,0,0,0,0,0,38,0,38,0,0,0,0,0,0,0,0,0,0,40,0,36,39,0,34,0,0,30,30
6,16410,3,KR4MFM,10.25,5,   coast,-9.05,82731,1677.44,774.62,83.38,52.7,4.17,4.19,4.11,2.89,0.4,0.41,23.7,-0.29,-1.22,0.68,-0.37,-0.12,31.4,4.19,0,0,0,0,1,1,15,31.0411343,-103.5197661,1747,2026,6,20,23,46,47,318,893,116,69,0.8,0.4,0.7,36,39,29,0,0,0,0,0,0,38,0,38,0,0,0,0,0,0,0,0,0,0,40,0,36,39,0,34,0,0,30,30
6,16410,3,KR4MFM,10.26,5,   coast,-6.54,82731,1677.44,774.62,83.3,52.7,4.2,4.2,4.11,2.94,0.3,0.26,22.84,-0.72,-1.1,0.67,-0.38,-0.12,31.39,4.19,0,0,0,0,1,1,15,31.0411343,-103.5197661,1747,2026,6,20,23,46,47,318,893,116,69,0.8,0.4,0.7,36,39,29,0,0,0,0,0,0,38,0,38,0,0,0,0,0,0,0,0,0,0,40,0,36,39,0,34,0,0,30,30
6,16410,3,KR4MFM,10.26,5,   coast,-6.54,82731,1677.44,774.62,83.3,52.7,4.2,4.2,4.11,2.94,0.3,0.26,22.84,-0.72,-1.1,0.67,-0.38,-0.12,31.39,4.19,0,0,0,0,1,1,15,31.0411343,-103.5197661,1747,2026,6,20,23,46,47,318,893,116,69,0.8,0.4,0.7,36,39,29,0,0,0,0,0,0,38,0,38,0,0,0,0,0,0,0,0,0,0,40,0,36,39,0,34,0,0,30,30
6,16410,3,KR4MFM,10.27,5,   coast,-7.04,82705,1679.99,777.17,83.23,52.7,4.2,4.2,4.11,2.93,0.33,0.34,22.42,-1.39,-1.03,0.67,-0.38,-0.12,31.4,4.19,0,0,0,0,1,1,15,31.0411343,-103.5197661,1747,2026,6,20,23,46,47,318,893,116,69,0.8,0.4,0.7,36,39,29,0,0,0,0,0,0,38,0,38,0,0,0,0,0,0,0,0,0,0,40,0,36,39,0,34,0,0,30,30
6,16410,3,KR4MFM,10.28,5,   coast,-7.54,82705,1679.99,777.17,83.15,52.7,4.2,4.2,4.11,2.85,0.17,0.39,21.93,-0.96,-0.73,0.68,-0.37,-0.12,31.4,4.19,0,0,0,0,1,1,15,31.0411343,-103.5197661,1747,2026,6,20,23,46,47,318,893,116,69,0.8,0.4,0.7,36,39,29,0,0,0,0,0,0,38,0,38,0,0,0,0,0,0,0,0,0,0,40,0,36,39,0,34,0,0,30,30
6,16410,3,KR4MFM,10.29,5,   coast,-8.55,82684,1682.05,779.23,83.07,52.7,4.2,4.2,4.11,2.79,0.24,0.47,20.89,-1.88,-0.55,0.68,-0.37,-0.12,31.4,4.19,0,0,0,0,1,1,15,31.0411343,-103.5197661,1747,2026,6,20,23,46,47,318,893,116,69,0.8,0.4,0.7,36,39,29,0,0,0,0,0,0,38,0,38,0,0,0,0,0,0,0,0,0,0,40,0,36,39,0,34,0,0,30,30
6,16410,3,KR4MFM,10.3,5,   coast,-7.04,82684,1682.05,779.23,82.99,52.7,4.2,4.2,4.11,2.8,0.37,0.42,20.22,-1.64,0.13,0.68,-0.37,-0.12,31.41,4.19,0,0,0,0,1,1,15,31.0411343,-103.5197661,1747,2026,6,20,23,46,47,318,893,116,69,0.8,0.4,0.7,36,39,29,0,0,0,0,0,0,38,0,38,0,0,0,0,0,0,0,0,0,0,40,0,36,39,0,34,0,0,30,30
6,16410,3,KR4MFM,10.31,5,   coast,-8.55,82662,1684.21,781.39,82.91,52.7,4.2,4.2,4.11,2.74,0.5,0.34,20.1,-2.18,-0.42,0.68,-0.37,-0.12,31.42,4.19,0,0,0,0,1,1,15,31.0411343,-103.5197661,1747,2026,6,20,23,46,47,318,893,116,69,0.8,0.4,0.7,36,39,29,0,0,0,0,0,0,38,0,38,0,0,0,0,0,0,0,0,0,0,40,0,36,39,0,34,0,0,30,30
6,16410,3,KR4MFM,10.32,5,   coast,-7.54,82662,1684.21,781.39,82.83,52.7,4.2,4.2,4.11,2.7,0.32,0.33,19.43,-2.49,0,0.67,-0.38,-0.11,31.44,4.19,0,0,0,0,1,1,15,31.0411343,-103.5197661,1747,2026,6,20,23,46,47,318,893,116,69,0.8,0.4,0.7,36,39,29,0,0,0,0,0,0,38,0,38,0,0,0,0,0,0,0,0,0,0,40,0,36,39,0,34,0,0,30,30
6,16410,3,KR4MFM,10.33,5,   coast,-6.54,82644,1685.98,783.16,82.75,52.7,4.2,4.2,4.11,2.74,0.22,0.44,18.75,-3.41,-0.06,0.67,-0.38,-0.11,31.46,4.19,0,0,0,0,1,1,15,31.0411343,-103.5197661,1747,2026,6,20,23,46,47,318,893,116,69,0.8,0.4,0.7,36,39,29,0,0,0,0,0,0,38,0,38,0,0,0,0,0,0,0,0,0,0,40,0,36,39,0,34,0,0,30,30
6,16410,3,KR4MFM,10.34,5,   coast,-6.54,82644,1685.98,783.16,82.67,52.7,4.2,4.2,4.11,2.74,0.15,0.55,19.18,-3.04,0.31,0.67,-0.38,-0.11,31.48,4.19,0,0,0,0,1,1,15,31.0411343,-103.5197661,1747,2026,6,20,23,46,47,318,893,116,69,0.8,0.4,0.7,36,39,29,0,0,0,0,0,0,38,0,38,0,0,0,0,0,0,0,0,0,0,40,0,36,39,0,34,0,0,30,30
6,16410,3,KR4MFM,10.35,5,   coast,-8.05,82639,1686.47,783.65,82.6,52.7,4.2,4.2,4.11,2.78,0.21,0.54,19.06,-3.41,0.92,0.67,-0.38,-0.11,31.51,4.19,0,0,0,0,1,1,15,31.0411343,-103.5197661,1747,2026,6,20,23,46,47,318,893,116,69,0.8,0.4,0.7,36,39,29,0,0,0,0,0,0,38,0,38,0,0,0,0,0,0,0,0,0,0,40,0,36,39,0,34,0,0,30,30
6,16410,3,KR4MFM,10.36,5,   coast,-7.54,82639,1686.47,783.65,82.52,52.7,4.2,4.2,4.11,2.77,0.35,0.43,18.51,-3.89,1.28,0.68,-0.38,-0.11,31.55,4.19,0,0,0,0,1,1,15,31.0411343,-103.5197661,1747,2026,6,20,23,46,47,318,893,116,69,0.8,0.4,0.7,36,39,29,0,0,0,0,0,0,38,0,38,0,0,0,0,0,0,0,0,0,0,40,0,36,39,0,34,0,0,30,30
6,16410,3,KR4MFM,10.37,5,   coast,-7.54,82605,1689.81,786.99,82.44,52.7,4.2,4.2,4.11,2.71,0.34,0.34,18.02,-3.83,0.55,0.68,-0.38,-0.11,31.58,4.19,0,0,0,0,1,1,15,31.0411343,-103.5197661,1747,2026,6,20,23,46,47,318,893,116,69,0.8,0.4,0.7,36,39,29,0,0,0,0,0,0,38,0,38,0,0,0,0,0,0,0,0,0,0,40,0,36,39,0,34,0,0,30,30
6,16410,3,KR4MFM,10.38,5,   coast,-7.54,82605,1689.81,786.99,82.36,52.7,4.2,4.2,4.11,2.64,0.28,0.37,17.35,-4.2,1.22,0.68,-0.38,-0.11,31.61,4.19,0,0,0,0,1,1,15,31.0411343,-103.5197661,1747,2026,6,20,23,46,47,318,893,116,69,0.8,0.4,0.7,36,39,29,0,0,0,0,0,0,38,0,38,0,0,0,0,0,0,0,0,0,0,40,0,36,39,0,34,0,0,30,30
6,16410,3,KR4MFM,10.39,5,   coast,-8.05,82587,1691.58,788.75,82.28,52.7,4.2,4.2,4.11,2.62,0.2,0.37,17.23,-5.36,0.8,0.68,-0.38,-0.11,31.65,4.19,0,0,0,0,1,1,15,31.0411343,-103.5197661,1747,2026,6,20,23,46,47,318,893,116,69,0.8,0.4,0.7,36,39,29,0,0,0,0,0,0,38,0,38,0,0,0,0,0,0,0,0,0,0,40,0,36,39,0,34,0,0,30,30
6,16410,3,KR4MFM,10.4,5,   coast,-8.05,82587,1691.58,788.75,82.2,52.7,4.2,4.2,4.11,2.59,0.28,0.32,16.74,-4.87,1.35,0.68,-0.38,-0.11,31.7,4.19,0,0,0,0,1,1,15,31.0411343,-103.5197661,1747,2026,6,20,23,46,47,318,893,116,69,0.8,0.4,0.7,36,39,29,0,0,0,0,0,0,38,0,38,0,0,0,0,0,0,0,0,0,0,40,0,36,39,0,34,0,0,30,30
6,16410,3,KR4MFM,10.41,5,   coast,-8.55,82556,1694.62,791.8,82.12,52.7,4.2,4.2,4.11,2.63,0.21,0.34,15.89,-5.18,1.35,0.67,-0.38,-0.1,31.74,4.19,0,0,0,0,1,1,15,31.0411343,-103.5197661,1747,2026,6,20,23,46,47,318,893,116,69,0.8,0.4,0.7,36,39,29,0,0,0,0,0,0,38,0,38,0,0,0,0,0,0,0,0,0,0,40,0,36,39,0,34,0,0,30,30
6,16410,3,KR4MFM,10.42,5,   coast,-6.54,82556,1694.62,791.8,82.04,52.7,4.2,4.2,4.11,2.58,0.25,0.42,16.25,-5.42,1.83,0.67,-0.38,-0.1,31.79,4.19,0,0,0,0,1,1,15,31.0411343,-103.5197661,1747,2026,6,20,23,46,47,318,893,116,69,0.8,0.4,0.7,36,39,29,0,0,0,0,0,0,38,0,38,0,0,0,0,0,0,0,0,0,0,40,0,36,39,0,34,0,0,30,30
6,16410,3,KR4MFM,10.43,5,   coast,-8.05,82526,1697.57,794.75,81.96,52.7,4.2,4.2,4.11,2.56,0.27,0.23,16.86,-5.72,1.77,0.67,-0.38,-0.1,31.84,4.19,0,0,0,0,1,1,15,31.0411343,-103.5197661,1747,2026,6,20,23,46,47,318,893,116,69,0.8,0.4,0.7,36,39,29,0,0,0,0,0,0,38,0,38,0,0,0,0,0,0,0,0,0,0,40,0,36,39,0,34,0,0,30,30
6,16410,3,KR4MFM,10.44,5,   coast,-8.05,82526,1697.57,794.75,81.88,52.7,4.2,4.2,4.11,2.55,0.32,0.27,16.56,-6.03,1.96,0.67,-0.38,-0.1,31.9,4.19,0,0,0,0,1,1,15,31.0411343,-103.5197661,1747,2026,6,20,23,46,47,318,893,116,69,0.8,0.4,0.7,36,39,29,0,0,0,0,0,0,38,0,38,0,0,0,0,0,0,0,0,0,0,40,0,36,39,0,34,0,0,30,30
6,16410,3,KR4MFM,10.45,5,   coast,-7.04,82529,1697.28,794.45,81.8,52.7,4.2,4.2,4.11,2.49,0.17,0.34,17.35,-6.46,1.83,0.67,-0.38,-0.1,31.95,4.19,0,0,0,0,1,1,15,31.0411343,-103.5197661,1747,2026,6,20,23,46,47,318,893,116,69,0.8,0.4,0.7,36,39,29,0,0,0,0,0,0,38,0,38,0,0,0,0,0,0,0,0,0,0,40,0,36,39,0,34,0,0,30,30
6,16410,3,KR4MFM,10.46,5,   coast,-8.05,82529,1697.28,794.45,81.72,52.7,4.2,4.2,4.11,2.48,0.22,0.36,19.18,-6.15,2.44,0.67,-0.38,-0.1,32.01,4.19,0,0,0,0,1,1,15,31.0411343,-103.5197661,1747,2026,6,20,23,46,47,318,893,116,69,0.8,0.4,0.7,36,39,29,0,0,0,0,0,0,38,0,38,0,0,0,0,0,0,0,0,0,0,40,0,36,39,0,34,0,0,30,30
6,16410,3,KR4MFM,10.47,5,   coast,-7.54,82502,1699.93,797.11,81.63,52.7,4.2,4.2,4.11,2.45,0.23,0.16,21.56,-6.33,2.26,0.68,-0.38,-0.1,32.07,4.19,0,0,0,0,1,1,15,31.0411343,-103.5197661,1747,2026,6,20,23,46,47,318,893,116,69,0.8,0.4,0.7,36,39,29,0,0,0,0,0,0,38,0,38,0,0,0,0,0,0,0,0,0,0,40,0,36,39,0,34,0,0,30,30
6,16410,3,KR4MFM,10.48,5,   coast,-7.54,82502,1699.93,797.11,81.55,52.7,4.2,4.2,4.11,2.45,0.21,0.14,23.82,-6.46,2.63,0.68,-0.38,-0.1,32.13,4.19,0,0,0,0,1,1,15,31.0411343,-103.5197661,1747,2026,6,20,23,46,47,318,893,116,69,0.8,0.4,0.7,36,39,29,0,0,0,0,0,0,38,0,38,0,0,0,0,0,0,0,0,0,0,40,0,36,39,0,34,0,0,30,30
6,16410,3,KR4MFM,10.49,5,   coast,-9.05,82477,1702.39,799.57,81.47,52.7,4.2,4.2,4.11,2.49,0.29,0.19,26.14,-6.52,2.93,0.68,-0.38,-0.1,32.2,4.19,0,0,0,0,1,1,15,31.0411343,-103.5197661,1747,2026,6,20,23,46,47,318,893,116,69,0.8,0.4,0.7,36,39,29,0,0,0,0,0,0,38,0,38,0,0,0,0,0,0,0,0,0,0,40,0,36,39,0,34,0,0,30,30
6,16410,3,KR4MFM,10.5,5,   coast,-8.55,82477,1702.39,799.57,81.38,52.7,4.2,4.2,4.11,2.47,0.26,0.29,27.73,-6.4,3.05,0.68,-0.38,-0.09,32.27,4.19,0,0,0,0,1,1,15,31.0411343,-103.5197661,1747,2026,6,20,23,46,47,318,893,116,69,0.8,0.4,0.7,36,39,29,0,0,0,0,0,0,38,0,38,0,0,0,0,0,0,0,0,0,0,40,0,36,39,0,34,0,0,30,30
6,16410,3,KR4MFM,10.51,5,   coast,-7.54,82451,1704.95,802.12,81.3,52.7,4.2,4.2,4.11,2.45,0.17,0.24,29.74,-6.03,2.99,0.68,-0.38,-0.09,32.33,4.19,0,0,0,0,1,1,15,31.0411343,-103.5197661,1747,2026,6,20,23,46,47,318,893,116,69,0.8,0.4,0.7,36,39,29,0,0,0,0,0,0,38,0,38,0,0,0,0,0,0,0,0,0,0,40,0,36,39,0,34,0,0,30,30
6,16410,3,KR4MFM,10.52,5,   coast,-8.55,82451,1704.95,802.12,81.21,52.7,4.2,4.2,4.11,2.33,0.17,0.21,31.39,-6.27,3.18,0.67,-0.38,-0.09,32.4,4.19,0,0,0,0,1,1,15,31.0411343,-103.5197661,1747,2026,6,20,23,46,47,318,893,116,69,0.8,0.4,0.7,36,39,29,0,0,0,0,0,0,38,0,38,0,0,0,0,0,0,0,0,0,0,40,0,36,39,0,34,0,0,30,30
6,16410,3,KR4MFM,10.53,5,   coast,-8.05,82432,1706.82,803.99,81.13,52.7,4.2,4.2,4.11,2.38,0.1,0.18,32.49,-5.3,2.99,0.67,-0.39,-0.09,32.45,4.19,0,0,0,0,1,1,15,31.0411343,-103.5197661,1747,2026,6,20,23,46,47,318,893,116,69,0.8,0.4,0.7,36,39,29,0,0,0,0,0,0,38,0,38,0,0,0,0,0,0,0,0,0,0,40,0,36,39,0,34,0,0,30,30
6,16410,3,KR4MFM,10.54,5,   coast,-9.05,82432,1706.82,803.99,81.05,52.7,4.2,4.2,4.11,2.31,0.22,0.14,33.04,-5.54,3.12,0.67,-0.39,-0.08,32.52,4.19,0,0,0,0,1,1,15,31.0411343,-103.5197661,1747,2026,6,20,23,46,47,318,893,116,69,0.8,0.4,0.7,36,39,29,0,0,0,0,0,0,38,0,38,0,0,0,0,0,0,0,0,0,0,40,0,36,39,0,34,0,0,30,30
6,16410,3,KR4MFM,10.55,5,   coast,-7.54,82423,1707.7,804.88,80.96,52.7,4.2,4.2,4.11,2.25,0.26,0.07,34.5,-4.87,3.48,0.67,-0.39,-0.08,32.57,4.19,0,0,0,0,1,1,15,31.0411343,-103.5197661,1747,2026,6,20,23,46,47,318,893,116,69,0.8,0.4,0.7,36,39,29,0,0,0,0,0,0,38,0,38,0,0,0,0,0,0,0,0,0,0,40,0,36,39,0,34,0,0,30,30
6,16410,3,KR4MFM,10.56,5,   coast,-7.54,82423,1707.7,804.88,80.88,52.7,4.2,4.2,4.11,2.31,0.38,0.11,35.84,-4.56,3.48,0.67,-0.39,-0.08,32.63,4.19,0,0,0,0,1,1,15,31.0411343,-103.5197661,1747,2026,6,20,23,46,47,318,893,116,69,0.8,0.4,0.7,36,39,29,0,0,0,0,0,0,38,0,38,0,0,0,0,0,0,0,0,0,0,40,0,36,39,0,34,0,0,30,30
6,16410,3,KR4MFM,10.57,5,   coast,-8.55,82398,1710.16,807.34,80.8,52.7,4.2,4.2,4.11,2.29,0.26,0.11,36.76,-4.38,3.24,0.67,-0.39,-0.08,32.69,4.19,0,0,0,0,1,1,15,31.0411343,-103.5197661,1747,2026,6,20,23,46,47,318,893,116,69,0.8,0.4,0.7,36,39,29,0,0,0,0,0,0,38,0,38,0,0,0,0,0,0,0,0,0,0,40,0,36,39,0,34,0,0,30,30
6,16410,3,KR4MFM,10.58,5,   coast,-8.55,82398,1710.16,807.34,80.71,52.7,4.2,4.2,4.11,2.28,0.04,0.11,38.04,-4.2,3.6,0.68,-0.39,-0.08,32.74,4.2,0,0,0,0,1,1,15,31.0411343,-103.5197661,1747,2026,6,20,23,46,47,318,893,116,69,0.8,0.4,0.7,36,39,29,0,0,0,0,0,0,38,0,38,0,0,0,0,0,0,0,0,0,0,40,0,36,39,0,34,0,0,30,30
6,16410,3,KR4MFM,10.58,5,   coast,-8.55,82398,1710.16,807.34,80.71,52.7,4.2,4.2,4.11,2.28,0.04,0.11,38.04,-4.2,3.6,0.68,-0.39,-0.08,32.74,4.2,0,0,0,0,1,1,15,31.0411343,-103.5197661,1747,2026,6,20,23,46,47,318,893,116,69,0.8,0.4,0.7,36,39,29,0,0,0,0,0,0,38,0,38,0,0,0,0,0,0,0,0,0,0,40,0,36,39,0,34,0,0,30,30
6,16410,3,KR4MFM,10.59,5,   coast,-6.54,82380,1711.93,809.11,80.63,52.7,4.2,4.2,4.11,2.29,0.03,0,39.08,-4.2,3.97,0.68,-0.39,-0.08,32.8,4.2,0,0,0,0,1,1,15,31.0411343,-103.5197661,1747,2026,6,20,23,46,47,318,893,116,69,0.8,0.4,0.7,36,39,29,0,0,0,0,0,0,38,0,38,0,0,0,0,0,0,0,0,0,0,40,0,36,39,0,34,0,0,30,30
6,16410,3,KR4MFM,10.6,5,   coast,-7.54,82380,1711.93,809.11,80.55,52.7,4.2,4.2,4.11,2.25,0.19,0.07,39.69,-3.89,3.6,0.68,-0.39,-0.08,32.85,4.2,0,0,0,0,1,1,15,31.0411343,-103.5197661,1747,2026,6,20,23,46,47,318,893,116,69,0.8,0.4,0.7,36,39,29,0,0,0,0,0,0,38,0,38,0,0,0,0,0,0,0,0,0,0,40,0,36,39,0,34,0,0,30,30
6,16410,3,KR4MFM,10.61,5,   coast,-9.05,82345,1715.38,812.55,80.47,52.7,4.2,4.2,4.11,2.19,0.27,0.14,40.24,-3.59,4.09,0.68,-0.39,-0.07,32.91,4.2,0,0,0,0,1,1,15,31.0411343,-103.5197661,1747,2026,6,20,23,46,47,318,893,116,69,0.8,0.4,0.7,36,39,29,0,0,0,0,0,0,38,0,38,0,0,0,0,0,0,0,0,0,0,40,0,36,39,0,34,0,0,30,30
6,16410,3,KR4MFM,10.62,5,   coast,-8.55,82345,1715.38,812.55,80.38,52.7,4.2,4.2,4.11,2.21,0.4,0.13,40.79,-3.04,3.97,0.68,-0.39,-0.07,32.96,4.2,0,0,0,0,1,1,15,31.0411343,-103.5197661,1747,2026,6,20,23,46,47,318,893,116,69,0.8,0.4,0.7,36,39,29,0,0,0,0,0,0,38,0,38,0,0,0,0,0,0,0,0,0,0,40,0,36,39,0,34,0,0,30,30
6,16410,3,KR4MFM,10.63,5,   coast,-8.05,82335,1716.36,813.54,80.3,52.7,4.2,4.2,4.11,2.18,0.28,0.15,41.95,-2.79,3.48,0.67,-0.39,-0.06,33,4.2,0,0,0,0,1,1,15,31.0411343,-103.5197661,1747,2026,6,20,23,46,47,318,893,116,69,0.8,0.4,0.7,36,39,29,0,0,0,0,0,0,38,0,38,0,0,0,0,0,0,0,0,0,0,40,0,36,39,0,34,0,0,30,30
6,16410,3,KR4MFM,10.64,5,   coast,-7.54,82335,1716.36,813.54,80.21,52.7,4.2,4.2,4.11,2.24,0.16,0.11,42.74,-2.49,3.12,0.67,-0.39,-0.06,33.04,4.2,0,0,0,0,1,1,15,31.0411343,-103.5197661,1747,2026,6,20,23,46,47,318,893,116,69,0.8,0.4,0.7,36,39,29,0,0,0,0,0,0,38,0,38,0,0,0,0,0,0,0,0,0,0,40,0,36,39,0,34,0,0,30,30
6,16410,3,KR4MFM,10.65,5,   coast,-9.05,82315,1718.33,815.51,80.12,52.7,4.2,4.2,4.11,2.12,-0.03,0.09,43.47,-2.31,3.85,0.67,-0.39,-0.06,33.08,4.2,0,0,0,0,1,1,15,31.0411343,-103.5197661,1747,2026,6,20,23,46,47,318,893,116,69,0.8,0.4,0.7,36,39,29,0,0,0,0,0,0,38,0,38,0,0,0,0,0,0,0,0,0,0,40,0,36,39,0,34,0,0,30,30
6,16410,3,KR4MFM,10.66,5,   coast,-8.55,82315,1718.33,815.51,80.04,52.7,4.2,4.2,4.11,2.16,0.04,0.08,44.33,-1.64,4.15,0.67,-0.39,-0.06,33.12,4.2,0,0,0,0,1,1,15,31.0411343,-103.5197661,1747,2026,6,20,23,46,47,318,893,116,69,0.8,0.4,0.7,36,39,29,0,0,0,0,0,0,38,0,38,0,0,0,0,0,0,0,0,0,0,40,0,36,39,0,34,0,0,30,30
6,16410,3,KR4MFM,10.67,5,   coast,-9.56,82294,1720.4,817.58,79.95,52.7,4.2,4.2,4.11,2.13,0.14,0.11,45.06,-1.57,4.03,0.67,-0.39,-0.06,33.16,4.2,0,0,0,0,1,1,15,31.0411343,-103.5197661,1747,2026,6,20,23,46,47,318,893,116,69,0.8,0.4,0.7,36,39,29,0,0,0,0,0,0,38,0,38,0,0,0,0,0,0,0,0,0,0,40,0,36,39,0,34,0,0,30,30
6,16410,3,KR4MFM,10.68,5,   coast,-8.05,82294,1720.4,817.58,79.86,52.7,4.2,4.2,4.11,2.05,0.28,0.1,45.85,-1.15,3.91,0.67,-0.39,-0.06,33.19,4.2,0,0,0,0,1,1,15,31.0411343,-103.5197661,1747,2026,6,20,23,46,47,318,893,116,69,0.8,0.4,0.7,36,39,29,0,0,0,0,0,0,38,0,38,0,0,0,0,0,0,0,0,0,0,40,0,36,39,0,34,0,0,30,30
6,16410,3,KR4MFM,10.69,5,   coast,-8.05,82264,1723.36,820.53,79.78,52.7,4.2,4.2,4.11,2.08,0.24,-0.04,45.49,-0.6,3.73,0.68,-0.39,-0.05,33.22,4.2,0,0,0,0,1,1,15,31.0411343,-103.5197661,1747,2026,6,20,23,46,47,318,893,116,69,0.8,0.4,0.7,36,39,29,0,0,0,0,0,0,38,0,38,0,0,0,0,0,0,0,0,0,0,40,0,36,39,0,34,0,0,30,30
6,16410,3,KR4MFM,10.7,5,   coast,-7.54,82264,1723.36,820.53,79.69,52.7,4.2,4.2,4.11,2.06,0.09,0.01,45.79,-0.78,3.36,0.68,-0.39,-0.05,33.25,4.2,0,0,0,0,1,1,15,31.0411343,-103.5197661,1747,2026,6,20,23,46,47,318,893,116,69,0.8,0.4,0.7,36,39,29,0,0,0,0,0,0,38,0,38,0,0,0,0,0,0,0,0,0,0,40,0,36,39,0,34,0,0,30,30
6,16410,3,KR4MFM,10.71,5,   coast,-8.05,82260,1723.75,820.93,79.61,52.7,4.2,4.2,4.11,2.03,-0.01,0.11,45.49,-0.78,3.67,0.68,-0.39,-0.05,33.28,4.2,0,0,0,0,1,1,15,31.0411343,-103.5197661,1747,2026,6,20,23,46,47,318,893,116,69,0.8,0.4,0.7,36,39,29,0,0,0,0,0,0,38,0,38,0,0,0,0,0,0,0,0,0,0,40,0,36,39,0,34,0,0,30,30
6,16410,3,KR4MFM,10.72,5,   coast,-8.05,82260,1723.75,820.93,79.52,52.7,4.2,4.2,4.11,2.08,-0.02,0.27,45.12,-0.23,3.6,0.68,-0.39,-0.05,33.3,4.2,0,0,0,0,1,1,15,31.0411343,-103.5197661,1747,2026,6,20,23,46,47,318,893,116,69,0.8,0.4,0.7,36,39,29,0,0,0,0,0,0,38,0,38,0,0,0,0,0,0,0,0,0,0,40,0,36,39,0,34,0,0,30,30
6,16410,3,KR4MFM,10.73,5,   coast,-8.05,82238,1725.92,823.1,79.44,52.7,4.2,4.2,4.11,2.09,0.08,0.16,44.75,0.32,4.15,0.67,-0.4,-0.04,33.32,4.2,0,0,0,0,1,1,15,31.0411343,-103.5197661,1747,2026,6,20,23,46,47,318,893,116,69,0.8,0.4,0.7,36,39,29,0,0,0,0,0,0,38,0,38,0,0,0,0,0,0,0,0,0,0,40,0,36,39,0,34,0,0,30,30
6,16410,3,KR4MFM,10.74,5,   coast,-10.06,82238,1725.92,823.1,79.35,52.7,4.2,4.2,4.11,2.04,0.17,0.18,45.24,0.07,3.48,0.67,-0.4,-0.04,33.34,4.2,0,0,0,0,1,1,15,31.0411343,-103.5197661,1747,2026,6,20,23,46,47,318,893,116,69,0.8,0.4,0.7,36,39,29,0,0,0,0,0,0,38,0,38,0,0,0,0,0,0,0,0,0,0,40,0,36,39,0,34,0,0,30,30
6,16410,3,KR4MFM,10.75,5,   coast,-9.05,82219,1727.79,824.97,79.26,52.7,4.2,4.2,4.11,2.04,0.13,0.09,45.61,0.44,3.54,0.67,-0.4,-0.04,33.36,4.2,0,0,0,0,1,1,15,31.0411343,-103.5197661,1747,2026,6,20,23,46,47,318,893,116,69,0.8,0.4,0.7,36,39,29,0,0,0,0,0,0,38,0,38,0,0,0,0,0,0,0,0,0,0,40,0,36,39,0,34,0,0,30,30
6,16410,3,KR4MFM,10.76,5,   coast,-8.05,82219,1727.79,824.97,79.17,52.7,4.2,4.2,4.11,2.09,0.21,0.01,46.04,0.5,2.87,0.67,-0.4,-0.04,33.38,4.2,0,0,0,0,1,1,15,31.0411343,-103.5197661,1747,2026,6,20,23,46,47,318,893,116,69,0.8,0.4,0.7,36,39,29,0,0,0,0,0,0,38,0,38,0,0,0,0,0,0,0,0,0,0,40,0,36,39,0,34,0,0,30,30
6,16410,3,KR4MFM,10.77,5,   coast,-9.05,82195,1730.16,827.34,79.08,52.7,4.2,4.2,4.11,2.03,-0.09,0.18,47.44,0.87,3.18,0.67,-0.4,-0.03,33.39,4.2,0,0,0,0,1,1,15,31.0411343,-103.5197661,1747,2026,6,20,23,46,47,318,893,116,69,0.8,0.4,0.7,36,39,29,0,0,0,0,0,0,38,0,38,0,0,0,0,0,0,0,0,0,0,40,0,36,39,0,34,0,0,30,30
6,16410,3,KR4MFM,10.78,5,   coast,-7.54,82195,1730.16,827.34,79,52.7,4.2,4.2,4.11,1.95,-0.12,0.33,47.81,0.38,3.05,0.67,-0.4,-0.03,33.4,4.2,0,0,0,0,1,1,15,31.0411343,-103.5197661,1747,2026,6,20,23,46,47,318,893,116,69,0.8,0.4,0.7,36,39,29,0,0,0,0,0,0,38,0,38,0,0,0,0,0,0,0,0,0,0,40,0,36,39,0,34,0,0,30,30
6,16410,3,KR4MFM,10.79,5,   coast,-7.54,82170,1732.62,829.8,78.91,52.7,4.2,4.2,4.11,1.85,-0.04,0.25,47.75,0.44,3.48,0.67,-0.4,-0.03,33.42,4.2,0,0,0,0,1,1,15,31.0411343,-103.5197661,1747,2026,6,20,23,46,47,318,893,116,69,0.8,0.4,0.7,36,39,29,0,0,0,0,0,0,38,0,38,0,0,0,0,0,0,0,0,0,0,40,0,36,39,0,34,0,0,30,30
6,16410,3,KR4MFM,10.8,5,   coast,-8.05,82170,1732.62,829.8,78.83,52.7,4.2,4.2,4.11,1.82,0,0.25,47.75,0.87,3.24,0.68,-0.4,-0.03,33.43,4.2,0,0,0,0,1,1,15,31.0411343,-103.5197661,1747,2026,6,20,23,46,47,318,893,116,69,0.8,0.4,0.7,36,39,29,0,0,0,0,0,0,38,0,38,0,0,0,0,0,0,0,0,0,0,40,0,36,39,0,34,0,0,30,30
6,16410,3,KR4MFM,10.81,5,   coast,-9.56,82152,1734.4,831.58,78.74,52.7,4.2,4.2,4.11,1.85,0.1,0.18,47.62,0.99,3.3,0.68,-0.4,-0.03,33.44,4.2,0,0,0,0,1,1,15,31.0411343,-103.5197661,1747,2026,6,20,23,46,47,318,893,116,69,0.8,0.4,0.7,36,39,29,0,0,0,0,0,0,38,0,38,0,0,0,0,0,0,0,0,0,0,40,0,36,39,0,34,0,0,30,30
6,16410,3,KR4MFM,10.82,5,   coast,-7.54,82152,1734.4,831.58,78.66,52.7,4.2,4.2,4.11,1.85,0.29,0.19,48.3,0.68,2.51,0.68,-0.4,-0.03,33.45,4.2,0,0,0,0,1,1,15,31.0411343,-103.5197661,1747,2026,6,20,23,46,47,318,893,116,69,0.8,0.4,0.7,36,39,29,0,0,0,0,0,0,38,0,38,0,0,0,0,0,0,0,0,0,0,40,0,36,39,0,34,0,0,30,30
6,16410,3,KR4MFM,10.83,5,   coast,-10.06,82136,1735.98,833.15,78.57,52.7,4.2,4.2,4.11,1.72,0.22,0.3,46.1,1.11,2.57,0.68,-0.4,-0.02,33.45,4.2,0,0,0,0,1,1,15,31.0411343,-103.5197661,1747,2026,6,20,23,46,47,318,893,116,69,0.8,0.4,0.7,36,39,29,0,0,0,0,0,0,38,0,38,0,0,0,0,0,0,0,0,0,0,40,0,36,39,0,34,0,0,30,30
6,16410,3,KR4MFM,10.84,5,   coast,-7.54,82136,1735.98,833.15,78.48,52.7,4.2,4.2,4.11,1.76,0.14,0.41,43.78,0.56,2.2,0.67,-0.4,-0.02,33.46,4.2,0,0,0,0,1,1,15,31.0411343,-103.5197661,1747,2026,6,20,23,46,47,318,893,116,69,0.8,0.4,0.7,36,39,29,0,0,0,0,0,0,38,0,38,0,0,0,0,0,0,0,0,0,0,40,0,36,39,0,34,0,0,30,30
6,16410,3,KR4MFM,10.85,5,   coast,-8.55,82108,1738.74,835.92,78.39,52.7,4.2,4.2,4.11,1.77,0.05,0.23,42.56,0.38,1.83,0.67,-0.4,-0.02,33.47,4.2,0,0,0,0,1,1,15,31.0411343,-103.5197661,1747,2026,6,20,23,46,47,318,893,116,69,0.8,0.4,0.7,36,39,29,0,0,0,0,0,0,38,0,38,0,0,0,0,0,0,0,0,0,0,40,0,36,39,0,34,0,0,30,30
6,16410,3,KR4MFM,10.86,5,   coast,-10.56,82108,1738.74,835.92,78.3,52.7,4.2,4.2,4.11,1.75,0.01,0.17,39.93,0.32,2.08,0.67,-0.4,-0.01,33.48,4.2,0,0,0,0,1,1,15,31.0411343,-103.5197661,1747,2026,6,20,23,46,47,318,893,116,69,0.8,0.4,0.7,36,39,29,0,0,0,0,0,0,38,0,38,0,0,0,0,0,0,0,0,0,0,40,0,36,39,0,34,0,0,30,30
6,16410,3,KR4MFM,10.87,5,   coast,-8.55,82098,1739.73,836.9,78.21,52.7,4.2,4.2,4.11,1.75,-0.17,0.28,37.19,-0.05,2.14,0.67,-0.4,-0.01,33.49,4.2,0,0,0,0,1,1,15,31.0411343,-103.5197661,1747,2026,6,20,23,46,47,318,893,116,69,0.8,0.4,0.7,36,39,29,0,0,0,0,0,0,38,0,38,0,0,0,0,0,0,0,0,0,0,40,0,36,39,0,34,0,0,30,30
6,16410,3,KR4MFM,10.88,5,   coast,-6.54,82098,1739.73,836.9,78.12,52.7,4.2,4.2,4.11,1.79,-0.04,0.24,35.84,-0.48,1.71,0.67,-0.4,-0.01,33.5,4.2,0,0,0,0,1,1,15,31.0411343,-103.5197661,1747,2026,6,20,23,46,47,318,893,116,69,0.8,0.4,0.7,36,39,29,0,0,0,0,0,0,38,0,38,0,0,0,0,0,0,0,0,0,0,40,0,36,39,0,34,0,0,30,30
6,16410,3,KR4MFM,10.89,5,   coast,-9.56,82078,1741.7,838.88,78.03,52.7,4.2,4.2,4.11,1.77,0.11,0.07,34.44,-0.41,1.83,0.67,-0.4,-0.01,33.51,4.2,0,0,0,0,1,1,15,31.0411343,-103.5197661,1747,2026,6,20,23,46,47,318,893,116,69,0.8,0.4,0.7,36,39,29,0,0,0,0,0,0,38,0,38,0,0,0,0,0,0,0,0,0,0,40,0,36,39,0,34,0,0,30,30
6,16410,3,KR4MFM,10.9,5,   coast,-9.56,82078,1741.7,838.88,77.95,52.7,4.19,4.2,4.11,1.77,0.24,0.19,32.24,-0.48,1.65,0.67,-0.4,-0.01,33.53,4.19,0,0,0,0,1,1,15,31.0411343,-103.5197661,1747,2026,6,20,23,46,47,318,893,116,69,0.8,0.4,0.7,36,39,29,0,0,0,0,0,0,38,0,38,0,0,0,0,0,0,0,0,0,0,40,0,36,39,0,34,0,0,30,30
6,16410,3,KR4MFM,10.9,5,   coast,-9.56,82078,1741.7,838.88,77.95,52.7,4.19,4.2,4.11,1.77,0.24,0.19,32.24,-0.48,1.65,0.67,-0.4,-0.01,33.53,4.19,0,0,0,0,1,1,15,31.0411343,-103.5197661,1747,2026,6,20,23,46,47,318,893,116,69,0.8,0.4,0.7,36,39,29,0,0,0,0,0,0,38,0,38,0,0,0,0,0,0,0,0,0,0,40,0,36,39,0,34,0,0,30,30
6,16410,3,KR4MFM,10.91,5,   coast,-8.55,82063,1743.18,840.36,77.86,52.7,4.19,4.2,4.11,1.69,0.12,0.29,30.11,-0.84,0.61,0.68,-0.4,-0.01,33.54,4.19,0,0,0,0,1,1,15,31.0411343,-103.5197661,1747,2026,6,20,23,46,47,318,893,116,69,0.8,0.4,0.7,36,39,29,0,0,0,0,0,0,38,0,38,0,0,0,0,0,0,0,0,0,0,40,0,36,39,0,34,0,0,30,30
6,16410,3,KR4MFM,10.92,5,   coast,-6.54,82063,1743.18,840.36,77.78,52.7,4.19,4.2,4.11,1.71,-0.01,0.34,28.34,-0.72,0.86,0.68,-0.4,-0.01,33.55,4.19,0,0,0,0,1,1,15,31.0411343,-103.5197661,1747,2026,6,20,23,46,47,318,893,116,69,0.8,0.4,0.7,36,39,29,0,0,0,0,0,0,38,0,38,0,0,0,0,0,0,0,0,0,0,40,0,36,39,0,34,0,0,30,30
6,16410,3,KR4MFM,10.93,5,   coast,-7.54,82029,1746.54,843.72,77.69,52.7,4.19,4.2,4.11,1.63,0.06,0.25,26.81,-1.45,0.61,0.68,-0.4,-0.01,33.56,4.19,0,0,0,0,1,1,15,31.0411343,-103.5197661,1747,2026,6,20,23,46,47,318,893,116,69,0.8,0.4,0.7,36,39,29,0,0,0,0,0,0,38,0,38,0,0,0,0,0,0,0,0,0,0,40,0,36,39,0,34,0,0,30,30
6,16410,3,KR4MFM,10.94,5,   coast,-8.55,82029,1746.54,843.72,77.61,52.7,4.19,4.2,4.11,1.59,0.1,0.25,26.26,-1.27,0.31,0.68,-0.4,-0.01,33.58,4.19,0,0,0,0,1,1,15,31.0411343,-103.5197661,1747,2026,6,20,23,46,47,318,893,116,69,0.8,0.4,0.7,36,39,29,0,0,0,0,0,0,38,0,38,0,0,0,0,0,0,0,0,0,0,40,0,36,39,0,34,0,0,30,30
6,16410,3,KR4MFM,10.95,5,   coast,-8.05,82012,1748.22,845.4,77.53,52.7,4.19,4.2,4.11,1.56,0.08,0.27,25.22,-1.57,0.06,0.67,-0.4,0,33.59,4.19,0,0,0,0,1,1,15,31.0411343,-103.5197661,1747,2026,6,20,23,46,47,318,893,116,69,0.8,0.4,0.7,36,39,29,0,0,0,0,0,0,38,0,38,0,0,0,0,0,0,0,0,0,0,40,0,36,39,0,34,0,0,30,30
6,16410,3,KR4MFM,10.96,5,   coast,-9.05,82012,1748.22,845.4,77.44,52.7,4.19,4.2,4.11,1.62,0.24,0.34,24.19,-1.57,0.25,0.67,-0.4,0,33.6,4.19,0,0,0,0,1,1,15,31.0411343,-103.5197661,1747,2026,6,20,23,46,47,318,893,116,69,0.8,0.4,0.7,36,39,29,0,0,0,0,0,0,38,0,38,0,0,0,0,0,0,0,0,0,0,40,0,36,39,0,34,0,0,30,30
6,16410,3,KR4MFM,10.97,5,   coast,-8.55,81999,1749.51,846.68,77.35,52.7,4.19,4.2,4.11,1.68,0.1,0.37,24,-1.94,-0.67,0.67,-0.4,0,33.62,4.19,0,0,0,0,1,1,15,31.0411343,-103.5197661,1747,2026,6,20,23,46,47,318,893,116,69,0.8,0.4,0.7,36,39,29,0,0,0,0,0,0,38,0,38,0,0,0,0,0,0,0,0,0,0,40,0,36,39,0,34,0,0,30,30
6,16410,3,KR4MFM,10.98,5,   coast,-8.55,81999,1749.51,846.68,77.26,52.7,4.19,4.2,4.11,1.62,0.11,0.26,23.15,-1.39,-0.12,0.67,-0.4,0,33.63,4.19,0,0,0,0,1,1,15,31.0411343,-103.5197661,1747,2026,6,20,23,46,47,318,893,116,69,0.8,0.4,0.7,36,39,29,0,0,0,0,0,0,38,0,38,0,0,0,0,0,0,0,0,0,0,40,0,36,39,0,34,0,0,30,30
6,16410,3,KR4MFM,10.99,5,   coast,-9.05,81972,1752.17,849.35,77.17,52.7,4.19,4.2,4.11,1.54,0.06,0.22,22.9,-2.43,-0.24,0.67,-0.4,0,33.65,4.19,0,0,0,0,1,1,15,31.0411343,-103.5197661,1747,2026,6,20,23,46,47,318,893,116,69,0.8,0.4,0.7,36,39,29,0,0,0,0,0,0,38,0,38,0,0,0,0,0,0,0,0,0,0,40,0,36,39,0,34,0,0,30,30
6,16410,3,KR4MFM,10.99,5,   coast,-9.05,81972,1752.17,849.35,77.17,52.7,4.19,4.2,4.11,1.54,0.06,0.22,22.9,-2.43,-0.24,0.67,-0.4,0,33.65,4.19,0,0,0,0,1,1,15,31.0411343,-103.5197661,1747,2026,6,20,23,46,47,318,893,116,69,0.8,0.4,0.7,36,39,29,0,0,0,0,0,0,38,0,38,0,0,0,0,0,0,0,0,0,0,40,0,36,39,0,34,0,0,30,30
6,16410,3,KR4MFM,10.99,5,   coast,-9.05,81972,1752.17,849.35,77.17,52.7,4.19,4.2,4.11,1.54,0.06,0.22,22.9,-2.43,-0.24,0.67,-0.4,0,33.65,4.19,0,0,0,0,1,1,15,31.0411343,-103.5197661,1747,2026,6,20,23,46,47,318,893,116,69,0.8,0.4,0.7,36,39,29,0,0,0,0,0,0,38,0,38,0,0,0,0,0,0,0,0,0,0,40,0,36,39,0,34,0,0,30,30
6,16410,3,KR4MFM,11,5,   coast,-9.05,81972,1752.17,849.35,77.08,52.7,4.19,4.2,4.11,1.46,0.11,0.31,21.99,-2.55,-0.61,0.67,-0.4,0,33.67,4.19,0,0,0,0,1,1,15,31.0408789,-103.5191523,1852,2026,6,20,23,46,48,383,1014,116,68,0.8,0.4,0.7,39,39,30,0,0,0,0,0,0,39,0,35,0,0,0,0,0,0,0,0,0,0,40,0,37,35,0,27,0,0,34,37
6,16410,3,KR4MFM,11.01,5,   coast,-9.56,81956,1753.75,850.93,76.99,52.7,4.19,4.2,4.11,1.44,0.05,0.17,20.65,-2.86,-0.55,0.67,-0.4,0,33.69,4.19,0,0,0,0,1,1,15,31.0408789,-103.5191523,1852,2026,6,20,23,46,48,383,1014,116,68,0.8,0.4,0.7,39,39,30,0,0,0,0,0,0,39,0,35,0,0,0,0,0,0,0,0,0,0,40,0,37,35,0,27,0,0,34,37
6,16410,3,KR4MFM,11.02,5,   coast,-9.56,81956,1753.75,850.93,76.9,52.7,4.19,4.2,4.11,1.48,0.15,0.35,19.3,-3.22,0,0.68,-0.39,0,33.72,4.19,0,0,0,0,1,1,15,31.0408789,-103.5191523,1852,2026,6,20,23,46,48,383,1014,116,68,0.8,0.4,0.7,39,39,30,0,0,0,0,0,0,39,0,35,0,0,0,0,0,0,0,0,0,0,40,0,37,35,0,27,0,0,34,37
6,16410,3,KR4MFM,11.03,5,   coast,-8.55,81935,1755.83,853.01,76.81,52.7,4.19,4.2,4.11,1.46,0.38,0.26,17.96,-3.59,-0.85,0.67,-0.4,0.01,33.75,4.19,0,0,0,0,1,1,15,31.0408789,-103.5191523,1852,2026,6,20,23,46,48,383,1014,116,68,0.8,0.4,0.7,39,39,30,0,0,0,0,0,0,39,0,35,0,0,0,0,0,0,0,0,0,0,40,0,37,35,0,27,0,0,34,37
6,16410,3,KR4MFM,11.04,5,   coast,-8.55,81935,1755.83,853.01,76.71,52.7,4.19,4.2,4.11,1.5,0.3,0.34,16.56,-3.1,-0.49,0.67,-0.4,0.01,33.77,4.19,0,0,0,0,1,1,15,31.0408789,-103.5191523,1852,2026,6,20,23,46,48,383,1014,116,68,0.8,0.4,0.7,39,39,30,0,0,0,0,0,0,39,0,35,0,0,0,0,0,0,0,0,0,0,40,0,37,35,0,27,0,0,34,37
6,16410,3,KR4MFM,11.05,5,   coast,-8.05,81912,1758.1,855.28,76.62,52.7,4.19,4.2,4.11,1.48,0.26,0.32,16.07,-3.34,-0.61,0.68,-0.39,0.01,33.8,4.19,0,0,0,0,1,1,15,31.0408789,-103.5191523,1852,2026,6,20,23,46,48,383,1014,116,68,0.8,0.4,0.7,39,39,30,0,0,0,0,0,0,39,0,35,0,0,0,0,0,0,0,0,0,0,40,0,37,35,0,27,0,0,34,37
6,16410,3,KR4MFM,11.06,5,   coast,-10.06,81912,1758.1,855.28,76.53,52.7,4.19,4.2,4.11,1.47,0.21,0.32,15.46,-3.22,-0.55,0.67,-0.4,0.01,33.83,4.19,0,0,0,0,1,1,15,31.0408789,-103.5191523,1852,2026,6,20,23,46,48,383,1014,116,68,0.8,0.4,0.7,39,39,30,0,0,0,0,0,0,39,0,35,0,0,0,0,0,0,0,0,0,0,40,0,37,35,0,27,0,0,34,37
6,16410,3,KR4MFM,11.07,5,   coast,-9.56,81899,1759.39,856.57,76.44,52.7,4.19,4.2,4.11,1.35,0.09,0.25,15.03,-3.77,-0.55,0.67,-0.4,0.01,33.86,4.19,0,0,0,0,1,1,15,31.0408789,-103.5191523,1852,2026,6,20,23,46,48,383,1014,116,68,0.8,0.4,0.7,39,39,30,0,0,0,0,0,0,39,0,35,0,0,0,0,0,0,0,0,0,0,40,0,37,35,0,27,0,0,34,37
6,16410,3,KR4MFM,11.08,5,   coast,-8.55,81899,1759.39,856.57,76.35,52.7,4.19,4.2,4.11,1.39,0.22,0.24,14.73,-3.83,0.19,0.67,-0.4,0.01,33.89,4.19,0,0,0,0,1,1,15,31.0408789,-103.5191523,1852,2026,6,20,23,46,48,383,1014,116,68,0.8,0.4,0.7,39,39,30,0,0,0,0,0,0,39,0,35,0,0,0,0,0,0,0,0,0,0,40,0,37,35,0,27,0,0,34,37
6,16410,3,KR4MFM,11.09,5,   coast,-8.55,81870,1762.26,859.44,76.25,52.7,4.19,4.2,4.11,1.41,0.2,0.38,15.7,-4.63,0.31,0.67,-0.4,0.01,33.94,4.19,0,0,0,0,1,1,15,31.0408789,-103.5191523,1852,2026,6,20,23,46,48,383,1014,116,68,0.8,0.4,0.7,39,39,30,0,0,0,0,0,0,39,0,35,0,0,0,0,0,0,0,0,0,0,40,0,37,35,0,27,0,0,34,37
6,16410,3,KR4MFM,11.1,5,   coast,-11.06,81870,1762.26,859.44,76.16,52.7,4.19,4.2,4.11,1.38,0.19,0.38,15.82,-3.83,0.06,0.67,-0.4,0.02,33.97,4.19,0,0,0,0,1,1,15,31.0408789,-103.5191523,1852,2026,6,20,23,46,48,383,1014,116,68,0.8,0.4,0.7,39,39,30,0,0,0,0,0,0,39,0,35,0,0,0,0,0,0,0,0,0,0,40,0,37,35,0,27,0,0,34,37
6,16410,3,KR4MFM,11.11,5,   coast,-8.55,81854,1763.84,861.02,76.06,52.7,4.19,4.2,4.11,1.36,0.25,0.35,16.56,-4.5,0.61,0.67,-0.4,0.01,34.01,4.19,0,0,0,0,1,1,15,31.0408789,-103.5191523,1852,2026,6,20,23,46,48,383,1014,116,68,0.8,0.4,0.7,39,39,30,0,0,0,0,0,0,39,0,35,0,0,0,0,0,0,0,0,0,0,40,0,37,35,0,27,0,0,34,37
6,16410,3,KR4MFM,11.12,5,   coast,-10.06,81854,1763.84,861.02,75.97,52.7,4.19,4.2,4.11,1.31,0.34,0.22,17.11,-4.63,0.37,0.67,-0.4,0.01,34.06,4.19,0,0,0,0,1,1,15,31.0408789,-103.5191523,1852,2026,6,20,23,46,48,383,1014,116,68,0.8,0.4,0.7,39,39,30,0,0,0,0,0,0,39,0,35,0,0,0,0,0,0,0,0,0,0,40,0,37,35,0,27,0,0,34,37
6,16410,3,KR4MFM,11.13,5,   coast,-9.05,81820,1767.21,864.38,75.87,52.7,4.19,4.2,4.11,1.31,0.2,0.23,18.08,-4.81,0.55,0.68,-0.39,0.01,34.1,4.19,0,0,0,0,1,1,15,31.0408789,-103.5191523,1852,2026,6,20,23,46,48,383,1014,116,68,0.8,0.4,0.7,39,39,30,0,0,0,0,0,0,39,0,35,0,0,0,0,0,0,0,0,0,0,40,0,37,35,0,27,0,0,34,37
6,16410,3,KR4MFM,11.14,5,   coast,-10.06,81820,1767.21,864.38,75.78,52.7,4.19,4.2,4.11,1.36,0.19,0.24,18.57,-5.3,0.86,0.67,-0.39,0.02,34.15,4.19,0,0,0,0,1,1,15,31.0408789,-103.5191523,1852,2026,6,20,23,46,48,383,1014,116,68,0.8,0.4,0.7,39,39,30,0,0,0,0,0,0,39,0,35,0,0,0,0,0,0,0,0,0,0,40,0,37,35,0,27,0,0,34,37
6,16410,3,KR4MFM,11.15,5,   coast,-8.55,81813,1767.9,865.08,75.69,52.7,4.19,4.2,4.11,1.3,0.06,0.29,20.4,-5.42,1.28,0.67,-0.39,0.02,34.21,4.19,0,0,0,0,1,1,15,31.0408789,-103.5191523,1852,2026,6,20,23,46,48,383,1014,116,68,0.8,0.4,0.7,39,39,30,0,0,0,0,0,0,39,0,35,0,0,0,0,0,0,0,0,0,0,40,0,37,35,0,27,0,0,34,37
6,16410,3,KR4MFM,11.16,5,   coast,-8.55,81813,1767.9,865.08,75.59,52.7,4.19,4.2,4.11,1.32,0.11,0.28,22.11,-4.93,1.35,0.68,-0.39,0.02,34.26,4.19,0,0,0,0,1,1,15,31.0408789,-103.5191523,1852,2026,6,20,23,46,48,383,1014,116,68,0.8,0.4,0.7,39,39,30,0,0,0,0,0,0,39,0,35,0,0,0,0,0,0,0,0,0,0,40,0,37,35,0,27,0,0,34,37
6,16410,3,KR4MFM,11.17,5,   coast,-8.55,81803,1768.89,866.07,75.5,52.7,4.19,4.2,4.11,1.24,0.11,0.31,23.88,-5.05,1.41,0.68,-0.39,0.02,34.31,4.19,0,0,0,0,1,1,15,31.0408789,-103.5191523,1852,2026,6,20,23,46,48,383,1014,116,68,0.8,0.4,0.7,39,39,30,0,0,0,0,0,0,39,0,35,0,0,0,0,0,0,0,0,0,0,40,0,37,35,0,27,0,0,34,37
6,16410,3,KR4MFM,11.18,5,   coast,-10.56,81803,1768.89,866.07,75.41,52.7,4.19,4.2,4.11,1.32,0.09,0.25,25.71,-4.75,1.41,0.67,-0.4,0.02,34.36,4.19,0,0,0,0,1,1,15,31.0408789,-103.5191523,1852,2026,6,20,23,46,48,383,1014,116,68,0.8,0.4,0.7,39,39,30,0,0,0,0,0,0,39,0,35,0,0,0,0,0,0,0,0,0,0,40,0,37,35,0,27,0,0,34,37
6,16410,3,KR4MFM,11.19,5,   coast,-10.56,81775,1771.66,868.84,75.31,52.7,4.19,4.2,4.11,1.29,0.07,0.21,26.81,-4.99,1.53,0.67,-0.39,0.03,34.41,4.19,0,0,0,0,1,1,15,31.0408789,-103.5191523,1852,2026,6,20,23,46,48,383,1014,116,68,0.8,0.4,0.7,39,39,30,0,0,0,0,0,0,39,0,35,0,0,0,0,0,0,0,0,0,0,40,0,37,35,0,27,0,0,34,37
6,16410,3,KR4MFM,11.2,5,   coast,-10.06,81775,1771.66,868.84,75.22,52.7,4.19,4.2,4.11,1.24,0.21,0.06,28.15,-4.87,1.47,0.67,-0.39,0.03,34.46,4.19,0,0,0,0,1,1,15,31.0408789,-103.5191523,1852,2026,6,20,23,46,48,383,1014,116,68,0.8,0.4,0.7,39,39,30,0,0,0,0,0,0,39,0,35,0,0,0,0,0,0,0,0,0,0,40,0,37,35,0,27,0,0,34,37
6,16410,3,KR4MFM,11.21,5,   coast,-7.54,81765,1772.65,869.83,75.12,52.7,4.19,4.2,4.11,1.17,0.15,0.05,29.13,-4.56,1.28,0.67,-0.39,0.03,34.51,4.19,0,0,0,0,1,1,15,31.0408789,-103.5191523,1852,2026,6,20,23,46,48,383,1014,116,68,0.8,0.4,0.7,39,39,30,0,0,0,0,0,0,39,0,35,0,0,0,0,0,0,0,0,0,0,40,0,37,35,0,27,0,0,34,37
6,16410,3,KR4MFM,11.22,5,   coast,-8.55,81765,1772.65,869.83,75.03,52.7,4.2,4.19,4.11,1.2,0.04,0.25,29.01,-4.56,1.47,0.67,-0.39,0.03,34.56,4.19,0,0,0,0,1,1,15,31.0408789,-103.5191523,1852,2026,6,20,23,46,48,383,1014,116,68,0.8,0.4,0.7,39,39,30,0,0,0,0,0,0,39,0,35,0,0,0,0,0,0,0,0,0,0,40,0,37,35,0,27,0,0,34,37
6,16410,3,KR4MFM,11.22,5,   coast,-8.55,81765,1772.65,869.83,75.03,52.7,4.2,4.19,4.11,1.2,0.04,0.25,29.01,-4.56,1.47,0.67,-0.39,0.03,34.56,4.19,0,0,0,0,1,1,15,31.0408789,-103.5191523,1852,2026,6,20,23,46,48,383,1014,116,68,0.8,0.4,0.7,39,39,30,0,0,0,0,0,0,39,0,35,0,0,0,0,0,0,0,0,0,0,40,0,37,35,0,27,0,0,34,37
6,16410,3,KR4MFM,11.23,5,   coast,-9.05,81742,1774.93,872.11,74.94,52.7,4.2,4.19,4.11,1.18,0.07,0.17,30.35,-4.02,1.59,0.67,-0.39,0.03,34.6,4.19,0,0,0,0,1,1,15,31.0408789,-103.5191523,1852,2026,6,20,23,46,48,383,1014,116,68,0.8,0.4,0.7,39,39,30,0,0,0,0,0,0,39,0,35,0,0,0,0,0,0,0,0,0,0,40,0,37,35,0,27,0,0,34,37
6,16410,3,KR4MFM,11.24,5,   coast,-7.04,81742,1774.93,872.11,74.85,52.7,4.2,4.19,4.11,1.21,0.06,0.11,31.33,-4.44,1.47,0.68,-0.39,0.03,34.65,4.19,0,0,0,0,1,1,15,31.0408789,-103.5191523,1852,2026,6,20,23,46,48,383,1014,116,68,0.8,0.4,0.7,39,39,30,0,0,0,0,0,0,39,0,35,0,0,0,0,0,0,0,0,0,0,40,0,37,35,0,27,0,0,34,37
6,16410,3,KR4MFM,11.25,5,   coast,-10.06,81712,1777.9,875.08,74.76,52.7,4.2,4.19,4.11,1.21,0.01,0.34,31.94,-3.71,1.53,0.67,-0.39,0.04,34.69,4.19,0,0,0,0,1,1,15,31.0408789,-103.5191523,1852,2026,6,20,23,46,48,383,1014,116,68,0.8,0.4,0.7,39,39,30,0,0,0,0,0,0,39,0,35,0,0,0,0,0,0,0,0,0,0,40,0,37,35,0,27,0,0,34,37
6,16410,3,KR4MFM,11.26,5,   coast,-9.56,81712,1777.9,875.08,74.67,52.7,4.2,4.19,4.11,1.22,-0.01,0.24,32.98,-3.41,1.77,0.67,-0.39,0.04,34.73,4.19,0,0,0,0,1,1,15,31.0408789,-103.5191523,1852,2026,6,20,23,46,48,383,1014,116,68,0.8,0.4,0.7,39,39,30,0,0,0,0,0,0,39,0,35,0,0,0,0,0,0,0,0,0,0,40,0,37,35,0,27,0,0,34,37
6,16410,3,KR4MFM,11.27,5,   coast,-9.56,81701,1778.99,876.17,74.58,52.7,4.2,4.19,4.11,1.2,0.11,0.1,34.5,-3.59,1.47,0.68,-0.39,0.04,34.76,4.19,0,0,0,0,1,1,15,31.0408789,-103.5191523,1852,2026,6,20,23,46,48,383,1014,116,68,0.8,0.4,0.7,39,39,30,0,0,0,0,0,0,39,0,35,0,0,0,0,0,0,0,0,0,0,40,0,37,35,0,27,0,0,34,37
6,16410,3,KR4MFM,11.28,5,   coast,-9.05,81701,1778.99,876.17,74.48,52.7,4.2,4.19,4.11,1.08,0,0.19,34.75,-3.59,1.65,0.68,-0.39,0.04,34.8,4.19,0,0,0,0,1,1,15,31.0408789,-103.5191523,1852,2026,6,20,23,46,48,383,1014,116,68,0.8,0.4,0.7,39,39,30,0,0,0,0,0,0,39,0,35,0,0,0,0,0,0,0,0,0,0,40,0,37,35,0,27,0,0,34,37
6,16410,3,KR4MFM,11.29,5,   coast,-9.56,81689,1780.18,877.36,74.39,52.7,4.2,4.19,4.11,1.08,-0.01,0.25,35.36,-3.22,1.16,0.68,-0.39,0.04,34.84,4.19,0,0,0,0,1,1,15,31.0408789,-103.5191523,1852,2026,6,20,23,46,48,383,1014,116,68,0.8,0.4,0.7,39,39,30,0,0,0,0,0,0,39,0,35,0,0,0,0,0,0,0,0,0,0,40,0,37,35,0,27,0,0,34,37
6,16410,3,KR4MFM,11.3,5,   coast,-8.55,81689,1780.18,877.36,74.3,52.7,4.2,4.19,4.11,0.98,-0.05,0.37,36.52,-3.04,1.04,0.68,-0.39,0.04,34.87,4.19,0,0,0,0,1,1,15,31.0408789,-103.5191523,1852,2026,6,20,23,46,48,383,1014,116,68,0.8,0.4,0.7,39,39,30,0,0,0,0,0,0,39,0,35,0,0,0,0,0,0,0,0,0,0,40,0,37,35,0,27,0,0,34,37
6,16410,3,KR4MFM,11.31,5,   coast,-9.56,81660,1783.06,880.23,74.2,52.7,4.2,4.19,4.11,1.03,-0.06,0.5,36.7,-3.1,0.98,0.68,-0.39,0.05,34.9,4.19,0,0,0,0,1,1,15,31.0408789,-103.5191523,1852,2026,6,20,23,46,48,383,1014,116,68,0.8,0.4,0.7,39,39,30,0,0,0,0,0,0,39,0,35,0,0,0,0,0,0,0,0,0,0,40,0,37,35,0,27,0,0,34,37
6,16410,3,KR4MFM,11.32,5,   coast,-9.56,81660,1783.06,880.23,74.11,52.7,4.2,4.19,4.11,1.07,0.07,0.29,37.55,-2.79,1.04,0.67,-0.39,0.05,34.93,4.19,0,0,0,0,1,1,15,31.0408789,-103.5191523,1852,2026,6,20,23,46,48,383,1014,116,68,0.8,0.4,0.7,39,39,30,0,0,0,0,0,0,39,0,35,0,0,0,0,0,0,0,0,0,0,40,0,37,35,0,27,0,0,34,37
6,16410,3,KR4MFM,11.33,5,   coast,-8.55,81653,1783.75,880.93,74.02,52.7,4.2,4.19,4.11,1.06,0.09,0.14,37.31,-2.73,0.98,0.67,-0.39,0.05,34.96,4.19,0,0,0,0,1,1,15,31.0408789,-103.5191523,1852,2026,6,20,23,46,48,383,1014,116,68,0.8,0.4,0.7,39,39,30,0,0,0,0,0,0,39,0,35,0,0,0,0,0,0,0,0,0,0,40,0,37,35,0,27,0,0,34,37
6,16410,3,KR4MFM,11.34,5,   coast,-9.56,81653,1783.75,880.93,73.92,52.7,4.2,4.19,4.11,0.95,0.29,-0.1,37.37,-3.04,0.8,0.67,-0.39,0.05,34.99,4.19,0,0,0,0,1,1,15,31.0408789,-103.5191523,1852,2026,6,20,23,46,48,383,1014,116,68,0.8,0.4,0.7,39,39,30,0,0,0,0,0,0,39,0,35,0,0,0,0,0,0,0,0,0,0,40,0,37,35,0,27,0,0,34,37
6,16410,3,KR4MFM,11.35,5,   coast,-10.56,81624,1786.62,883.8,73.83,52.7,4.2,4.19,4.11,1,0.11,0.21,38.83,-3.1,0.61,0.68,-0.39,0.05,35.02,4.19,0,0,0,0,1,1,15,31.0408789,-103.5191523,1852,2026,6,20,23,46,48,383,1014,116,68,0.8,0.4,0.7,39,39,30,0,0,0,0,0,0,39,0,35,0,0,0,0,0,0,0,0,0,0,40,0,37,35,0,27,0,0,34,37
6,16410,3,KR4MFM,11.36,5,   coast,-9.05,81624,1786.62,883.8,73.73,52.7,4.2,4.19,4.11,1.04,-0.06,0.43,39.57,-3.22,0.67,0.67,-0.39,0.06,35.06,4.19,0,0,0,0,1,1,15,31.0408789,-103.5191523,1852,2026,6,20,23,46,48,383,1014,116,68,0.8,0.4,0.7,39,39,30,0,0,0,0,0,0,39,0,35,0,0,0,0,0,0,0,0,0,0,40,0,37,35,0,27,0,0,34,37
6,16410,3,KR4MFM,11.37,5,   coast,-9.56,81608,1788.21,885.39,73.63,52.7,4.2,4.19,4.11,1.11,0.06,0.39,38.71,-3.34,0.55,0.67,-0.39,0.06,35.09,4.19,0,0,0,0,1,1,15,31.0408789,-103.5191523,1852,2026,6,20,23,46,48,383,1014,116,68,0.8,0.4,0.7,39,39,30,0,0,0,0,0,0,39,0,35,0,0,0,0,0,0,0,0,0,0,40,0,37,35,0,27,0,0,34,37
6,16410,3,KR4MFM,11.38,5,   coast,-9.56,81608,1788.21,885.39,73.54,52.7,4.2,4.19,4.11,1.08,0.19,0.15,39.38,-2.43,0.67,0.68,-0.39,0.06,35.12,4.19,0,0,0,0,1,1,15,31.0408789,-103.5191523,1852,2026,6,20,23,46,48,383,1014,116,68,0.8,0.4,0.7,39,39,30,0,0,0,0,0,0,39,0,35,0,0,0,0,0,0,0,0,0,0,40,0,37,35,0,27,0,0,34,37
6,16410,3,KR4MFM,11.39,5,   coast,-9.56,81584,1790.59,887.77,73.44,52.7,4.2,4.19,4.11,1,0.07,0.16,41.46,-2.55,0.98,0.68,-0.38,0.06,35.14,4.19,0,0,0,0,1,1,15,31.0408789,-103.5191523,1852,2026,6,20,23,46,48,383,1014,116,68,0.8,0.4,0.7,39,39,30,0,0,0,0,0,0,39,0,35,0,0,0,0,0,0,0,0,0,0,40,0,37,35,0,27,0,0,34,37
6,16410,3,KR4MFM,11.4,5,   coast,-10.06,81584,1790.59,887.77,73.34,52.7,4.2,4.19,4.11,0.94,0.17,0.04,41.58,-2.37,0.86,0.68,-0.38,0.06,35.17,4.19,0,0,0,0,1,1,15,31.0408789,-103.5191523,1852,2026,6,20,23,46,48,383,1014,116,68,0.8,0.4,0.7,39,39,30,0,0,0,0,0,0,39,0,35,0,0,0,0,0,0,0,0,0,0,40,0,37,35,0,27,0,0,34,37
6,16410,3,KR4MFM,11.41,5,   coast,-9.05,81575,1791.49,888.66,73.24,52.7,4.2,4.19,4.11,0.83,0.28,0.08,42.44,-2.61,0.55,0.68,-0.38,0.07,35.19,4.19,0,0,0,0,1,1,15,31.0408789,-103.5191523,1852,2026,6,20,23,46,48,383,1014,116,68,0.8,0.4,0.7,39,39,30,0,0,0,0,0,0,39,0,35,0,0,0,0,0,0,0,0,0,0,40,0,37,35,0,27,0,0,34,37
6,16410,3,KR4MFM,11.42,5,   coast,-11.06,81575,1791.49,888.66,73.15,52.7,4.2,4.19,4.11,0.85,0.04,0.3,43.47,-2.06,0.43,0.67,-0.38,0.07,35.22,4.19,0,0,0,0,1,1,15,31.0408789,-103.5191523,1852,2026,6,20,23,46,48,383,1014,116,68,0.8,0.4,0.7,39,39,30,0,0,0,0,0,0,39,0,35,0,0,0,0,0,0,0,0,0,0,40,0,37,35,0,27,0,0,34,37
6,16410,3,KR4MFM,11.43,5,   coast,-9.56,81545,1794.46,891.64,73.05,52.7,4.2,4.19,4.11,0.83,-0.1,0.32,43.6,-2.73,0.37,0.67,-0.38,0.07,35.24,4.19,0,0,0,0,1,1,15,31.0408789,-103.5191523,1852,2026,6,20,23,46,48,383,1014,116,68,0.8,0.4,0.7,39,39,30,0,0,0,0,0,0,39,0,35,0,0,0,0,0,0,0,0,0,0,40,0,37,35,0,27,0,0,34,37
6,16410,3,KR4MFM,11.44,5,   coast,-10.06,81545,1794.46,891.64,72.95,52.7,4.2,4.19,4.11,0.91,-0.06,0.13,43.96,-2.12,0.43,0.67,-0.38,0.08,35.26,4.19,0,0,0,0,1,1,15,31.0408789,-103.5191523,1852,2026,6,20,23,46,48,383,1014,116,68,0.8,0.4,0.7,39,39,30,0,0,0,0,0,0,39,0,35,0,0,0,0,0,0,0,0,0,0,40,0,37,35,0,27,0,0,34,37
6,16410,3,KR4MFM,11.45,5,   coast,-9.05,81539,1795.06,892.23,72.86,52.7,4.2,4.19,4.11,0.93,-0.01,0.13,45.43,-1.39,0.8,0.67,-0.38,0.08,35.28,4.19,0,0,0,0,1,1,15,31.0408789,-103.5191523,1852,2026,6,20,23,46,48,383,1014,116,68,0.8,0.4,0.7,39,39,30,0,0,0,0,0,0,39,0,35,0,0,0,0,0,0,0,0,0,0,40,0,37,35,0,27,0,0,34,37
6,16410,3,KR4MFM,11.46,5,   coast,-9.05,81539,1795.06,892.23,72.76,52.7,4.2,4.19,4.11,0.91,0.15,0.03,46.53,-2,0.49,0.68,-0.38,0.08,35.3,4.19,0,0,0,0,1,1,15,31.0408789,-103.5191523,1852,2026,6,20,23,46,48,383,1014,116,68,0.8,0.4,0.7,39,39,30,0,0,0,0,0,0,39,0,35,0,0,0,0,0,0,0,0,0,0,40,0,37,35,0,27,0,0,34,37
6,16410,3,KR4MFM,11.47,5,   coast,-8.05,81506,1798.33,895.51,72.67,52.7,4.2,4.19,4.11,0.89,0.43,0.04,46.71,-1.76,0.86,0.67,-0.38,0.08,35.32,4.19,0,0,0,0,1,1,15,31.0408789,-103.5191523,1852,2026,6,20,23,46,48,383,1014,116,68,0.8,0.4,0.7,39,39,30,0,0,0,0,0,0,39,0,35,0,0,0,0,0,0,0,0,0,0,40,0,37,35,0,27,0,0,34,37
6,16410,3,KR4MFM,11.48,5,   coast,-9.05,81506,1798.33,895.51,72.58,52.7,4.2,4.19,4.11,0.84,0.32,0.2,47.81,-1.51,0.37,0.67,-0.38,0.08,35.34,4.19,0,0,0,0,1,1,15,31.0408789,-103.5191523,1852,2026,6,20,23,46,48,383,1014,116,68,0.8,0.4,0.7,39,39,30,0,0,0,0,0,0,39,0,35,0,0,0,0,0,0,0,0,0,0,40,0,37,35,0,27,0,0,34,37
6,16410,3,KR4MFM,11.49,5,   coast,-9.56,81494,1799.53,896.7,72.49,52.7,4.2,4.19,4.11,0.85,0.03,0.38,47.99,-1.39,-0.06,0.68,-0.38,0.08,35.35,4.19,0,0,0,0,1,1,15,31.0408789,-103.5191523,1852,2026,6,20,23,46,48,383,1014,116,68,0.8,0.4,0.7,39,39,30,0,0,0,0,0,0,39,0,35,0,0,0,0,0,0,0,0,0,0,40,0,37,35,0,27,0,0,34,37
6,16410,3,KR4MFM,11.5,5,   coast,-9.05,81494,1799.53,896.7,72.39,52.7,4.2,4.19,4.11,0.85,0.03,0.28,48.17,-1.45,0.19,0.68,-0.38,0.09,35.36,4.19,0,0,0,0,1,1,15,31.0408789,-103.5191523,1852,2026,6,20,23,46,48,383,1014,116,68,0.8,0.4,0.7,39,39,30,0,0,0,0,0,0,39,0,35,0,0,0,0,0,0,0,0,0,0,40,0,37,35,0,27,0,0,34,37
6,16410,3,KR4MFM,11.51,5,   coast,-9.56,81478,1801.11,898.29,72.3,52.7,4.2,4.19,4.11,0.88,0.06,0.14,49.03,-0.9,0.55,0.68,-0.38,0.09,35.37,4.19,0,0,0,0,1,1,15,31.0408789,-103.5191523,1852,2026,6,20,23,46,48,383,1014,116,68,0.8,0.4,0.7,39,39,30,0,0,0,0,0,0,39,0,35,0,0,0,0,0,0,0,0,0,0,40,0,37,35,0,27,0,0,34,37
6,16410,3,KR4MFM,11.52,5,   coast,-11.06,81478,1801.11,898.29,72.2,52.7,4.2,4.19,4.11,0.82,-0.04,0.19,49.45,-1.27,0.55,0.68,-0.37,0.09,35.39,4.19,0,0,0,0,1,1,15,31.0408789,-103.5191523,1852,2026,6,20,23,46,48,383,1014,116,68,0.8,0.4,0.7,39,39,30,0,0,0,0,0,0,39,0,35,0,0,0,0,0,0,0,0,0,0,40,0,37,35,0,27,0,0,34,37
6,16410,3,KR4MFM,11.53,5,   coast,-9.56,81456,1803.3,900.48,72.1,52.7,4.2,4.19,4.11,0.78,0.18,0.14,50.43,-0.96,1.28,0.67,-0.37,0.1,35.4,4.19,0,0,0,0,1,1,15,31.0408789,-103.5191523,1852,2026,6,20,23,46,48,383,1014,116,68,0.8,0.4,0.7,39,39,30,0,0,0,0,0,0,39,0,35,0,0,0,0,0,0,0,0,0,0,40,0,37,35,0,27,0,0,34,37
6,16410,3,KR4MFM,11.54,5,   coast,-10.06,81456,1803.3,900.48,72,52.7,4.19,4.2,4.11,0.79,0.3,0.06,51.96,-0.9,0.61,0.67,-0.37,0.1,35.41,4.19,0,0,0,0,1,1,15,31.0408789,-103.5191523,1852,2026,6,20,23,46,48,383,1014,116,68,0.8,0.4,0.7,39,39,30,0,0,0,0,0,0,39,0,35,0,0,0,0,0,0,0,0,0,0,40,0,37,35,0,27,0,0,34,37
6,16410,3,KR4MFM,11.54,5,   coast,-10.06,81456,1803.3,900.48,72,52.7,4.19,4.2,4.11,0.79,0.3,0.06,51.96,-0.9,0.61,0.67,-0.37,0.1,35.41,4.19,0,0,0,0,1,1,15,31.0408789,-103.5191523,1852,2026,6,20,23,46,48,383,1014,116,68,0.8,0.4,0.7,39,39,30,0,0,0,0,0,0,39,0,35,0,0,0,0,0,0,0,0,0,0,40,0,37,35,0,27,0,0,34,37
6,16410,3,KR4MFM,11.55,5,   coast,-10.06,81432,1805.68,902.86,71.9,52.7,4.19,4.2,4.11,0.8,0.17,0.32,51.96,-0.96,0.37,0.67,-0.37,0.1,35.42,4.19,0,0,0,0,1,1,15,31.0408789,-103.5191523,1852,2026,6,20,23,46,48,383,1014,116,68,0.8,0.4,0.7,39,39,30,0,0,0,0,0,0,39,0,35,0,0,0,0,0,0,0,0,0,0,40,0,37,35,0,27,0,0,34,37
6,16410,3,KR4MFM,11.56,5,   coast,-10.06,81432,1805.68,902.86,71.8,52.7,4.19,4.2,4.11,0.83,-0.01,0.31,51.96,-1.27,0.19,0.67,-0.37,0.1,35.43,4.19,0,0,0,0,1,1,15,31.0408789,-103.5191523,1852,2026,6,20,23,46,48,383,1014,116,68,0.8,0.4,0.7,39,39,30,0,0,0,0,0,0,39,0,35,0,0,0,0,0,0,0,0,0,0,40,0,37,35,0,27,0,0,34,37
6,16410,3,KR4MFM,11.57,5,   coast,-11.06,81418,1807.07,904.25,71.7,52.7,4.19,4.2,4.11,0.8,-0.09,0.33,52.81,-0.6,0.86,0.68,-0.37,0.1,35.44,4.19,0,0,0,0,1,1,15,31.0408789,-103.5191523,1852,2026,6,20,23,46,48,383,1014,116,68,0.8,0.4,0.7,39,39,30,0,0,0,0,0,0,39,0,35,0,0,0,0,0,0,0,0,0,0,40,0,37,35,0,27,0,0,34,37
6,16410,3,KR4MFM,11.58,5,   coast,-10.06,81418,1807.07,904.25,71.6,52.7,4.19,4.2,4.11,0.74,-0.05,0.16,52.51,-0.54,0.49,0.67,-0.37,0.11,35.44,4.19,0,0,0,0,1,1,15,31.0408789,-103.5191523,1852,2026,6,20,23,46,48,383,1014,116,68,0.8,0.4,0.7,39,39,30,0,0,0,0,0,0,39,0,35,0,0,0,0,0,0,0,0,0,0,40,0,37,35,0,27,0,0,34,37
6,16410,3,KR4MFM,11.59,5,   coast,-9.56,81397,1809.16,906.34,71.5,52.7,4.19,4.2,4.11,0.65,0.11,0.09,52.38,-0.84,1.41,0.67,-0.37,0.11,35.45,4.19,0,0,0,0,1,1,15,31.0408789,-103.5191523,1852,2026,6,20,23,46,48,383,1014,116,68,0.8,0.4,0.7,39,39,30,0,0,0,0,0,0,39,0,35,0,0,0,0,0,0,0,0,0,0,40,0,37,35,0,27,0,0,34,37
6,16410,3,KR4MFM,11.6,5,   coast,-9.56,81397,1809.16,906.34,71.4,52.7,4.19,4.2,4.11,0.65,0.09,0.23,51.04,-0.84,0.92,0.68,-0.36,0.11,35.46,4.19,0,0,0,0,1,1,15,31.0408789,-103.5191523,1852,2026,6,20,23,46,48,383,1014,116,68,0.8,0.4,0.7,39,39,30,0,0,0,0,0,0,39,0,35,0,0,0,0,0,0,0,0,0,0,40,0,37,35,0,27,0,0,34,37
6,16410,3,KR4MFM,11.61,5,   coast,-9.56,81383,1810.55,907.73,71.3,52.7,4.19,4.2,4.11,0.72,0.08,0.37,51.04,-1.27,0.55,0.68,-0.36,0.11,35.48,4.19,0,0,0,0,1,1,15,31.0408789,-103.5191523,1852,2026,6,20,23,46,48,383,1014,116,68,0.8,0.4,0.7,39,39,30,0,0,0,0,0,0,39,0,35,0,0,0,0,0,0,0,0,0,0,40,0,37,35,0,27,0,0,34,37
6,16410,3,KR4MFM,11.62,5,   coast,-10.56,81383,1810.55,907.73,71.2,52.7,4.19,4.2,4.11,0.69,0.13,0.22,52.87,-1.27,0.25,0.67,-0.36,0.12,35.49,4.19,0,0,0,0,1,1,15,31.0408789,-103.5191523,1852,2026,6,20,23,46,48,383,1014,116,68,0.8,0.4,0.7,39,39,30,0,0,0,0,0,0,39,0,35,0,0,0,0,0,0,0,0,0,0,40,0,37,35,0,27,0,0,34,37
6,16410,3,KR4MFM,11.63,5,   coast,-9.56,81352,1813.64,910.81,71.1,52.7,4.19,4.2,4.11,0.63,0.14,0.11,53.97,-0.6,0.25,0.67,-0.36,0.12,35.5,4.19,0,0,0,0,1,1,15,31.0408789,-103.5191523,1852,2026,6,20,23,46,48,383,1014,116,68,0.8,0.4,0.7,39,39,30,0,0,0,0,0,0,39,0,35,0,0,0,0,0,0,0,0,0,0,40,0,37,35,0,27,0,0,34,37
6,16410,3,KR4MFM,11.64,5,   coast,-10.06,81352,1813.64,910.81,71.01,52.7,4.19,4.2,4.11,0.65,-0.15,0.26,53.73,-0.84,0.13,0.67,-0.36,0.12,35.51,4.19,0,0,0,0,1,1,15,31.0408789,-103.5191523,1852,2026,6,20,23,46,48,383,1014,116,68,0.8,0.4,0.7,39,39,30,0,0,0,0,0,0,39,0,35,0,0,0,0,0,0,0,0,0,0,40,0,37,35,0,27,0,0,34,37
6,16410,3,KR4MFM,11.65,5,   coast,-8.55,81339,1814.93,912.1,70.91,52.7,4.19,4.2,4.11,0.66,-0.14,0.28,53.85,-0.72,0.67,0.67,-0.36,0.12,35.51,4.19,0,0,0,0,1,1,15,31.0408789,-103.5191523,1852,2026,6,20,23,46,48,383,1014,116,68,0.8,0.4,0.7,39,39,30,0,0,0,0,0,0,39,0,35,0,0,0,0,0,0,0,0,0,0,40,0,37,35,0,27,0,0,34,37
6,16410,3,KR4MFM,11.66,5,   coast,-9.56,81339,1814.93,912.1,70.81,52.7,4.19,4.2,4.11,0.63,-0.02,0.16,54.7,-0.29,0.49,0.67,-0.36,0.13,35.52,4.19,0,0,0,0,1,1,15,31.0408789,-103.5191523,1852,2026,6,20,23,46,48,383,1014,116,68,0.8,0.4,0.7,39,39,30,0,0,0,0,0,0,39,0,35,0,0,0,0,0,0,0,0,0,0,40,0,37,35,0,27,0,0,34,37
6,16410,3,KR4MFM,11.67,5,   coast,-10.56,81325,1816.32,913.5,70.71,52.7,4.19,4.2,4.11,0.63,0.06,0.24,54.89,-0.17,0.55,0.67,-0.36,0.13,35.52,4.19,0,0,0,0,1,1,15,31.0408789,-103.5191523,1852,2026,6,20,23,46,48,383,1014,116,68,0.8,0.4,0.7,39,39,30,0,0,0,0,0,0,39,0,35,0,0,0,0,0,0,0,0,0,0,40,0,37,35,0,27,0,0,34,37
6,16410,3,KR4MFM,11.68,5,   coast,-11.57,81325,1816.32,913.5,70.61,52.7,4.19,4.2,4.11,0.69,0.22,0.13,55.92,-0.9,0,0.68,-0.35,0.13,35.53,4.19,0,0,0,0,1,1,15,31.0408789,-103.5191523,1852,2026,6,20,23,46,48,383,1014,116,68,0.8,0.4,0.7,39,39,30,0,0,0,0,0,0,39,0,35,0,0,0,0,0,0,0,0,0,0,40,0,37,35,0,27,0,0,34,37
6,16410,3,KR4MFM,11.69,5,   coast,-10.06,81308,1818.01,915.19,70.51,52.7,4.19,4.2,4.11,0.64,0.34,0.09,57.08,-0.41,0.13,0.68,-0.35,0.13,35.53,4.19,0,0,0,0,1,1,15,31.0408789,-103.5191523,1852,2026,6,20,23,46,48,383,1014,116,68,0.8,0.4,0.7,39,39,30,0,0,0,0,0,0,39,0,35,0,0,0,0,0,0,0,0,0,0,40,0,37,35,0,27,0,0,34,37
6,16410,3,KR4MFM,11.7,5,   coast,-8.55,81308,1818.01,915.19,70.41,52.7,4.19,4.2,4.11,0.62,0.14,0.19,57.02,-0.54,-0.49,0.68,-0.35,0.13,35.54,4.19,0,0,0,0,1,1,15,31.0408789,-103.5191523,1852,2026,6,20,23,46,48,383,1014,116,68,0.8,0.4,0.7,39,39,30,0,0,0,0,0,0,39,0,35,0,0,0,0,0,0,0,0,0,0,40,0,37,35,0,27,0,0,34,37
6,16410,3,KR4MFM,11.71,5,   coast,-9.05,81285,1820.3,917.48,70.31,52.7,4.19,4.2,4.11,0.61,-0.08,0.4,56.9,-0.23,-0.06,0.68,-0.35,0.14,35.54,4.19,0,0,0,0,1,1,15,31.0408789,-103.5191523,1852,2026,6,20,23,46,48,383,1014,116,68,0.8,0.4,0.7,39,39,30,0,0,0,0,0,0,39,0,35,0,0,0,0,0,0,0,0,0,0,40,0,37,35,0,27,0,0,34,37
6,16410,3,KR4MFM,11.72,5,   coast,-10.56,81285,1820.3,917.48,70.22,52.7,4.19,4.2,4.11,0.59,-0.12,0.39,57.08,-0.41,0.37,0.68,-0.35,0.14,35.54,4.19,0,0,0,0,1,1,15,31.0408789,-103.5191523,1852,2026,6,20,23,46,48,383,1014,116,68,0.8,0.4,0.7,39,39,30,0,0,0,0,0,0,39,0,35,0,0,0,0,0,0,0,0,0,0,40,0,37,35,0,27,0,0,34,37
6,16410,3,KR4MFM,11.73,5,   coast,-9.05,81278,1821,918.17,70.12,52.7,4.19,4.2,4.11,0.48,0.14,0.21,55.68,-0.35,0.49,0.67,-0.35,0.14,35.55,4.19,0,0,0,0,1,1,15,31.0408789,-103.5191523,1852,2026,6,20,23,46,48,383,1014,116,68,0.8,0.4,0.7,39,39,30,0,0,0,0,0,0,39,0,35,0,0,0,0,0,0,0,0,0,0,40,0,37,35,0,27,0,0,34,37
6,16410,3,KR4MFM,11.74,5,   coast,-10.06,81278,1821,918.17,70.03,52.7,4.19,4.2,4.11,0.47,0.25,0.14,53.67,-0.84,0.43,0.67,-0.35,0.14,35.56,4.19,0,0,0,0,1,1,15,31.0408789,-103.5191523,1852,2026,6,20,23,46,48,383,1014,116,68,0.8,0.4,0.7,39,39,30,0,0,0,0,0,0,39,0,35,0,0,0,0,0,0,0,0,0,0,40,0,37,35,0,27,0,0,34,37
6,16410,3,KR4MFM,11.75,5,   coast,-10.06,81256,1823.19,920.36,69.93,52.7,4.19,4.2,4.11,0.47,0.22,0.25,51.16,-0.41,0.31,0.67,-0.34,0.15,35.56,4.19,0,0,0,0,1,1,15,31.0408789,-103.5191523,1852,2026,6,20,23,46,48,383,1014,116,68,0.8,0.4,0.7,39,39,30,0,0,0,0,0,0,39,0,35,0,0,0,0,0,0,0,0,0,0,40,0,37,35,0,27,0,0,34,37
6,16410,3,KR4MFM,11.76,5,   coast,-8.55,81256,1823.19,920.36,69.83,52.7,4.19,4.2,4.11,0.51,0.12,0.26,49.45,-0.96,-0.06,0.67,-0.34,0.15,35.57,4.19,0,0,0,0,1,1,15,31.0408789,-103.5191523,1852,2026,6,20,23,46,48,383,1014,116,68,0.8,0.4,0.7,39,39,30,0,0,0,0,0,0,39,0,35,0,0,0,0,0,0,0,0,0,0,40,0,37,35,0,27,0,0,34,37
6,16410,3,KR4MFM,11.77,5,   coast,-9.56,81221,1826.67,923.85,69.73,52.7,4.19,4.2,4.11,0.51,0.04,0.21,48.11,-1.51,-0.3,0.67,-0.34,0.15,35.58,4.19,0,0,0,0,1,1,15,31.0408789,-103.5191523,1852,2026,6,20,23,46,48,383,1014,116,68,0.8,0.4,0.7,39,39,30,0,0,0,0,0,0,39,0,35,0,0,0,0,0,0,0,0,0,0,40,0,37,35,0,27,0,0,34,37
6,16410,3,KR4MFM,11.78,5,   coast,-11.57,81221,1826.67,923.85,69.64,52.7,4.19,4.2,4.11,0.49,-0.12,0.26,46.65,-1.33,0.43,0.67,-0.34,0.15,35.6,4.19,0,0,0,0,1,1,15,31.0408789,-103.5191523,1852,2026,6,20,23,46,48,383,1014,116,68,0.8,0.4,0.7,39,39,30,0,0,0,0,0,0,39,0,35,0,0,0,0,0,0,0,0,0,0,40,0,37,35,0,27,0,0,34,37
6,16410,3,KR4MFM,11.79,5,   coast,-8.55,81204,1828.36,925.54,69.54,52.7,4.19,4.2,4.11,0.45,0.11,0.17,45.37,-1.82,0.31,0.68,-0.34,0.15,35.62,4.19,0,0,0,0,1,1,15,31.0408789,-103.5191523,1852,2026,6,20,23,46,48,383,1014,116,68,0.8,0.4,0.7,39,39,30,0,0,0,0,0,0,39,0,35,0,0,0,0,0,0,0,0,0,0,40,0,37,35,0,27,0,0,34,37
6,16410,3,KR4MFM,11.8,5,   coast,-9.56,81204,1828.36,925.54,69.44,52.7,4.19,4.2,4.11,0.52,0.27,0.21,43.05,-1.64,-0.18,0.68,-0.34,0.15,35.63,4.19,0,0,0,0,1,1,15,31.0408789,-103.5191523,1852,2026,6,20,23,46,48,383,1014,116,68,0.8,0.4,0.7,39,39,30,0,0,0,0,0,0,39,0,35,0,0,0,0,0,0,0,0,0,0,40,0,37,35,0,27,0,0,34,37
6,16410,3,KR4MFM,11.81,5,   coast,-11.06,81191,1829.66,926.83,69.34,52.7,4.19,4.2,4.11,0.54,0.25,0.32,41.09,-2.18,-0.12,0.68,-0.34,0.15,35.65,4.19,0,0,0,0,1,1,15,31.0408789,-103.5191523,1852,2026,6,20,23,46,48,383,1014,116,68,0.8,0.4,0.7,39,39,30,0,0,0,0,0,0,39,0,35,0,0,0,0,0,0,0,0,0,0,40,0,37,35,0,27,0,0,34,37
6,16410,3,KR4MFM,11.82,5,   coast,-10.06,81191,1829.66,926.83,69.23,52.7,4.19,4.2,4.11,0.46,0.14,0.37,40.6,-2.06,-0.42,0.68,-0.33,0.16,35.67,4.19,0,0,0,0,1,1,15,31.0408789,-103.5191523,1852,2026,6,20,23,46,48,383,1014,116,68,0.8,0.4,0.7,39,39,30,0,0,0,0,0,0,39,0,35,0,0,0,0,0,0,0,0,0,0,40,0,37,35,0,27,0,0,34,37
6,16410,3,KR4MFM,11.83,5,   coast,-11.57,81187,1830.06,927.23,69.13,52.7,4.19,4.2,4.11,0.42,0.1,0.14,39.57,-2.61,-0.91,0.68,-0.33,0.16,35.7,4.19,0,0,0,0,1,1,15,31.0408789,-103.5191523,1852,2026,6,20,23,46,48,383,1014,116,68,0.8,0.4,0.7,39,39,30,0,0,0,0,0,0,39,0,35,0,0,0,0,0,0,0,0,0,0,40,0,37,35,0,27,0,0,34,37
6,16410,3,KR4MFM,11.84,5,   coast,-10.06,81187,1830.06,927.23,69.03,52.7,4.19,4.2,4.11,0.46,-0.04,0.11,37.67,-2.55,-0.3,0.67,-0.33,0.16,35.73,4.19,0,0,0,0,1,1,15,31.0408789,-103.5191523,1852,2026,6,20,23,46,48,383,1014,116,68,0.8,0.4,0.7,39,39,30,0,0,0,0,0,0,39,0,35,0,0,0,0,0,0,0,0,0,0,40,0,37,35,0,27,0,0,34,37
6,16410,3,KR4MFM,11.85,5,   coast,-10.06,81155,1833.24,930.42,68.93,52.7,4.19,4.2,4.11,0.42,0.05,0.25,35.97,-3.16,-0.12,0.67,-0.33,0.16,35.76,4.19,0,0,0,0,1,1,15,31.0408789,-103.5191523,1852,2026,6,20,23,46,48,383,1014,116,68,0.8,0.4,0.7,39,39,30,0,0,0,0,0,0,39,0,35,0,0,0,0,0,0,0,0,0,0,40,0,37,35,0,27,0,0,34,37
6,16410,3,KR4MFM,11.86,5,   coast,-9.56,81155,1833.24,930.42,68.83,52.7,4.2,4.2,4.11,0.47,0.24,0.42,35.23,-3.65,0.13,0.67,-0.33,0.16,35.79,4.19,0,0,0.01,0,1,1,15,31.0408789,-103.5191523,1852,2026,6,20,23,46,48,383,1014,116,68,0.8,0.4,0.7,39,39,30,0,0,0,0,0,0,39,0,35,0,0,0,0,0,0,0,0,0,0,40,0,37,35,0,27,0,0,34,37
6,16410,3,KR4MFM,11.86,5,   coast,-9.56,81155,1833.24,930.42,68.83,52.7,4.2,4.2,4.11,0.47,0.24,0.42,35.23,-3.65,0.13,0.67,-0.33,0.16,35.79,4.19,0,0,0.01,0,1,1,15,31.0408789,-103.5191523,1852,2026,6,20,23,46,48,383,1014,116,68,0.8,0.4,0.7,39,39,30,0,0,0,0,0,0,39,0,35,0,0,0,0,0,0,0,0,0,0,40,0,37,35,0,27,0,0,34,37
6,16410,3,KR4MFM,11.87,5,   coast,-9.05,81130,1835.73,932.91,68.73,52.7,4.2,4.2,4.11,0.45,0.24,0.52,34.38,-3.41,0.25,0.67,-0.33,0.17,35.83,4.19,0,0,0.01,0,1,1,15,31.0408789,-103.5191523,1852,2026,6,20,23,46,48,383,1014,116,68,0.8,0.4,0.7,39,39,30,0,0,0,0,0,0,39,0,35,0,0,0,0,0,0,0,0,0,0,40,0,37,35,0,27,0,0,34,37
6,16410,3,KR4MFM,11.88,5,   coast,-8.55,81130,1835.73,932.91,68.64,52.7,4.2,4.2,4.11,0.44,0.16,0.34,33.28,-3.47,-0.36,0.67,-0.33,0.17,35.86,4.19,0,0,0.01,0,1,1,15,31.0408789,-103.5191523,1852,2026,6,20,23,46,48,383,1014,116,68,0.8,0.4,0.7,39,39,30,0,0,0,0,0,0,39,0,35,0,0,0,0,0,0,0,0,0,0,40,0,37,35,0,27,0,0,34,37
6,16410,3,KR4MFM,11.89,5,   coast,-10.56,81115,1837.23,934.41,68.54,52.7,4.2,4.2,4.11,0.37,0,0.23,32.36,-4.08,-0.73,0.67,-0.33,0.17,35.9,4.19,0,0,0.01,0,1,1,15,31.0408789,-103.5191523,1852,2026,6,20,23,46,48,383,1014,116,68,0.8,0.4,0.7,39,39,30,0,0,0,0,0,0,39,0,35,0,0,0,0,0,0,0,0,0,0,40,0,37,35,0,27,0,0,34,37
6,16410,3,KR4MFM,11.9,5,   coast,-9.56,81115,1837.23,934.41,68.44,52.7,4.2,4.2,4.11,0.32,-0.09,0.28,31.63,-3.59,-0.24,0.68,-0.32,0.17,35.94,4.19,0,0,0.01,0,1,1,15,31.0408789,-103.5191523,1852,2026,6,20,23,46,48,383,1014,116,68,0.8,0.4,0.7,39,39,30,0,0,0,0,0,0,39,0,35,0,0,0,0,0,0,0,0,0,0,40,0,37,35,0,27,0,0,34,37
6,16410,3,KR4MFM,11.91,5,   coast,-10.56,81106,1838.13,935.3,68.35,52.7,4.2,4.2,4.11,0.32,0.06,0.34,31.08,-4.26,-0.24,0.68,-0.32,0.17,35.98,4.19,0,0,0.01,0,1,1,15,31.0408789,-103.5191523,1852,2026,6,20,23,46,48,383,1014,116,68,0.8,0.4,0.7,39,39,30,0,0,0,0,0,0,39,0,35,0,0,0,0,0,0,0,0,0,0,40,0,37,35,0,27,0,0,34,37
6,16410,3,KR4MFM,11.92,5,   coast,-9.56,81106,1838.13,935.3,68.25,52.7,4.2,4.2,4.11,0.38,0.12,0.34,30.17,-4.75,-0.24,0.68,-0.32,0.17,36.03,4.19,0,0,0.01,0,1,1,15,31.0408789,-103.5191523,1852,2026,6,20,23,46,48,383,1014,116,68,0.8,0.4,0.7,39,39,30,0,0,0,0,0,0,39,0,35,0,0,0,0,0,0,0,0,0,0,40,0,37,35,0,27,0,0,34,37
6,16410,3,KR4MFM,11.93,5,   coast,-10.06,81072,1841.52,938.69,68.15,52.7,4.2,4.2,4.11,0.34,0.32,0.45,29.44,-4.44,0.19,0.68,-0.32,0.17,36.07,4.19,0,0,0.01,0,1,1,15,31.0408789,-103.5191523,1852,2026,6,20,23,46,48,383,1014,116,68,0.8,0.4,0.7,39,39,30,0,0,0,0,0,0,39,0,35,0,0,0,0,0,0,0,0,0,0,40,0,37,35,0,27,0,0,34,37
6,16410,3,KR4MFM,11.94,5,   coast,-9.05,81072,1841.52,938.69,68.05,52.7,4.2,4.2,4.11,0.34,0.24,0.31,28.4,-4.69,-0.36,0.68,-0.32,0.17,36.12,4.19,0,0,0.01,0,1,1,15,31.0408789,-103.5191523,1852,2026,6,20,23,46,48,383,1014,116,68,0.8,0.4,0.7,39,39,30,0,0,0,0,0,0,39,0,35,0,0,0,0,0,0,0,0,0,0,40,0,37,35,0,27,0,0,34,37
6,16410,3,KR4MFM,11.95,5,   coast,-11.06,81075,1841.22,938.39,67.95,52.7,4.2,4.2,4.11,0.34,0.11,0.29,26.63,-5.48,-0.49,0.67,-0.32,0.18,36.18,4.19,0,0,0.01,0,1,1,15,31.0408789,-103.5191523,1852,2026,6,20,23,46,48,383,1014,116,68,0.8,0.4,0.7,39,39,30,0,0,0,0,0,0,39,0,35,0,0,0,0,0,0,0,0,0,0,40,0,37,35,0,27,0,0,34,37
6,16410,3,KR4MFM,11.96,5,   coast,-10.56,81075,1841.22,938.39,67.85,52.7,4.2,4.2,4.11,0.34,-0.04,0.18,26.08,-5.48,-0.3,0.67,-0.32,0.18,36.23,4.19,0,0,0.01,0,1,1,15,31.0408789,-103.5191523,1852,2026,6,20,23,46,48,383,1014,116,68,0.8,0.4,0.7,39,39,30,0,0,0,0,0,0,39,0,35,0,0,0,0,0,0,0,0,0,0,40,0,37,35,0,27,0,0,34,37
6,16410,3,KR4MFM,11.97,5,   coast,-10.56,81044,1844.31,941.49,67.74,52.7,4.2,4.2,4.11,0.33,0.09,0.25,25.22,-5.66,0,0.67,-0.32,0.18,36.29,4.19,0,0,0.01,0,1,1,15,31.0408789,-103.5191523,1852,2026,6,20,23,46,48,383,1014,116,68,0.8,0.4,0.7,39,39,30,0,0,0,0,0,0,39,0,35,0,0,0,0,0,0,0,0,0,0,40,0,37,35,0,27,0,0,34,37
6,16410,3,KR4MFM,11.98,5,   coast,-9.05,81044,1844.31,941.49,67.64,52.7,4.2,4.2,4.11,0.29,0.11,0.24,24.37,-6.15,-0.3,0.67,-0.32,0.18,36.35,4.19,0,0,0.01,0,1,1,15,31.0408789,-103.5191523,1852,2026,6,20,23,46,48,383,1014,116,68,0.8,0.4,0.7,39,39,30,0,0,0,0,0,0,39,0,35,0,0,0,0,0,0,0,0,0,0,40,0,37,35,0,27,0,0,34,37
6,16410,3,KR4MFM,11.99,5,   coast,-10.56,81020,1846.7,943.88,67.54,52.7,4.2,4.2,4.11,0.32,0.24,0.28,24,-6.09,0.19,0.67,-0.32,0.18,36.41,4.19,0,0,0.01,0,1,1,15,31.0408789,-103.5191523,1852,2026,6,20,23,46,48,383,1014,116,68,0.8,0.4,0.7,39,39,30,0,0,0,0,0,0,39,0,35,0,0,0,0,0,0,0,0,0,0,40,0,37,35,0,27,0,0,34,37
6,16410,3,KR4MFM,12,5,   coast,-11.06,81020,1846.7,943.88,67.44,52.7,4.2,4.2,4.11,0.31,0.22,0.29,24.06,-5.97,0.19,0.67,-0.32,0.18,36.47,4.19,0,0,0.01,0,1,1,15,31.0408789,-103.5191523,1852,2026,6,20,23,46,48,383,1014,116,68,0.8,0.4,0.7,39,39,30,0,0,0,0,0,0,39,0,35,0,0,0,0,0,0,0,0,0,0,40,0,37,35,0,27,0,0,34,37
6,16410,3,KR4MFM,12,5,   coast,-11.06,81020,1846.7,943.88,67.44,52.7,4.2,4.2,4.11,0.31,0.22,0.29,24.06,-5.97,0.19,0.67,-0.32,0.18,36.47,4.19,0,0,0.01,0,1,1,15,31.0408789,-103.5191523,1852,2026,6,20,23,46,48,383,1014,116,68,0.8,0.4,0.7,39,39,30,0,0,0,0,0,0,39,0,35,0,0,0,0,0,0,0,0,0,0,40,0,37,35,0,27,0,0,34,37
6,16410,3,KR4MFM,12,5,   coast,-11.06,81020,1846.7,943.88,67.44,52.7,4.2,4.2,4.11,0.31,0.22,0.29,24.06,-5.97,0.19,0.67,-0.32,0.18,36.47,4.19,0,0,0.01,0,1,1,15,31.0408789,-103.5191523,1852,2026,6,20,23,46,48,383,1014,116,68,0.8,0.4,0.7,39,39,30,0,0,0,0,0,0,39,0,35,0,0,0,0,0,0,0,0,0,0,40,0,37,35,0,27,0,0,34,37
6,16410,3,KR4MFM,12.01,5,   coast,-10.06,81007,1848,945.18,67.33,52.7,4.2,4.2,4.11,0.26,0.07,0.24,24.8,-6.09,-0.18,0.68,-0.31,0.18,36.53,4.19,0,0,0.01,0,1,1,15,31.0406203,-103.5185297,1948,2026,6,20,23,46,49,449,1128,116,67,0.8,0.4,0.7,38,41,28,0,0,0,0,0,0,39,0,35,0,0,0,0,0,0,0,0,0,0,40,0,39,30,0,25,0,0,35,41
6,16410,3,KR4MFM,12.02,5,   coast,-12.57,81007,1848,945.18,67.23,52.7,4.2,4.2,4.11,0.27,-0.11,0.3,26.14,-6.09,-0.06,0.68,-0.31,0.18,36.59,4.19,0,0,0.01,0,1,1,15,31.0406203,-103.5185297,1948,2026,6,20,23,46,49,449,1128,116,67,0.8,0.4,0.7,38,41,28,0,0,0,0,0,0,39,0,35,0,0,0,0,0,0,0,0,0,0,40,0,39,30,0,25,0,0,35,41
6,16410,3,KR4MFM,12.03,5,   coast,-10.06,80993,1849.4,946.57,67.12,52.7,4.2,4.2,4.11,0.28,-0.09,0.24,27.79,-5.91,0.19,0.68,-0.31,0.18,36.64,4.19,0,0,0.01,0,1,1,15,31.0406203,-103.5185297,1948,2026,6,20,23,46,49,449,1128,116,67,0.8,0.4,0.7,38,41,28,0,0,0,0,0,0,39,0,35,0,0,0,0,0,0,0,0,0,0,40,0,39,30,0,25,0,0,35,41
6,16410,3,KR4MFM,12.04,5,   coast,-10.06,80993,1849.4,946.57,67.02,52.7,4.2,4.2,4.11,0.32,0,0.27,30.41,-6.27,0.43,0.68,-0.31,0.19,36.71,4.19,0,0,0.01,0,1,1,15,31.0406203,-103.5185297,1948,2026,6,20,23,46,49,449,1128,116,67,0.8,0.4,0.7,38,41,28,0,0,0,0,0,0,39,0,35,0,0,0,0,0,0,0,0,0,0,40,0,39,30,0,25,0,0,35,41
6,16410,3,KR4MFM,12.05,5,   coast,-9.56,80972,1851.49,948.67,66.92,52.7,4.2,4.2,4.11,0.29,0.03,0.34,31.82,-5.42,0.49,0.67,-0.31,0.19,36.76,4.19,0,0,0.01,0,1,1,15,31.0406203,-103.5185297,1948,2026,6,20,23,46,49,449,1128,116,67,0.8,0.4,0.7,38,41,28,0,0,0,0,0,0,39,0,35,0,0,0,0,0,0,0,0,0,0,40,0,39,30,0,25,0,0,35,41
6,16410,3,KR4MFM,12.06,5,   coast,-10.06,80972,1851.49,948.67,66.81,52.7,4.2,4.2,4.11,0.25,0.02,0.2,34.32,-5.36,0.31,0.67,-0.31,0.19,36.81,4.19,0,0,0.01,0,1,1,15,31.0406203,-103.5185297,1948,2026,6,20,23,46,49,449,1128,116,67,0.8,0.4,0.7,38,41,28,0,0,0,0,0,0,39,0,35,0,0,0,0,0,0,0,0,0,0,40,0,39,30,0,25,0,0,35,41
6,16410,3,KR4MFM,12.07,5,   coast,-11.57,80967,1851.99,949.17,66.71,52.7,4.2,4.2,4.11,0.19,0.13,0.09,36.27,-5.6,-0.12,0.67,-0.31,0.19,36.86,4.19,0,0,0.01,0,1,1,15,31.0406203,-103.5185297,1948,2026,6,20,23,46,49,449,1128,116,67,0.8,0.4,0.7,38,41,28,0,0,0,0,0,0,39,0,35,0,0,0,0,0,0,0,0,0,0,40,0,39,30,0,25,0,0,35,41
6,16410,3,KR4MFM,12.08,5,   coast,-10.56,80967,1851.99,949.17,66.61,52.7,4.2,4.2,4.11,0.25,0.08,0.09,38.35,-5.36,0.13,0.67,-0.31,0.19,36.92,4.19,0,0,0.01,0,1,1,15,31.0406203,-103.5185297,1948,2026,6,20,23,46,49,449,1128,116,67,0.8,0.4,0.7,38,41,28,0,0,0,0,0,0,39,0,35,0,0,0,0,0,0,0,0,0,0,40,0,39,30,0,25,0,0,35,41
6,16410,3,KR4MFM,12.09,5,   coast,-9.05,80944,1854.29,951.46,66.51,52.7,4.2,4.2,4.11,0.17,-0.01,0.22,38.77,-4.93,-0.06,0.67,-0.31,0.2,36.97,4.19,0,0,0.01,0,1,1,15,31.0406203,-103.5185297,1948,2026,6,20,23,46,49,449,1128,116,67,0.8,0.4,0.7,38,41,28,0,0,0,0,0,0,39,0,35,0,0,0,0,0,0,0,0,0,0,40,0,39,30,0,25,0,0,35,41
6,16410,3,KR4MFM,12.1,5,   coast,-9.56,80944,1854.29,951.46,66.41,52.7,4.2,4.2,4.11,0.26,-0.11,0.24,40.3,-4.63,0.25,0.67,-0.3,0.2,37.01,4.19,0,0,0.01,0,1,1,15,31.0406203,-103.5185297,1948,2026,6,20,23,46,49,449,1128,116,67,0.8,0.4,0.7,38,41,28,0,0,0,0,0,0,39,0,35,0,0,0,0,0,0,0,0,0,0,40,0,39,30,0,25,0,0,35,41
6,16410,3,KR4MFM,12.11,5,   coast,-10.56,80923,1856.39,953.56,66.31,52.7,4.2,4.2,4.11,0.27,-0.08,0.17,41.52,-4.26,0.06,0.67,-0.3,0.2,37.05,4.19,0,0,0.01,0,1,1,15,31.0406203,-103.5185297,1948,2026,6,20,23,46,49,449,1128,116,67,0.8,0.4,0.7,38,41,28,0,0,0,0,0,0,39,0,35,0,0,0,0,0,0,0,0,0,0,40,0,39,30,0,25,0,0,35,41
6,16410,3,KR4MFM,12.12,5,   coast,-9.56,80923,1856.39,953.56,66.21,52.7,4.2,4.2,4.11,0.29,0.06,0.02,43.11,-4.02,0.13,0.68,-0.3,0.2,37.09,4.19,0,0,0.01,0,1,1,15,31.0406203,-103.5185297,1948,2026,6,20,23,46,49,449,1128,116,67,0.8,0.4,0.7,38,41,28,0,0,0,0,0,0,39,0,35,0,0,0,0,0,0,0,0,0,0,40,0,39,30,0,25,0,0,35,41
6,16410,3,KR4MFM,12.13,5,   coast,-11.57,80905,1858.18,955.36,66.1,52.7,4.2,4.2,4.11,0.27,0.07,0.05,41.89,-4.14,-0.06,0.67,-0.3,0.2,37.13,4.19,0,0,0.01,0,1,1,15,31.0406203,-103.5185297,1948,2026,6,20,23,46,49,449,1128,116,67,0.8,0.4,0.7,38,41,28,0,0,0,0,0,0,39,0,35,0,0,0,0,0,0,0,0,0,0,40,0,39,30,0,25,0,0,35,41
6,16410,3,KR4MFM,12.14,5,   coast,-11.57,80905,1858.18,955.36,65.99,52.7,4.2,4.2,4.11,0.24,0.09,-0.01,40.79,-4.02,-0.36,0.67,-0.3,0.2,37.17,4.19,0,0,0.01,0,1,1,15,31.0406203,-103.5185297,1948,2026,6,20,23,46,49,449,1128,116,67,0.8,0.4,0.7,38,41,28,0,0,0,0,0,0,39,0,35,0,0,0,0,0,0,0,0,0,0,40,0,39,30,0,25,0,0,35,41
6,16410,3,KR4MFM,12.15,5,   coast,-12.07,80889,1859.78,956.96,65.88,52.7,4.2,4.2,4.11,0.16,0.08,0.16,40.85,-3.34,-0.67,0.67,-0.29,0.2,37.2,4.19,0,0,0.01,0,1,1,15,31.0406203,-103.5185297,1948,2026,6,20,23,46,49,449,1128,116,67,0.8,0.4,0.7,38,41,28,0,0,0,0,0,0,39,0,35,0,0,0,0,0,0,0,0,0,0,40,0,39,30,0,25,0,0,35,41
6,16410,3,KR4MFM,12.16,5,   coast,-10.56,80889,1859.78,956.96,65.77,52.7,4.2,4.2,4.11,0.06,-0.09,0.29,40.42,-3.04,-0.85,0.67,-0.29,0.21,37.24,4.19,0,0,0.01,0,1,1,15,31.0406203,-103.5185297,1948,2026,6,20,23,46,49,449,1128,116,67,0.8,0.4,0.7,38,41,28,0,0,0,0,0,0,39,0,35,0,0,0,0,0,0,0,0,0,0,40,0,39,30,0,25,0,0,35,41
6,16410,3,KR4MFM,12.17,5,   coast,-11.57,80880,1860.68,957.86,65.66,52.7,4.2,4.2,4.11,0.15,-0.06,0.31,40.54,-2.73,-0.85,0.67,-0.29,0.21,37.26,4.19,0,0,0.01,0,1,1,15,31.0406203,-103.5185297,1948,2026,6,20,23,46,49,449,1128,116,67,0.8,0.4,0.7,38,41,28,0,0,0,0,0,0,39,0,35,0,0,0,0,0,0,0,0,0,0,40,0,39,30,0,25,0,0,35,41
6,16410,3,KR4MFM,12.18,5,   coast,-11.06,80880,1860.68,957.86,65.56,52.7,4.18,4.2,4.11,0.16,0.06,0.07,39.99,-2.12,-0.97,0.67,-0.29,0.21,37.29,4.2,0,0,0,0,1,1,15,31.0406203,-103.5185297,1948,2026,6,20,23,46,49,449,1128,116,67,0.8,0.4,0.7,38,41,28,0,0,0,0,0,0,39,0,35,0,0,0,0,0,0,0,0,0,0,40,0,39,30,0,25,0,0,35,41
6,16410,3,KR4MFM,12.18,5,   coast,-11.06,80880,1860.68,957.86,65.56,52.7,4.18,4.2,4.11,0.16,0.06,0.07,39.99,-2.12,-0.97,0.67,-0.29,0.21,37.29,4.2,0,0,0,0,1,1,15,31.0406203,-103.5185297,1948,2026,6,20,23,46,49,449,1128,116,67,0.8,0.4,0.7,38,41,28,0,0,0,0,0,0,39,0,35,0,0,0,0,0,0,0,0,0,0,40,0,39,30,0,25,0,0,35,41
6,16410,3,KR4MFM,12.19,5,   coast,-10.56,80855,1863.18,960.35,65.45,52.7,4.18,4.2,4.11,0.14,0.05,0.02,40.3,-2,-1.64,0.67,-0.29,0.21,37.31,4.2,0,0,0,0,1,1,15,31.0406203,-103.5185297,1948,2026,6,20,23,46,49,449,1128,116,67,0.8,0.4,0.7,38,41,28,0,0,0,0,0,0,39,0,35,0,0,0,0,0,0,0,0,0,0,40,0,39,30,0,25,0,0,35,41
6,16410,3,KR4MFM,12.2,5,   coast,-11.06,80855,1863.18,960.35,65.34,52.7,4.18,4.2,4.11,0.15,0.04,0.07,40.97,-1.88,-1.28,0.67,-0.29,0.21,37.33,4.2,0,0,0,0,1,1,15,31.0406203,-103.5185297,1948,2026,6,20,23,46,49,449,1128,116,67,0.8,0.4,0.7,38,41,28,0,0,0,0,0,0,39,0,35,0,0,0,0,0,0,0,0,0,0,40,0,39,30,0,25,0,0,35,41
6,16410,3,KR4MFM,12.21,5,   coast,-10.56,80837,1864.98,962.15,65.24,52.7,4.18,4.2,4.11,0.14,0.09,0.08,40.73,-1.45,-1.64,0.67,-0.29,0.21,37.35,4.2,0,0,0,0,1,1,15,31.0406203,-103.5185297,1948,2026,6,20,23,46,49,449,1128,116,67,0.8,0.4,0.7,38,41,28,0,0,0,0,0,0,39,0,35,0,0,0,0,0,0,0,0,0,0,40,0,39,30,0,25,0,0,35,41
6,16410,3,KR4MFM,12.22,5,   coast,-9.56,80837,1864.98,962.15,65.13,52.7,4.18,4.2,4.11,0.18,0,0.19,41.89,-1.02,-1.95,0.67,-0.29,0.21,37.37,4.2,0,0,0,0,1,1,15,31.0406203,-103.5185297,1948,2026,6,20,23,46,49,449,1128,116,67,0.8,0.4,0.7,38,41,28,0,0,0,0,0,0,39,0,35,0,0,0,0,0,0,0,0,0,0,40,0,39,30,0,25,0,0,35,41
6,16410,3,KR4MFM,12.23,5,   coast,-11.06,80833,1865.38,962.55,65.03,52.7,4.18,4.2,4.11,0.12,-0.07,0.31,42.25,-1.21,-1.64,0.68,-0.28,0.21,37.38,4.2,0,0,0,0,1,1,15,31.0406203,-103.5185297,1948,2026,6,20,23,46,49,449,1128,116,67,0.8,0.4,0.7,38,41,28,0,0,0,0,0,0,39,0,35,0,0,0,0,0,0,0,0,0,0,40,0,39,30,0,25,0,0,35,41
6,16410,3,KR4MFM,12.24,5,   coast,-10.56,80833,1865.38,962.55,64.92,52.7,4.18,4.2,4.11,0.11,0.06,0.14,42.56,-0.41,-1.64,0.67,-0.28,0.21,37.39,4.2,0,0,0,0,1,1,15,31.0406203,-103.5185297,1948,2026,6,20,23,46,49,449,1128,116,67,0.8,0.4,0.7,38,41,28,0,0,0,0,0,0,39,0,35,0,0,0,0,0,0,0,0,0,0,40,0,39,30,0,25,0,0,35,41
6,16410,3,KR4MFM,12.25,5,   coast,-12.07,80817,1866.98,964.15,64.82,52.7,4.18,4.2,4.11,0.04,0.06,0.19,42.92,-0.17,-2.07,0.67,-0.28,0.21,37.4,4.2,0,0,0,0,1,1,15,31.0406203,-103.5185297,1948,2026,6,20,23,46,49,449,1128,116,67,0.8,0.4,0.7,38,41,28,0,0,0,0,0,0,39,0,35,0,0,0,0,0,0,0,0,0,0,40,0,39,30,0,25,0,0,35,41
6,16410,3,KR4MFM,12.26,5,   coast,-12.07,80817,1866.98,964.15,64.71,52.7,4.18,4.2,4.11,0.08,-0.09,0.24,44.75,-0.54,-1.77,0.68,-0.27,0.22,37.41,4.2,0,0,0,0,1,1,15,31.0406203,-103.5185297,1948,2026,6,20,23,46,49,449,1128,116,67,0.8,0.4,0.7,38,41,28,0,0,0,0,0,0,39,0,35,0,0,0,0,0,0,0,0,0,0,40,0,39,30,0,25,0,0,35,41
6,16410,3,KR4MFM,12.27,5,   coast,-9.56,80792,1869.48,966.65,64.6,52.7,4.18,4.2,4.11,0.06,-0.06,0.37,46.89,-0.17,-1.83,0.67,-0.27,0.22,37.42,4.2,0,0,0,0,1,1,15,31.0406203,-103.5185297,1948,2026,6,20,23,46,49,449,1128,116,67,0.8,0.4,0.7,38,41,28,0,0,0,0,0,0,39,0,35,0,0,0,0,0,0,0,0,0,0,40,0,39,30,0,25,0,0,35,41
6,16410,3,KR4MFM,12.28,5,   coast,-10.06,80792,1869.48,966.65,64.5,52.7,4.18,4.2,4.11,-0.01,-0.06,0.25,47.93,0.2,-1.77,0.67,-0.27,0.22,37.42,4.2,0,0,0,0,1,1,15,31.0406203,-103.5185297,1948,2026,6,20,23,46,49,449,1128,116,67,0.8,0.4,0.7,38,41,28,0,0,0,0,0,0,39,0,35,0,0,0,0,0,0,0,0,0,0,40,0,39,30,0,25,0,0,35,41
6,16410,3,KR4MFM,12.29,5,   coast,-10.56,80779,1870.78,967.95,64.39,52.7,4.18,4.2,4.11,-0.06,0.1,0.01,48.3,0.07,-1.77,0.67,-0.27,0.22,37.43,4.2,0,0,0,0,1,1,15,31.0406203,-103.5185297,1948,2026,6,20,23,46,49,449,1128,116,67,0.8,0.4,0.7,38,41,28,0,0,0,0,0,0,39,0,35,0,0,0,0,0,0,0,0,0,0,40,0,39,30,0,25,0,0,35,41
6,16410,3,KR4MFM,12.3,5,   coast,-11.06,80779,1870.78,967.95,64.29,52.7,4.18,4.2,4.11,0.07,0.19,0,49.03,0.5,-1.64,0.67,-0.27,0.22,37.43,4.2,0,0,0,0,1,1,15,31.0406203,-103.5185297,1948,2026,6,20,23,46,49,449,1128,116,67,0.8,0.4,0.7,38,41,28,0,0,0,0,0,0,39,0,35,0,0,0,0,0,0,0,0,0,0,40,0,39,30,0,25,0,0,35,41
6,16410,3,KR4MFM,12.31,5,   coast,-8.55,80755,1873.18,970.35,64.19,52.7,4.18,4.2,4.11,0.06,0.09,0.29,52.2,0.56,-1.95,0.67,-0.26,0.23,37.43,4.2,0,0,0,0,1,1,15,31.0406203,-103.5185297,1948,2026,6,20,23,46,49,449,1128,116,67,0.8,0.4,0.7,38,41,28,0,0,0,0,0,0,39,0,35,0,0,0,0,0,0,0,0,0,0,40,0,39,30,0,25,0,0,35,41
6,16410,3,KR4MFM,12.32,5,   coast,-10.06,80755,1873.18,970.35,64.09,52.7,4.18,4.2,4.11,0.06,-0.01,0.41,54.46,0.26,-1.52,0.67,-0.26,0.23,37.44,4.2,0,0,0,0,1,1,15,31.0406203,-103.5185297,1948,2026,6,20,23,46,49,449,1128,116,67,0.8,0.4,0.7,38,41,28,0,0,0,0,0,0,39,0,35,0,0,0,0,0,0,0,0,0,0,40,0,39,30,0,25,0,0,35,41
6,16410,3,KR4MFM,12.33,5,   coast,-10.06,80737,1874.98,972.15,63.99,52.7,4.18,4.2,4.11,0.1,0.21,0.3,54.52,0.87,-1.64,0.67,-0.26,0.23,37.43,4.2,0,0,0,0,1,1,15,31.0406203,-103.5185297,1948,2026,6,20,23,46,49,449,1128,116,67,0.8,0.4,0.7,38,41,28,0,0,0,0,0,0,39,0,35,0,0,0,0,0,0,0,0,0,0,40,0,39,30,0,25,0,0,35,41
6,16410,3,KR4MFM,12.34,5,   coast,-12.07,80737,1874.98,972.15,63.89,52.7,4.18,4.2,4.11,-0.06,0.18,0.06,54.7,0.87,-1.83,0.68,-0.25,0.23,37.43,4.2,0,0,0,0,1,1,15,31.0406203,-103.5185297,1948,2026,6,20,23,46,49,449,1128,116,67,0.8,0.4,0.7,38,41,28,0,0,0,0,0,0,39,0,35,0,0,0,0,0,0,0,0,0,0,40,0,39,30,0,25,0,0,35,41
6,16410,3,KR4MFM,12.35,5,   coast,-8.55,80727,1875.98,973.15,63.79,52.7,4.18,4.2,4.11,-0.06,-0.02,0.07,57.15,0.38,-1.4,0.68,-0.25,0.23,37.44,4.2,0,0,0,0,1,1,15,31.0406203,-103.5185297,1948,2026,6,20,23,46,49,449,1128,116,67,0.8,0.4,0.7,38,41,28,0,0,0,0,0,0,39,0,35,0,0,0,0,0,0,0,0,0,0,40,0,39,30,0,25,0,0,35,41
6,16410,3,KR4MFM,12.36,5,   coast,-11.06,80727,1875.98,973.15,63.68,52.7,4.18,4.2,4.11,-0.03,-0.11,0.26,59.59,0.5,-0.67,0.68,-0.25,0.23,37.43,4.2,0,0,0,0,1,1,15,31.0406203,-103.5185297,1948,2026,6,20,23,46,49,449,1128,116,67,0.8,0.4,0.7,38,41,28,0,0,0,0,0,0,39,0,35,0,0,0,0,0,0,0,0,0,0,40,0,39,30,0,25,0,0,35,41
6,16410,3,KR4MFM,12.37,5,   coast,-12.07,80702,1878.48,975.66,63.58,52.7,4.18,4.2,4.11,0.06,0.35,0.28,60.87,0.93,-0.91,0.68,-0.25,0.23,37.43,4.2,0,0,0,0,1,1,15,31.0406203,-103.5185297,1948,2026,6,20,23,46,49,449,1128,116,67,0.8,0.4,0.7,38,41,28,0,0,0,0,0,0,39,0,35,0,0,0,0,0,0,0,0,0,0,40,0,39,30,0,25,0,0,35,41
6,16410,3,KR4MFM,12.38,5,   coast,-8.05,80702,1878.48,975.66,63.48,52.7,4.18,4.2,4.11,0.03,0.32,0.32,59.53,0.93,-1.1,0.67,-0.24,0.24,37.43,4.2,0,0,0,0,1,1,15,31.0406203,-103.5185297,1948,2026,6,20,23,46,49,449,1128,116,67,0.8,0.4,0.7,38,41,28,0,0,0,0,0,0,39,0,35,0,0,0,0,0,0,0,0,0,0,40,0,39,30,0,25,0,0,35,41
6,16410,3,KR4MFM,12.39,5,   coast,-11.06,80678,1880.88,978.06,63.38,52.7,4.18,4.2,4.11,-0.01,0.15,0.33,57.27,0.56,-0.85,0.67,-0.24,0.24,37.43,4.2,0,0,0,0,1,1,15,31.0406203,-103.5185297,1948,2026,6,20,23,46,49,449,1128,116,67,0.8,0.4,0.7,38,41,28,0,0,0,0,0,0,39,0,35,0,0,0,0,0,0,0,0,0,0,40,0,39,30,0,25,0,0,35,41
6,16410,3,KR4MFM,12.4,5,   coast,-10.56,80678,1880.88,978.06,63.27,52.7,4.18,4.2,4.11,-0.11,0.08,0.11,56.23,0.93,-1.58,0.68,-0.24,0.23,37.42,4.2,0,0,0,0,1,1,15,31.0406203,-103.5185297,1948,2026,6,20,23,46,49,449,1128,116,67,0.8,0.4,0.7,38,41,28,0,0,0,0,0,0,39,0,35,0,0,0,0,0,0,0,0,0,0,40,0,39,30,0,25,0,0,35,41
6,16410,3,KR4MFM,12.41,5,   coast,-10.56,80666,1882.08,979.26,63.17,52.7,4.18,4.2,4.11,-0.04,-0.02,0.14,55.25,0.2,-1.22,0.68,-0.24,0.24,37.43,4.2,0,0,0,0,1,1,15,31.0406203,-103.5185297,1948,2026,6,20,23,46,49,449,1128,116,67,0.8,0.4,0.7,38,41,28,0,0,0,0,0,0,39,0,35,0,0,0,0,0,0,0,0,0,0,40,0,39,30,0,25,0,0,35,41
6,16410,3,KR4MFM,12.42,5,   coast,-11.06,80666,1882.08,979.26,63.06,52.7,4.18,4.2,4.11,-0.06,0.05,0.29,53.73,-0.6,-0.55,0.67,-0.23,0.24,37.44,4.2,0,0,0,0,1,1,15,31.0406203,-103.5185297,1948,2026,6,20,23,46,49,449,1128,116,67,0.8,0.4,0.7,38,41,28,0,0,0,0,0,0,39,0,35,0,0,0,0,0,0,0,0,0,0,40,0,39,30,0,25,0,0,35,41
6,16410,3,KR4MFM,12.43,5,   coast,-10.56,80648,1883.89,981.06,62.96,52.7,4.18,4.2,4.11,-0.08,0.13,0.38,52.51,0.07,-0.61,0.67,-0.23,0.24,37.44,4.2,0,0,0,0,1,1,15,31.0406203,-103.5185297,1948,2026,6,20,23,46,49,449,1128,116,67,0.8,0.4,0.7,38,41,28,0,0,0,0,0,0,39,0,35,0,0,0,0,0,0,0,0,0,0,40,0,39,30,0,25,0,0,35,41
6,16410,3,KR4MFM,12.44,5,   coast,-10.56,80648,1883.89,981.06,62.85,52.7,4.18,4.2,4.11,-0.09,0.23,0.27,51.16,-0.23,-0.18,0.67,-0.23,0.24,37.44,4.2,0,0,0,0,1,1,15,31.0406203,-103.5185297,1948,2026,6,20,23,46,49,449,1128,116,67,0.8,0.4,0.7,38,41,28,0,0,0,0,0,0,39,0,35,0,0,0,0,0,0,0,0,0,0,40,0,39,30,0,25,0,0,35,41
6,16410,3,KR4MFM,12.45,5,   coast,-11.06,80632,1885.49,982.66,62.75,52.7,4.18,4.2,4.11,-0.1,0.36,0.13,49.94,-0.84,-0.12,0.68,-0.23,0.24,37.45,4.2,0,0,0,0,1,1,15,31.0406203,-103.5185297,1948,2026,6,20,23,46,49,449,1128,116,67,0.8,0.4,0.7,38,41,28,0,0,0,0,0,0,39,0,35,0,0,0,0,0,0,0,0,0,0,40,0,39,30,0,25,0,0,35,41
6,16410,3,KR4MFM,12.46,5,   coast,-10.06,80632,1885.49,982.66,62.65,52.7,4.18,4.2,4.11,-0.09,0.22,0.17,47.68,-0.9,-0.79,0.68,-0.22,0.24,37.46,4.2,0,0,0,0,1,1,15,31.0406203,-103.5185297,1948,2026,6,20,23,46,49,449,1128,116,67,0.8,0.4,0.7,38,41,28,0,0,0,0,0,0,39,0,35,0,0,0,0,0,0,0,0,0,0,40,0,39,30,0,25,0,0,35,41
6,16410,3,KR4MFM,12.47,5,   coast,-10.56,80620,1886.69,983.87,62.54,52.7,4.18,4.2,4.11,-0.11,0.06,0.24,46.34,-0.96,-0.73,0.68,-0.22,0.24,37.47,4.2,0,0,0,0,1,1,15,31.0406203,-103.5185297,1948,2026,6,20,23,46,49,449,1128,116,67,0.8,0.4,0.7,38,41,28,0,0,0,0,0,0,39,0,35,0,0,0,0,0,0,0,0,0,0,40,0,39,30,0,25,0,0,35,41
6,16410,3,KR4MFM,12.48,5,   coast,-9.56,80620,1886.69,983.87,62.44,52.7,4.18,4.2,4.11,-0.06,0.01,0.34,45.67,-1.64,-0.24,0.68,-0.22,0.24,37.49,4.2,0,0,0,0,1,1,15,31.0406203,-103.5185297,1948,2026,6,20,23,46,49,449,1128,116,67,0.8,0.4,0.7,38,41,28,0,0,0,0,0,0,39,0,35,0,0,0,0,0,0,0,0,0,0,40,0,39,30,0,25,0,0,35,41
6,16410,3,KR4MFM,12.49,5,   coast,-10.56,80592,1889.5,986.67,62.34,52.7,4.18,4.2,4.11,-0.03,0.04,0.43,44.75,-1.27,-0.06,0.67,-0.22,0.25,37.5,4.2,0,0,0,0,1,1,15,31.0406203,-103.5185297,1948,2026,6,20,23,46,49,449,1128,116,67,0.8,0.4,0.7,38,41,28,0,0,0,0,0,0,39,0,35,0,0,0,0,0,0,0,0,0,0,40,0,39,30,0,25,0,0,35,41
6,16410,3,KR4MFM,12.5,5,   coast,-10.06,80592,1889.5,986.67,62.24,52.7,4.19,4.2,4.11,-0.17,0.08,0.31,43.72,-1.7,0.19,0.67,-0.22,0.25,37.51,4.2,0,0,0,0,1,1,15,31.0406203,-103.5185297,1948,2026,6,20,23,46,49,449,1128,116,67,0.8,0.4,0.7,38,41,28,0,0,0,0,0,0,39,0,35,0,0,0,0,0,0,0,0,0,0,40,0,39,30,0,25,0,0,35,41
6,16410,3,KR4MFM,12.5,5,   coast,-10.06,80592,1889.5,986.67,62.24,52.7,4.19,4.2,4.11,-0.17,0.08,0.31,43.72,-1.7,0.19,0.67,-0.22,0.25,37.51,4.2,0,0,0,0,1,1,15,31.0406203,-103.5185297,1948,2026,6,20,23,46,49,449,1128,116,67,0.8,0.4,0.7,38,41,28,0,0,0,0,0,0,39,0,35,0,0,0,0,0,0,0,0,0,0,40,0,39,30,0,25,0,0,35,41
6,16410,3,KR4MFM,12.51,5,   coast,-10.06,80579,1890.8,987.97,62.14,52.7,4.19,4.2,4.11,-0.12,0.22,0.23,42.62,-1.57,0.06,0.68,-0.21,0.24,37.53,4.2,0,0,0,0,1,1,15,31.0406203,-103.5185297,1948,2026,6,20,23,46,49,449,1128,116,67,0.8,0.4,0.7,38,41,28,0,0,0,0,0,0,39,0,35,0,0,0,0,0,0,0,0,0,0,40,0,39,30,0,25,0,0,35,41
6,16410,3,KR4MFM,12.52,5,   coast,-11.57,80579,1890.8,987.97,62.03,52.7,4.19,4.2,4.11,-0.11,0.22,0.23,41.34,-2,0.13,0.68,-0.21,0.25,37.54,4.2,0,0,0,0,1,1,15,31.0406203,-103.5185297,1948,2026,6,20,23,46,49,449,1128,116,67,0.8,0.4,0.7,38,41,28,0,0,0,0,0,0,39,0,35,0,0,0,0,0,0,0,0,0,0,40,0,39,30,0,25,0,0,35,41
6,16410,3,KR4MFM,12.53,5,   coast,-11.06,80571,1891.6,988.78,61.93,52.7,4.19,4.2,4.11,-0.11,0.11,0.2,40.6,-2.25,-0.36,0.67,-0.21,0.25,37.56,4.2,0,0,0,0,1,1,15,31.0406203,-103.5185297,1948,2026,6,20,23,46,49,449,1128,116,67,0.8,0.4,0.7,38,41,28,0,0,0,0,0,0,39,0,35,0,0,0,0,0,0,0,0,0,0,40,0,39,30,0,25,0,0,35,41
6,16410,3,KR4MFM,12.54,5,   coast,-10.06,80571,1891.6,988.78,61.82,52.7,4.19,4.2,4.11,-0.13,0.01,0.26,39.51,-3.04,0,0.67,-0.21,0.25,37.59,4.2,0,0,0,0,1,1,15,31.0406203,-103.5185297,1948,2026,6,20,23,46,49,449,1128,116,67,0.8,0.4,0.7,38,41,28,0,0,0,0,0,0,39,0,35,0,0,0,0,0,0,0,0,0,0,40,0,39,30,0,25,0,0,35,41
6,16410,3,KR4MFM,12.55,5,   coast,-10.06,80554,1893.3,990.48,61.72,52.7,4.19,4.2,4.11,-0.09,-0.02,0.39,38.53,-2.73,0.31,0.67,-0.21,0.25,37.61,4.2,0,0,0,0,1,1,15,31.0406203,-103.5185297,1948,2026,6,20,23,46,49,449,1128,116,67,0.8,0.4,0.7,38,41,28,0,0,0,0,0,0,39,0,35,0,0,0,0,0,0,0,0,0,0,40,0,39,30,0,25,0,0,35,41
6,16410,3,KR4MFM,12.56,5,   coast,-9.56,80554,1893.3,990.48,61.62,52.7,4.19,4.2,4.11,-0.13,-0.04,0.39,37.37,-2.92,0.25,0.68,-0.2,0.25,37.63,4.2,0,0,0,0,1,1,15,31.0406203,-103.5185297,1948,2026,6,20,23,46,49,449,1128,116,67,0.8,0.4,0.7,38,41,28,0,0,0,0,0,0,39,0,35,0,0,0,0,0,0,0,0,0,0,40,0,39,30,0,25,0,0,35,41
6,16410,3,KR4MFM,12.57,5,   coast,-10.56,80535,1895.21,992.38,61.52,52.7,4.19,4.2,4.11,-0.23,0.05,0.27,36.33,-3.04,0.49,0.68,-0.2,0.25,37.65,4.2,0,0,0,0,1,1,15,31.0406203,-103.5185297,1948,2026,6,20,23,46,49,449,1128,116,67,0.8,0.4,0.7,38,41,28,0,0,0,0,0,0,39,0,35,0,0,0,0,0,0,0,0,0,0,40,0,39,30,0,25,0,0,35,41
6,16410,3,KR4MFM,12.58,5,   coast,-10.56,80535,1895.21,992.38,61.42,52.7,4.19,4.2,4.11,-0.22,0.19,0.18,35.54,-3.34,0.49,0.68,-0.2,0.25,37.68,4.2,0,0,0,0,1,1,15,31.0406203,-103.5185297,1948,2026,6,20,23,46,49,449,1128,116,67,0.8,0.4,0.7,38,41,28,0,0,0,0,0,0,39,0,35,0,0,0,0,0,0,0,0,0,0,40,0,39,30,0,25,0,0,35,41
6,16410,3,KR4MFM,12.59,5,   coast,-9.56,80506,1898.12,995.29,61.32,52.7,4.19,4.2,4.11,-0.25,0.16,0.14,34.38,-3.71,-0.3,0.68,-0.2,0.25,37.71,4.2,0,0,0,0,1,1,15,31.0406203,-103.5185297,1948,2026,6,20,23,46,49,449,1128,116,67,0.8,0.4,0.7,38,41,28,0,0,0,0,0,0,39,0,35,0,0,0,0,0,0,0,0,0,0,40,0,39,30,0,25,0,0,35,41
6,16410,3,KR4MFM,12.6,5,   coast,-9.56,80506,1898.12,995.29,61.22,52.7,4.19,4.2,4.11,-0.22,-0.06,0.24,33.34,-3.77,-0.18,0.68,-0.2,0.25,37.74,4.2,0,0,0,0,1,1,15,31.0406203,-103.5185297,1948,2026,6,20,23,46,49,449,1128,116,67,0.8,0.4,0.7,38,41,28,0,0,0,0,0,0,39,0,35,0,0,0,0,0,0,0,0,0,0,40,0,39,30,0,25,0,0,35,41
6,16410,3,KR4MFM,12.61,5,   coast,-11.06,80496,1899.12,996.29,61.11,52.7,4.19,4.2,4.11,-0.18,-0.08,0.38,32.55,-4.02,-0.18,0.67,-0.2,0.26,37.77,4.2,0,0,0,0,1,1,15,31.0406203,-103.5185297,1948,2026,6,20,23,46,49,449,1128,116,67,0.8,0.4,0.7,38,41,28,0,0,0,0,0,0,39,0,35,0,0,0,0,0,0,0,0,0,0,40,0,39,30,0,25,0,0,35,41
6,16410,3,KR4MFM,12.62,5,   coast,-11.06,80496,1899.12,996.29,61.01,52.7,4.19,4.2,4.11,-0.21,-0.18,0.37,31.88,-3.95,-0.18,0.67,-0.19,0.26,37.81,4.2,0,0,0,0,1,1,15,31.0406203,-103.5185297,1948,2026,6,20,23,46,49,449,1128,116,67,0.8,0.4,0.7,38,41,28,0,0,0,0,0,0,39,0,35,0,0,0,0,0,0,0,0,0,0,40,0,39,30,0,25,0,0,35,41
6,16410,3,KR4MFM,12.63,5,   coast,-10.56,80472,1901.53,998.7,60.91,52.7,4.19,4.2,4.11,-0.18,-0.13,0.25,31.14,-4.2,0.13,0.67,-0.19,0.26,37.84,4.2,0,0,0,0,1,1,15,31.0406203,-103.5185297,1948,2026,6,20,23,46,49,449,1128,116,67,0.8,0.4,0.7,38,41,28,0,0,0,0,0,0,39,0,35,0,0,0,0,0,0,0,0,0,0,40,0,39,30,0,25,0,0,35,41
6,16410,3,KR4MFM,12.64,5,   coast,-9.56,80472,1901.53,998.7,60.81,52.7,4.19,4.2,4.11,-0.19,0.06,0.12,29.86,-4.44,0.43,0.67,-0.19,0.26,37.87,4.2,0,0,0,0,1,1,15,31.0406203,-103.5185297,1948,2026,6,20,23,46,49,449,1128,116,67,0.8,0.4,0.7,38,41,28,0,0,0,0,0,0,39,0,35,0,0,0,0,0,0,0,0,0,0,40,0,39,30,0,25,0,0,35,41
6,16410,3,KR4MFM,12.65,5,   coast,-11.06,80470,1901.73,998.9,60.7,52.7,4.19,4.2,4.11,-0.27,0.19,0.11,27.6,-4.75,-0.36,0.67,-0.19,0.26,37.91,4.2,0,0,0,0,1,1,15,31.0406203,-103.5185297,1948,2026,6,20,23,46,49,449,1128,116,67,0.8,0.4,0.7,38,41,28,0,0,0,0,0,0,39,0,35,0,0,0,0,0,0,0,0,0,0,40,0,39,30,0,25,0,0,35,41
6,16410,3,KR4MFM,12.66,5,   coast,-9.56,80470,1901.73,998.9,60.6,52.7,4.19,4.2,4.11,-0.23,-0.1,0.15,25.59,-5.05,-0.3,0.67,-0.19,0.26,37.96,4.2,0,0,0,0,1,1,15,31.0406203,-103.5185297,1948,2026,6,20,23,46,49,449,1128,116,67,0.8,0.4,0.7,38,41,28,0,0,0,0,0,0,39,0,35,0,0,0,0,0,0,0,0,0,0,40,0,39,30,0,25,0,0,35,41
6,16410,3,KR4MFM,12.67,5,   coast,-10.56,80439,1904.84,1002.01,60.5,52.7,4.19,4.2,4.11,-0.19,-0.04,0.32,23.7,-4.2,-0.49,0.68,-0.19,0.26,37.99,4.2,0,0,0,0,1,1,15,31.0406203,-103.5185297,1948,2026,6,20,23,46,49,449,1128,116,67,0.8,0.4,0.7,38,41,28,0,0,0,0,0,0,39,0,35,0,0,0,0,0,0,0,0,0,0,40,0,39,30,0,25,0,0,35,41
6,16410,3,KR4MFM,12.68,5,   coast,-10.06,80439,1904.84,1002.01,60.39,52.7,4.19,4.2,4.11,-0.22,0.04,0.24,20.52,-4.14,-1.1,0.67,-0.19,0.26,38.03,4.2,0,0,0,0,1,1,15,31.0406203,-103.5185297,1948,2026,6,20,23,46,49,449,1128,116,67,0.8,0.4,0.7,38,41,28,0,0,0,0,0,0,39,0,35,0,0,0,0,0,0,0,0,0,0,40,0,39,30,0,25,0,0,35,41
6,16410,3,KR4MFM,12.69,5,   coast,-11.57,80438,1904.94,1002.11,60.29,52.7,4.19,4.2,4.11,-0.27,0.01,0.14,18.33,-4.75,-1.22,0.67,-0.19,0.26,38.08,4.2,0,0,0,0,1,1,15,31.0406203,-103.5185297,1948,2026,6,20,23,46,49,449,1128,116,67,0.8,0.4,0.7,38,41,28,0,0,0,0,0,0,39,0,35,0,0,0,0,0,0,0,0,0,0,40,0,39,30,0,25,0,0,35,41
6,16410,3,KR4MFM,12.7,5,   coast,-11.06,80438,1904.94,1002.11,60.18,52.7,4.19,4.2,4.11,-0.23,0.06,0.1,15.46,-4.2,-1.46,0.67,-0.18,0.26,38.12,4.2,0,0,0,0,1,1,15,31.0406203,-103.5185297,1948,2026,6,20,23,46,49,449,1128,116,67,0.8,0.4,0.7,38,41,28,0,0,0,0,0,0,39,0,35,0,0,0,0,0,0,0,0,0,0,40,0,39,30,0,25,0,0,35,41
6,16410,3,KR4MFM,12.71,5,   coast,-11.06,80406,1908.15,1005.33,60.08,52.7,4.19,4.2,4.11,-0.22,0,0.15,14.18,-4.75,-1.71,0.68,-0.18,0.26,38.17,4.2,0,0,0,0,1,1,15,31.0406203,-103.5185297,1948,2026,6,20,23,46,49,449,1128,116,67,0.8,0.4,0.7,38,41,28,0,0,0,0,0,0,39,0,35,0,0,0,0,0,0,0,0,0,0,40,0,39,30,0,25,0,0,35,41
6,16410,3,KR4MFM,12.72,5,   coast,-10.56,80406,1908.15,1005.33,59.97,52.7,4.19,4.2,4.11,-0.29,-0.17,0.26,12.28,-4.87,-2.44,0.67,-0.18,0.26,38.22,4.2,0,0,0,0,1,1,15,31.0406203,-103.5185297,1948,2026,6,20,23,46,49,449,1128,116,67,0.8,0.4,0.7,38,41,28,0,0,0,0,0,0,39,0,35,0,0,0,0,0,0,0,0,0,0,40,0,39,30,0,25,0,0,35,41
6,16410,3,KR4MFM,12.73,5,   coast,-11.06,80393,1909.45,1006.63,59.86,52.7,4.19,4.2,4.11,-0.23,-0.29,0.34,10.15,-4.63,-2.01,0.67,-0.18,0.26,38.27,4.2,0,0,0,0,1,1,15,31.0406203,-103.5185297,1948,2026,6,20,23,46,49,449,1128,116,67,0.8,0.4,0.7,38,41,28,0,0,0,0,0,0,39,0,35,0,0,0,0,0,0,0,0,0,0,40,0,39,30,0,25,0,0,35,41
6,16410,3,KR4MFM,12.74,5,   coast,-10.56,80393,1909.45,1006.63,59.76,52.7,4.19,4.2,4.11,-0.26,-0.04,0.21,8.13,-4.14,-2.44,0.67,-0.18,0.26,38.32,4.2,0,0,0,0,1,1,15,31.0406203,-103.5185297,1948,2026,6,20,23,46,49,449,1128,116,67,0.8,0.4,0.7,38,41,28,0,0,0,0,0,0,39,0,35,0,0,0,0,0,0,0,0,0,0,40,0,39,30,0,25,0,0,35,41
6,16410,3,KR4MFM,12.75,5,   coast,-11.06,80373,1911.46,1008.64,59.65,52.7,4.19,4.2,4.11,-0.31,0.09,0.18,6.06,-3.95,-2.74,0.67,-0.18,0.26,38.36,4.2,0,0,0,0,1,1,15,31.0406203,-103.5185297,1948,2026,6,20,23,46,49,449,1128,116,67,0.8,0.4,0.7,38,41,28,0,0,0,0,0,0,39,0,35,0,0,0,0,0,0,0,0,0,0,40,0,39,30,0,25,0,0,35,41
6,16410,3,KR4MFM,12.76,5,   coast,-10.06,80373,1911.46,1008.64,59.55,52.7,4.19,4.2,4.11,-0.28,0.16,0.19,5.57,-4.32,-3.29,0.67,-0.18,0.26,38.42,4.2,0,0,0,0,1,1,15,31.0406203,-103.5185297,1948,2026,6,20,23,46,49,449,1128,116,67,0.8,0.4,0.7,38,41,28,0,0,0,0,0,0,39,0,35,0,0,0,0,0,0,0,0,0,0,40,0,39,30,0,25,0,0,35,41
6,16410,3,KR4MFM,12.77,5,   coast,-11.06,80361,1912.67,1009.84,59.44,52.7,4.19,4.2,4.11,-0.21,0.06,0.12,6.91,-3.59,-3.54,0.67,-0.18,0.26,38.47,4.2,0,0,0,0,1,1,15,31.0406203,-103.5185297,1948,2026,6,20,23,46,49,449,1128,116,67,0.8,0.4,0.7,38,41,28,0,0,0,0,0,0,39,0,35,0,0,0,0,0,0,0,0,0,0,40,0,39,30,0,25,0,0,35,41
6,16410,3,KR4MFM,12.78,5,   coast,-10.56,80361,1912.67,1009.84,59.34,52.7,4.19,4.2,4.11,-0.29,-0.11,0.26,7.04,-4.02,-4.33,0.67,-0.18,0.26,38.53,4.2,0,0,0,0,1,1,15,31.0406203,-103.5185297,1948,2026,6,20,23,46,49,449,1128,116,67,0.8,0.4,0.7,38,41,28,0,0,0,0,0,0,39,0,35,0,0,0,0,0,0,0,0,0,0,40,0,39,30,0,25,0,0,35,41
6,16410,3,KR4MFM,12.79,5,   coast,-10.06,80352,1913.57,1010.75,59.23,52.7,4.19,4.2,4.11,-0.27,-0.28,0.35,8.26,-3.89,-3.84,0.67,-0.18,0.26,38.58,4.2,0,0,0,0,1,1,15,31.0406203,-103.5185297,1948,2026,6,20,23,46,49,449,1128,116,67,0.8,0.4,0.7,38,41,28,0,0,0,0,0,0,39,0,35,0,0,0,0,0,0,0,0,0,0,40,0,39,30,0,25,0,0,35,41
6,16410,3,KR4MFM,12.8,5,   coast,-10.56,80352,1913.57,1010.75,59.13,52.7,4.19,4.2,4.11,-0.32,-0.16,0.17,8.93,-3.04,-3.54,0.67,-0.18,0.26,38.63,4.2,0,0,0,0,1,1,15,31.0406203,-103.5185297,1948,2026,6,20,23,46,49,449,1128,116,67,0.8,0.4,0.7,38,41,28,0,0,0,0,0,0,39,0,35,0,0,0,0,0,0,0,0,0,0,40,0,39,30,0,25,0,0,35,41
6,16410,3,KR4MFM,12.81,5,   coast,-12.07,80326,1916.18,1013.36,59.02,52.7,4.19,4.2,4.11,-0.25,0.01,0.03,10.27,-2.61,-3.84,0.67,-0.18,0.26,38.67,4.2,0,0,0,0,1,1,15,31.0406203,-103.5185297,1948,2026,6,20,23,46,49,449,1128,116,67,0.8,0.4,0.7,38,41,28,0,0,0,0,0,0,39,0,35,0,0,0,0,0,0,0,0,0,0,40,0,39,30,0,25,0,0,35,41
6,16410,3,KR4MFM,12.82,5,   coast,-10.56,80326,1916.18,1013.36,58.92,52.7,4.18,4.2,4.11,-0.29,0.11,-0.03,10.88,-2.98,-4.27,0.67,-0.18,0.26,38.72,4.19,0,0,0,0,1,1,15,31.0406203,-103.5185297,1948,2026,6,20,23,46,49,449,1128,116,67,0.8,0.4,0.7,38,41,28,0,0,0,0,0,0,39,0,35,0,0,0,0,0,0,0,0,0,0,40,0,39,30,0,25,0,0,35,41
6,16410,3,KR4MFM,12.82,5,   coast,-10.56,80326,1916.18,1013.36,58.92,52.7,4.18,4.2,4.11,-0.29,0.11,-0.03,10.88,-2.98,-4.27,0.67,-0.18,0.26,38.72,4.19,0,0,0,0,1,1,15,31.0406203,-103.5185297,1948,2026,6,20,23,46,49,449,1128,116,67,0.8,0.4,0.7,38,41,28,0,0,0,0,0,0,39,0,35,0,0,0,0,0,0,0,0,0,0,40,0,39,30,0,25,0,0,35,41
6,16410,3,KR4MFM,12.83,5,   coast,-10.56,80312,1917.59,1014.77,58.81,52.7,4.18,4.2,4.11,-0.22,0.18,0.1,12.53,-2.55,-4.33,0.67,-0.18,0.27,38.77,4.19,0,0,0,0,1,1,15,31.0406203,-103.5185297,1948,2026,6,20,23,46,49,449,1128,116,67,0.8,0.4,0.7,38,41,28,0,0,0,0,0,0,39,0,35,0,0,0,0,0,0,0,0,0,0,40,0,39,30,0,25,0,0,35,41
6,16410,3,KR4MFM,12.84,5,   coast,-10.56,80312,1917.59,1014.77,58.7,52.7,4.18,4.2,4.11,-0.22,0.04,0.11,14.24,-2.37,-4.82,0.67,-0.18,0.27,38.82,4.19,0,0,0,0,1,1,15,31.0406203,-103.5185297,1948,2026,6,20,23,46,49,449,1128,116,67,0.8,0.4,0.7,38,41,28,0,0,0,0,0,0,39,0,35,0,0,0,0,0,0,0,0,0,0,40,0,39,30,0,25,0,0,35,41
6,16410,3,KR4MFM,12.85,5,   coast,-11.57,80297,1919.1,1016.27,58.6,52.7,4.18,4.2,4.11,-0.27,-0.18,0.03,14.91,-2.12,-3.96,0.67,-0.18,0.27,38.86,4.19,0,0,0,0,1,1,15,31.0406203,-103.5185297,1948,2026,6,20,23,46,49,449,1128,116,67,0.8,0.4,0.7,38,41,28,0,0,0,0,0,0,39,0,35,0,0,0,0,0,0,0,0,0,0,40,0,39,30,0,25,0,0,35,41
6,16410,3,KR4MFM,12.86,5,   coast,-10.56,80297,1919.1,1016.27,58.49,52.7,4.18,4.2,4.11,-0.37,-0.09,0.06,14.48,-1.7,-3.9,0.67,-0.17,0.27,38.9,4.19,0,0,0,0,1,1,15,31.0406203,-103.5185297,1948,2026,6,20,23,46,49,449,1128,116,67,0.8,0.4,0.7,38,41,28,0,0,0,0,0,0,39,0,35,0,0,0,0,0,0,0,0,0,0,40,0,39,30,0,25,0,0,35,41
6,16410,3,KR4MFM,12.87,5,   coast,-12.07,80286,1920.2,1017.38,58.38,52.7,4.18,4.2,4.11,-0.38,0.17,0.09,14.6,-0.96,-3.84,0.67,-0.17,0.27,38.93,4.19,0,0,0,0,1,1,15,31.0406203,-103.5185297,1948,2026,6,20,23,46,49,449,1128,116,67,0.8,0.4,0.7,38,41,28,0,0,0,0,0,0,39,0,35,0,0,0,0,0,0,0,0,0,0,40,0,39,30,0,25,0,0,35,41
6,16410,3,KR4MFM,12.88,5,   coast,-12.07,80286,1920.2,1017.38,58.27,52.7,4.18,4.2,4.11,-0.29,0.27,0.03,14.73,-1.33,-3.78,0.67,-0.17,0.27,38.96,4.19,0,0,0,0,1,1,15,31.0406203,-103.5185297,1948,2026,6,20,23,46,49,449,1128,116,67,0.8,0.4,0.7,38,41,28,0,0,0,0,0,0,39,0,35,0,0,0,0,0,0,0,0,0,0,40,0,39,30,0,25,0,0,35,41
6,16410,3,KR4MFM,12.89,5,   coast,-11.57,80272,1921.61,1018.79,58.16,52.7,4.18,4.2,4.11,-0.32,0.31,0.09,16.37,-0.9,-3.84,0.67,-0.17,0.26,39,4.19,0,0,0,0,1,1,15,31.0406203,-103.5185297,1948,2026,6,20,23,46,49,449,1128,116,67,0.8,0.4,0.7,38,41,28,0,0,0,0,0,0,39,0,35,0,0,0,0,0,0,0,0,0,0,40,0,39,30,0,25,0,0,35,41
6,16410,3,KR4MFM,12.9,5,   coast,-10.06,80272,1921.61,1018.79,58.05,52.7,4.18,4.2,4.11,-0.32,0.04,0.12,18.39,-1.21,-4.45,0.67,-0.17,0.27,39.03,4.19,0,0,0,0,1,1,15,31.0406203,-103.5185297,1948,2026,6,20,23,46,49,449,1128,116,67,0.8,0.4,0.7,38,41,28,0,0,0,0,0,0,39,0,35,0,0,0,0,0,0,0,0,0,0,40,0,39,30,0,25,0,0,35,41
6,16410,3,KR4MFM,12.91,5,   coast,-11.06,80254,1923.42,1020.6,57.94,52.7,4.18,4.2,4.11,-0.44,-0.09,0.17,20.52,-0.66,-3.6,0.67,-0.17,0.27,39.06,4.19,0,0,0,0,1,1,15,31.0406203,-103.5185297,1948,2026,6,20,23,46,49,449,1128,116,67,0.8,0.4,0.7,38,41,28,0,0,0,0,0,0,39,0,35,0,0,0,0,0,0,0,0,0,0,40,0,39,30,0,25,0,0,35,41
6,16410,3,KR4MFM,12.92,5,   coast,-10.56,80254,1923.42,1020.6,57.84,52.7,4.18,4.2,4.11,-0.39,-0.01,0.25,22.48,-0.23,-2.68,0.67,-0.16,0.26,39.08,4.19,0,0,0,0,1,1,15,31.0406203,-103.5185297,1948,2026,6,20,23,46,49,449,1128,116,67,0.8,0.4,0.7,38,41,28,0,0,0,0,0,0,39,0,35,0,0,0,0,0,0,0,0,0,0,40,0,39,30,0,25,0,0,35,41
6,16410,3,KR4MFM,12.93,5,   coast,-10.06,80232,1925.63,1022.81,57.73,52.7,4.18,4.2,4.11,-0.37,0.04,0.31,24.98,-0.35,-2.87,0.67,-0.16,0.26,39.1,4.19,0,0,0,0,1,1,15,31.0406203,-103.5185297,1948,2026,6,20,23,46,49,449,1128,116,67,0.8,0.4,0.7,38,41,28,0,0,0,0,0,0,39,0,35,0,0,0,0,0,0,0,0,0,0,40,0,39,30,0,25,0,0,35,41
6,16410,3,KR4MFM,12.94,5,   coast,-10.06,80232,1925.63,1022.81,57.63,52.7,4.18,4.2,4.11,-0.39,0.09,0.2,27.73,-0.05,-2.68,0.67,-0.16,0.27,39.12,4.19,0,0,0,0,1,1,15,31.0406203,-103.5185297,1948,2026,6,20,23,46,49,449,1128,116,67,0.8,0.4,0.7,38,41,28,0,0,0,0,0,0,39,0,35,0,0,0,0,0,0,0,0,0,0,40,0,39,30,0,25,0,0,35,41
6,16410,3,KR4MFM,12.95,5,   coast,-12.57,80216,1927.24,1024.42,57.52,52.7,4.18,4.2,4.11,-0.4,0.25,0.16,30.53,0.56,-2.32,0.67,-0.16,0.27,39.13,4.19,0,0,0,0,1,1,15,31.0406203,-103.5185297,1948,2026,6,20,23,46,49,449,1128,116,67,0.8,0.4,0.7,38,41,28,0,0,0,0,0,0,39,0,35,0,0,0,0,0,0,0,0,0,0,40,0,39,30,0,25,0,0,35,41
6,16410,3,KR4MFM,12.96,5,   coast,-10.56,80216,1927.24,1024.42,57.41,52.7,4.18,4.2,4.11,-0.44,0.2,0.11,32.55,0.13,-2.74,0.67,-0.16,0.27,39.15,4.19,0,0,0,0,1,1,15,31.0406203,-103.5185297,1948,2026,6,20,23,46,49,449,1128,116,67,0.8,0.4,0.7,38,41,28,0,0,0,0,0,0,39,0,35,0,0,0,0,0,0,0,0,0,0,40,0,39,30,0,25,0,0,35,41
6,16410,3,KR4MFM,12.97,5,   coast,-11.57,80214,1927.44,1024.62,57.3,52.7,4.18,4.2,4.11,-0.39,-0.04,0.13,34.56,-0.17,-2.62,0.67,-0.16,0.27,39.17,4.19,0,0,0,0,1,1,15,31.0406203,-103.5185297,1948,2026,6,20,23,46,49,449,1128,116,67,0.8,0.4,0.7,38,41,28,0,0,0,0,0,0,39,0,35,0,0,0,0,0,0,0,0,0,0,40,0,39,30,0,25,0,0,35,41
6,16410,3,KR4MFM,12.97,5,   coast,-11.57,80214,1927.44,1024.62,57.3,52.7,4.18,4.2,4.11,-0.39,-0.04,0.13,34.56,-0.17,-2.62,0.67,-0.16,0.27,39.17,4.19,0,0,0,0,1,1,15,31.0406203,-103.5185297,1948,2026,6,20,23,46,49,449,1128,116,67,0.8,0.4,0.7,38,41,28,0,0,0,0,0,0,39,0,35,0,0,0,0,0,0,0,0,0,0,40,0,39,30,0,25,0,0,35,41
6,16410,3,KR4MFM,12.97,5,   coast,-11.57,80214,1927.44,1024.62,57.3,52.7,4.18,4.2,4.11,-0.39,-0.04,0.13,34.56,-0.17,-2.62,0.67,-0.16,0.27,39.17,4.19,0,0,0,0,1,1,15,31.0406203,-103.5185297,1948,2026,6,20,23,46,49,449,1128,116,67,0.8,0.4,0.7,38,41,28,0,0,0,0,0,0,39,0,35,0,0,0,0,0,0,0,0,0,0,40,0,39,30,0,25,0,0,35,41
6,16410,3,KR4MFM,12.98,5,   coast,-11.06,80214,1927.44,1024.62,57.19,52.7,4.18,4.2,4.11,-0.37,0,0.42,36.7,0.44,-1.71,0.67,-0.16,0.27,39.18,4.19,0,0,0,0,1,1,15,31.0403603,-103.5179065,2036,2026,6,20,23,46,50,515,1236,116,65,0.9,0.5,0.8,27,41,29,0,0,0,0,28,0,39,0,37,0,0,0,0,0,0,0,0,0,0,32,0,39,34,0,32,0,0,30,42
6,16410,3,KR4MFM,12.99,5,   coast,-10.56,80196,1929.25,1026.43,57.08,52.7,4.18,4.2,4.11,-0.35,0.11,0.35,39.14,0.56,-1.58,0.67,-0.16,0.27,39.18,4.19,0,0,0,0,1,1,15,31.0403603,-103.5179065,2036,2026,6,20,23,46,50,515,1236,116,65,0.9,0.5,0.8,27,41,29,0,0,0,0,28,0,39,0,37,0,0,0,0,0,0,0,0,0,0,32,0,39,34,0,32,0,0,30,42
6,16410,3,KR4MFM,13,5,   coast,-12.07,80196,1929.25,1026.43,56.97,52.7,4.18,4.2,4.11,-0.37,0.19,0.13,40.67,1.29,-1.22,0.67,-0.15,0.27,39.18,4.19,0,0,0,0,1,1,15,31.0403603,-103.5179065,2036,2026,6,20,23,46,50,515,1236,116,65,0.9,0.5,0.8,27,41,29,0,0,0,0,28,0,39,0,37,0,0,0,0,0,0,0,0,0,0,32,0,39,34,0,32,0,0,30,42
6,16410,3,KR4MFM,13.01,5,   coast,-12.57,80178,1931.06,1028.24,56.86,52.7,4.18,4.2,4.11,-0.42,0.27,0.09,43.35,0.75,-0.85,0.67,-0.15,0.27,39.18,4.19,0,0,0,0,1,1,15,31.0403603,-103.5179065,2036,2026,6,20,23,46,50,515,1236,116,65,0.9,0.5,0.8,27,41,29,0,0,0,0,28,0,39,0,37,0,0,0,0,0,0,0,0,0,0,32,0,39,34,0,32,0,0,30,42
6,16410,3,KR4MFM,13.02,5,   coast,-11.57,80178,1931.06,1028.24,56.75,52.7,4.18,4.2,4.11,-0.44,0.22,0.04,44.88,0.68,-1.46,0.67,-0.15,0.27,39.19,4.19,0,0,0,0,1,1,15,31.0403603,-103.5179065,2036,2026,6,20,23,46,50,515,1236,116,65,0.9,0.5,0.8,27,41,29,0,0,0,0,28,0,39,0,37,0,0,0,0,0,0,0,0,0,0,32,0,39,34,0,32,0,0,30,42
6,16410,3,KR4MFM,13.03,5,   coast,-10.56,80162,1932.67,1029.85,56.64,52.7,4.18,4.2,4.11,-0.42,-0.06,0.01,46.65,0.81,-0.67,0.67,-0.14,0.27,39.19,4.19,0,0,0,0,1,1,15,31.0403603,-103.5179065,2036,2026,6,20,23,46,50,515,1236,116,65,0.9,0.5,0.8,27,41,29,0,0,0,0,28,0,39,0,37,0,0,0,0,0,0,0,0,0,0,32,0,39,34,0,32,0,0,30,42
6,16410,3,KR4MFM,13.04,5,   coast,-11.57,80162,1932.67,1029.85,56.52,52.7,4.18,4.2,4.11,-0.42,-0.09,0.31,48.66,-0.11,0.13,0.67,-0.14,0.27,39.19,4.19,0,0,0,0,1,1,15,31.0403603,-103.5179065,2036,2026,6,20,23,46,50,515,1236,116,65,0.9,0.5,0.8,27,41,29,0,0,0,0,28,0,39,0,37,0,0,0,0,0,0,0,0,0,0,32,0,39,34,0,32,0,0,30,42
6,16410,3,KR4MFM,13.05,5,   coast,-12.57,80141,1934.79,1031.96,56.41,52.7,4.18,4.2,4.11,-0.45,-0.18,0.6,50.86,0.75,-0.06,0.67,-0.14,0.27,39.18,4.19,0,0,0,0,1,1,15,31.0403603,-103.5179065,2036,2026,6,20,23,46,50,515,1236,116,65,0.9,0.5,0.8,27,41,29,0,0,0,0,28,0,39,0,37,0,0,0,0,0,0,0,0,0,0,32,0,39,34,0,32,0,0,30,42
6,16410,3,KR4MFM,13.06,5,   coast,-12.57,80141,1934.79,1031.96,56.3,52.7,4.18,4.2,4.11,-0.46,-0.03,0.45,50.98,1.11,0.37,0.67,-0.14,0.27,39.17,4.19,0,0,0,0,1,1,15,31.0403603,-103.5179065,2036,2026,6,20,23,46,50,515,1236,116,65,0.9,0.5,0.8,27,41,29,0,0,0,0,28,0,39,0,37,0,0,0,0,0,0,0,0,0,0,32,0,39,34,0,32,0,0,30,42
6,16410,3,KR4MFM,13.07,5,   coast,-10.56,80133,1935.59,1032.77,56.19,52.7,4.18,4.2,4.11,-0.51,0.08,0.17,49.64,0.99,1.16,0.67,-0.13,0.27,39.16,4.19,0,0,0,0,1,1,15,31.0403603,-103.5179065,2036,2026,6,20,23,46,50,515,1236,116,65,0.9,0.5,0.8,27,41,29,0,0,0,0,28,0,39,0,37,0,0,0,0,0,0,0,0,0,0,32,0,39,34,0,32,0,0,30,42
6,16410,3,KR4MFM,13.08,5,   coast,-10.06,80133,1935.59,1032.77,56.08,52.7,4.18,4.2,4.11,-0.45,0.19,0.06,47.93,0.38,0.49,0.67,-0.13,0.27,39.15,4.19,0,0,0,0,1,1,15,31.0403603,-103.5179065,2036,2026,6,20,23,46,50,515,1236,116,65,0.9,0.5,0.8,27,41,29,0,0,0,0,28,0,39,0,37,0,0,0,0,0,0,0,0,0,0,32,0,39,34,0,32,0,0,30,42
6,16410,3,KR4MFM,13.09,5,   coast,-10.56,80110,1937.91,1035.08,55.98,52.7,4.18,4.2,4.11,-0.5,0.11,0.1,45.98,0.68,-0.24,0.67,-0.13,0.27,39.15,4.19,0,0,0,0,1,1,15,31.0403603,-103.5179065,2036,2026,6,20,23,46,50,515,1236,116,65,0.9,0.5,0.8,27,41,29,0,0,0,0,28,0,39,0,37,0,0,0,0,0,0,0,0,0,0,32,0,39,34,0,32,0,0,30,42
6,16410,3,KR4MFM,13.1,5,   coast,-10.56,80110,1937.91,1035.08,55.87,52.7,4.18,4.2,4.11,-0.4,-0.04,0.2,45.55,0.07,0.19,0.67,-0.13,0.27,39.15,4.19,0,0,0,0,1,1,15,31.0403603,-103.5179065,2036,2026,6,20,23,46,50,515,1236,116,65,0.9,0.5,0.8,27,41,29,0,0,0,0,28,0,39,0,37,0,0,0,0,0,0,0,0,0,0,32,0,39,34,0,32,0,0,30,42
6,16410,3,KR4MFM,13.11,5,   coast,-10.56,80092,1939.72,1036.9,55.77,52.7,4.18,4.2,4.11,-0.37,-0.06,0.28,43.72,0.26,-0.24,0.67,-0.12,0.27,39.15,4.19,0,0,0,0,1,1,15,31.0403603,-103.5179065,2036,2026,6,20,23,46,50,515,1236,116,65,0.9,0.5,0.8,27,41,29,0,0,0,0,28,0,39,0,37,0,0,0,0,0,0,0,0,0,0,32,0,39,34,0,32,0,0,30,42
6,16410,3,KR4MFM,13.12,5,   coast,-11.57,80092,1939.72,1036.9,55.66,52.7,4.18,4.2,4.11,-0.37,-0.17,0.34,42.8,-0.11,0.19,0.67,-0.12,0.27,39.15,4.19,0,0,0,0,1,1,15,31.0403603,-103.5179065,2036,2026,6,20,23,46,50,515,1236,116,65,0.9,0.5,0.8,27,41,29,0,0,0,0,28,0,39,0,37,0,0,0,0,0,0,0,0,0,0,32,0,39,34,0,32,0,0,30,42
6,16410,3,KR4MFM,13.13,5,   coast,-11.57,80084,1940.53,1037.7,55.56,52.7,4.18,4.2,4.11,-0.49,-0.11,0.27,41.09,0.44,0.25,0.67,-0.12,0.27,39.14,4.19,0,0,0,0,1,1,15,31.0403603,-103.5179065,2036,2026,6,20,23,46,50,515,1236,116,65,0.9,0.5,0.8,27,41,29,0,0,0,0,28,0,39,0,37,0,0,0,0,0,0,0,0,0,0,32,0,39,34,0,32,0,0,30,42
6,16410,3,KR4MFM,13.14,5,   coast,-9.05,80084,1940.53,1037.7,55.45,52.7,4.18,4.2,4.11,-0.48,-0.01,0.11,39.81,-0.29,-0.12,0.67,-0.12,0.27,39.14,4.21,0,0,0,0,1,1,15,31.0403603,-103.5179065,2036,2026,6,20,23,46,50,515,1236,116,65,0.9,0.5,0.8,27,41,29,0,0,0,0,28,0,39,0,37,0,0,0,0,0,0,0,0,0,0,32,0,39,34,0,32,0,0,30,42
6,16410,3,KR4MFM,13.14,5,   coast,-9.05,80084,1940.53,1037.7,55.45,52.7,4.18,4.2,4.11,-0.48,-0.01,0.11,39.81,-0.29,-0.12,0.67,-0.12,0.27,39.14,4.21,0,0,0,0,1,1,15,31.0403603,-103.5179065,2036,2026,6,20,23,46,50,515,1236,116,65,0.9,0.5,0.8,27,41,29,0,0,0,0,28,0,39,0,37,0,0,0,0,0,0,0,0,0,0,32,0,39,34,0,32,0,0,30,42
6,16410,3,KR4MFM,13.15,5,   coast,-11.57,80051,1943.85,1041.03,55.34,52.7,4.18,4.2,4.11,-0.47,0.1,0.21,36.39,-0.41,-0.55,0.67,-0.12,0.27,39.15,4.21,0,0,0,0,1,1,15,31.0403603,-103.5179065,2036,2026,6,20,23,46,50,515,1236,116,65,0.9,0.5,0.8,27,41,29,0,0,0,0,28,0,39,0,37,0,0,0,0,0,0,0,0,0,0,32,0,39,34,0,32,0,0,30,42
6,16410,3,KR4MFM,13.16,5,   coast,-11.06,80051,1943.85,1041.03,55.24,52.7,4.18,4.2,4.11,-0.56,0.07,0.34,33.04,-0.11,-1.4,0.67,-0.12,0.27,39.16,4.21,0,0,0,0,1,1,15,31.0403603,-103.5179065,2036,2026,6,20,23,46,50,515,1236,116,65,0.9,0.5,0.8,27,41,29,0,0,0,0,28,0,39,0,37,0,0,0,0,0,0,0,0,0,0,32,0,39,34,0,32,0,0,30,42
6,16410,3,KR4MFM,13.17,5,   coast,-11.06,80035,1945.46,1042.64,55.13,52.7,4.18,4.2,4.11,-0.47,-0.04,0.31,30.53,0.2,-2.13,0.67,-0.11,0.27,39.18,4.21,0,0,0,0,1,1,15,31.0403603,-103.5179065,2036,2026,6,20,23,46,50,515,1236,116,65,0.9,0.5,0.8,27,41,29,0,0,0,0,28,0,39,0,37,0,0,0,0,0,0,0,0,0,0,32,0,39,34,0,32,0,0,30,42
6,16410,3,KR4MFM,13.18,5,   coast,-11.06,80035,1945.46,1042.64,55.02,52.7,4.18,4.2,4.11,-0.35,-0.15,0.24,28.64,-1.09,-2.38,0.67,-0.11,0.27,39.2,4.21,0,0,0,0,1,1,15,31.0403603,-103.5179065,2036,2026,6,20,23,46,50,515,1236,116,65,0.9,0.5,0.8,27,41,29,0,0,0,0,28,0,39,0,37,0,0,0,0,0,0,0,0,0,0,32,0,39,34,0,32,0,0,30,42
6,16410,3,KR4MFM,13.19,5,   coast,-11.06,80030,1945.97,1043.14,54.91,52.7,4.18,4.2,4.11,-0.44,-0.22,0.16,27.12,-0.54,-2.44,0.67,-0.11,0.27,39.23,4.21,0,0,0,0,1,1,15,31.0403603,-103.5179065,2036,2026,6,20,23,46,50,515,1236,116,65,0.9,0.5,0.8,27,41,29,0,0,0,0,28,0,39,0,37,0,0,0,0,0,0,0,0,0,0,32,0,39,34,0,32,0,0,30,42
6,16410,3,KR4MFM,13.2,5,   coast,-11.06,80030,1945.97,1043.14,54.81,52.7,4.18,4.2,4.11,-0.43,-0.27,0.31,23.88,-0.48,-2.19,0.67,-0.11,0.27,39.25,4.21,0,0,0,0,1,1,15,31.0403603,-103.5179065,2036,2026,6,20,23,46,50,515,1236,116,65,0.9,0.5,0.8,27,41,29,0,0,0,0,28,0,39,0,37,0,0,0,0,0,0,0,0,0,0,32,0,39,34,0,32,0,0,30,42
6,16410,3,KR4MFM,13.21,5,   coast,-10.56,80008,1948.18,1045.36,54.7,52.7,4.18,4.2,4.11,-0.42,-0.09,0.46,21.5,-0.72,-2.26,0.67,-0.11,0.27,39.27,4.21,0,0,0,0,1,1,15,31.0403603,-103.5179065,2036,2026,6,20,23,46,50,515,1236,116,65,0.9,0.5,0.8,27,41,29,0,0,0,0,28,0,39,0,37,0,0,0,0,0,0,0,0,0,0,32,0,39,34,0,32,0,0,30,42
6,16410,3,KR4MFM,13.22,5,   coast,-12.57,80008,1948.18,1045.36,54.59,52.7,4.18,4.2,4.11,-0.49,0.07,0.46,18.45,-0.9,-2.74,0.67,-0.11,0.27,39.3,4.21,0,0,0,0,1,1,15,31.0403603,-103.5179065,2036,2026,6,20,23,46,50,515,1236,116,65,0.9,0.5,0.8,27,41,29,0,0,0,0,28,0,39,0,37,0,0,0,0,0,0,0,0,0,0,32,0,39,34,0,32,0,0,30,42
6,16410,3,KR4MFM,13.23,5,   coast,-11.06,79994,1949.59,1046.77,54.48,52.7,4.18,4.2,4.11,-0.47,0.14,0.35,15.09,-0.54,-3.48,0.67,-0.11,0.27,39.33,4.21,0,0,0,0,1,1,15,31.0403603,-103.5179065,2036,2026,6,20,23,46,50,515,1236,116,65,0.9,0.5,0.8,27,41,29,0,0,0,0,28,0,39,0,37,0,0,0,0,0,0,0,0,0,0,32,0,39,34,0,32,0,0,30,42
6,16410,3,KR4MFM,13.24,5,   coast,-10.56,79994,1949.59,1046.77,54.37,52.7,4.18,4.2,4.11,-0.52,-0.03,0.29,14.79,-1.02,-3.9,0.67,-0.11,0.27,39.36,4.21,0,0,0,0,1,1,15,31.0403603,-103.5179065,2036,2026,6,20,23,46,50,515,1236,116,65,0.9,0.5,0.8,27,41,29,0,0,0,0,28,0,39,0,37,0,0,0,0,0,0,0,0,0,0,32,0,39,34,0,32,0,0,30,42
6,16410,3,KR4MFM,13.25,5,   coast,-11.57,79988,1950.2,1047.37,54.26,52.7,4.18,4.2,4.11,-0.5,-0.19,0.18,14.54,-1.45,-4.39,0.67,-0.1,0.27,39.41,4.21,0,0,0,0,1,1,15,31.0403603,-103.5179065,2036,2026,6,20,23,46,50,515,1236,116,65,0.9,0.5,0.8,27,41,29,0,0,0,0,28,0,39,0,37,0,0,0,0,0,0,0,0,0,0,32,0,39,34,0,32,0,0,30,42
6,16410,3,KR4MFM,13.26,5,   coast,-11.06,79988,1950.2,1047.37,54.15,52.7,4.18,4.2,4.11,-0.51,-0.3,0.26,14.48,-1.64,-4.09,0.67,-0.1,0.27,39.45,4.21,0,0,0,0,1,1,15,31.0403603,-103.5179065,2036,2026,6,20,23,46,50,515,1236,116,65,0.9,0.5,0.8,27,41,29,0,0,0,0,28,0,39,0,37,0,0,0,0,0,0,0,0,0,0,32,0,39,34,0,32,0,0,30,42
6,16410,3,KR4MFM,13.27,5,   coast,-11.06,79967,1952.32,1049.49,54.04,52.7,4.18,4.2,4.11,-0.49,-0.19,0.38,14.91,-2.18,-3.54,0.67,-0.1,0.27,39.49,4.21,0,0,0,0,1,1,15,31.0403603,-103.5179065,2036,2026,6,20,23,46,50,515,1236,116,65,0.9,0.5,0.8,27,41,29,0,0,0,0,28,0,39,0,37,0,0,0,0,0,0,0,0,0,0,32,0,39,34,0,32,0,0,30,42
6,16410,3,KR4MFM,13.28,5,   coast,-11.57,79967,1952.32,1049.49,53.94,52.7,4.18,4.2,4.11,-0.42,-0.17,0.5,15.21,-2.43,-4.03,0.67,-0.1,0.27,39.54,4.21,0,0,0,0,1,1,15,31.0403603,-103.5179065,2036,2026,6,20,23,46,50,515,1236,116,65,0.9,0.5,0.8,27,41,29,0,0,0,0,28,0,39,0,37,0,0,0,0,0,0,0,0,0,0,32,0,39,34,0,32,0,0,30,42
6,16410,3,KR4MFM,13.29,5,   coast,-10.06,79949,1954.13,1051.31,53.83,52.7,4.18,4.2,4.11,-0.46,-0.01,0.47,16.07,-1.76,-3.9,0.67,-0.1,0.27,39.58,4.21,0,0,0,0,1,1,15,31.0403603,-103.5179065,2036,2026,6,20,23,46,50,515,1236,116,65,0.9,0.5,0.8,27,41,29,0,0,0,0,28,0,39,0,37,0,0,0,0,0,0,0,0,0,0,32,0,39,34,0,32,0,0,30,42
6,16410,3,KR4MFM,13.3,5,   coast,-10.56,79949,1954.13,1051.31,53.73,52.7,4.18,4.2,4.11,-0.54,-0.01,0.34,16.31,-1.76,-4.27,0.67,-0.1,0.27,39.63,4.21,0,0,0,0,1,1,15,31.0403603,-103.5179065,2036,2026,6,20,23,46,50,515,1236,116,65,0.9,0.5,0.8,27,41,29,0,0,0,0,28,0,39,0,37,0,0,0,0,0,0,0,0,0,0,32,0,39,34,0,32,0,0,30,42
6,16410,3,KR4MFM,13.31,5,   coast,-10.06,79925,1956.55,1053.73,53.62,52.7,4.18,4.2,4.11,-0.52,-0.13,0.29,17.17,-3.04,-4.57,0.67,-0.1,0.27,39.68,4.21,0,0,0,0,1,1,15,31.0403603,-103.5179065,2036,2026,6,20,23,46,50,515,1236,116,65,0.9,0.5,0.8,27,41,29,0,0,0,0,28,0,39,0,37,0,0,0,0,0,0,0,0,0,0,32,0,39,34,0,32,0,0,30,42
6,16410,3,KR4MFM,13.32,5,   coast,-9.56,79925,1956.55,1053.73,53.52,52.7,4.18,4.2,4.11,-0.47,-0.14,0.24,17.59,-2.73,-3.84,0.67,-0.1,0.27,39.73,4.21,0,0,0,0,1,1,15,31.0403603,-103.5179065,2036,2026,6,20,23,46,50,515,1236,116,65,0.9,0.5,0.8,27,41,29,0,0,0,0,28,0,39,0,37,0,0,0,0,0,0,0,0,0,0,32,0,39,34,0,32,0,0,30,42
6,16410,3,KR4MFM,13.33,5,   coast,-12.07,79917,1957.36,1054.53,53.42,52.7,4.18,4.2,4.11,-0.4,-0.15,0.45,18.57,-3.28,-4.09,0.67,-0.09,0.27,39.78,4.21,0,0,0,0,1,1,15,31.0403603,-103.5179065,2036,2026,6,20,23,46,50,515,1236,116,65,0.9,0.5,0.8,27,41,29,0,0,0,0,28,0,39,0,37,0,0,0,0,0,0,0,0,0,0,32,0,39,34,0,32,0,0,30,42
6,16410,3,KR4MFM,13.34,5,   coast,-11.57,79917,1957.36,1054.53,53.31,52.7,4.18,4.2,4.11,-0.46,-0.16,0.68,19.24,-3.34,-3.96,0.67,-0.09,0.27,39.83,4.21,0,0,0,0,1,1,15,31.0403603,-103.5179065,2036,2026,6,20,23,46,50,515,1236,116,65,0.9,0.5,0.8,27,41,29,0,0,0,0,28,0,39,0,37,0,0,0,0,0,0,0,0,0,0,32,0,39,34,0,32,0,0,30,42
6,16410,3,KR4MFM,13.35,5,   coast,-10.06,79899,1959.17,1056.35,53.2,52.7,4.18,4.2,4.11,-0.43,-0.09,0.64,19.97,-2.86,-3.54,0.67,-0.09,0.27,39.88,4.21,0,0,0,0,1,1,15,31.0403603,-103.5179065,2036,2026,6,20,23,46,50,515,1236,116,65,0.9,0.5,0.8,27,41,29,0,0,0,0,28,0,39,0,37,0,0,0,0,0,0,0,0,0,0,32,0,39,34,0,32,0,0,30,42
6,16410,3,KR4MFM,13.36,5,   coast,-11.06,79899,1959.17,1056.35,53.1,52.7,4.18,4.2,4.11,-0.5,0.13,0.37,20.95,-2.73,-3.72,0.67,-0.09,0.27,39.92,4.21,0,0,0,0,1,1,15,31.0403603,-103.5179065,2036,2026,6,20,23,46,50,515,1236,116,65,0.9,0.5,0.8,27,41,29,0,0,0,0,28,0,39,0,37,0,0,0,0,0,0,0,0,0,0,32,0,39,34,0,32,0,0,30,42
6,16410,3,KR4MFM,13.37,5,   coast,-10.56,79892,1959.88,1057.06,52.99,52.7,4.18,4.2,4.11,-0.58,-0.01,0.29,21.44,-3.77,-4.51,0.67,-0.09,0.27,39.98,4.21,0,0,0,0,1,1,15,31.0403603,-103.5179065,2036,2026,6,20,23,46,50,515,1236,116,65,0.9,0.5,0.8,27,41,29,0,0,0,0,28,0,39,0,37,0,0,0,0,0,0,0,0,0,0,32,0,39,34,0,32,0,0,30,42
6,16410,3,KR4MFM,13.38,5,   coast,-11.57,79892,1959.88,1057.06,52.88,52.7,4.18,4.2,4.11,-0.59,-0.03,0.29,22.05,-4.14,-4.39,0.67,-0.09,0.27,40.04,4.21,0,0,0,0,1,1,15,31.0403603,-103.5179065,2036,2026,6,20,23,46,50,515,1236,116,65,0.9,0.5,0.8,27,41,29,0,0,0,0,28,0,39,0,37,0,0,0,0,0,0,0,0,0,0,32,0,39,34,0,32,0,0,30,42
6,16410,3,KR4MFM,13.39,5,   coast,-12.07,79882,1960.89,1058.07,52.77,52.7,4.18,4.2,4.11,-0.5,-0.1,0.33,23.39,-4.14,-4.27,0.67,-0.09,0.27,40.1,4.21,0,0,0,0,1,1,15,31.0403603,-103.5179065,2036,2026,6,20,23,46,50,515,1236,116,65,0.9,0.5,0.8,27,41,29,0,0,0,0,28,0,39,0,37,0,0,0,0,0,0,0,0,0,0,32,0,39,34,0,32,0,0,30,42
6,16410,3,KR4MFM,13.4,5,   coast,-11.06,79882,1960.89,1058.07,52.66,52.7,4.18,4.2,4.11,-0.55,-0.04,0.32,24.13,-4.02,-4.39,0.67,-0.09,0.27,40.16,4.21,0,0,0,0,1,1,15,31.0403603,-103.5179065,2036,2026,6,20,23,46,50,515,1236,116,65,0.9,0.5,0.8,27,41,29,0,0,0,0,28,0,39,0,37,0,0,0,0,0,0,0,0,0,0,32,0,39,34,0,32,0,0,30,42
6,16410,3,KR4MFM,13.41,5,   coast,-11.57,79856,1963.51,1060.69,52.55,52.7,4.18,4.2,4.11,-0.52,-0.06,0.29,24.43,-4.63,-5.06,0.67,-0.08,0.27,40.23,4.21,0,0,0,0,1,1,15,31.0403603,-103.5179065,2036,2026,6,20,23,46,50,515,1236,116,65,0.9,0.5,0.8,27,41,29,0,0,0,0,28,0,39,0,37,0,0,0,0,0,0,0,0,0,0,32,0,39,34,0,32,0,0,30,42
6,16410,3,KR4MFM,13.42,5,   coast,-12.57,79856,1963.51,1060.69,52.44,52.7,4.18,4.2,4.11,-0.6,-0.04,0.27,23.82,-4.81,-4.57,0.67,-0.08,0.27,40.29,4.21,0,0,0,0,1,1,15,31.0403603,-103.5179065,2036,2026,6,20,23,46,50,515,1236,116,65,0.9,0.5,0.8,27,41,29,0,0,0,0,28,0,39,0,37,0,0,0,0,0,0,0,0,0,0,32,0,39,34,0,32,0,0,30,42
6,16410,3,KR4MFM,13.43,5,   coast,-11.57,79845,1964.62,1061.8,52.32,52.7,4.18,4.2,4.11,-0.48,0.01,0.28,23.27,-4.5,-4.33,0.67,-0.08,0.27,40.35,4.21,0,0,0,0,1,1,15,31.0403603,-103.5179065,2036,2026,6,20,23,46,50,515,1236,116,65,0.9,0.5,0.8,27,41,29,0,0,0,0,28,0,39,0,37,0,0,0,0,0,0,0,0,0,0,32,0,39,34,0,32,0,0,30,42
6,16410,3,KR4MFM,13.44,5,   coast,-10.56,79845,1964.62,1061.8,52.21,52.7,4.18,4.2,4.11,-0.39,0.01,0.17,22.6,-5.85,-4.7,0.67,-0.08,0.27,40.42,4.21,0,0,0,0,1,1,15,31.0403603,-103.5179065,2036,2026,6,20,23,46,50,515,1236,116,65,0.9,0.5,0.8,27,41,29,0,0,0,0,28,0,39,0,37,0,0,0,0,0,0,0,0,0,0,32,0,39,34,0,32,0,0,30,42
6,16410,3,KR4MFM,13.45,5,   coast,-11.06,79831,1966.04,1063.21,52.11,52.7,4.18,4.2,4.11,-0.5,-0.05,0.04,22.54,-4.63,-3.96,0.67,-0.08,0.27,40.48,4.21,0,0,0,0,1,1,15,31.0403603,-103.5179065,2036,2026,6,20,23,46,50,515,1236,116,65,0.9,0.5,0.8,27,41,29,0,0,0,0,28,0,39,0,37,0,0,0,0,0,0,0,0,0,0,32,0,39,34,0,32,0,0,30,42
6,16410,3,KR4MFM,13.46,5,   coast,-11.06,79831,1966.04,1063.21,52,52.7,4.18,4.2,4.11,-0.49,0.09,-0.04,22.6,-5.79,-4.09,0.67,-0.08,0.27,40.55,4.2,0,0,0,0,1,1,15,31.0403603,-103.5179065,2036,2026,6,20,23,46,50,515,1236,116,65,0.9,0.5,0.8,27,41,29,0,0,0,0,28,0,39,0,37,0,0,0,0,0,0,0,0,0,0,32,0,39,34,0,32,0,0,30,42
6,16410,3,KR4MFM,13.46,5,   coast,-11.06,79831,1966.04,1063.21,52,52.7,4.18,4.2,4.11,-0.49,0.09,-0.04,22.6,-5.79,-4.09,0.67,-0.08,0.27,40.55,4.2,0,0,0,0,1,1,15,31.0403603,-103.5179065,2036,2026,6,20,23,46,50,515,1236,116,65,0.9,0.5,0.8,27,41,29,0,0,0,0,28,0,39,0,37,0,0,0,0,0,0,0,0,0,0,32,0,39,34,0,32,0,0,30,42
6,16410,3,KR4MFM,13.47,5,   coast,-11.06,79819,1967.25,1064.43,51.89,52.7,4.18,4.2,4.11,-0.48,-0.1,0.09,23.45,-6.33,-4.64,0.67,-0.07,0.27,40.62,4.2,0,0,0,0,1,1,15,31.0403603,-103.5179065,2036,2026,6,20,23,46,50,515,1236,116,65,0.9,0.5,0.8,27,41,29,0,0,0,0,28,0,39,0,37,0,0,0,0,0,0,0,0,0,0,32,0,39,34,0,32,0,0,30,42
6,16410,3,KR4MFM,13.48,5,   coast,-10.56,79819,1967.25,1064.43,51.79,52.7,4.18,4.2,4.11,-0.51,-0.23,0.17,24.55,-4.69,-4.57,0.67,-0.07,0.27,40.69,4.2,0,0,0,0,1,1,15,31.0403603,-103.5179065,2036,2026,6,20,23,46,50,515,1236,116,65,0.9,0.5,0.8,27,41,29,0,0,0,0,28,0,39,0,37,0,0,0,0,0,0,0,0,0,0,32,0,39,34,0,32,0,0,30,42
6,16410,3,KR4MFM,13.49,5,   coast,-11.06,79804,1968.76,1065.94,51.68,52.7,4.18,4.2,4.11,-0.52,-0.04,0.17,25.71,-5.3,-4.39,0.67,-0.07,0.27,40.75,4.2,0,0,0,0,1,1,15,31.0403603,-103.5179065,2036,2026,6,20,23,46,50,515,1236,116,65,0.9,0.5,0.8,27,41,29,0,0,0,0,28,0,39,0,37,0,0,0,0,0,0,0,0,0,0,32,0,39,34,0,32,0,0,30,42
6,16410,3,KR4MFM,13.5,5,   coast,-10.56,79804,1968.76,1065.94,51.57,52.7,4.18,4.2,4.11,-0.58,-0.06,0.09,25.1,-4.81,-4.76,0.67,-0.07,0.27,40.82,4.2,0,0,0,0,1,1,15,31.0403603,-103.5179065,2036,2026,6,20,23,46,50,515,1236,116,65,0.9,0.5,0.8,27,41,29,0,0,0,0,28,0,39,0,37,0,0,0,0,0,0,0,0,0,0,32,0,39,34,0,32,0,0,30,42
6,16410,3,KR4MFM,13.51,5,   coast,-11.06,79783,1970.89,1068.06,51.46,52.7,4.18,4.2,4.11,-0.54,0.09,0.13,24.13,-3.71,-4.51,0.67,-0.07,0.27,40.87,4.2,0,0,0,0,1,1,15,31.0403603,-103.5179065,2036,2026,6,20,23,46,50,515,1236,116,65,0.9,0.5,0.8,27,41,29,0,0,0,0,28,0,39,0,37,0,0,0,0,0,0,0,0,0,0,32,0,39,34,0,32,0,0,30,42
6,16410,3,KR4MFM,13.52,5,   coast,-12.07,79783,1970.89,1068.06,51.36,52.7,4.18,4.2,4.11,-0.55,0.15,0.17,22.17,-2.92,-4.76,0.66,-0.07,0.27,40.93,4.2,0,0,0,0,1,1,15,31.0403603,-103.5179065,2036,2026,6,20,23,46,50,515,1236,116,65,0.9,0.5,0.8,27,41,29,0,0,0,0,28,0,39,0,37,0,0,0,0,0,0,0,0,0,0,32,0,39,34,0,32,0,0,30,42
6,16410,3,KR4MFM,13.53,5,   coast,-10.56,79767,1972.5,1069.68,51.25,52.7,4.18,4.2,4.11,-0.38,0.09,0.24,20.52,-3.95,-5.43,0.66,-0.07,0.27,41,4.2,0,0,0,0,1,1,15,31.0403603,-103.5179065,2036,2026,6,20,23,46,50,515,1236,116,65,0.9,0.5,0.8,27,41,29,0,0,0,0,28,0,39,0,37,0,0,0,0,0,0,0,0,0,0,32,0,39,34,0,32,0,0,30,42
6,16410,3,KR4MFM,13.54,5,   coast,-12.07,79767,1972.5,1069.68,51.14,52.7,4.18,4.2,4.11,-0.41,-0.04,0.16,19.3,-2.73,-5,0.66,-0.07,0.27,41.05,4.2,0,0,0,0,1,1,15,31.0403603,-103.5179065,2036,2026,6,20,23,46,50,515,1236,116,65,0.9,0.5,0.8,27,41,29,0,0,0,0,28,0,39,0,37,0,0,0,0,0,0,0,0,0,0,32,0,39,34,0,32,0,0,30,42
6,16410,3,KR4MFM,13.55,5,   coast,-11.57,79762,1973.01,1070.18,51.02,52.7,4.18,4.2,4.11,-0.39,0.04,0.16,19.49,-3.04,-5.06,0.67,-0.06,0.27,41.11,4.2,0,0,0,0,1,1,15,31.0403603,-103.5179065,2036,2026,6,20,23,46,50,515,1236,116,65,0.9,0.5,0.8,27,41,29,0,0,0,0,28,0,39,0,37,0,0,0,0,0,0,0,0,0,0,32,0,39,34,0,32,0,0,30,42
6,16410,3,KR4MFM,13.56,5,   coast,-12.07,79762,1973.01,1070.18,50.91,52.7,4.18,4.2,4.11,-0.5,-0.09,0.21,19.79,-3.1,-5.67,0.67,-0.06,0.27,41.18,4.2,0,0,0,0,1,1,15,31.0403603,-103.5179065,2036,2026,6,20,23,46,50,515,1236,116,65,0.9,0.5,0.8,27,41,29,0,0,0,0,28,0,39,0,37,0,0,0,0,0,0,0,0,0,0,32,0,39,34,0,32,0,0,30,42
6,16410,3,KR4MFM,13.57,5,   coast,-10.56,79747,1974.52,1071.7,50.81,52.7,4.18,4.2,4.11,-0.53,-0.11,0.34,21.93,-2.67,-4.76,0.67,-0.06,0.27,41.23,4.2,0,0,0,0,1,1,15,31.0403603,-103.5179065,2036,2026,6,20,23,46,50,515,1236,116,65,0.9,0.5,0.8,27,41,29,0,0,0,0,28,0,39,0,37,0,0,0,0,0,0,0,0,0,0,32,0,39,34,0,32,0,0,30,42
6,16410,3,KR4MFM,13.58,5,   coast,-11.06,79747,1974.52,1071.7,50.7,52.7,4.18,4.2,4.11,-0.59,0,0.23,24.49,-1.7,-4.57,0.67,-0.06,0.27,41.28,4.2,0,0,0,0,1,1,15,31.0403603,-103.5179065,2036,2026,6,20,23,46,50,515,1236,116,65,0.9,0.5,0.8,27,41,29,0,0,0,0,28,0,39,0,37,0,0,0,0,0,0,0,0,0,0,32,0,39,34,0,32,0,0,30,42
6,16410,3,KR4MFM,13.59,5,   coast,-9.56,79717,1977.55,1074.73,50.59,52.7,4.18,4.2,4.11,-0.57,0.04,0.21,25.28,-2.12,-4.64,0.66,-0.06,0.27,41.33,4.2,0,0,0,0,1,1,15,31.0403603,-103.5179065,2036,2026,6,20,23,46,50,515,1236,116,65,0.9,0.5,0.8,27,41,29,0,0,0,0,28,0,39,0,37,0,0,0,0,0,0,0,0,0,0,32,0,39,34,0,32,0,0,30,42
6,16410,3,KR4MFM,13.6,5,   coast,-13.08,79717,1977.55,1074.73,50.48,52.7,4.18,4.2,4.11,-0.51,-0.1,0.1,24.43,-2.37,-4.88,0.66,-0.06,0.27,41.39,4.2,0,0,0,0,1,1,15,31.0403603,-103.5179065,2036,2026,6,20,23,46,50,515,1236,116,65,0.9,0.5,0.8,27,41,29,0,0,0,0,28,0,39,0,37,0,0,0,0,0,0,0,0,0,0,32,0,39,34,0,32,0,0,30,42
6,16410,3,KR4MFM,13.61,5,   coast,-12.07,79716,1977.66,1074.83,50.37,52.7,4.18,4.2,4.11,-0.49,-0.22,0.22,23.88,-2.67,-4.33,0.66,-0.05,0.27,41.44,4.2,0,0,0,0,1,1,15,31.0403603,-103.5179065,2036,2026,6,20,23,46,50,515,1236,116,65,0.9,0.5,0.8,27,41,29,0,0,0,0,28,0,39,0,37,0,0,0,0,0,0,0,0,0,0,32,0,39,34,0,32,0,0,30,42
6,16410,3,KR4MFM,13.62,5,   coast,-12.07,79716,1977.66,1074.83,50.26,52.7,4.18,4.2,4.11,-0.45,-0.23,0.24,24.74,-2.67,-4.64,0.66,-0.05,0.27,41.49,4.2,0,0,0,0,1,1,15,31.0403603,-103.5179065,2036,2026,6,20,23,46,50,515,1236,116,65,0.9,0.5,0.8,27,41,29,0,0,0,0,28,0,39,0,37,0,0,0,0,0,0,0,0,0,0,32,0,39,34,0,32,0,0,30,42
6,16410,3,KR4MFM,13.63,5,   coast,-10.56,79698,1979.48,1076.65,50.15,52.7,4.18,4.2,4.11,-0.47,-0.04,0.17,25.71,-2,-4.33,0.66,-0.05,0.27,41.54,4.2,0,0,0,0,1,1,15,31.0403603,-103.5179065,2036,2026,6,20,23,46,50,515,1236,116,65,0.9,0.5,0.8,27,41,29,0,0,0,0,28,0,39,0,37,0,0,0,0,0,0,0,0,0,0,32,0,39,34,0,32,0,0,30,42
6,16410,3,KR4MFM,13.64,5,   coast,-11.06,79698,1979.48,1076.65,50.04,52.7,4.18,4.2,4.11,-0.53,0.19,0.09,27.12,-1.94,-4.15,0.66,-0.05,0.27,41.58,4.2,0,0,0,0,1,1,15,31.0403603,-103.5179065,2036,2026,6,20,23,46,50,515,1236,116,65,0.9,0.5,0.8,27,41,29,0,0,0,0,28,0,39,0,37,0,0,0,0,0,0,0,0,0,0,32,0,39,34,0,32,0,0,30,42
6,16410,3,KR4MFM,13.65,5,   coast,-11.06,79689,1980.39,1077.56,49.93,52.7,4.18,4.2,4.11,-0.53,0.13,0.11,28.64,-2,-4.03,0.66,-0.05,0.27,41.63,4.2,0,0,0,0,1,1,15,31.0403603,-103.5179065,2036,2026,6,20,23,46,50,515,1236,116,65,0.9,0.5,0.8,27,41,29,0,0,0,0,28,0,39,0,37,0,0,0,0,0,0,0,0,0,0,32,0,39,34,0,32,0,0,30,42
6,16410,3,KR4MFM,13.66,5,   coast,-9.56,79689,1980.39,1077.56,49.83,52.7,4.18,4.2,4.11,-0.57,0.08,0.04,29.86,-1.7,-4.57,0.67,-0.05,0.27,41.68,4.2,0,0,0,0,1,1,15,31.0403603,-103.5179065,2036,2026,6,20,23,46,50,515,1236,116,65,0.9,0.5,0.8,27,41,29,0,0,0,0,28,0,39,0,37,0,0,0,0,0,0,0,0,0,0,32,0,39,34,0,32,0,0,30,42
6,16410,3,KR4MFM,13.67,5,   coast,-11.57,79677,1981.6,1078.78,49.72,52.7,4.18,4.2,4.11,-0.63,-0.11,0.08,32.18,-2.18,-4.51,0.66,-0.04,0.27,41.73,4.2,0,0,0,0,1,1,15,31.0403603,-103.5179065,2036,2026,6,20,23,46,50,515,1236,116,65,0.9,0.5,0.8,27,41,29,0,0,0,0,28,0,39,0,37,0,0,0,0,0,0,0,0,0,0,32,0,39,34,0,32,0,0,30,42
6,16410,3,KR4MFM,13.68,5,   coast,-11.57,79677,1981.6,1078.78,49.61,52.7,4.18,4.2,4.11,-0.55,-0.24,0.29,32.98,-2.37,-4.15,0.66,-0.04,0.27,41.77,4.2,0,0,0,0,1,1,15,31.0403603,-103.5179065,2036,2026,6,20,23,46,50,515,1236,116,65,0.9,0.5,0.8,27,41,29,0,0,0,0,28,0,39,0,37,0,0,0,0,0,0,0,0,0,0,32,0,39,34,0,32,0,0,30,42
6,16410,3,KR4MFM,13.69,5,   coast,-9.56,79663,1983.02,1080.19,49.51,52.7,4.18,4.2,4.11,-0.54,-0.2,0.27,33.52,-0.66,-3.54,0.66,-0.04,0.27,41.81,4.2,0,0,0,0,1,1,15,31.0403603,-103.5179065,2036,2026,6,20,23,46,50,515,1236,116,65,0.9,0.5,0.8,27,41,29,0,0,0,0,28,0,39,0,37,0,0,0,0,0,0,0,0,0,0,32,0,39,34,0,32,0,0,30,42
6,16410,3,KR4MFM,13.7,5,   coast,-10.56,79663,1983.02,1080.19,49.4,52.7,4.18,4.2,4.11,-0.51,-0.04,0.08,34.56,-0.48,-2.8,0.66,-0.04,0.27,41.84,4.2,0,0,0,0,1,1,15,31.0403603,-103.5179065,2036,2026,6,20,23,46,50,515,1236,116,65,0.9,0.5,0.8,27,41,29,0,0,0,0,28,0,39,0,37,0,0,0,0,0,0,0,0,0,0,32,0,39,34,0,32,0,0,30,42
6,16410,3,KR4MFM,13.71,5,   coast,-12.07,79646,1984.73,1081.91,49.29,52.7,4.18,4.2,4.11,-0.47,0.34,-0.05,34.81,-1.21,-2.99,0.66,-0.04,0.27,41.87,4.2,0,0,0,0,1,1,15,31.0403603,-103.5179065,2036,2026,6,20,23,46,50,515,1236,116,65,0.9,0.5,0.8,27,41,29,0,0,0,0,28,0,39,0,37,0,0,0,0,0,0,0,0,0,0,32,0,39,34,0,32,0,0,30,42
6,16410,3,KR4MFM,13.72,5,   coast,-12.57,79646,1984.73,1081.91,49.18,52.7,4.18,4.2,4.11,-0.4,0.28,0.04,33.52,-0.54,-3.29,0.66,-0.03,0.27,41.9,4.2,0,0,0,0,1,1,15,31.0403603,-103.5179065,2036,2026,6,20,23,46,50,515,1236,116,65,0.9,0.5,0.8,27,41,29,0,0,0,0,28,0,39,0,37,0,0,0,0,0,0,0,0,0,0,32,0,39,34,0,32,0,0,30,42
6,16410,3,KR4MFM,13.73,5,   coast,-13.58,79615,1987.87,1085.05,49.07,52.7,4.18,4.2,4.11,-0.51,0.09,-0.07,35.36,-0.17,-3.9,0.66,-0.03,0.27,41.94,4.2,0,0,0,0,1,1,15,31.0403603,-103.5179065,2036,2026,6,20,23,46,50,515,1236,116,65,0.9,0.5,0.8,27,41,29,0,0,0,0,28,0,39,0,37,0,0,0,0,0,0,0,0,0,0,32,0,39,34,0,32,0,0,30,42
6,16410,3,KR4MFM,13.74,5,   coast,-10.56,79615,1987.87,1085.05,48.95,52.7,4.18,4.2,4.11,-0.56,-0.06,-0.09,36.03,-0.84,-3.23,0.66,-0.03,0.27,41.97,4.2,0,0,0,0,1,1,15,31.0403603,-103.5179065,2036,2026,6,20,23,46,50,515,1236,116,65,0.9,0.5,0.8,27,41,29,0,0,0,0,28,0,39,0,37,0,0,0,0,0,0,0,0,0,0,32,0,39,34,0,32,0,0,30,42
6,16410,3,KR4MFM,13.75,5,   coast,-10.56,79616,1987.77,1084.95,48.84,52.7,4.18,4.2,4.11,-0.6,-0.1,0.12,36.27,-0.41,-2.8,0.66,-0.03,0.27,42,4.2,0,0,0,0,1,1,15,31.0403603,-103.5179065,2036,2026,6,20,23,46,50,515,1236,116,65,0.9,0.5,0.8,27,41,29,0,0,0,0,28,0,39,0,37,0,0,0,0,0,0,0,0,0,0,32,0,39,34,0,32,0,0,30,42
6,16410,3,KR4MFM,13.76,5,   coast,-10.56,79616,1987.77,1084.95,48.74,52.7,4.18,4.2,4.11,-0.57,0.01,0.1,35.84,0.75,-2.19,0.66,-0.03,0.27,42.01,4.2,0,0,0,0,1,1,15,31.0403603,-103.5179065,2036,2026,6,20,23,46,50,515,1236,116,65,0.9,0.5,0.8,27,41,29,0,0,0,0,28,0,39,0,37,0,0,0,0,0,0,0,0,0,0,32,0,39,34,0,32,0,0,30,42
6,16410,3,KR4MFM,13.77,5,   coast,-10.56,79600,1989.39,1086.57,48.63,52.7,4.18,4.2,4.11,-0.54,0.19,0.07,36.15,0.75,-1.64,0.66,-0.02,0.26,42.02,4.2,0,0,0,0,1,1,15,31.0403603,-103.5179065,2036,2026,6,20,23,46,50,515,1236,116,65,0.9,0.5,0.8,27,41,29,0,0,0,0,28,0,39,0,37,0,0,0,0,0,0,0,0,0,0,32,0,39,34,0,32,0,0,30,42
6,16410,3,KR4MFM,13.78,5,   coast,-11.57,79600,1989.39,1086.57,48.52,52.7,4.19,4.2,4.11,-0.55,0.42,0.09,37.67,0.81,-1.52,0.66,-0.02,0.26,42.03,4.18,0,0,0.01,0,1,1,15,31.0403603,-103.5179065,2036,2026,6,20,23,46,50,515,1236,116,65,0.9,0.5,0.8,27,41,29,0,0,0,0,28,0,39,0,37,0,0,0,0,0,0,0,0,0,0,32,0,39,34,0,32,0,0,30,42
6,16410,3,KR4MFM,13.78,5,   coast,-11.57,79600,1989.39,1086.57,48.52,52.7,4.19,4.2,4.11,-0.55,0.42,0.09,37.67,0.81,-1.52,0.66,-0.02,0.26,42.03,4.18,0,0,0.01,0,1,1,15,31.0403603,-103.5179065,2036,2026,6,20,23,46,50,515,1236,116,65,0.9,0.5,0.8,27,41,29,0,0,0,0,28,0,39,0,37,0,0,0,0,0,0,0,0,0,0,32,0,39,34,0,32,0,0,30,42
6,16410,3,KR4MFM,13.79,5,   coast,-12.07,79586,1990.81,1087.98,48.41,52.7,4.19,4.2,4.11,-0.59,0.22,0.09,39.81,1.36,-2.5,0.66,-0.02,0.26,42.05,4.18,0,0,0.01,0,1,1,15,31.0403603,-103.5179065,2036,2026,6,20,23,46,50,515,1236,116,65,0.9,0.5,0.8,27,41,29,0,0,0,0,28,0,39,0,37,0,0,0,0,0,0,0,0,0,0,32,0,39,34,0,32,0,0,30,42
6,16410,3,KR4MFM,13.8,5,   coast,-12.07,79586,1990.81,1087.98,48.3,52.7,4.19,4.2,4.11,-0.41,0.05,-0.01,42.19,1.29,-1.71,0.67,-0.02,0.26,42.06,4.18,0,0,0.01,0,1,1,15,31.0403603,-103.5179065,2036,2026,6,20,23,46,50,515,1236,116,65,0.9,0.5,0.8,27,41,29,0,0,0,0,28,0,39,0,37,0,0,0,0,0,0,0,0,0,0,32,0,39,34,0,32,0,0,30,42
6,16410,3,KR4MFM,13.81,5,   coast,-11.06,79573,1992.12,1089.3,48.19,52.7,4.19,4.2,4.11,-0.49,-0.01,0.05,44.39,0.81,-1.34,0.66,-0.02,0.27,42.07,4.18,0,0,0.01,0,1,1,15,31.0403603,-103.5179065,2036,2026,6,20,23,46,50,515,1236,116,65,0.9,0.5,0.8,27,41,29,0,0,0,0,28,0,39,0,37,0,0,0,0,0,0,0,0,0,0,32,0,39,34,0,32,0,0,30,42
6,16410,3,KR4MFM,13.82,5,   coast,-10.56,79573,1992.12,1089.3,48.09,52.7,4.19,4.2,4.11,-0.54,0.04,0.1,46.89,1.11,-0.97,0.66,-0.01,0.26,42.08,4.18,0,0,0.01,0,1,1,15,31.0403603,-103.5179065,2036,2026,6,20,23,46,50,515,1236,116,65,0.9,0.5,0.8,27,41,29,0,0,0,0,28,0,39,0,37,0,0,0,0,0,0,0,0,0,0,32,0,39,34,0,32,0,0,30,42
6,16410,3,KR4MFM,13.83,5,   coast,-10.56,79555,1993.94,1091.12,47.98,52.7,4.19,4.2,4.11,-0.62,0.2,0.04,49.09,1.72,-0.49,0.66,-0.01,0.26,42.08,4.18,0,0,0.01,0,1,1,15,31.0403603,-103.5179065,2036,2026,6,20,23,46,50,515,1236,116,65,0.9,0.5,0.8,27,41,29,0,0,0,0,28,0,39,0,37,0,0,0,0,0,0,0,0,0,0,32,0,39,34,0,32,0,0,30,42
6,16410,3,KR4MFM,13.84,5,   coast,-11.06,79555,1993.94,1091.12,47.87,52.7,4.19,4.2,4.11,-0.62,0.29,-0.05,50.8,1.54,-0.18,0.66,-0.01,0.26,42.07,4.18,0,0,0.01,0,1,1,15,31.0403603,-103.5179065,2036,2026,6,20,23,46,50,515,1236,116,65,0.9,0.5,0.8,27,41,29,0,0,0,0,28,0,39,0,37,0,0,0,0,0,0,0,0,0,0,32,0,39,34,0,32,0,0,30,42
6,16410,3,KR4MFM,13.85,5,   coast,-9.56,79542,1995.26,1092.44,47.77,52.7,4.19,4.2,4.11,-0.6,0.23,0.06,52.63,1.48,-0.36,0.66,0,0.26,42.07,4.18,0,0,0.01,0,1,1,15,31.0403603,-103.5179065,2036,2026,6,20,23,46,50,515,1236,116,65,0.9,0.5,0.8,27,41,29,0,0,0,0,28,0,39,0,37,0,0,0,0,0,0,0,0,0,0,32,0,39,34,0,32,0,0,30,42
6,16410,3,KR4MFM,13.86,5,   coast,-10.56,79542,1995.26,1092.44,47.66,52.7,4.19,4.2,4.11,-0.64,0.03,0.13,53.79,1.72,-0.3,0.66,0,0.26,42.07,4.18,0,0,0.01,0,1,1,15,31.0403603,-103.5179065,2036,2026,6,20,23,46,50,515,1236,116,65,0.9,0.5,0.8,27,41,29,0,0,0,0,28,0,39,0,37,0,0,0,0,0,0,0,0,0,0,32,0,39,34,0,32,0,0,30,42
6,16410,3,KR4MFM,13.87,5,   coast,-12.57,79531,1996.37,1093.55,47.56,52.7,4.19,4.2,4.11,-0.53,-0.28,0.29,55.38,1.9,0.13,0.66,0,0.26,42.06,4.18,0,0,0.01,0,1,1,15,31.0403603,-103.5179065,2036,2026,6,20,23,46,50,515,1236,116,65,0.9,0.5,0.8,27,41,29,0,0,0,0,28,0,39,0,37,0,0,0,0,0,0,0,0,0,0,32,0,39,34,0,32,0,0,30,42
6,16410,3,KR4MFM,13.88,5,   coast,-11.57,79531,1996.37,1093.55,47.45,52.7,4.19,4.2,4.11,-0.51,-0.17,0.29,56.84,3.25,1.04,0.67,0,0.25,42.04,4.18,0,0,0.01,0,1,1,15,31.0403603,-103.5179065,2036,2026,6,20,23,46,50,515,1236,116,65,0.9,0.5,0.8,27,41,29,0,0,0,0,28,0,39,0,37,0,0,0,0,0,0,0,0,0,0,32,0,39,34,0,32,0,0,30,42
6,16410,3,KR4MFM,13.89,5,   coast,-11.06,79511,1998.4,1095.58,47.34,52.7,4.19,4.2,4.11,-0.55,0,0.11,57.51,3.25,1.47,0.66,0.01,0.25,42.01,4.18,0,0,0.01,0,1,1,15,31.0403603,-103.5179065,2036,2026,6,20,23,46,50,515,1236,116,65,0.9,0.5,0.8,27,41,29,0,0,0,0,28,0,39,0,37,0,0,0,0,0,0,0,0,0,0,32,0,39,34,0,32,0,0,30,42
6,16410,3,KR4MFM,13.9,5,   coast,-12.07,79511,1998.4,1095.58,47.23,52.7,4.19,4.2,4.11,-0.52,0.24,0.14,58.49,2.52,1.59,0.66,0.01,0.25,41.99,4.18,0,0,0.01,0,1,1,15,31.0403603,-103.5179065,2036,2026,6,20,23,46,50,515,1236,116,65,0.9,0.5,0.8,27,41,29,0,0,0,0,28,0,39,0,37,0,0,0,0,0,0,0,0,0,0,32,0,39,34,0,32,0,0,30,42
6,16410,3,KR4MFM,13.91,5,   coast,-11.06,79502,1999.31,1096.49,47.12,52.7,4.19,4.2,4.11,-0.56,0.29,0.17,59.59,3.37,1.35,0.66,0.01,0.25,41.97,4.18,0,0,0.01,0,1,1,15,31.0403603,-103.5179065,2036,2026,6,20,23,46,50,515,1236,116,65,0.9,0.5,0.8,27,41,29,0,0,0,0,28,0,39,0,37,0,0,0,0,0,0,0,0,0,0,32,0,39,34,0,32,0,0,30,42
6,16410,3,KR4MFM,13.92,5,   coast,-10.56,79502,1999.31,1096.49,47.01,52.7,4.19,4.2,4.11,-0.55,0.1,0.15,59.65,2.21,1.16,0.67,0.02,0.25,41.95,4.18,0,0,0.01,0,1,1,15,31.0403603,-103.5179065,2036,2026,6,20,23,46,50,515,1236,116,65,0.9,0.5,0.8,27,41,29,0,0,0,0,28,0,39,0,37,0,0,0,0,0,0,0,0,0,0,32,0,39,34,0,32,0,0,30,42
6,16410,3,KR4MFM,13.93,5,   coast,-11.57,79503,1999.21,1096.39,46.9,52.7,4.19,4.2,4.11,-0.57,-0.31,0,59.34,2.21,0.8,0.66,0.02,0.25,41.94,4.18,0,0,0.01,0,1,1,15,31.0403603,-103.5179065,2036,2026,6,20,23,46,50,515,1236,116,65,0.9,0.5,0.8,27,41,29,0,0,0,0,28,0,39,0,37,0,0,0,0,0,0,0,0,0,0,32,0,39,34,0,32,0,0,30,42
6,16410,3,KR4MFM,13.94,5,   coast,-10.56,79503,1999.21,1096.39,46.79,52.7,4.19,4.2,4.11,-0.53,-0.35,-0.01,58.49,2.33,1.59,0.66,0.02,0.25,41.92,4.18,0,0,0.01,0,1,1,15,31.0403603,-103.5179065,2036,2026,6,20,23,46,50,515,1236,116,65,0.9,0.5,0.8,27,41,29,0,0,0,0,28,0,39,0,37,0,0,0,0,0,0,0,0,0,0,32,0,39,34,0,32,0,0,30,42
6,16410,3,KR4MFM,13.95,5,   coast,-10.56,79471,2002.45,1099.63,46.68,52.7,4.19,4.2,4.11,-0.57,-0.17,0.23,56.35,2.21,2.14,0.66,0.02,0.25,41.89,4.18,0,0,0.01,0,1,1,15,31.0403603,-103.5179065,2036,2026,6,20,23,46,50,515,1236,116,65,0.9,0.5,0.8,27,41,29,0,0,0,0,28,0,39,0,37,0,0,0,0,0,0,0,0,0,0,32,0,39,34,0,32,0,0,30,42
6,16410,3,KR4MFM,13.96,5,   coast,-13.08,79471,2002.45,1099.63,46.57,52.7,4.19,4.2,4.11,-0.51,0.16,0.37,55.5,2.39,1.65,0.66,0.02,0.24,41.87,4.18,0,0,0.01,0,1,1,15,31.0403603,-103.5179065,2036,2026,6,20,23,46,50,515,1236,116,65,0.9,0.5,0.8,27,41,29,0,0,0,0,28,0,39,0,37,0,0,0,0,0,0,0,0,0,0,32,0,39,34,0,32,0,0,30,42
6,16410,3,KR4MFM,13.97,5,   coast,-11.57,79450,2004.58,1101.76,46.46,52.7,4.19,4.2,4.11,-0.52,0.4,0.37,52.14,3.06,0.92,0.66,0.03,0.24,41.85,4.18,0,0,0.01,0,1,1,15,31.0403603,-103.5179065,2036,2026,6,20,23,46,50,515,1236,116,65,0.9,0.5,0.8,27,41,29,0,0,0,0,28,0,39,0,37,0,0,0,0,0,0,0,0,0,0,32,0,39,34,0,32,0,0,30,42
6,16410,3,KR4MFM,13.98,5,   coast,-10.56,79450,2004.58,1101.76,46.36,52.7,4.19,4.2,4.11,-0.59,0.19,0.17,48.78,3.8,-0.42,0.66,0.03,0.24,41.85,4.18,0,0,0.01,0,1,1,15,31.0403603,-103.5179065,2036,2026,6,20,23,46,50,515,1236,116,65,0.9,0.5,0.8,27,41,29,0,0,0,0,28,0,39,0,37,0,0,0,0,0,0,0,0,0,0,32,0,39,34,0,32,0,0,30,42
6,16410,3,KR4MFM,13.99,5,   coast,-10.56,79448,2004.78,1101.96,46.25,52.7,4.19,4.2,4.11,-0.63,-0.22,0.01,47.56,2.7,-1.28,0.67,0.03,0.24,41.85,4.18,0,0,0.01,0,1,1,15,31.0403603,-103.5179065,2036,2026,6,20,23,46,50,515,1236,116,65,0.9,0.5,0.8,27,41,29,0,0,0,0,28,0,39,0,37,0,0,0,0,0,0,0,0,0,0,32,0,39,34,0,32,0,0,30,42
6,16410,3,KR4MFM,14,5,   coast,-11.06,79448,2004.78,1101.96,46.14,52.7,4.19,4.2,4.11,-0.61,-0.46,-0.04,44.14,2.88,-1.22,0.66,0.03,0.24,41.86,4.18,0,0,0.01,0,1,1,15,31.0403603,-103.5179065,2036,2026,6,20,23,46,50,515,1236,116,65,0.9,0.5,0.8,27,41,29,0,0,0,0,28,0,39,0,37,0,0,0,0,0,0,0,0,0,0,32,0,39,34,0,32,0,0,30,42
6,16410,3,KR4MFM,14.01,5,   coast,-11.57,79431,2006.51,1103.68,46.04,52.7,4.19,4.2,4.11,-0.57,-0.39,0.08,40.6,2.76,-0.67,0.66,0.03,0.24,41.86,4.18,0,0,0.01,0,1,1,15,31.0403603,-103.5179065,2036,2026,6,20,23,46,50,515,1236,116,65,0.9,0.5,0.8,27,41,29,0,0,0,0,28,0,39,0,37,0,0,0,0,0,0,0,0,0,0,32,0,39,34,0,32,0,0,30,42
6,16410,3,KR4MFM,14.01,5,   coast,-11.57,79431,2006.51,1103.68,46.04,52.7,4.19,4.2,4.11,-0.57,-0.39,0.08,40.6,2.76,-0.67,0.66,0.03,0.24,41.86,4.18,0,0,0.01,0,1,1,15,31.0403603,-103.5179065,2036,2026,6,20,23,46,50,515,1236,116,65,0.9,0.5,0.8,27,41,29,0,0,0,0,28,0,39,0,37,0,0,0,0,0,0,0,0,0,0,32,0,39,34,0,32,0,0,30,42
6,16410,3,KR4MFM,14.01,5,   coast,-11.57,79431,2006.51,1103.68,46.04,52.7,4.19,4.2,4.11,-0.57,-0.39,0.08,40.6,2.76,-0.67,0.66,0.03,0.24,41.86,4.18,0,0,0.01,0,1,1,15,31.0403603,-103.5179065,2036,2026,6,20,23,46,50,515,1236,116,65,0.9,0.5,0.8,27,41,29,0,0,0,0,28,0,39,0,37,0,0,0,0,0,0,0,0,0,0,32,0,39,34,0,32,0,0,30,42
6,16410,3,KR4MFM,14.02,5,   coast,-9.56,79431,2006.51,1103.68,45.93,52.7,4.19,4.2,4.11,-0.55,-0.01,0.37,36.09,2.64,-0.67,0.67,0.04,0.23,41.86,4.18,0,0,0.01,0,1,1,15,31.0401014,-103.517286,2113,2026,6,20,23,46,51,581,1333,116,64,0.8,0.5,0.7,28,33,32,0,0,0,0,33,0,39,0,38,0,0,0,0,0,0,0,0,0,0,30,0,39,35,0,34,0,0,34,44
6,16410,3,KR4MFM,14.03,5,   coast,-11.06,79416,2008.03,1105.2,45.83,52.7,4.19,4.2,4.11,-0.52,0.39,0.39,32.43,2.82,-0.97,0.67,0.04,0.23,41.87,4.18,0,0,0.01,0,1,1,15,31.0401014,-103.517286,2113,2026,6,20,23,46,51,581,1333,116,64,0.8,0.5,0.7,28,33,32,0,0,0,0,33,0,39,0,38,0,0,0,0,0,0,0,0,0,0,30,0,39,35,0,34,0,0,34,44
6,16410,3,KR4MFM,14.04,5,   coast,-10.56,79416,2008.03,1105.2,45.72,52.7,4.19,4.2,4.11,-0.57,0.55,0.11,28.58,3.61,-2.68,0.66,0.04,0.23,41.89,4.18,0,0,0.01,0,1,1,15,31.0401014,-103.517286,2113,2026,6,20,23,46,51,581,1333,116,64,0.8,0.5,0.7,28,33,32,0,0,0,0,33,0,39,0,38,0,0,0,0,0,0,0,0,0,0,30,0,39,35,0,34,0,0,34,44
6,16410,3,KR4MFM,14.05,5,   coast,-10.56,79400,2009.65,1106.83,45.61,52.7,4.19,4.2,4.11,-0.65,0.17,-0.05,25.65,3,-4.7,0.66,0.04,0.23,41.93,4.18,0,0,0.01,0,1,1,15,31.0401014,-103.517286,2113,2026,6,20,23,46,51,581,1333,116,64,0.8,0.5,0.7,28,33,32,0,0,0,0,33,0,39,0,38,0,0,0,0,0,0,0,0,0,0,30,0,39,35,0,34,0,0,34,44
6,16410,3,KR4MFM,14.06,5,   coast,-12.07,79400,2009.65,1106.83,45.51,52.7,4.19,4.2,4.11,-0.65,-0.28,0.07,22.23,2.82,-4.82,0.66,0.04,0.23,41.97,4.18,0,0,0.01,0,1,1,15,31.0401014,-103.517286,2113,2026,6,20,23,46,51,581,1333,116,64,0.8,0.5,0.7,28,33,32,0,0,0,0,33,0,39,0,38,0,0,0,0,0,0,0,0,0,0,30,0,39,35,0,34,0,0,34,44
6,16410,3,KR4MFM,14.07,5,   coast,-11.06,79389,2010.77,1107.94,45.4,52.7,4.19,4.2,4.11,-0.67,-0.42,0.14,18.88,2.88,-4.33,0.66,0.04,0.23,42.01,4.18,0,0,0.01,0,1,1,15,31.0401014,-103.517286,2113,2026,6,20,23,46,51,581,1333,116,64,0.8,0.5,0.7,28,33,32,0,0,0,0,33,0,39,0,38,0,0,0,0,0,0,0,0,0,0,30,0,39,35,0,34,0,0,34,44
6,16410,3,KR4MFM,14.08,5,   coast,-11.57,79389,2010.77,1107.94,45.29,52.7,4.19,4.2,4.11,-0.58,-0.22,0.29,15.58,2.76,-4.45,0.66,0.04,0.23,42.05,4.18,0,0,0.01,0,1,1,15,31.0401014,-103.517286,2113,2026,6,20,23,46,51,581,1333,116,64,0.8,0.5,0.7,28,33,32,0,0,0,0,33,0,39,0,38,0,0,0,0,0,0,0,0,0,0,30,0,39,35,0,34,0,0,34,44
6,16410,3,KR4MFM,14.09,5,   coast,-11.57,79375,2012.19,1109.36,45.18,52.7,4.19,4.2,4.11,-0.57,0.03,0.34,12.28,3,-4.03,0.66,0.04,0.23,42.08,4.18,0,0,0.01,0,1,1,15,31.0401014,-103.517286,2113,2026,6,20,23,46,51,581,1333,116,64,0.8,0.5,0.7,28,33,32,0,0,0,0,33,0,39,0,38,0,0,0,0,0,0,0,0,0,0,30,0,39,35,0,34,0,0,34,44
6,16410,3,KR4MFM,14.1,5,   coast,-11.57,79375,2012.19,1109.36,45.07,52.7,4.22,4.2,4.11,-0.63,0.37,0.17,10.09,3.74,-5.06,0.67,0.05,0.23,42.13,4.21,0,0,0,0,1,1,15,31.0401014,-103.517286,2113,2026,6,20,23,46,51,581,1333,116,64,0.8,0.5,0.7,28,33,32,0,0,0,0,33,0,39,0,38,0,0,0,0,0,0,0,0,0,0,30,0,39,35,0,34,0,0,34,44
6,16410,3,KR4MFM,14.1,5,   coast,-11.57,79375,2012.19,1109.36,45.07,52.7,4.22,4.2,4.11,-0.63,0.37,0.17,10.09,3.74,-5.06,0.67,0.05,0.23,42.13,4.21,0,0,0,0,1,1,15,31.0401014,-103.517286,2113,2026,6,20,23,46,51,581,1333,116,64,0.8,0.5,0.7,28,33,32,0,0,0,0,33,0,39,0,38,0,0,0,0,0,0,0,0,0,0,30,0,39,35,0,34,0,0,34,44
6,16410,3,KR4MFM,14.11,5,   coast,-10.56,79363,2013.4,1110.58,44.96,52.7,4.22,4.2,4.11,-0.6,0.32,-0.02,7.58,3.06,-6.22,0.66,0.05,0.23,42.19,4.21,0,0,0,0,1,1,15,31.0401014,-103.517286,2113,2026,6,20,23,46,51,581,1333,116,64,0.8,0.5,0.7,28,33,32,0,0,0,0,33,0,39,0,38,0,0,0,0,0,0,0,0,0,0,30,0,39,35,0,34,0,0,34,44
6,16410,3,KR4MFM,14.12,5,   coast,-10.56,79363,2013.4,1110.58,44.86,52.7,4.22,4.2,4.11,-0.6,0,0,4.47,2.33,-7.32,0.66,0.05,0.23,42.25,4.21,0,0,0,0,1,1,15,31.0401014,-103.517286,2113,2026,6,20,23,46,51,581,1333,116,64,0.8,0.5,0.7,28,33,32,0,0,0,0,33,0,39,0,38,0,0,0,0,0,0,0,0,0,0,30,0,39,35,0,34,0,0,34,44
6,16410,3,KR4MFM,14.13,5,   coast,-11.06,79357,2014.01,1111.19,44.75,52.7,4.22,4.2,4.11,-0.6,-0.22,0.21,1.91,2.7,-7.02,0.67,0.05,0.23,42.32,4.21,0,0,0,0,1,1,15,31.0401014,-103.517286,2113,2026,6,20,23,46,51,581,1333,116,64,0.8,0.5,0.7,28,33,32,0,0,0,0,33,0,39,0,38,0,0,0,0,0,0,0,0,0,0,30,0,39,35,0,34,0,0,34,44
6,16410,3,KR4MFM,14.14,5,   coast,-10.06,79357,2014.01,1111.19,44.65,52.7,4.22,4.2,4.11,-0.6,-0.34,0.45,0.08,2.33,-7.32,0.67,0.05,0.23,42.39,4.21,0,0,0,0,1,1,15,31.0401014,-103.517286,2113,2026,6,20,23,46,51,581,1333,116,64,0.8,0.5,0.7,28,33,32,0,0,0,0,33,0,39,0,38,0,0,0,0,0,0,0,0,0,0,30,0,39,35,0,34,0,0,34,44
6,16410,3,KR4MFM,14.15,5,   coast,-10.06,79333,2016.45,1113.62,44.54,52.7,4.22,4.2,4.11,-0.55,-0.21,0.49,-1.27,2.94,-6.83,0.66,0.05,0.23,42.45,4.21,0,0,0,0,1,1,15,31.0401014,-103.517286,2113,2026,6,20,23,46,51,581,1333,116,64,0.8,0.5,0.7,28,33,32,0,0,0,0,33,0,39,0,38,0,0,0,0,0,0,0,0,0,0,30,0,39,35,0,34,0,0,34,44
6,16410,3,KR4MFM,14.16,5,   coast,-10.56,79333,2016.45,1113.62,44.44,52.7,4.22,4.2,4.11,-0.63,0.11,0.27,-1.63,3.67,-7.14,0.66,0.05,0.23,42.52,4.21,0,0,0,0,1,1,15,31.0401014,-103.517286,2113,2026,6,20,23,46,51,581,1333,116,64,0.8,0.5,0.7,28,33,32,0,0,0,0,33,0,39,0,38,0,0,0,0,0,0,0,0,0,0,30,0,39,35,0,34,0,0,34,44
6,16410,3,KR4MFM,14.17,5,   coast,-12.07,79303,2019.49,1116.67,44.33,52.7,4.22,4.2,4.11,-0.62,0.11,0.08,-0.72,2.58,-7.81,0.66,0.05,0.23,42.59,4.21,0,0,0,0,1,1,15,31.0401014,-103.517286,2113,2026,6,20,23,46,51,581,1333,116,64,0.8,0.5,0.7,28,33,32,0,0,0,0,33,0,39,0,38,0,0,0,0,0,0,0,0,0,0,30,0,39,35,0,34,0,0,34,44
6,16410,3,KR4MFM,14.18,5,   coast,-11.57,79303,2019.49,1116.67,44.22,52.7,4.22,4.2,4.11,-0.58,-0.09,0.06,0.57,2.21,-8.05,0.66,0.05,0.23,42.67,4.21,0,0,0,0,1,1,15,31.0401014,-103.517286,2113,2026,6,20,23,46,51,581,1333,116,64,0.8,0.5,0.7,28,33,32,0,0,0,0,33,0,39,0,38,0,0,0,0,0,0,0,0,0,0,30,0,39,35,0,34,0,0,34,44
6,16410,3,KR4MFM,14.19,5,   coast,-12.57,79317,2018.07,1115.25,44.11,52.7,4.22,4.2,4.11,-0.54,-0.17,0.19,1.54,1.78,-7.81,0.66,0.05,0.23,42.74,4.21,0,0,0,0,1,1,15,31.0401014,-103.517286,2113,2026,6,20,23,46,51,581,1333,116,64,0.8,0.5,0.7,28,33,32,0,0,0,0,33,0,39,0,38,0,0,0,0,0,0,0,0,0,0,30,0,39,35,0,34,0,0,34,44
6,16410,3,KR4MFM,14.2,5,   coast,-11.06,79317,2018.07,1115.25,44,52.7,4.22,4.2,4.11,-0.54,-0.22,0.45,4.04,0.56,-8.36,0.66,0.05,0.23,42.82,4.21,0,0,0,0,1,1,15,31.0401014,-103.517286,2113,2026,6,20,23,46,51,581,1333,116,64,0.8,0.5,0.7,28,33,32,0,0,0,0,33,0,39,0,38,0,0,0,0,0,0,0,0,0,0,30,0,39,35,0,34,0,0,34,44
6,16410,3,KR4MFM,14.21,5,   coast,-11.06,79290,2020.81,1117.99,43.89,52.7,4.22,4.2,4.11,-0.64,-0.17,0.64,6.42,0.87,-7.99,0.66,0.05,0.23,42.9,4.21,0,0,0,0,1,1,15,31.0401014,-103.517286,2113,2026,6,20,23,46,51,581,1333,116,64,0.8,0.5,0.7,28,33,32,0,0,0,0,33,0,39,0,38,0,0,0,0,0,0,0,0,0,0,30,0,39,35,0,34,0,0,34,44
6,16410,3,KR4MFM,14.22,5,   coast,-11.57,79290,2020.81,1117.99,43.78,52.7,4.22,4.2,4.11,-0.69,0.06,0.51,8.68,1.66,-7.75,0.66,0.05,0.23,42.98,4.21,0,0,0,0,1,1,15,31.0401014,-103.517286,2113,2026,6,20,23,46,51,581,1333,116,64,0.8,0.5,0.7,28,33,32,0,0,0,0,33,0,39,0,38,0,0,0,0,0,0,0,0,0,0,30,0,39,35,0,34,0,0,34,44
6,16410,3,KR4MFM,14.23,5,   coast,-9.56,79286,2021.22,1118.39,43.67,52.7,4.22,4.2,4.11,-0.73,0.17,0.21,9.96,0.81,-8.3,0.66,0.05,0.23,43.06,4.21,0,0,0,0,1,1,15,31.0401014,-103.517286,2113,2026,6,20,23,46,51,581,1333,116,64,0.8,0.5,0.7,28,33,32,0,0,0,0,33,0,39,0,38,0,0,0,0,0,0,0,0,0,0,30,0,39,35,0,34,0,0,34,44
6,16410,3,KR4MFM,14.24,5,   coast,-12.57,79286,2021.22,1118.39,43.56,52.7,4.22,4.2,4.11,-0.72,0.02,0.19,11.43,0.75,-8.97,0.66,0.05,0.22,43.15,4.21,0,0,0,0,1,1,15,31.0401014,-103.517286,2113,2026,6,20,23,46,51,581,1333,116,64,0.8,0.5,0.7,28,33,32,0,0,0,0,33,0,39,0,38,0,0,0,0,0,0,0,0,0,0,30,0,39,35,0,34,0,0,34,44
6,16410,3,KR4MFM,14.25,5,   coast,-12.07,79263,2023.55,1120.73,43.45,52.7,4.22,4.2,4.11,-0.6,-0.05,0.15,12.89,0.38,-8.54,0.66,0.06,0.22,43.23,4.21,0,0,0,0,1,1,15,31.0401014,-103.517286,2113,2026,6,20,23,46,51,581,1333,116,64,0.8,0.5,0.7,28,33,32,0,0,0,0,33,0,39,0,38,0,0,0,0,0,0,0,0,0,0,30,0,39,35,0,34,0,0,34,44
6,16410,3,KR4MFM,14.26,5,   coast,-13.08,79263,2023.55,1120.73,43.34,52.7,4.22,4.2,4.11,-0.58,-0.14,0.24,14.18,-0.17,-8.85,0.66,0.05,0.23,43.32,4.21,0,0,0,0,1,1,15,31.0401014,-103.517286,2113,2026,6,20,23,46,51,581,1333,116,64,0.8,0.5,0.7,28,33,32,0,0,0,0,33,0,39,0,38,0,0,0,0,0,0,0,0,0,0,30,0,39,35,0,34,0,0,34,44
6,16410,3,KR4MFM,14.27,5,   coast,-9.56,79260,2023.86,1121.03,43.23,52.7,4.22,4.2,4.11,-0.6,-0.22,0.29,15.52,-0.84,-8.11,0.66,0.06,0.23,43.4,4.21,0,0,0,0,1,1,15,31.0401014,-103.517286,2113,2026,6,20,23,46,51,581,1333,116,64,0.8,0.5,0.7,28,33,32,0,0,0,0,33,0,39,0,38,0,0,0,0,0,0,0,0,0,0,30,0,39,35,0,34,0,0,34,44
6,16410,3,KR4MFM,14.28,5,   coast,-12.07,79260,2023.86,1121.03,43.12,52.7,4.22,4.2,4.11,-0.65,-0.06,0.35,16.37,-0.35,-7.38,0.66,0.06,0.23,43.47,4.21,0,0,0,0,1,1,15,31.0401014,-103.517286,2113,2026,6,20,23,46,51,581,1333,116,64,0.8,0.5,0.7,28,33,32,0,0,0,0,33,0,39,0,38,0,0,0,0,0,0,0,0,0,0,30,0,39,35,0,34,0,0,34,44
6,16410,3,KR4MFM,14.29,5,   coast,-12.07,79245,2025.38,1122.56,43,52.7,4.22,4.2,4.11,-0.72,0.04,0.22,17.35,-0.35,-7.63,0.66,0.06,0.22,43.55,4.21,0,0,0,0,1,1,15,31.0401014,-103.517286,2113,2026,6,20,23,46,51,581,1333,116,64,0.8,0.5,0.7,28,33,32,0,0,0,0,33,0,39,0,38,0,0,0,0,0,0,0,0,0,0,30,0,39,35,0,34,0,0,34,44
6,16410,3,KR4MFM,14.3,5,   coast,-12.07,79245,2025.38,1122.56,42.89,52.7,4.22,4.2,4.11,-0.67,0.1,0.19,18.08,-0.84,-7.99,0.66,0.06,0.22,43.63,4.21,0,0,0,0,1,1,15,31.0401014,-103.517286,2113,2026,6,20,23,46,51,581,1333,116,64,0.8,0.5,0.7,28,33,32,0,0,0,0,33,0,39,0,38,0,0,0,0,0,0,0,0,0,0,30,0,39,35,0,34,0,0,34,44
6,16410,3,KR4MFM,14.31,5,   coast,-10.56,79236,2026.3,1123.47,42.78,52.7,4.22,4.2,4.11,-0.73,0.12,0.11,19,-0.84,-7.38,0.66,0.06,0.22,43.7,4.21,0,0,0,0,1,1,15,31.0401014,-103.517286,2113,2026,6,20,23,46,51,581,1333,116,64,0.8,0.5,0.7,28,33,32,0,0,0,0,33,0,39,0,38,0,0,0,0,0,0,0,0,0,0,30,0,39,35,0,34,0,0,34,44
6,16410,3,KR4MFM,14.32,5,   coast,-11.57,79236,2026.3,1123.47,42.67,52.7,4.22,4.2,4.11,-0.68,0.08,0.19,20.77,-1.51,-8.05,0.66,0.06,0.22,43.79,4.21,0,0,0,0,1,1,15,31.0401014,-103.517286,2113,2026,6,20,23,46,51,581,1333,116,64,0.8,0.5,0.7,28,33,32,0,0,0,0,33,0,39,0,38,0,0,0,0,0,0,0,0,0,0,30,0,39,35,0,34,0,0,34,44
6,16410,3,KR4MFM,14.33,5,   coast,-11.06,79210,2028.94,1126.11,42.56,52.7,4.22,4.2,4.11,-0.6,-0.1,0.24,21.32,-1.88,-7.81,0.66,0.07,0.22,43.87,4.21,0,0,0,0,1,1,15,31.0401014,-103.517286,2113,2026,6,20,23,46,51,581,1333,116,64,0.8,0.5,0.7,28,33,32,0,0,0,0,33,0,39,0,38,0,0,0,0,0,0,0,0,0,0,30,0,39,35,0,34,0,0,34,44
6,16410,3,KR4MFM,14.34,5,   coast,-12.07,79210,2028.94,1126.11,42.45,52.7,4.22,4.2,4.11,-0.54,-0.12,0.36,21.56,-0.84,-6.47,0.66,0.07,0.22,43.93,4.21,0,0,0,0,1,1,15,31.0401014,-103.517286,2113,2026,6,20,23,46,51,581,1333,116,64,0.8,0.5,0.7,28,33,32,0,0,0,0,33,0,39,0,38,0,0,0,0,0,0,0,0,0,0,30,0,39,35,0,34,0,0,34,44
6,16410,3,KR4MFM,14.35,5,   coast,-12.07,79209,2029.04,1126.22,42.34,52.7,4.22,4.2,4.11,-0.56,0.16,0.24,21.5,-1.09,-6.71,0.66,0.07,0.22,44,4.21,0,0,0,0,1,1,15,31.0401014,-103.517286,2113,2026,6,20,23,46,51,581,1333,116,64,0.8,0.5,0.7,28,33,32,0,0,0,0,33,0,39,0,38,0,0,0,0,0,0,0,0,0,0,30,0,39,35,0,34,0,0,34,44
6,16410,3,KR4MFM,14.36,5,   coast,-11.57,79209,2029.04,1126.22,42.23,52.7,4.22,4.2,4.11,-0.63,0.36,0.07,20.95,-1.57,-6.83,0.66,0.07,0.22,44.07,4.21,0,0,0,0,1,1,15,31.0401014,-103.517286,2113,2026,6,20,23,46,51,581,1333,116,64,0.8,0.5,0.7,28,33,32,0,0,0,0,33,0,39,0,38,0,0,0,0,0,0,0,0,0,0,30,0,39,35,0,34,0,0,34,44
6,16410,3,KR4MFM,14.37,5,   coast,-11.06,79182,2031.78,1128.96,42.12,52.7,4.22,4.2,4.11,-0.68,0.35,0.06,22.72,-1.27,-6.65,0.66,0.07,0.22,44.14,4.21,0,0,0,0,1,1,15,31.0401014,-103.517286,2113,2026,6,20,23,46,51,581,1333,116,64,0.8,0.5,0.7,28,33,32,0,0,0,0,33,0,39,0,38,0,0,0,0,0,0,0,0,0,0,30,0,39,35,0,34,0,0,34,44
6,16410,3,KR4MFM,14.38,5,   coast,-11.57,79182,2031.78,1128.96,42.01,52.7,4.22,4.2,4.11,-0.69,0.21,0.13,24.43,-1.76,-6.16,0.66,0.07,0.22,44.2,4.21,0,0,0,0,1,1,15,31.0401014,-103.517286,2113,2026,6,20,23,46,51,581,1333,116,64,0.8,0.5,0.7,28,33,32,0,0,0,0,33,0,39,0,38,0,0,0,0,0,0,0,0,0,0,30,0,39,35,0,34,0,0,34,44
6,16410,3,KR4MFM,14.39,5,   coast,-11.06,79179,2032.09,1129.26,41.9,52.7,4.22,4.2,4.11,-0.71,0.03,0.23,25.71,-1.64,-6.53,0.66,0.07,0.22,44.26,4.21,0,0,0,0,1,1,15,31.0401014,-103.517286,2113,2026,6,20,23,46,51,581,1333,116,64,0.8,0.5,0.7,28,33,32,0,0,0,0,33,0,39,0,38,0,0,0,0,0,0,0,0,0,0,30,0,39,35,0,34,0,0,34,44
6,16410,3,KR4MFM,14.4,5,   coast,-12.57,79179,2032.09,1129.26,41.79,52.7,4.22,4.2,4.11,-0.62,-0.01,0.39,27.12,-1.7,-5.12,0.66,0.07,0.22,44.32,4.21,0,0,0,0,1,1,15,31.0401014,-103.517286,2113,2026,6,20,23,46,51,581,1333,116,64,0.8,0.5,0.7,28,33,32,0,0,0,0,33,0,39,0,38,0,0,0,0,0,0,0,0,0,0,30,0,39,35,0,34,0,0,34,44
6,16410,3,KR4MFM,14.41,5,   coast,-11.06,79165,2033.51,1130.69,41.68,52.7,4.22,4.2,4.11,-0.62,0.28,0.42,28.03,-1.09,-4.76,0.66,0.08,0.22,44.37,4.21,0,0,0,0,1,1,15,31.0401014,-103.517286,2113,2026,6,20,23,46,51,581,1333,116,64,0.8,0.5,0.7,28,33,32,0,0,0,0,33,0,39,0,38,0,0,0,0,0,0,0,0,0,0,30,0,39,35,0,34,0,0,34,44
6,16410,3,KR4MFM,14.42,5,   coast,-11.06,79165,2033.51,1130.69,41.57,52.7,4.2,4.19,4.11,-0.6,0.46,0.24,27.42,-1.15,-4.82,0.66,0.08,0.22,44.41,4.19,0,0,0,0,1,1,15,31.0401014,-103.517286,2113,2026,6,20,23,46,51,581,1333,116,64,0.8,0.5,0.7,28,33,32,0,0,0,0,33,0,39,0,38,0,0,0,0,0,0,0,0,0,0,30,0,39,35,0,34,0,0,34,44
6,16410,3,KR4MFM,14.42,5,   coast,-11.06,79165,2033.51,1130.69,41.57,52.7,4.2,4.19,4.11,-0.6,0.46,0.24,27.42,-1.15,-4.82,0.66,0.08,0.22,44.41,4.19,0,0,0,0,1,1,15,31.0401014,-103.517286,2113,2026,6,20,23,46,51,581,1333,116,64,0.8,0.5,0.7,28,33,32,0,0,0,0,33,0,39,0,38,0,0,0,0,0,0,0,0,0,0,30,0,39,35,0,34,0,0,34,44
6,16410,3,KR4MFM,14.43,5,   coast,-11.06,79142,2035.85,1133.03,41.46,52.7,4.2,4.19,4.11,-0.6,0.43,0.29,26.63,-1.88,-4.64,0.66,0.08,0.21,44.46,4.19,0,0,0,0,1,1,15,31.0401014,-103.517286,2113,2026,6,20,23,46,51,581,1333,116,64,0.8,0.5,0.7,28,33,32,0,0,0,0,33,0,39,0,38,0,0,0,0,0,0,0,0,0,0,30,0,39,35,0,34,0,0,34,44
6,16410,3,KR4MFM,14.44,5,   coast,-12.07,79142,2035.85,1133.03,41.35,52.7,4.2,4.19,4.11,-0.66,0.33,0.34,26.02,-1.39,-4.39,0.66,0.08,0.21,44.51,4.19,0,0,0,0,1,1,15,31.0401014,-103.517286,2113,2026,6,20,23,46,51,581,1333,116,64,0.8,0.5,0.7,28,33,32,0,0,0,0,33,0,39,0,38,0,0,0,0,0,0,0,0,0,0,30,0,39,35,0,34,0,0,34,44
6,16410,3,KR4MFM,14.45,5,   coast,-11.06,79140,2036.05,1133.23,41.24,52.7,4.2,4.19,4.11,-0.69,0.04,0.27,25.59,-2.37,-4.88,0.66,0.08,0.21,44.56,4.19,0,0,0,0,1,1,15,31.0401014,-103.517286,2113,2026,6,20,23,46,51,581,1333,116,64,0.8,0.5,0.7,28,33,32,0,0,0,0,33,0,39,0,38,0,0,0,0,0,0,0,0,0,0,30,0,39,35,0,34,0,0,34,44
6,16410,3,KR4MFM,14.46,5,   coast,-12.57,79140,2036.05,1133.23,41.13,52.7,4.2,4.19,4.11,-0.68,-0.06,0.31,24.43,-2.06,-3.29,0.66,0.08,0.21,44.59,4.19,0,0,0,0,1,1,15,31.0401014,-103.517286,2113,2026,6,20,23,46,51,581,1333,116,64,0.8,0.5,0.7,28,33,32,0,0,0,0,33,0,39,0,38,0,0,0,0,0,0,0,0,0,0,30,0,39,35,0,34,0,0,34,44
6,16410,3,KR4MFM,14.47,5,   coast,-11.57,79123,2037.78,1134.96,41.01,52.7,4.2,4.19,4.11,-0.63,0.09,0.38,23.88,-1.94,-2.74,0.66,0.09,0.21,44.62,4.19,0,0,0,0,1,1,15,31.0401014,-103.517286,2113,2026,6,20,23,46,51,581,1333,116,64,0.8,0.5,0.7,28,33,32,0,0,0,0,33,0,39,0,38,0,0,0,0,0,0,0,0,0,0,30,0,39,35,0,34,0,0,34,44
6,16410,3,KR4MFM,14.48,5,   coast,-12.07,79123,2037.78,1134.96,40.9,52.7,4.2,4.19,4.11,-0.6,0.29,0.25,23.27,-2,-2.74,0.65,0.08,0.21,44.65,4.19,0,0,0,0,1,1,15,31.0401014,-103.517286,2113,2026,6,20,23,46,51,581,1333,116,64,0.8,0.5,0.7,28,33,32,0,0,0,0,33,0,39,0,38,0,0,0,0,0,0,0,0,0,0,30,0,39,35,0,34,0,0,34,44
6,16410,3,KR4MFM,14.49,5,   coast,-12.07,79109,2039.21,1136.38,40.79,52.7,4.2,4.19,4.11,-0.62,0.36,0.09,22.23,-2.98,-2.56,0.65,0.09,0.21,44.67,4.19,0,0,0,0,1,1,15,31.0401014,-103.517286,2113,2026,6,20,23,46,51,581,1333,116,64,0.8,0.5,0.7,28,33,32,0,0,0,0,33,0,39,0,38,0,0,0,0,0,0,0,0,0,0,30,0,39,35,0,34,0,0,34,44
6,16410,3,KR4MFM,14.5,5,   coast,-11.06,79109,2039.21,1136.38,40.68,52.7,4.2,4.19,4.11,-0.6,0.39,0.17,21.13,-2.37,-2.01,0.65,0.09,0.21,44.7,4.19,0,0,0,0,1,1,15,31.0401014,-103.517286,2113,2026,6,20,23,46,51,581,1333,116,64,0.8,0.5,0.7,28,33,32,0,0,0,0,33,0,39,0,38,0,0,0,0,0,0,0,0,0,0,30,0,39,35,0,34,0,0,34,44
6,16410,3,KR4MFM,14.51,5,   coast,-11.06,79104,2039.71,1136.89,40.57,52.7,4.2,4.19,4.11,-0.63,0.11,0.08,20.28,-2.86,-3.35,0.65,0.09,0.21,44.73,4.19,0,0,0,0,1,1,15,31.0401014,-103.517286,2113,2026,6,20,23,46,51,581,1333,116,64,0.8,0.5,0.7,28,33,32,0,0,0,0,33,0,39,0,38,0,0,0,0,0,0,0,0,0,0,30,0,39,35,0,34,0,0,34,44
6,16410,3,KR4MFM,14.52,5,   coast,-10.56,79104,2039.71,1136.89,40.46,52.7,4.2,4.19,4.11,-0.65,-0.17,0.26,19.06,-3.65,-2.26,0.65,0.09,0.21,44.75,4.19,0,0,0,0,1,1,15,31.0401014,-103.517286,2113,2026,6,20,23,46,51,581,1333,116,64,0.8,0.5,0.7,28,33,32,0,0,0,0,33,0,39,0,38,0,0,0,0,0,0,0,0,0,0,30,0,39,35,0,34,0,0,34,44
6,16410,3,KR4MFM,14.53,5,   coast,-10.56,79092,2040.94,1138.11,40.36,52.7,4.2,4.19,4.11,-0.6,-0.17,0.29,18.75,-3.34,-1.58,0.65,0.09,0.21,44.77,4.19,0,0,0,0,1,1,15,31.0401014,-103.517286,2113,2026,6,20,23,46,51,581,1333,116,64,0.8,0.5,0.7,28,33,32,0,0,0,0,33,0,39,0,38,0,0,0,0,0,0,0,0,0,0,30,0,39,35,0,34,0,0,34,44
6,16410,3,KR4MFM,14.54,5,   coast,-12.07,79092,2040.94,1138.11,40.25,52.7,4.2,4.19,4.11,-0.63,-0.02,0.37,20.28,-3.22,-1.34,0.66,0.09,0.21,44.79,4.19,0,0,0,0,1,1,15,31.0401014,-103.517286,2113,2026,6,20,23,46,51,581,1333,116,64,0.8,0.5,0.7,28,33,32,0,0,0,0,33,0,39,0,38,0,0,0,0,0,0,0,0,0,0,30,0,39,35,0,34,0,0,34,44
6,16410,3,KR4MFM,14.55,5,   coast,-11.57,79076,2042.56,1139.74,40.13,52.7,4.2,4.19,4.11,-0.67,0.14,0.38,21.38,-2.73,-0.73,0.66,0.09,0.21,44.79,4.19,0,0,0,0,1,1,15,31.0401014,-103.517286,2113,2026,6,20,23,46,51,581,1333,116,64,0.8,0.5,0.7,28,33,32,0,0,0,0,33,0,39,0,38,0,0,0,0,0,0,0,0,0,0,30,0,39,35,0,34,0,0,34,44
6,16410,3,KR4MFM,14.56,5,   coast,-13.58,79076,2042.56,1139.74,40.02,52.7,4.2,4.19,4.11,-0.57,0.38,0.2,22.66,-3.16,-0.91,0.66,0.09,0.21,44.8,4.19,0,0,0,0,1,1,15,31.0401014,-103.517286,2113,2026,6,20,23,46,51,581,1333,116,64,0.8,0.5,0.7,28,33,32,0,0,0,0,33,0,39,0,38,0,0,0,0,0,0,0,0,0,0,30,0,39,35,0,34,0,0,34,44
6,16410,3,KR4MFM,14.57,5,   coast,-12.07,79075,2042.66,1139.84,39.91,52.7,4.2,4.19,4.11,-0.61,0.16,0.11,23.15,-3.95,-2.44,0.66,0.1,0.2,44.83,4.19,0,0,0,0,1,1,15,31.0401014,-103.517286,2113,2026,6,20,23,46,51,581,1333,116,64,0.8,0.5,0.7,28,33,32,0,0,0,0,33,0,39,0,38,0,0,0,0,0,0,0,0,0,0,30,0,39,35,0,34,0,0,34,44
6,16410,3,KR4MFM,14.58,5,   coast,-12.07,79075,2042.66,1139.84,39.79,52.7,4.2,4.19,4.11,-0.62,-0.14,0.13,24.06,-3.65,-1.89,0.66,0.1,0.2,44.85,4.19,0,0,0,0,1,1,15,31.0401014,-103.517286,2113,2026,6,20,23,46,51,581,1333,116,64,0.8,0.5,0.7,28,33,32,0,0,0,0,33,0,39,0,38,0,0,0,0,0,0,0,0,0,0,30,0,39,35,0,34,0,0,34,44
6,16410,3,KR4MFM,14.59,5,   coast,-10.56,79046,2045.62,1142.79,39.68,52.7,4.2,4.19,4.11,-0.6,-0.19,0.22,24.74,-4.99,-0.97,0.66,0.1,0.2,44.86,4.19,0,0,0,0,1,1,15,31.0401014,-103.517286,2113,2026,6,20,23,46,51,581,1333,116,64,0.8,0.5,0.7,28,33,32,0,0,0,0,33,0,39,0,38,0,0,0,0,0,0,0,0,0,0,30,0,39,35,0,34,0,0,34,44
6,16410,3,KR4MFM,14.6,5,   coast,-11.06,79046,2045.62,1142.79,39.58,52.7,4.2,4.19,4.11,-0.61,-0.09,0.28,26.08,-4.56,-1.1,0.65,0.1,0.2,44.87,4.19,0,0,0,0,1,1,15,31.0401014,-103.517286,2113,2026,6,20,23,46,51,581,1333,116,64,0.8,0.5,0.7,28,33,32,0,0,0,0,33,0,39,0,38,0,0,0,0,0,0,0,0,0,0,30,0,39,35,0,34,0,0,34,44
6,16410,3,KR4MFM,14.61,5,   coast,-11.06,79033,2046.94,1144.12,39.47,52.7,4.2,4.19,4.11,-0.59,0.12,0.27,26.57,-4.14,-0.49,0.65,0.1,0.2,44.87,4.19,0,0,0,0,1,1,15,31.0401014,-103.517286,2113,2026,6,20,23,46,51,581,1333,116,64,0.8,0.5,0.7,28,33,32,0,0,0,0,33,0,39,0,38,0,0,0,0,0,0,0,0,0,0,30,0,39,35,0,34,0,0,34,44
6,16410,3,KR4MFM,14.62,5,   coast,-10.56,79033,2046.94,1144.12,39.36,52.7,4.2,4.19,4.11,-0.6,0.36,0.21,27.3,-4.32,-0.49,0.65,0.1,0.2,44.88,4.19,0,0,0,0,1,1,15,31.0401014,-103.517286,2113,2026,6,20,23,46,51,581,1333,116,64,0.8,0.5,0.7,28,33,32,0,0,0,0,33,0,39,0,38,0,0,0,0,0,0,0,0,0,0,30,0,39,35,0,34,0,0,34,44
6,16410,3,KR4MFM,14.63,5,   coast,-11.57,79027,2047.55,1144.73,39.26,52.7,4.2,4.19,4.11,-0.68,0.3,0.18,27.24,-4.63,-1.58,0.65,0.1,0.2,44.9,4.19,0,0,0,0,1,1,15,31.0401014,-103.517286,2113,2026,6,20,23,46,51,581,1333,116,64,0.8,0.5,0.7,28,33,32,0,0,0,0,33,0,39,0,38,0,0,0,0,0,0,0,0,0,0,30,0,39,35,0,34,0,0,34,44
6,16410,3,KR4MFM,14.64,5,   coast,-10.06,79027,2047.55,1144.73,39.15,52.7,4.2,4.19,4.11,-0.68,-0.1,0.06,27.6,-4.75,-1.4,0.65,0.1,0.2,44.91,4.19,0,0,0,0,1,1,15,31.0401014,-103.517286,2113,2026,6,20,23,46,51,581,1333,116,64,0.8,0.5,0.7,28,33,32,0,0,0,0,33,0,39,0,38,0,0,0,0,0,0,0,0,0,0,30,0,39,35,0,34,0,0,34,44
6,16410,3,KR4MFM,14.65,5,   coast,-11.57,78994,2050.91,1148.09,39.04,52.7,4.2,4.19,4.11,-0.73,-0.17,0.15,28.82,-5.05,-0.85,0.65,0.1,0.2,44.92,4.19,0,0,0,0,1,1,15,31.0401014,-103.517286,2113,2026,6,20,23,46,51,581,1333,116,64,0.8,0.5,0.7,28,33,32,0,0,0,0,33,0,39,0,38,0,0,0,0,0,0,0,0,0,0,30,0,39,35,0,34,0,0,34,44
6,16410,3,KR4MFM,14.66,5,   coast,-12.07,78994,2050.91,1148.09,38.93,52.7,4.2,4.19,4.11,-0.64,-0.26,0.24,30.11,-4.75,-0.97,0.65,0.11,0.2,44.93,4.19,0,0,0,0,1,1,15,31.0401014,-103.517286,2113,2026,6,20,23,46,51,581,1333,116,64,0.8,0.5,0.7,28,33,32,0,0,0,0,33,0,39,0,38,0,0,0,0,0,0,0,0,0,0,30,0,39,35,0,34,0,0,34,44
6,16410,3,KR4MFM,14.67,5,   coast,-11.06,79001,2050.2,1147.37,38.82,52.7,4.2,4.19,4.11,-0.65,-0.27,0.11,31.21,-4.38,-0.36,0.65,0.11,0.2,44.93,4.19,0,0,0,0,1,1,15,31.0401014,-103.517286,2113,2026,6,20,23,46,51,581,1333,116,64,0.8,0.5,0.7,28,33,32,0,0,0,0,33,0,39,0,38,0,0,0,0,0,0,0,0,0,0,30,0,39,35,0,34,0,0,34,44
6,16410,3,KR4MFM,14.68,5,   coast,-12.57,79001,2050.2,1147.37,38.71,52.7,4.2,4.19,4.11,-0.65,0.14,0.14,32.91,-4.93,0.13,0.65,0.11,0.2,44.93,4.19,0,0,0,0,1,1,15,31.0401014,-103.517286,2113,2026,6,20,23,46,51,581,1333,116,64,0.8,0.5,0.7,28,33,32,0,0,0,0,33,0,39,0,38,0,0,0,0,0,0,0,0,0,0,30,0,39,35,0,34,0,0,34,44
6,16410,3,KR4MFM,14.69,5,   coast,-11.57,78988,2051.52,1148.7,38.6,52.7,4.2,4.19,4.11,-0.68,0.37,0.04,30.96,-4.44,-1.22,0.65,0.11,0.19,44.94,4.19,0,0,0,0,1,1,15,31.0401014,-103.517286,2113,2026,6,20,23,46,51,581,1333,116,64,0.8,0.5,0.7,28,33,32,0,0,0,0,33,0,39,0,38,0,0,0,0,0,0,0,0,0,0,30,0,39,35,0,34,0,0,34,44
6,16410,3,KR4MFM,14.7,5,   coast,-12.57,78988,2051.52,1148.7,38.48,52.7,4.2,4.19,4.11,-0.68,0.18,-0.06,29.01,-4.26,-1.64,0.65,0.11,0.19,44.95,4.19,0,0,0,0,1,1,15,31.0401014,-103.517286,2113,2026,6,20,23,46,51,581,1333,116,64,0.8,0.5,0.7,28,33,32,0,0,0,0,33,0,39,0,38,0,0,0,0,0,0,0,0,0,0,30,0,39,35,0,34,0,0,34,44
6,16410,3,KR4MFM,14.71,5,   coast,-12.07,78984,2051.93,1149.1,38.37,52.7,4.2,4.19,4.11,-0.66,-0.03,0.03,27.18,-3.95,-1.58,0.65,0.11,0.19,44.97,4.19,0,0,0,0,1,1,15,31.0401014,-103.517286,2113,2026,6,20,23,46,51,581,1333,116,64,0.8,0.5,0.7,28,33,32,0,0,0,0,33,0,39,0,38,0,0,0,0,0,0,0,0,0,0,30,0,39,35,0,34,0,0,34,44
6,16410,3,KR4MFM,14.72,5,   coast,-10.56,78984,2051.93,1149.1,38.26,52.7,4.2,4.19,4.11,-0.6,-0.01,0.26,24.86,-3.83,-2.26,0.65,0.11,0.19,44.99,4.19,0,0,0,0,1,1,15,31.0401014,-103.517286,2113,2026,6,20,23,46,51,581,1333,116,64,0.8,0.5,0.7,28,33,32,0,0,0,0,33,0,39,0,38,0,0,0,0,0,0,0,0,0,0,30,0,39,35,0,34,0,0,34,44
6,16410,3,KR4MFM,14.73,5,   coast,-10.56,78970,2053.35,1150.53,38.15,52.7,4.2,4.19,4.11,-0.59,-0.17,0.01,22.78,-2.43,-1.64,0.65,0.11,0.19,45,4.19,0,0,0,0,1,1,15,31.0401014,-103.517286,2113,2026,6,20,23,46,51,581,1333,116,64,0.8,0.5,0.7,28,33,32,0,0,0,0,33,0,39,0,38,0,0,0,0,0,0,0,0,0,0,30,0,39,35,0,34,0,0,34,44
6,16410,3,KR4MFM,14.74,5,   coast,-11.06,78970,2053.35,1150.53,38.05,52.7,4.17,4.19,4.11,-0.67,0.09,-0.11,20.28,-2.79,-1.4,0.65,0.11,0.19,45.02,4.2,0,0,0.01,0,1,1,15,31.0401014,-103.517286,2113,2026,6,20,23,46,51,581,1333,116,64,0.8,0.5,0.7,28,33,32,0,0,0,0,33,0,39,0,38,0,0,0,0,0,0,0,0,0,0,30,0,39,35,0,34,0,0,34,44
6,16410,3,KR4MFM,14.74,5,   coast,-11.06,78970,2053.35,1150.53,38.05,52.7,4.17,4.19,4.11,-0.67,0.09,-0.11,20.28,-2.79,-1.4,0.65,0.11,0.19,45.02,4.2,0,0,0.01,0,1,1,15,31.0401014,-103.517286,2113,2026,6,20,23,46,51,581,1333,116,64,0.8,0.5,0.7,28,33,32,0,0,0,0,33,0,39,0,38,0,0,0,0,0,0,0,0,0,0,30,0,39,35,0,34,0,0,34,44
6,16410,3,KR4MFM,14.75,5,   coast,-11.06,78954,2054.98,1152.16,37.94,52.7,4.17,4.19,4.11,-0.73,0.32,-0.1,17.96,-2.67,-2.44,0.65,0.11,0.19,45.04,4.2,0,0,0.01,0,1,1,15,31.0401014,-103.517286,2113,2026,6,20,23,46,51,581,1333,116,64,0.8,0.5,0.7,28,33,32,0,0,0,0,33,0,39,0,38,0,0,0,0,0,0,0,0,0,0,30,0,39,35,0,34,0,0,34,44
6,16410,3,KR4MFM,14.76,5,   coast,-10.56,78954,2054.98,1152.16,37.83,52.7,4.17,4.19,4.11,-0.7,0.14,-0.01,14.54,-2.55,-2.99,0.65,0.12,0.19,45.07,4.2,0,0,0.01,0,1,1,15,31.0401014,-103.517286,2113,2026,6,20,23,46,51,581,1333,116,64,0.8,0.5,0.7,28,33,32,0,0,0,0,33,0,39,0,38,0,0,0,0,0,0,0,0,0,0,30,0,39,35,0,34,0,0,34,44
6,16410,3,KR4MFM,14.77,5,   coast,-11.57,78945,2055.9,1153.08,37.73,52.7,4.17,4.19,4.11,-0.66,-0.09,0.1,11.86,-1.82,-2.93,0.65,0.12,0.19,45.1,4.2,0,0,0.01,0,1,1,15,31.0401014,-103.517286,2113,2026,6,20,23,46,51,581,1333,116,64,0.8,0.5,0.7,28,33,32,0,0,0,0,33,0,39,0,38,0,0,0,0,0,0,0,0,0,0,30,0,39,35,0,34,0,0,34,44
6,16410,3,KR4MFM,14.78,5,   coast,-12.07,78945,2055.9,1153.08,37.62,52.7,4.17,4.19,4.11,-0.58,-0.23,0.24,10.82,-1.33,-3.11,0.65,0.12,0.19,45.13,4.2,0,0,0.01,0,1,1,15,31.0401014,-103.517286,2113,2026,6,20,23,46,51,581,1333,116,64,0.8,0.5,0.7,28,33,32,0,0,0,0,33,0,39,0,38,0,0,0,0,0,0,0,0,0,0,30,0,39,35,0,34,0,0,34,44
6,16410,3,KR4MFM,14.79,5,   coast,-11.06,78936,2056.82,1153.99,37.51,52.7,4.17,4.19,4.11,-0.68,-0.32,0.14,11.06,-0.41,-3.29,0.65,0.12,0.19,45.16,4.2,0,0,0.01,0,1,1,15,31.0401014,-103.517286,2113,2026,6,20,23,46,51,581,1333,116,64,0.8,0.5,0.7,28,33,32,0,0,0,0,33,0,39,0,38,0,0,0,0,0,0,0,0,0,0,30,0,39,35,0,34,0,0,34,44
6,16410,3,KR4MFM,14.8,5,   coast,-11.06,78936,2056.82,1153.99,37.4,52.7,4.17,4.19,4.11,-0.63,-0.12,-0.02,11.43,-0.78,-2.74,0.65,0.12,0.19,45.19,4.2,0,0,0.01,0,1,1,15,31.0401014,-103.517286,2113,2026,6,20,23,46,51,581,1333,116,64,0.8,0.5,0.7,28,33,32,0,0,0,0,33,0,39,0,38,0,0,0,0,0,0,0,0,0,0,30,0,39,35,0,34,0,0,34,44
6,16410,3,KR4MFM,14.81,5,   coast,-12.07,78914,2059.06,1156.24,37.29,52.7,4.17,4.19,4.11,-0.62,0.09,-0.07,11.12,-0.05,-3.54,0.65,0.12,0.19,45.22,4.2,0,0,0.01,0,1,1,15,31.0401014,-103.517286,2113,2026,6,20,23,46,51,581,1333,116,64,0.8,0.5,0.7,28,33,32,0,0,0,0,33,0,39,0,38,0,0,0,0,0,0,0,0,0,0,30,0,39,35,0,34,0,0,34,44
6,16410,3,KR4MFM,14.82,5,   coast,-11.57,78914,2059.06,1156.24,37.18,52.7,4.17,4.19,4.11,-0.67,0.19,0.04,11.25,-0.35,-4.39,0.65,0.12,0.19,45.26,4.2,0,0,0.01,0,1,1,15,31.0401014,-103.517286,2113,2026,6,20,23,46,51,581,1333,116,64,0.8,0.5,0.7,28,33,32,0,0,0,0,33,0,39,0,38,0,0,0,0,0,0,0,0,0,0,30,0,39,35,0,34,0,0,34,44
6,16410,3,KR4MFM,14.83,5,   coast,-9.56,78906,2059.88,1157.05,37.07,52.7,4.17,4.19,4.11,-0.66,0.07,0.02,11.43,0.5,-5,0.65,0.12,0.19,45.31,4.2,0,0,0.01,0,1,1,15,31.0401014,-103.517286,2113,2026,6,20,23,46,51,581,1333,116,64,0.8,0.5,0.7,28,33,32,0,0,0,0,33,0,39,0,38,0,0,0,0,0,0,0,0,0,0,30,0,39,35,0,34,0,0,34,44
6,16410,3,KR4MFM,14.84,5,   coast,-11.57,78906,2059.88,1157.05,36.97,52.7,4.17,4.19,4.11,-0.68,-0.2,0.02,10.76,0.44,-5.06,0.65,0.12,0.19,45.36,4.2,0,0,0.01,0,1,1,15,31.0401014,-103.517286,2113,2026,6,20,23,46,51,581,1333,116,64,0.8,0.5,0.7,28,33,32,0,0,0,0,33,0,39,0,38,0,0,0,0,0,0,0,0,0,0,30,0,39,35,0,34,0,0,34,44
6,16410,3,KR4MFM,14.85,5,   coast,-11.57,78901,2060.38,1157.56,36.86,52.7,4.17,4.19,4.11,-0.65,-0.36,0.04,9.84,0.99,-5.31,0.64,0.12,0.19,45.42,4.2,0,0,0.01,0,1,1,15,31.0401014,-103.517286,2113,2026,6,20,23,46,51,581,1333,116,64,0.8,0.5,0.7,28,33,32,0,0,0,0,33,0,39,0,38,0,0,0,0,0,0,0,0,0,0,30,0,39,35,0,34,0,0,34,44
6,16410,3,KR4MFM,14.86,5,   coast,-11.06,78901,2060.38,1157.56,36.75,52.7,4.17,4.19,4.11,-0.6,-0.31,0.03,9.11,1.54,-4.45,0.64,0.12,0.19,45.46,4.2,0,0,0.01,0,1,1,15,31.0401014,-103.517286,2113,2026,6,20,23,46,51,581,1333,116,64,0.8,0.5,0.7,28,33,32,0,0,0,0,33,0,39,0,38,0,0,0,0,0,0,0,0,0,0,30,0,39,35,0,34,0,0,34,44
6,16410,3,KR4MFM,14.87,5,   coast,-10.06,78874,2063.14,1160.31,36.65,52.7,4.17,4.19,4.11,-0.58,0.01,-0.01,9.17,1.54,-5.31,0.65,0.12,0.18,45.52,4.2,0,0,0.01,0,1,1,15,31.0401014,-103.517286,2113,2026,6,20,23,46,51,581,1333,116,64,0.8,0.5,0.7,28,33,32,0,0,0,0,33,0,39,0,38,0,0,0,0,0,0,0,0,0,0,30,0,39,35,0,34,0,0,34,44
6,16410,3,KR4MFM,14.88,5,   coast,-11.57,78874,2063.14,1160.31,36.54,52.7,4.17,4.19,4.11,-0.7,0.14,0.03,8.87,1.48,-5.92,0.65,0.12,0.18,45.58,4.2,0,0,0.01,0,1,1,15,31.0401014,-103.517286,2113,2026,6,20,23,46,51,581,1333,116,64,0.8,0.5,0.7,28,33,32,0,0,0,0,33,0,39,0,38,0,0,0,0,0,0,0,0,0,0,30,0,39,35,0,34,0,0,34,44
6,16410,3,KR4MFM,14.89,5,   coast,-12.07,78868,2063.75,1160.93,36.43,52.7,4.17,4.19,4.11,-0.68,0.08,-0.02,8.87,2.09,-6.34,0.65,0.12,0.18,45.64,4.2,0,0,0.01,0,1,1,15,31.0401014,-103.517286,2113,2026,6,20,23,46,51,581,1333,116,64,0.8,0.5,0.7,28,33,32,0,0,0,0,33,0,39,0,38,0,0,0,0,0,0,0,0,0,0,30,0,39,35,0,34,0,0,34,44
6,16410,3,KR4MFM,14.9,5,   coast,-11.06,78868,2063.75,1160.93,36.32,52.7,4.17,4.19,4.11,-0.72,-0.1,-0.01,9.42,2.03,-6.59,0.65,0.12,0.18,45.71,4.2,0,0,0.01,0,1,1,15,31.0401014,-103.517286,2113,2026,6,20,23,46,51,581,1333,116,64,0.8,0.5,0.7,28,33,32,0,0,0,0,33,0,39,0,38,0,0,0,0,0,0,0,0,0,0,30,0,39,35,0,34,0,0,34,44
6,16410,3,KR4MFM,14.91,5,   coast,-11.06,78850,2065.58,1162.76,36.22,52.7,4.17,4.19,4.11,-0.66,-0.25,0.03,9.29,2.15,-7.08,0.65,0.12,0.18,45.78,4.2,0,0,0.01,0,1,1,15,31.0401014,-103.517286,2113,2026,6,20,23,46,51,581,1333,116,64,0.8,0.5,0.7,28,33,32,0,0,0,0,33,0,39,0,38,0,0,0,0,0,0,0,0,0,0,30,0,39,35,0,34,0,0,34,44
6,16410,3,KR4MFM,14.92,5,   coast,-10.56,78850,2065.58,1162.76,36.11,52.7,4.17,4.19,4.11,-0.7,-0.3,0.07,9.66,3,-6.53,0.65,0.12,0.19,45.85,4.2,0,0,0.01,0,1,1,15,31.0401014,-103.517286,2113,2026,6,20,23,46,51,581,1333,116,64,0.8,0.5,0.7,28,33,32,0,0,0,0,33,0,39,0,38,0,0,0,0,0,0,0,0,0,0,30,0,39,35,0,34,0,0,34,44
6,16410,3,KR4MFM,14.93,5,   coast,-11.06,78849,2065.69,1162.86,36,52.7,4.17,4.19,4.11,-0.62,-0.08,0.14,9.17,3.06,-6.83,0.64,0.12,0.18,45.92,4.2,0,0,0.01,0,1,1,15,31.0401014,-103.517286,2113,2026,6,20,23,46,51,581,1333,116,64,0.8,0.5,0.7,28,33,32,0,0,0,0,33,0,39,0,38,0,0,0,0,0,0,0,0,0,0,30,0,39,35,0,34,0,0,34,44
6,16410,3,KR4MFM,14.94,5,   coast,-11.57,78849,2065.69,1162.86,35.89,52.7,4.17,4.19,4.11,-0.73,0.04,0.11,8.99,3.74,-7.38,0.64,0.13,0.18,46,4.2,0,0,0.01,0,1,1,15,31.0401014,-103.517286,2113,2026,6,20,23,46,51,581,1333,116,64,0.8,0.5,0.7,28,33,32,0,0,0,0,33,0,39,0,38,0,0,0,0,0,0,0,0,0,0,30,0,39,35,0,34,0,0,34,44
6,16410,3,KR4MFM,14.95,5,   coast,-11.57,78843,2066.3,1163.47,35.78,52.7,4.17,4.19,4.11,-0.68,-0.04,0.06,9.42,3.86,-7.75,0.64,0.13,0.18,46.08,4.2,0,0,0.01,0,1,1,15,31.0401014,-103.517286,2113,2026,6,20,23,46,51,581,1333,116,64,0.8,0.5,0.7,28,33,32,0,0,0,0,33,0,39,0,38,0,0,0,0,0,0,0,0,0,0,30,0,39,35,0,34,0,0,34,44
6,16410,3,KR4MFM,14.96,5,   coast,-11.06,78843,2066.3,1163.47,35.68,52.7,4.17,4.19,4.11,-0.64,-0.08,0.08,9.48,4.16,-8.3,0.64,0.13,0.18,46.17,4.2,0,0,0.01,0,1,1,15,31.0401014,-103.517286,2113,2026,6,20,23,46,51,581,1333,116,64,0.8,0.5,0.7,28,33,32,0,0,0,0,33,0,39,0,38,0,0,0,0,0,0,0,0,0,0,30,0,39,35,0,34,0,0,34,44
6,16410,3,KR4MFM,14.97,5,   coast,-11.06,78829,2067.73,1164.9,35.57,52.7,4.17,4.19,4.11,-0.61,-0.24,0.1,9.6,4.04,-8.66,0.64,0.13,0.18,46.26,4.2,0,0,0.01,0,1,1,15,31.0401014,-103.517286,2113,2026,6,20,23,46,51,581,1333,116,64,0.8,0.5,0.7,28,33,32,0,0,0,0,33,0,39,0,38,0,0,0,0,0,0,0,0,0,0,30,0,39,35,0,34,0,0,34,44
6,16410,3,KR4MFM,14.98,5,   coast,-12.57,78829,2067.73,1164.9,35.46,52.7,4.17,4.19,4.11,-0.59,-0.24,0.22,9.96,4.59,-8.11,0.65,0.13,0.18,46.34,4.2,0,0,0.01,0,1,1,15,31.0401014,-103.517286,2113,2026,6,20,23,46,51,581,1333,116,64,0.8,0.5,0.7,28,33,32,0,0,0,0,33,0,39,0,38,0,0,0,0,0,0,0,0,0,0,30,0,39,35,0,34,0,0,34,44
6,16410,3,KR4MFM,14.99,5,   coast,-12.07,78807,2069.97,1167.15,35.34,52.7,4.17,4.19,4.11,-0.66,-0.05,0.24,10.39,4.83,-7.81,0.65,0.13,0.18,46.42,4.2,0,0,0.01,0,1,1,15,31.0401014,-103.517286,2113,2026,6,20,23,46,51,581,1333,116,64,0.8,0.5,0.7,28,33,32,0,0,0,0,33,0,39,0,38,0,0,0,0,0,0,0,0,0,0,30,0,39,35,0,34,0,0,34,44
6,16410,3,KR4MFM,15,5,   coast,-11.06,78807,2069.97,1167.15,35.23,52.7,4.17,4.19,4.11,-0.7,0.05,0.14,10.94,4.83,-8.6,0.65,0.13,0.18,46.51,4.2,0,0,0.01,0,1,1,15,31.0401014,-103.517286,2113,2026,6,20,23,46,51,581,1333,116,64,0.8,0.5,0.7,28,33,32,0,0,0,0,33,0,39,0,38,0,0,0,0,0,0,0,0,0,0,30,0,39,35,0,34,0,0,34,44
6,16410,3,KR4MFM,15,5,   coast,-11.06,78807,2069.97,1167.15,35.23,52.7,4.17,4.19,4.11,-0.7,0.05,0.14,10.94,4.83,-8.6,0.65,0.13,0.18,46.51,4.2,0,0,0.01,0,1,1,15,31.0401014,-103.517286,2113,2026,6,20,23,46,51,581,1333,116,64,0.8,0.5,0.7,28,33,32,0,0,0,0,33,0,39,0,38,0,0,0,0,0,0,0,0,0,0,30,0,39,35,0,34,0,0,34,44
6,16410,3,KR4MFM,15,5,   coast,-11.06,78807,2069.97,1167.15,35.23,52.7,4.17,4.19,4.11,-0.7,0.05,0.14,10.94,4.83,-8.6,0.65,0.13,0.18,46.51,4.2,0,0,0.01,0,1,1,15,31.0401014,-103.517286,2113,2026,6,20,23,46,51,581,1333,116,64,0.8,0.5,0.7,28,33,32,0,0,0,0,33,0,39,0,38,0,0,0,0,0,0,0,0,0,0,30,0,39,35,0,34,0,0,34,44
6,16410,3,KR4MFM,15.01,5,   coast,-11.06,78808,2069.87,1167.05,35.12,52.7,4.17,4.19,4.11,-0.71,0.02,0.09,10.27,5.51,-9.27,0.65,0.13,0.17,46.61,4.2,0,0,0.01,0,1,1,15,31.0398432,-103.5166696,2181,2026,6,20,23,46,52,646,1423,116,63,0.8,0.4,0.7,35,33,33,0,0,0,0,28,0,39,0,37,0,0,0,0,0,0,0,0,0,0,30,0,36,31,0,39,0,0,39,44
6,16410,3,KR4MFM,15.02,5,   coast,-12.07,78808,2069.87,1167.05,35.01,52.7,4.17,4.19,4.11,-0.73,0.02,0.03,10.33,5.51,-9.03,0.64,0.13,0.18,46.71,4.2,0,0,0.01,0,1,1,15,31.0398432,-103.5166696,2181,2026,6,20,23,46,52,646,1423,116,63,0.8,0.4,0.7,35,33,33,0,0,0,0,28,0,39,0,37,0,0,0,0,0,0,0,0,0,0,30,0,36,31,0,39,0,0,39,44
6,16410,3,KR4MFM,15.03,5,   coast,-11.06,78795,2071.2,1168.37,34.9,52.7,4.17,4.19,4.11,-0.64,-0.11,0.09,11,4.59,-9.82,0.64,0.13,0.18,46.81,4.2,0,0,0.01,0,1,1,15,31.0398432,-103.5166696,2181,2026,6,20,23,46,52,646,1423,116,63,0.8,0.4,0.7,35,33,33,0,0,0,0,28,0,39,0,37,0,0,0,0,0,0,0,0,0,0,30,0,36,31,0,39,0,0,39,44
6,16410,3,KR4MFM,15.04,5,   coast,-12.07,78795,2071.2,1168.37,34.79,52.7,4.17,4.19,4.11,-0.65,-0.21,0.27,10.76,3.98,-9.52,0.64,0.13,0.18,46.91,4.2,0,0,0.01,0,1,1,15,31.0398432,-103.5166696,2181,2026,6,20,23,46,52,646,1423,116,63,0.8,0.4,0.7,35,33,33,0,0,0,0,28,0,39,0,37,0,0,0,0,0,0,0,0,0,0,30,0,36,31,0,39,0,0,39,44
6,16410,3,KR4MFM,15.05,5,   coast,-12.57,78760,2074.77,1171.94,34.68,52.7,4.17,4.19,4.11,-0.68,-0.11,0.33,13.08,5.08,-8.91,0.64,0.14,0.18,47,4.2,0,0,0.01,0,1,1,15,31.0398432,-103.5166696,2181,2026,6,20,23,46,52,646,1423,116,63,0.8,0.4,0.7,35,33,33,0,0,0,0,28,0,39,0,37,0,0,0,0,0,0,0,0,0,0,30,0,36,31,0,39,0,0,39,44
6,16410,3,KR4MFM,15.06,5,   coast,-11.57,78760,2074.77,1171.94,34.57,52.7,4.2,4.2,4.11,-0.65,0.05,0.25,15.58,5.32,-9.27,0.64,0.14,0.17,47.1,4.2,0,0,0,0,1,1,15,31.0398432,-103.5166696,2181,2026,6,20,23,46,52,646,1423,116,63,0.8,0.4,0.7,35,33,33,0,0,0,0,28,0,39,0,37,0,0,0,0,0,0,0,0,0,0,30,0,36,31,0,39,0,0,39,44
6,16410,3,KR4MFM,15.06,5,   coast,-11.57,78760,2074.77,1171.94,34.57,52.7,4.2,4.2,4.11,-0.65,0.05,0.25,15.58,5.32,-9.27,0.64,0.14,0.17,47.1,4.2,0,0,0,0,1,1,15,31.0398432,-103.5166696,2181,2026,6,20,23,46,52,646,1423,116,63,0.8,0.4,0.7,35,33,33,0,0,0,0,28,0,39,0,37,0,0,0,0,0,0,0,0,0,0,30,0,36,31,0,39,0,0,39,44
6,16410,3,KR4MFM,15.07,5,   coast,-11.57,78770,2073.75,1170.92,34.46,52.7,4.2,4.2,4.11,-0.66,0.11,0.13,17.47,5.14,-9.4,0.64,0.14,0.17,47.2,4.2,0,0,0,0,1,1,15,31.0398432,-103.5166696,2181,2026,6,20,23,46,52,646,1423,116,63,0.8,0.4,0.7,35,33,33,0,0,0,0,28,0,39,0,37,0,0,0,0,0,0,0,0,0,0,30,0,36,31,0,39,0,0,39,44
6,16410,3,KR4MFM,15.08,5,   coast,-12.57,78770,2073.75,1170.92,34.34,52.7,4.2,4.2,4.11,-0.68,0.09,0.13,19,5.2,-9.21,0.64,0.14,0.17,47.3,4.2,0,0,0,0,1,1,15,31.0398432,-103.5166696,2181,2026,6,20,23,46,52,646,1423,116,63,0.8,0.4,0.7,35,33,33,0,0,0,0,28,0,39,0,37,0,0,0,0,0,0,0,0,0,0,30,0,36,31,0,39,0,0,39,44
6,16410,3,KR4MFM,15.09,5,   coast,-11.06,78750,2075.79,1172.96,34.23,52.7,4.2,4.2,4.11,-0.75,0.09,0.19,20.1,4.59,-9.4,0.64,0.14,0.17,47.4,4.2,0,0,0,0,1,1,15,31.0398432,-103.5166696,2181,2026,6,20,23,46,52,646,1423,116,63,0.8,0.4,0.7,35,33,33,0,0,0,0,28,0,39,0,37,0,0,0,0,0,0,0,0,0,0,30,0,36,31,0,39,0,0,39,44
6,16410,3,KR4MFM,15.1,5,   coast,-11.06,78750,2075.79,1172.96,34.12,52.7,4.2,4.2,4.11,-0.72,-0.07,0.29,21.44,3.92,-9.46,0.64,0.14,0.17,47.5,4.2,0,0,0,0,1,1,15,31.0398432,-103.5166696,2181,2026,6,20,23,46,52,646,1423,116,63,0.8,0.4,0.7,35,33,33,0,0,0,0,28,0,39,0,37,0,0,0,0,0,0,0,0,0,0,30,0,36,31,0,39,0,0,39,44
6,16410,3,KR4MFM,15.11,5,   coast,-11.06,78763,2074.46,1171.64,34.02,52.7,4.2,4.2,4.11,-0.75,-0.07,0.23,22.23,4.29,-8.73,0.64,0.14,0.17,47.59,4.2,0,0,0,0,1,1,15,31.0398432,-103.5166696,2181,2026,6,20,23,46,52,646,1423,116,63,0.8,0.4,0.7,35,33,33,0,0,0,0,28,0,39,0,37,0,0,0,0,0,0,0,0,0,0,30,0,36,31,0,39,0,0,39,44
6,16410,3,KR4MFM,15.12,5,   coast,-12.07,78763,2074.46,1171.64,33.91,52.7,4.2,4.2,4.11,-0.78,-0.01,0.1,22.6,4.22,-8.48,0.64,0.14,0.16,47.68,4.2,0,0,0,0,1,1,15,31.0398432,-103.5166696,2181,2026,6,20,23,46,52,646,1423,116,63,0.8,0.4,0.7,35,33,33,0,0,0,0,28,0,39,0,37,0,0,0,0,0,0,0,0,0,0,30,0,36,31,0,39,0,0,39,44
6,16410,3,KR4MFM,15.13,5,   coast,-11.57,78737,2077.12,1174.29,33.8,52.7,4.2,4.2,4.11,-0.66,0.09,-0.03,22.48,4.04,-8.24,0.64,0.15,0.16,47.77,4.2,0,0,0,0,1,1,15,31.0398432,-103.5166696,2181,2026,6,20,23,46,52,646,1423,116,63,0.8,0.4,0.7,35,33,33,0,0,0,0,28,0,39,0,37,0,0,0,0,0,0,0,0,0,0,30,0,36,31,0,39,0,0,39,44
6,16410,3,KR4MFM,15.14,5,   coast,-10.56,78737,2077.12,1174.29,33.69,52.7,4.2,4.2,4.11,-0.69,0.19,0.01,22.48,3.37,-7.81,0.64,0.15,0.16,47.85,4.2,0,0,0,0,1,1,15,31.0398432,-103.5166696,2181,2026,6,20,23,46,52,646,1423,116,63,0.8,0.4,0.7,35,33,33,0,0,0,0,28,0,39,0,37,0,0,0,0,0,0,0,0,0,0,30,0,36,31,0,39,0,0,39,44
6,16410,3,KR4MFM,15.15,5,   coast,-13.08,78719,2078.95,1176.13,33.57,52.7,4.2,4.2,4.11,-0.63,0.39,0.19,22.9,3.19,-8.05,0.64,0.15,0.16,47.93,4.2,0,0,0,0,1,1,15,31.0398432,-103.5166696,2181,2026,6,20,23,46,52,646,1423,116,63,0.8,0.4,0.7,35,33,33,0,0,0,0,28,0,39,0,37,0,0,0,0,0,0,0,0,0,0,30,0,36,31,0,39,0,0,39,44
6,16410,3,KR4MFM,15.16,5,   coast,-11.57,78719,2078.95,1176.13,33.46,52.7,4.2,4.2,4.11,-0.63,0.37,0.25,24.13,3.06,-8.11,0.64,0.15,0.16,48.02,4.2,0,0,0,0,1,1,15,31.0398432,-103.5166696,2181,2026,6,20,23,46,52,646,1423,116,63,0.8,0.4,0.7,35,33,33,0,0,0,0,28,0,39,0,37,0,0,0,0,0,0,0,0,0,0,30,0,36,31,0,39,0,0,39,44
6,16410,3,KR4MFM,15.17,5,   coast,-13.08,78711,2079.77,1176.95,33.35,52.7,4.2,4.2,4.11,-0.63,0.19,0.24,23.94,3.55,-7.87,0.64,0.15,0.16,48.1,4.2,0,0,0,0,1,1,15,31.0398432,-103.5166696,2181,2026,6,20,23,46,52,646,1423,116,63,0.8,0.4,0.7,35,33,33,0,0,0,0,28,0,39,0,37,0,0,0,0,0,0,0,0,0,0,30,0,36,31,0,39,0,0,39,44
6,16410,3,KR4MFM,15.18,5,   coast,-12.07,78711,2079.77,1176.95,33.24,52.7,4.2,4.2,4.11,-0.69,0.06,0.05,23.58,3.43,-7.75,0.64,0.15,0.16,48.18,4.2,0,0,0,0,1,1,15,31.0398432,-103.5166696,2181,2026,6,20,23,46,52,646,1423,116,63,0.8,0.4,0.7,35,33,33,0,0,0,0,28,0,39,0,37,0,0,0,0,0,0,0,0,0,0,30,0,36,31,0,39,0,0,39,44
6,16410,3,KR4MFM,15.19,5,   coast,-11.57,78707,2080.18,1177.36,33.12,52.7,4.2,4.2,4.11,-0.71,-0.04,0.01,24.06,3.13,-7.08,0.64,0.15,0.16,48.26,4.2,0,0,0,0,1,1,15,31.0398432,-103.5166696,2181,2026,6,20,23,46,52,646,1423,116,63,0.8,0.4,0.7,35,33,33,0,0,0,0,28,0,39,0,37,0,0,0,0,0,0,0,0,0,0,30,0,36,31,0,39,0,0,39,44
6,16410,3,KR4MFM,15.2,5,   coast,-11.06,78707,2080.18,1177.36,33.01,52.7,4.2,4.2,4.11,-0.65,0.11,0.12,24.61,3.37,-6.04,0.64,0.16,0.15,48.32,4.2,0,0,0,0,1,1,15,31.0398432,-103.5166696,2181,2026,6,20,23,46,52,646,1423,116,63,0.8,0.4,0.7,35,33,33,0,0,0,0,28,0,39,0,37,0,0,0,0,0,0,0,0,0,0,30,0,36,31,0,39,0,0,39,44
6,16410,3,KR4MFM,15.21,5,   coast,-11.57,78686,2082.32,1179.5,32.91,52.7,4.2,4.2,4.11,-0.61,0.39,0.18,25.65,2.58,-5.92,0.64,0.16,0.15,48.39,4.2,0,0,0,0,1,1,15,31.0398432,-103.5166696,2181,2026,6,20,23,46,52,646,1423,116,63,0.8,0.4,0.7,35,33,33,0,0,0,0,28,0,39,0,37,0,0,0,0,0,0,0,0,0,0,30,0,36,31,0,39,0,0,39,44
6,16410,3,KR4MFM,15.22,5,   coast,-10.56,78686,2082.32,1179.5,32.8,52.7,4.2,4.2,4.11,-0.58,0.37,0.32,26.26,2.64,-5.92,0.64,0.16,0.15,48.45,4.2,0,0,0,0,1,1,15,31.0398432,-103.5166696,2181,2026,6,20,23,46,52,646,1423,116,63,0.8,0.4,0.7,35,33,33,0,0,0,0,28,0,39,0,37,0,0,0,0,0,0,0,0,0,0,30,0,36,31,0,39,0,0,39,44
6,16410,3,KR4MFM,15.23,5,   coast,-11.57,78678,2083.14,1180.32,32.69,52.7,4.2,4.2,4.11,-0.6,0.27,0.32,26.81,3.43,-5.8,0.64,0.16,0.15,48.51,4.2,0,0,0,0,1,1,15,31.0398432,-103.5166696,2181,2026,6,20,23,46,52,646,1423,116,63,0.8,0.4,0.7,35,33,33,0,0,0,0,28,0,39,0,37,0,0,0,0,0,0,0,0,0,0,30,0,36,31,0,39,0,0,39,44
6,16410,3,KR4MFM,15.24,5,   coast,-11.57,78678,2083.14,1180.32,32.58,52.7,4.2,4.2,4.11,-0.65,0.06,0.19,26.75,3.19,-5.73,0.64,0.16,0.15,48.58,4.2,0,0,0,0,1,1,15,31.0398432,-103.5166696,2181,2026,6,20,23,46,52,646,1423,116,63,0.8,0.4,0.7,35,33,33,0,0,0,0,28,0,39,0,37,0,0,0,0,0,0,0,0,0,0,30,0,36,31,0,39,0,0,39,44
6,16410,3,KR4MFM,15.25,5,   coast,-12.07,78660,2084.98,1182.16,32.47,52.7,4.2,4.2,4.11,-0.65,-0.04,0.14,26.32,2.88,-5.06,0.64,0.16,0.15,48.63,4.2,0,0,0,0,1,1,15,31.0398432,-103.5166696,2181,2026,6,20,23,46,52,646,1423,116,63,0.8,0.4,0.7,35,33,33,0,0,0,0,28,0,39,0,37,0,0,0,0,0,0,0,0,0,0,30,0,36,31,0,39,0,0,39,44
6,16410,3,KR4MFM,15.26,5,   coast,-11.57,78660,2084.98,1182.16,32.36,52.7,4.2,4.2,4.11,-0.63,0.06,0.16,25.35,2.82,-4.39,0.64,0.16,0.15,48.68,4.2,0,0,0,0,1,1,15,31.0398432,-103.5166696,2181,2026,6,20,23,46,52,646,1423,116,63,0.8,0.4,0.7,35,33,33,0,0,0,0,28,0,39,0,37,0,0,0,0,0,0,0,0,0,0,30,0,36,31,0,39,0,0,39,44
6,16410,3,KR4MFM,15.27,5,   coast,-10.56,78648,2086.21,1183.38,32.26,52.7,4.2,4.2,4.11,-0.68,0.34,0.21,24.61,2.58,-3.6,0.64,0.16,0.15,48.72,4.2,0,0,0,0,1,1,15,31.0398432,-103.5166696,2181,2026,6,20,23,46,52,646,1423,116,63,0.8,0.4,0.7,35,33,33,0,0,0,0,28,0,39,0,37,0,0,0,0,0,0,0,0,0,0,30,0,36,31,0,39,0,0,39,44
6,16410,3,KR4MFM,15.28,5,   coast,-10.56,78648,2086.21,1183.38,32.15,52.7,4.2,4.2,4.11,-0.68,0.39,0.3,23.39,2.15,-4.03,0.64,0.16,0.14,48.76,4.2,0,0,0,0,1,1,15,31.0398432,-103.5166696,2181,2026,6,20,23,46,52,646,1423,116,63,0.8,0.4,0.7,35,33,33,0,0,0,0,28,0,39,0,37,0,0,0,0,0,0,0,0,0,0,30,0,36,31,0,39,0,0,39,44
6,16410,3,KR4MFM,15.29,5,   coast,-10.56,78648,2086.21,1183.38,32.04,52.7,4.2,4.2,4.11,-0.65,0.34,0.28,22.78,2.58,-3.78,0.64,0.16,0.14,48.81,4.2,0,0,0,0,1,1,15,31.0398432,-103.5166696,2181,2026,6,20,23,46,52,646,1423,116,63,0.8,0.4,0.7,35,33,33,0,0,0,0,28,0,39,0,37,0,0,0,0,0,0,0,0,0,0,30,0,36,31,0,39,0,0,39,44
6,16410,3,KR4MFM,15.3,5,   coast,-11.57,78648,2086.21,1183.38,31.94,52.7,4.2,4.2,4.11,-0.72,0.19,0.2,21.38,2.33,-3.9,0.64,0.16,0.14,48.85,4.2,0,0,0,0,1,1,15,31.0398432,-103.5166696,2181,2026,6,20,23,46,52,646,1423,116,63,0.8,0.4,0.7,35,33,33,0,0,0,0,28,0,39,0,37,0,0,0,0,0,0,0,0,0,0,30,0,36,31,0,39,0,0,39,44
6,16410,3,KR4MFM,15.31,5,   coast,-11.06,78627,2088.35,1185.53,31.83,52.7,4.2,4.2,4.11,-0.7,0.04,0.15,20.77,2.09,-3.41,0.64,0.17,0.14,48.89,4.2,0,0,0,0,1,1,15,31.0398432,-103.5166696,2181,2026,6,20,23,46,52,646,1423,116,63,0.8,0.4,0.7,35,33,33,0,0,0,0,28,0,39,0,37,0,0,0,0,0,0,0,0,0,0,30,0,36,31,0,39,0,0,39,44
6,16410,3,KR4MFM,15.32,5,   coast,-12.07,78627,2088.35,1185.53,31.72,52.7,4.2,4.2,4.11,-0.61,0.05,0.15,19.36,1.72,-2.62,0.64,0.17,0.14,48.92,4.2,0,0,0,0,1,1,15,31.0398432,-103.5166696,2181,2026,6,20,23,46,52,646,1423,116,63,0.8,0.4,0.7,35,33,33,0,0,0,0,28,0,39,0,37,0,0,0,0,0,0,0,0,0,0,30,0,36,31,0,39,0,0,39,44
6,16410,3,KR4MFM,15.33,5,   coast,-11.57,78608,2090.3,1187.47,31.61,52.7,4.2,4.2,4.11,-0.68,0.24,0.17,18.45,1.66,-2.19,0.64,0.17,0.14,48.94,4.2,0,0,0,0,1,1,15,31.0398432,-103.5166696,2181,2026,6,20,23,46,52,646,1423,116,63,0.8,0.4,0.7,35,33,33,0,0,0,0,28,0,39,0,37,0,0,0,0,0,0,0,0,0,0,30,0,36,31,0,39,0,0,39,44
6,16410,3,KR4MFM,15.34,5,   coast,-12.07,78608,2090.3,1187.47,31.5,52.7,4.2,4.2,4.11,-0.7,0.34,0.19,17.96,1.23,-2.5,0.64,0.17,0.14,48.97,4.2,0,0,0,0,1,1,15,31.0398432,-103.5166696,2181,2026,6,20,23,46,52,646,1423,116,63,0.8,0.4,0.7,35,33,33,0,0,0,0,28,0,39,0,37,0,0,0,0,0,0,0,0,0,0,30,0,36,31,0,39,0,0,39,44
6,16410,3,KR4MFM,15.35,5,   coast,-11.57,78601,2091.01,1188.19,31.39,52.7,4.2,4.2,4.11,-0.59,0.34,0.21,16.86,1.84,-2.44,0.64,0.17,0.14,49,4.2,0,0,0,0,1,1,15,31.0398432,-103.5166696,2181,2026,6,20,23,46,52,646,1423,116,63,0.8,0.4,0.7,35,33,33,0,0,0,0,28,0,39,0,37,0,0,0,0,0,0,0,0,0,0,30,0,36,31,0,39,0,0,39,44
6,16410,3,KR4MFM,15.36,5,   coast,-11.06,78601,2091.01,1188.19,31.28,52.7,4.2,4.2,4.11,-0.74,0.22,0.16,15.76,1.11,-2.01,0.64,0.17,0.14,49.02,4.2,0,0,0,0,1,1,15,31.0398432,-103.5166696,2181,2026,6,20,23,46,52,646,1423,116,63,0.8,0.4,0.7,35,33,33,0,0,0,0,28,0,39,0,37,0,0,0,0,0,0,0,0,0,0,30,0,36,31,0,39,0,0,39,44
6,16410,3,KR4MFM,15.37,5,   coast,-10.56,78592,2091.93,1189.11,31.17,52.7,4.2,4.2,4.11,-0.65,0.04,0.25,14.91,0.75,-2.19,0.63,0.17,0.14,49.04,4.2,0,0,0,0,1,1,15,31.0398432,-103.5166696,2181,2026,6,20,23,46,52,646,1423,116,63,0.8,0.4,0.7,35,33,33,0,0,0,0,28,0,39,0,37,0,0,0,0,0,0,0,0,0,0,30,0,36,31,0,39,0,0,39,44
6,16410,3,KR4MFM,15.38,5,   coast,-12.57,78592,2091.93,1189.11,31.06,52.7,4.2,4.2,4.11,-0.75,-0.03,0.4,14.18,0.44,-1.03,0.64,0.17,0.14,49.05,4.2,0,0,0,0,1,1,15,31.0398432,-103.5166696,2181,2026,6,20,23,46,52,646,1423,116,63,0.8,0.4,0.7,35,33,33,0,0,0,0,28,0,39,0,37,0,0,0,0,0,0,0,0,0,0,30,0,36,31,0,39,0,0,39,44
6,16410,3,KR4MFM,15.38,5,   coast,-12.57,78592,2091.93,1189.11,31.06,52.7,4.2,4.2,4.11,-0.75,-0.03,0.4,14.18,0.44,-1.03,0.64,0.17,0.14,49.05,4.2,0,0,0,0,1,1,15,31.0398432,-103.5166696,2181,2026,6,20,23,46,52,646,1423,116,63,0.8,0.4,0.7,35,33,33,0,0,0,0,28,0,39,0,37,0,0,0,0,0,0,0,0,0,0,30,0,36,31,0,39,0,0,39,44
6,16410,3,KR4MFM,15.39,5,   coast,-12.07,78585,2092.65,1189.82,30.96,52.7,4.2,4.2,4.11,-0.58,0.1,0.14,13.32,0.56,-0.61,0.64,0.17,0.14,49.06,4.2,0,0,0,0,1,1,15,31.0398432,-103.5166696,2181,2026,6,20,23,46,52,646,1423,116,63,0.8,0.4,0.7,35,33,33,0,0,0,0,28,0,39,0,37,0,0,0,0,0,0,0,0,0,0,30,0,36,31,0,39,0,0,39,44
6,16410,3,KR4MFM,15.4,5,   coast,-10.06,78585,2092.65,1189.82,30.85,52.7,4.2,4.2,4.11,-0.63,0.27,0.22,12.89,0.62,-0.67,0.64,0.17,0.14,49.07,4.2,0,0,0,0,1,1,15,31.0398432,-103.5166696,2181,2026,6,20,23,46,52,646,1423,116,63,0.8,0.4,0.7,35,33,33,0,0,0,0,28,0,39,0,37,0,0,0,0,0,0,0,0,0,0,30,0,36,31,0,39,0,0,39,44
6,16410,3,KR4MFM,15.41,5,   coast,-10.56,78580,2093.16,1190.34,30.74,52.7,4.2,4.2,4.11,-0.6,0.32,0.33,12.71,0.38,-0.97,0.64,0.17,0.14,49.08,4.2,0,0,0,0,1,1,15,31.0398432,-103.5166696,2181,2026,6,20,23,46,52,646,1423,116,63,0.8,0.4,0.7,35,33,33,0,0,0,0,28,0,39,0,37,0,0,0,0,0,0,0,0,0,0,30,0,36,31,0,39,0,0,39,44
6,16410,3,KR4MFM,15.42,5,   coast,-11.57,78580,2093.16,1190.34,30.64,52.7,4.2,4.2,4.11,-0.7,0.27,0.37,12.22,0.2,-0.61,0.64,0.17,0.13,49.09,4.2,0,0,0,0,1,1,15,31.0398432,-103.5166696,2181,2026,6,20,23,46,52,646,1423,116,63,0.8,0.4,0.7,35,33,33,0,0,0,0,28,0,39,0,37,0,0,0,0,0,0,0,0,0,0,30,0,36,31,0,39,0,0,39,44
6,16410,3,KR4MFM,15.43,5,   coast,-11.57,78570,2094.18,1191.36,30.53,52.7,4.2,4.2,4.11,-0.64,-0.06,0.13,12.41,0.07,-0.85,0.64,0.17,0.13,49.09,4.2,0,0,0,0,1,1,15,31.0398432,-103.5166696,2181,2026,6,20,23,46,52,646,1423,116,63,0.8,0.4,0.7,35,33,33,0,0,0,0,28,0,39,0,37,0,0,0,0,0,0,0,0,0,0,30,0,36,31,0,39,0,0,39,44
6,16410,3,KR4MFM,15.44,5,   coast,-10.56,78570,2094.18,1191.36,30.42,52.7,4.2,4.2,4.11,-0.62,-0.23,0.22,12.35,-0.6,-0.24,0.64,0.17,0.13,49.1,4.2,0,0,0,0,1,1,15,31.0398432,-103.5166696,2181,2026,6,20,23,46,52,646,1423,116,63,0.8,0.4,0.7,35,33,33,0,0,0,0,28,0,39,0,37,0,0,0,0,0,0,0,0,0,0,30,0,36,31,0,39,0,0,39,44
6,16410,3,KR4MFM,15.45,5,   coast,-12.07,78557,2095.51,1192.69,30.31,52.7,4.2,4.2,4.11,-0.71,-0.01,0.41,12.59,-0.41,0.13,0.64,0.17,0.13,49.09,4.2,0,0,0,0,1,1,15,31.0398432,-103.5166696,2181,2026,6,20,23,46,52,646,1423,116,63,0.8,0.4,0.7,35,33,33,0,0,0,0,28,0,39,0,37,0,0,0,0,0,0,0,0,0,0,30,0,36,31,0,39,0,0,39,44
6,16410,3,KR4MFM,15.46,5,   coast,-12.07,78557,2095.51,1192.69,30.2,52.7,4.2,4.2,4.11,-0.64,0.19,0.31,13.2,-0.66,0.13,0.64,0.17,0.13,49.09,4.2,0,0,0,0,1,1,15,31.0398432,-103.5166696,2181,2026,6,20,23,46,52,646,1423,116,63,0.8,0.4,0.7,35,33,33,0,0,0,0,28,0,39,0,37,0,0,0,0,0,0,0,0,0,0,30,0,36,31,0,39,0,0,39,44
6,16410,3,KR4MFM,15.47,5,   coast,-11.06,78531,2098.17,1195.35,30.09,52.7,4.2,4.2,4.11,-0.68,0.15,0.15,14.18,-1.21,-0.06,0.63,0.17,0.13,49.09,4.2,0,0,0,0,1,1,15,31.0398432,-103.5166696,2181,2026,6,20,23,46,52,646,1423,116,63,0.8,0.4,0.7,35,33,33,0,0,0,0,28,0,39,0,37,0,0,0,0,0,0,0,0,0,0,30,0,36,31,0,39,0,0,39,44
6,16410,3,KR4MFM,15.48,5,   coast,-11.57,78531,2098.17,1195.35,29.99,52.7,4.2,4.2,4.11,-0.61,0.04,0.17,15.15,-1.09,-0.49,0.64,0.17,0.13,49.09,4.2,0,0,0,0,1,1,15,31.0398432,-103.5166696,2181,2026,6,20,23,46,52,646,1423,116,63,0.8,0.4,0.7,35,33,33,0,0,0,0,28,0,39,0,37,0,0,0,0,0,0,0,0,0,0,30,0,36,31,0,39,0,0,39,44
6,16410,3,KR4MFM,15.49,5,   coast,-10.56,78531,2098.17,1195.35,29.88,52.7,4.2,4.2,4.11,-0.6,-0.24,0.11,16.19,-1.39,-0.42,0.63,0.17,0.13,49.09,4.2,0,0,0,0,1,1,15,31.0398432,-103.5166696,2181,2026,6,20,23,46,52,646,1423,116,63,0.8,0.4,0.7,35,33,33,0,0,0,0,28,0,39,0,37,0,0,0,0,0,0,0,0,0,0,30,0,36,31,0,39,0,0,39,44
6,16410,3,KR4MFM,15.5,5,   coast,-11.57,78531,2098.17,1195.35,29.77,52.7,4.2,4.2,4.11,-0.63,-0.27,0.26,17.72,-2.06,-0.12,0.63,0.17,0.13,49.09,4.2,0,0,0,0,1,1,15,31.0398432,-103.5166696,2181,2026,6,20,23,46,52,646,1423,116,63,0.8,0.4,0.7,35,33,33,0,0,0,0,28,0,39,0,37,0,0,0,0,0,0,0,0,0,0,30,0,36,31,0,39,0,0,39,44
6,16410,3,KR4MFM,15.51,5,   coast,-9.56,78519,2099.4,1196.58,29.67,52.7,4.2,4.2,4.11,-0.6,-0.14,0.23,19,-1.7,0.25,0.63,0.17,0.13,49.08,4.2,0,0,0,0,1,1,15,31.0398432,-103.5166696,2181,2026,6,20,23,46,52,646,1423,116,63,0.8,0.4,0.7,35,33,33,0,0,0,0,28,0,39,0,37,0,0,0,0,0,0,0,0,0,0,30,0,36,31,0,39,0,0,39,44
6,16410,3,KR4MFM,15.52,5,   coast,-11.06,78519,2099.4,1196.58,29.56,52.7,4.2,4.2,4.11,-0.63,0.07,0.17,20.34,-2.25,0.55,0.63,0.17,0.13,49.07,4.2,0,0,0,0,1,1,15,31.0398432,-103.5166696,2181,2026,6,20,23,46,52,646,1423,116,63,0.8,0.4,0.7,35,33,33,0,0,0,0,28,0,39,0,37,0,0,0,0,0,0,0,0,0,0,30,0,36,31,0,39,0,0,39,44
6,16410,3,KR4MFM,15.53,5,   coast,-11.06,78506,2100.73,1197.91,29.46,52.7,4.2,4.2,4.11,-0.59,0.26,0.11,19.97,-1.76,0.19,0.64,0.18,0.12,49.06,4.2,0,0,0,0,1,1,15,31.0398432,-103.5166696,2181,2026,6,20,23,46,52,646,1423,116,63,0.8,0.4,0.7,35,33,33,0,0,0,0,28,0,39,0,37,0,0,0,0,0,0,0,0,0,0,30,0,36,31,0,39,0,0,39,44
6,16410,3,KR4MFM,15.54,5,   coast,-12.07,78506,2100.73,1197.91,29.35,52.7,4.2,4.2,4.11,-0.69,0.14,0.09,20.16,-1.57,-0.91,0.63,0.17,0.12,49.06,4.2,0,0,0,0,1,1,15,31.0398432,-103.5166696,2181,2026,6,20,23,46,52,646,1423,116,63,0.8,0.4,0.7,35,33,33,0,0,0,0,28,0,39,0,37,0,0,0,0,0,0,0,0,0,0,30,0,36,31,0,39,0,0,39,44
6,16410,3,KR4MFM,15.55,5,   coast,-10.06,78499,2101.45,1198.62,29.25,52.7,4.2,4.2,4.11,-0.65,-0.04,0.05,19.91,-1.51,-1.28,0.63,0.17,0.12,49.07,4.2,0,0,0,0,1,1,15,31.0398432,-103.5166696,2181,2026,6,20,23,46,52,646,1423,116,63,0.8,0.4,0.7,35,33,33,0,0,0,0,28,0,39,0,37,0,0,0,0,0,0,0,0,0,0,30,0,36,31,0,39,0,0,39,44
6,16410,3,KR4MFM,15.56,5,   coast,-11.57,78499,2101.45,1198.62,29.14,52.7,4.2,4.2,4.11,-0.63,-0.16,0.12,19.97,-1.51,-1.52,0.64,0.18,0.12,49.08,4.2,0,0,0,0,1,1,15,31.0398432,-103.5166696,2181,2026,6,20,23,46,52,646,1423,116,63,0.8,0.4,0.7,35,33,33,0,0,0,0,28,0,39,0,37,0,0,0,0,0,0,0,0,0,0,30,0,36,31,0,39,0,0,39,44
6,16410,3,KR4MFM,15.57,5,   coast,-11.06,78481,2103.29,1200.46,29.03,52.7,4.2,4.2,4.11,-0.65,-0.17,0.19,20.46,-1.51,-1.58,0.64,0.18,0.12,49.09,4.2,0,0,0,0,1,1,15,31.0398432,-103.5166696,2181,2026,6,20,23,46,52,646,1423,116,63,0.8,0.4,0.7,35,33,33,0,0,0,0,28,0,39,0,37,0,0,0,0,0,0,0,0,0,0,30,0,36,31,0,39,0,0,39,44
6,16410,3,KR4MFM,15.58,5,   coast,-11.57,78481,2103.29,1200.46,28.92,52.7,4.2,4.2,4.11,-0.6,-0.11,0.13,20.71,-1.21,-1.34,0.63,0.18,0.12,49.1,4.2,0,0,0,0,1,1,15,31.0398432,-103.5166696,2181,2026,6,20,23,46,52,646,1423,116,63,0.8,0.4,0.7,35,33,33,0,0,0,0,28,0,39,0,37,0,0,0,0,0,0,0,0,0,0,30,0,36,31,0,39,0,0,39,44
6,16410,3,KR4MFM,15.59,5,   coast,-12.07,78477,2103.7,1200.87,28.82,52.7,4.2,4.2,4.11,-0.63,0.03,0.11,21.26,-0.78,-1.34,0.63,0.18,0.12,49.11,4.2,0,0,0,0,1,1,15,31.0398432,-103.5166696,2181,2026,6,20,23,46,52,646,1423,116,63,0.8,0.4,0.7,35,33,33,0,0,0,0,28,0,39,0,37,0,0,0,0,0,0,0,0,0,0,30,0,36,31,0,39,0,0,39,44
6,16410,3,KR4MFM,15.6,5,   coast,-10.56,78477,2103.7,1200.87,28.71,52.7,4.2,4.2,4.11,-0.63,0.09,0.09,21.93,-0.41,-2.44,0.63,0.18,0.12,49.13,4.2,0,0,0,0,1,1,15,31.0398432,-103.5166696,2181,2026,6,20,23,46,52,646,1423,116,63,0.8,0.4,0.7,35,33,33,0,0,0,0,28,0,39,0,37,0,0,0,0,0,0,0,0,0,0,30,0,36,31,0,39,0,0,39,44
6,16410,3,KR4MFM,15.61,5,   coast,-10.56,78476,2103.8,1200.98,28.6,52.7,4.2,4.2,4.11,-0.63,-0.06,-0.02,22.36,-0.96,-2.99,0.63,0.18,0.12,49.16,4.2,0,0,0,0,1,1,15,31.0398432,-103.5166696,2181,2026,6,20,23,46,52,646,1423,116,63,0.8,0.4,0.7,35,33,33,0,0,0,0,28,0,39,0,37,0,0,0,0,0,0,0,0,0,0,30,0,36,31,0,39,0,0,39,44
6,16410,3,KR4MFM,15.62,5,   coast,-11.06,78476,2103.8,1200.98,28.5,52.7,4.2,4.2,4.11,-0.6,-0.14,0.02,23.09,-0.35,-3.05,0.63,0.18,0.12,49.19,4.2,0,0,0,0,1,1,15,31.0398432,-103.5166696,2181,2026,6,20,23,46,52,646,1423,116,63,0.8,0.4,0.7,35,33,33,0,0,0,0,28,0,39,0,37,0,0,0,0,0,0,0,0,0,0,30,0,36,31,0,39,0,0,39,44
6,16410,3,KR4MFM,15.63,5,   coast,-11.06,78455,2105.95,1203.13,28.39,52.7,4.2,4.2,4.11,-0.6,-0.22,0.01,23.88,0.01,-3.29,0.63,0.18,0.12,49.22,4.2,0,0,0,0,1,1,15,31.0398432,-103.5166696,2181,2026,6,20,23,46,52,646,1423,116,63,0.8,0.4,0.7,35,33,33,0,0,0,0,28,0,39,0,37,0,0,0,0,0,0,0,0,0,0,30,0,36,31,0,39,0,0,39,44
6,16410,3,KR4MFM,15.64,5,   coast,-11.06,78455,2105.95,1203.13,28.28,52.7,4.2,4.2,4.11,-0.63,-0.15,0.11,24.49,0.13,-3.23,0.64,0.18,0.11,49.25,4.2,0,0,0,0,1,1,15,31.0398432,-103.5166696,2181,2026,6,20,23,46,52,646,1423,116,63,0.8,0.4,0.7,35,33,33,0,0,0,0,28,0,39,0,37,0,0,0,0,0,0,0,0,0,0,30,0,36,31,0,39,0,0,39,44
6,16410,3,KR4MFM,15.65,5,   coast,-11.57,78458,2105.64,1202.82,28.18,52.7,4.2,4.2,4.11,-0.62,0,0.19,24.98,0.2,-3.54,0.63,0.18,0.11,49.28,4.2,0,0,0,0,1,1,15,31.0398432,-103.5166696,2181,2026,6,20,23,46,52,646,1423,116,63,0.8,0.4,0.7,35,33,33,0,0,0,0,28,0,39,0,37,0,0,0,0,0,0,0,0,0,0,30,0,36,31,0,39,0,0,39,44
6,16410,3,KR4MFM,15.66,5,   coast,-11.06,78458,2105.64,1202.82,28.07,52.7,4.2,4.2,4.11,-0.62,0.09,0.06,24.61,0.81,-4.09,0.63,0.18,0.11,49.33,4.2,0,0,0,0,1,1,15,31.0398432,-103.5166696,2181,2026,6,20,23,46,52,646,1423,116,63,0.8,0.4,0.7,35,33,33,0,0,0,0,28,0,39,0,37,0,0,0,0,0,0,0,0,0,0,30,0,36,31,0,39,0,0,39,44
6,16410,3,KR4MFM,15.67,5,   coast,-11.06,78434,2108.1,1205.28,27.96,52.7,4.2,4.2,4.11,-0.63,-0.03,-0.01,23.64,1.23,-4.64,0.63,0.18,0.11,49.37,4.2,0,0,0,0,1,1,15,31.0398432,-103.5166696,2181,2026,6,20,23,46,52,646,1423,116,63,0.8,0.4,0.7,35,33,33,0,0,0,0,28,0,39,0,37,0,0,0,0,0,0,0,0,0,0,30,0,36,31,0,39,0,0,39,44
6,16410,3,KR4MFM,15.68,5,   coast,-12.57,78434,2108.1,1205.28,27.85,52.7,4.2,4.2,4.11,-0.58,-0.11,0.05,24.06,1.11,-4.33,0.63,0.19,0.1,49.42,4.2,0,0,0,0,1,1,15,31.0398432,-103.5166696,2181,2026,6,20,23,46,52,646,1423,116,63,0.8,0.4,0.7,35,33,33,0,0,0,0,28,0,39,0,37,0,0,0,0,0,0,0,0,0,0,30,0,36,31,0,39,0,0,39,44
6,16410,3,KR4MFM,15.69,5,   coast,-11.57,78428,2108.72,1205.89,27.74,52.7,4.2,4.2,4.11,-0.62,-0.27,0.06,25.1,1.66,-5.06,0.63,0.19,0.1,49.47,4.2,0,0,0,0,1,1,15,31.0398432,-103.5166696,2181,2026,6,20,23,46,52,646,1423,116,63,0.8,0.4,0.7,35,33,33,0,0,0,0,28,0,39,0,37,0,0,0,0,0,0,0,0,0,0,30,0,36,31,0,39,0,0,39,44
6,16410,3,KR4MFM,15.7,5,   coast,-12.07,78428,2108.72,1205.89,27.63,52.7,4.18,4.2,4.12,-0.64,-0.2,0.11,26.63,1.78,-4.57,0.63,0.19,0.1,49.52,4.2,0,0,0,0,1,1,15,31.0398432,-103.5166696,2181,2026,6,20,23,46,52,646,1423,116,63,0.8,0.4,0.7,35,33,33,0,0,0,0,28,0,39,0,37,0,0,0,0,0,0,0,0,0,0,30,0,36,31,0,39,0,0,39,44
6,16410,3,KR4MFM,15.7,5,   coast,-12.07,78428,2108.72,1205.89,27.63,52.7,4.18,4.2,4.12,-0.64,-0.2,0.11,26.63,1.78,-4.57,0.63,0.19,0.1,49.52,4.2,0,0,0,0,1,1,15,31.0398432,-103.5166696,2181,2026,6,20,23,46,52,646,1423,116,63,0.8,0.4,0.7,35,33,33,0,0,0,0,28,0,39,0,37,0,0,0,0,0,0,0,0,0,0,30,0,36,31,0,39,0,0,39,44
6,16410,3,KR4MFM,15.71,5,   coast,-11.57,78424,2109.13,1206.3,27.52,52.7,4.18,4.2,4.12,-0.61,-0.09,0.15,27.3,2.15,-4.7,0.63,0.19,0.1,49.57,4.2,0,0,0,0,1,1,15,31.0398432,-103.5166696,2181,2026,6,20,23,46,52,646,1423,116,63,0.8,0.4,0.7,35,33,33,0,0,0,0,28,0,39,0,37,0,0,0,0,0,0,0,0,0,0,30,0,36,31,0,39,0,0,39,44
6,16410,3,KR4MFM,15.72,5,   coast,-11.57,78424,2109.13,1206.3,27.4,52.7,4.18,4.2,4.12,-0.73,0.01,0.15,28.15,2.64,-5.43,0.63,0.19,0.1,49.63,4.2,0,0,0,0,1,1,15,31.0398432,-103.5166696,2181,2026,6,20,23,46,52,646,1423,116,63,0.8,0.4,0.7,35,33,33,0,0,0,0,28,0,39,0,37,0,0,0,0,0,0,0,0,0,0,30,0,36,31,0,39,0,0,39,44
6,16410,3,KR4MFM,15.73,5,   coast,-12.57,78402,2111.38,1208.56,27.29,52.7,4.18,4.2,4.12,-0.63,-0.01,0.01,29.07,2.82,-5.8,0.63,0.19,0.1,49.7,4.2,0,0,0,0,1,1,15,31.0398432,-103.5166696,2181,2026,6,20,23,46,52,646,1423,116,63,0.8,0.4,0.7,35,33,33,0,0,0,0,28,0,39,0,37,0,0,0,0,0,0,0,0,0,0,30,0,36,31,0,39,0,0,39,44
6,16410,3,KR4MFM,15.74,5,   coast,-12.07,78402,2111.38,1208.56,27.18,52.7,4.18,4.2,4.12,-0.65,-0.03,0.01,29.86,2.94,-6.1,0.63,0.19,0.1,49.76,4.2,0,0,0,0,1,1,15,31.0398432,-103.5166696,2181,2026,6,20,23,46,52,646,1423,116,63,0.8,0.4,0.7,35,33,33,0,0,0,0,28,0,39,0,37,0,0,0,0,0,0,0,0,0,0,30,0,36,31,0,39,0,0,39,44
6,16410,3,KR4MFM,15.75,5,   coast,-12.07,78395,2112.1,1209.27,27.07,52.7,4.18,4.2,4.12,-0.62,-0.06,0.12,30.53,3.19,-6.77,0.63,0.19,0.09,49.84,4.2,0,0,0,0,1,1,15,31.0398432,-103.5166696,2181,2026,6,20,23,46,52,646,1423,116,63,0.8,0.4,0.7,35,33,33,0,0,0,0,28,0,39,0,37,0,0,0,0,0,0,0,0,0,0,30,0,36,31,0,39,0,0,39,44
6,16410,3,KR4MFM,15.76,5,   coast,-11.06,78395,2112.1,1209.27,26.96,52.7,4.18,4.2,4.12,-0.64,-0.1,0.22,30.96,3.19,-6.71,0.63,0.19,0.09,49.91,4.2,0,0,0,0,1,1,15,31.0398432,-103.5166696,2181,2026,6,20,23,46,52,646,1423,116,63,0.8,0.4,0.7,35,33,33,0,0,0,0,28,0,39,0,37,0,0,0,0,0,0,0,0,0,0,30,0,36,31,0,39,0,0,39,44
6,16410,3,KR4MFM,15.77,5,   coast,-11.57,78389,2112.71,1209.89,26.85,52.7,4.18,4.2,4.12,-0.59,-0.1,0.07,30.84,3.98,-6.59,0.63,0.19,0.09,49.99,4.2,0,0,0,0,1,1,15,31.0398432,-103.5166696,2181,2026,6,20,23,46,52,646,1423,116,63,0.8,0.4,0.7,35,33,33,0,0,0,0,28,0,39,0,37,0,0,0,0,0,0,0,0,0,0,30,0,36,31,0,39,0,0,39,44
6,16410,3,KR4MFM,15.78,5,   coast,-11.06,78389,2112.71,1209.89,26.75,52.7,4.18,4.2,4.12,-0.64,0.12,0.06,31.14,3.8,-6.65,0.63,0.2,0.09,50.06,4.2,0,0,0,0,1,1,15,31.0398432,-103.5166696,2181,2026,6,20,23,46,52,646,1423,116,63,0.8,0.4,0.7,35,33,33,0,0,0,0,28,0,39,0,37,0,0,0,0,0,0,0,0,0,0,30,0,36,31,0,39,0,0,39,44
6,16410,3,KR4MFM,15.79,5,   coast,-10.06,78372,2114.45,1211.63,26.64,52.7,4.18,4.2,4.12,-0.64,0.11,0.02,31.14,3.74,-7.32,0.63,0.2,0.08,50.15,4.2,0,0,0,0,1,1,15,31.0398432,-103.5166696,2181,2026,6,20,23,46,52,646,1423,116,63,0.8,0.4,0.7,35,33,33,0,0,0,0,28,0,39,0,37,0,0,0,0,0,0,0,0,0,0,30,0,36,31,0,39,0,0,39,44
6,16410,3,KR4MFM,15.8,5,   coast,-10.56,78372,2114.45,1211.63,26.53,52.7,4.18,4.2,4.12,-0.68,0.11,-0.06,29.86,4.35,-7.26,0.63,0.2,0.08,50.23,4.2,0,0,0,0,1,1,15,31.0398432,-103.5166696,2181,2026,6,20,23,46,52,646,1423,116,63,0.8,0.4,0.7,35,33,33,0,0,0,0,28,0,39,0,37,0,0,0,0,0,0,0,0,0,0,30,0,36,31,0,39,0,0,39,44
6,16410,3,KR4MFM,15.81,5,   coast,-11.57,78368,2114.86,1212.04,26.43,52.7,4.18,4.2,4.12,-0.72,0.01,0.2,28.52,4.16,-7.63,0.63,0.2,0.08,50.32,4.2,0,0,0,0,1,1,15,31.0398432,-103.5166696,2181,2026,6,20,23,46,52,646,1423,116,63,0.8,0.4,0.7,35,33,33,0,0,0,0,28,0,39,0,37,0,0,0,0,0,0,0,0,0,0,30,0,36,31,0,39,0,0,39,44
6,16410,3,KR4MFM,15.82,5,   coast,-12.57,78368,2114.86,1212.04,26.32,52.7,4.18,4.2,4.12,-0.63,-0.14,0.11,27.3,4.71,-7.75,0.63,0.2,0.08,50.41,4.2,0,0,0,0,1,1,15,31.0398432,-103.5166696,2181,2026,6,20,23,46,52,646,1423,116,63,0.8,0.4,0.7,35,33,33,0,0,0,0,28,0,39,0,37,0,0,0,0,0,0,0,0,0,0,30,0,36,31,0,39,0,0,39,44
6,16410,3,KR4MFM,15.83,5,   coast,-10.56,78345,2117.22,1214.4,26.21,52.7,4.18,4.2,4.12,-0.65,-0.07,0.17,26.44,5.08,-7.44,0.62,0.2,0.08,50.5,4.2,0,0,0,0,1,1,15,31.0398432,-103.5166696,2181,2026,6,20,23,46,52,646,1423,116,63,0.8,0.4,0.7,35,33,33,0,0,0,0,28,0,39,0,37,0,0,0,0,0,0,0,0,0,0,30,0,36,31,0,39,0,0,39,44
6,16410,3,KR4MFM,15.84,5,   coast,-11.57,78345,2117.22,1214.4,26.1,52.7,4.18,4.2,4.12,-0.6,0.09,0.07,26.08,5.51,-7.26,0.62,0.2,0.08,50.58,4.2,0,0,0,0,1,1,15,31.0398432,-103.5166696,2181,2026,6,20,23,46,52,646,1423,116,63,0.8,0.4,0.7,35,33,33,0,0,0,0,28,0,39,0,37,0,0,0,0,0,0,0,0,0,0,30,0,36,31,0,39,0,0,39,44
6,16410,3,KR4MFM,15.85,5,   coast,-10.56,78349,2116.81,1213.99,26,52.7,4.18,4.2,4.12,-0.57,0.05,-0.04,26.32,5.51,-7.69,0.62,0.2,0.08,50.68,4.2,0,0,0,0,1,1,15,31.0398432,-103.5166696,2181,2026,6,20,23,46,52,646,1423,116,63,0.8,0.4,0.7,35,33,33,0,0,0,0,28,0,39,0,37,0,0,0,0,0,0,0,0,0,0,30,0,36,31,0,39,0,0,39,44
6,16410,3,KR4MFM,15.86,5,   coast,-12.57,78349,2116.81,1213.99,25.89,52.7,4.18,4.2,4.12,-0.55,0.1,0.01,25.9,4.96,-7.69,0.63,0.2,0.07,50.77,4.2,0,0,0,0,1,1,15,31.0398432,-103.5166696,2181,2026,6,20,23,46,52,646,1423,116,63,0.8,0.4,0.7,35,33,33,0,0,0,0,28,0,39,0,37,0,0,0,0,0,0,0,0,0,0,30,0,36,31,0,39,0,0,39,44
6,16410,3,KR4MFM,15.87,5,   coast,-11.57,78333,2118.45,1215.63,25.78,52.7,4.18,4.2,4.12,-0.59,-0.02,0.22,26.75,5.44,-8.11,0.63,0.2,0.07,50.86,4.2,0,0,0,0,1,1,15,31.0398432,-103.5166696,2181,2026,6,20,23,46,52,646,1423,116,63,0.8,0.4,0.7,35,33,33,0,0,0,0,28,0,39,0,37,0,0,0,0,0,0,0,0,0,0,30,0,36,31,0,39,0,0,39,44
6,16410,3,KR4MFM,15.88,5,   coast,-11.57,78333,2118.45,1215.63,25.67,52.7,4.18,4.2,4.12,-0.67,-0.15,0.27,28.34,5.32,-7.81,0.63,0.2,0.07,50.96,4.2,0,0,0,0,1,1,15,31.0398432,-103.5166696,2181,2026,6,20,23,46,52,646,1423,116,63,0.8,0.4,0.7,35,33,33,0,0,0,0,28,0,39,0,37,0,0,0,0,0,0,0,0,0,0,30,0,36,31,0,39,0,0,39,44
6,16410,3,KR4MFM,15.89,5,   coast,-10.56,78338,2117.94,1215.12,25.56,52.7,4.18,4.2,4.12,-0.72,-0.17,0.15,30.11,5.51,-7.44,0.63,0.21,0.07,51.05,4.2,0,0,0,0,1,1,15,31.0398432,-103.5166696,2181,2026,6,20,23,46,52,646,1423,116,63,0.8,0.4,0.7,35,33,33,0,0,0,0,28,0,39,0,37,0,0,0,0,0,0,0,0,0,0,30,0,36,31,0,39,0,0,39,44
6,16410,3,KR4MFM,15.9,5,   coast,-10.56,78338,2117.94,1215.12,25.46,52.7,4.18,4.2,4.12,-0.67,-0.14,0.11,32.06,5.87,-7.32,0.62,0.21,0.06,51.14,4.2,0,0,0,0,1,1,15,31.0398432,-103.5166696,2181,2026,6,20,23,46,52,646,1423,116,63,0.8,0.4,0.7,35,33,33,0,0,0,0,28,0,39,0,37,0,0,0,0,0,0,0,0,0,0,30,0,36,31,0,39,0,0,39,44
6,16410,3,KR4MFM,15.91,5,   coast,-11.06,78321,2119.68,1216.86,25.35,52.7,4.18,4.2,4.12,-0.65,-0.09,0.2,34.38,6.24,-7.26,0.62,0.21,0.06,51.23,4.2,0,0,0,0,1,1,15,31.0398432,-103.5166696,2181,2026,6,20,23,46,52,646,1423,116,63,0.8,0.4,0.7,35,33,33,0,0,0,0,28,0,39,0,37,0,0,0,0,0,0,0,0,0,0,30,0,36,31,0,39,0,0,39,44
6,16410,3,KR4MFM,15.92,5,   coast,-13.08,78321,2119.68,1216.86,25.24,52.7,4.18,4.2,4.12,-0.61,-0.04,0.12,36.52,5.69,-7.32,0.62,0.21,0.06,51.32,4.2,0,0,0,0,1,1,15,31.0398432,-103.5166696,2181,2026,6,20,23,46,52,646,1423,116,63,0.8,0.4,0.7,35,33,33,0,0,0,0,28,0,39,0,37,0,0,0,0,0,0,0,0,0,0,30,0,36,31,0,39,0,0,39,44
6,16410,3,KR4MFM,15.93,5,   coast,-10.56,78306,2121.22,1218.4,25.13,52.7,4.18,4.2,4.12,-0.63,0.06,0.19,38.04,5.38,-7.38,0.62,0.21,0.06,51.41,4.2,0,0,0,0,1,1,15,31.0398432,-103.5166696,2181,2026,6,20,23,46,52,646,1423,116,63,0.8,0.4,0.7,35,33,33,0,0,0,0,28,0,39,0,37,0,0,0,0,0,0,0,0,0,0,30,0,36,31,0,39,0,0,39,44
6,16410,3,KR4MFM,15.94,5,   coast,-12.07,78306,2121.22,1218.4,25.02,52.7,4.18,4.2,4.12,-0.65,-0.09,0.28,40.48,5.81,-7.87,0.62,0.21,0.06,51.51,4.2,0,0,0,0,1,1,15,31.0398432,-103.5166696,2181,2026,6,20,23,46,52,646,1423,116,63,0.8,0.4,0.7,35,33,33,0,0,0,0,28,0,39,0,37,0,0,0,0,0,0,0,0,0,0,30,0,36,31,0,39,0,0,39,44
6,16410,3,KR4MFM,15.95,5,   coast,-11.06,78299,2121.94,1219.11,24.92,52.7,4.18,4.2,4.12,-0.64,-0.22,0.19,41.64,5.69,-7.5,0.62,0.21,0.05,51.6,4.2,0,0,0,0,1,1,15,31.0398432,-103.5166696,2181,2026,6,20,23,46,52,646,1423,116,63,0.8,0.4,0.7,35,33,33,0,0,0,0,28,0,39,0,37,0,0,0,0,0,0,0,0,0,0,30,0,36,31,0,39,0,0,39,44
6,16410,3,KR4MFM,15.95,5,   coast,-11.06,78299,2121.94,1219.11,24.92,52.7,4.18,4.2,4.12,-0.64,-0.22,0.19,41.64,5.69,-7.5,0.62,0.21,0.05,51.6,4.2,0,0,0,0,1,1,15,31.0398432,-103.5166696,2181,2026,6,20,23,46,52,646,1423,116,63,0.8,0.4,0.7,35,33,33,0,0,0,0,28,0,39,0,37,0,0,0,0,0,0,0,0,0,0,30,0,36,31,0,39,0,0,39,44
6,16410,3,KR4MFM,15.95,5,   coast,-11.06,78299,2121.94,1219.11,24.92,52.7,4.18,4.2,4.12,-0.64,-0.22,0.19,41.64,5.69,-7.5,0.62,0.21,0.05,51.6,4.2,0,0,0,0,1,1,15,31.0398432,-103.5166696,2181,2026,6,20,23,46,52,646,1423,116,63,0.8,0.4,0.7,35,33,33,0,0,0,0,28,0,39,0,37,0,0,0,0,0,0,0,0,0,0,30,0,36,31,0,39,0,0,39,44
6,16410,3,KR4MFM,15.96,5,   coast,-12.07,78299,2121.94,1219.11,24.81,52.7,4.18,4.2,4.12,-0.68,-0.11,0.14,43.23,6.06,-6.77,0.62,0.21,0.05,51.69,4.2,0,0,0,0,1,1,15,31.0395861,-103.5160584,2238,2026,6,20,23,46,53,711,1504,116,62,0.8,0.4,0.7,37,35,32,0,0,0,0,17,0,39,0,37,0,0,0,0,0,0,0,0,0,0,31,0,34,30,0,40,0,0,40,44
6,16410,3,KR4MFM,15.97,5,   coast,-11.57,78290,2122.86,1220.04,24.7,52.7,4.18,4.2,4.12,-0.64,0.02,0.21,43.84,5.57,-7.14,0.62,0.21,0.04,51.78,4.2,0,0,0,0,1,1,15,31.0395861,-103.5160584,2238,2026,6,20,23,46,53,711,1504,116,62,0.8,0.4,0.7,37,35,32,0,0,0,0,17,0,39,0,37,0,0,0,0,0,0,0,0,0,0,31,0,34,30,0,40,0,0,40,44
6,16410,3,KR4MFM,15.98,5,   coast,-9.05,78290,2122.86,1220.04,24.6,52.7,4.18,4.2,4.12,-0.63,0.11,0.24,45.12,5.57,-7.2,0.62,0.21,0.04,51.87,4.2,0,0,0,0,1,1,15,31.0395861,-103.5160584,2238,2026,6,20,23,46,53,711,1504,116,62,0.8,0.4,0.7,37,35,32,0,0,0,0,17,0,39,0,37,0,0,0,0,0,0,0,0,0,0,31,0,34,30,0,40,0,0,40,44
6,16410,3,KR4MFM,15.99,5,   coast,-11.06,78280,2123.89,1221.06,24.49,52.7,4.18,4.2,4.12,-0.7,0.27,0.27,46.53,5.69,-6.96,0.62,0.21,0.04,51.96,4.2,0,0,0,0,1,1,15,31.0395861,-103.5160584,2238,2026,6,20,23,46,53,711,1504,116,62,0.8,0.4,0.7,37,35,32,0,0,0,0,17,0,39,0,37,0,0,0,0,0,0,0,0,0,0,31,0,34,30,0,40,0,0,40,44
6,16410,3,KR4MFM,16,5,   coast,-10.06,78280,2123.89,1221.06,24.39,52.7,4.18,4.2,4.12,-0.65,-0.01,0.17,46.22,5.75,-7.38,0.62,0.22,0.04,52.05,4.2,0,0,0,0,1,1,15,31.0395861,-103.5160584,2238,2026,6,20,23,46,53,711,1504,116,62,0.8,0.4,0.7,37,35,32,0,0,0,0,17,0,39,0,37,0,0,0,0,0,0,0,0,0,0,31,0,34,30,0,40,0,0,40,44
6,16410,3,KR4MFM,16.01,5,   coast,-12.07,78264,2125.53,1222.7,24.28,52.7,4.18,4.2,4.12,-0.67,-0.06,0.13,46.04,5.26,-6.83,0.62,0.22,0.03,52.14,4.2,0,0,0,0,1,1,15,31.0395861,-103.5160584,2238,2026,6,20,23,46,53,711,1504,116,62,0.8,0.4,0.7,37,35,32,0,0,0,0,17,0,39,0,37,0,0,0,0,0,0,0,0,0,0,31,0,34,30,0,40,0,0,40,44
6,16410,3,KR4MFM,16.02,5,   coast,-11.06,78264,2125.53,1222.7,24.18,52.7,4.18,4.19,4.11,-0.63,-0.15,0.2,45.18,5.2,-6.59,0.62,0.22,0.03,52.22,4.2,0,0,0,0,1,1,15,31.0395861,-103.5160584,2238,2026,6,20,23,46,53,711,1504,116,62,0.8,0.4,0.7,37,35,32,0,0,0,0,17,0,39,0,37,0,0,0,0,0,0,0,0,0,0,31,0,34,30,0,40,0,0,40,44
6,16410,3,KR4MFM,16.02,5,   coast,-11.06,78264,2125.53,1222.7,24.18,52.7,4.18,4.19,4.11,-0.63,-0.15,0.2,45.18,5.2,-6.59,0.62,0.22,0.03,52.22,4.2,0,0,0,0,1,1,15,31.0395861,-103.5160584,2238,2026,6,20,23,46,53,711,1504,116,62,0.8,0.4,0.7,37,35,32,0,0,0,0,17,0,39,0,37,0,0,0,0,0,0,0,0,0,0,31,0,34,30,0,40,0,0,40,44
6,16410,3,KR4MFM,16.03,5,   coast,-10.56,78254,2126.55,1223.73,24.07,52.7,4.18,4.19,4.11,-0.65,-0.01,0.23,45.61,5.02,-6.59,0.62,0.22,0.03,52.3,4.2,0,0,0,0,1,1,15,31.0395861,-103.5160584,2238,2026,6,20,23,46,53,711,1504,116,62,0.8,0.4,0.7,37,35,32,0,0,0,0,17,0,39,0,37,0,0,0,0,0,0,0,0,0,0,31,0,34,30,0,40,0,0,40,44
6,16410,3,KR4MFM,16.04,5,   coast,-10.56,78254,2126.55,1223.73,23.97,52.7,4.18,4.19,4.11,-0.62,0.11,0.18,45.91,4.53,-6.22,0.62,0.22,0.03,52.38,4.2,0,0,0,0,1,1,15,31.0395861,-103.5160584,2238,2026,6,20,23,46,53,711,1504,116,62,0.8,0.4,0.7,37,35,32,0,0,0,0,17,0,39,0,37,0,0,0,0,0,0,0,0,0,0,31,0,34,30,0,40,0,0,40,44
6,16410,3,KR4MFM,16.05,5,   coast,-11.57,78240,2127.99,1225.17,23.86,52.7,4.18,4.19,4.11,-0.57,0.2,0.27,45.91,4.41,-6.28,0.62,0.22,0.02,52.46,4.2,0,0,0,0,1,1,15,31.0395861,-103.5160584,2238,2026,6,20,23,46,53,711,1504,116,62,0.8,0.4,0.7,37,35,32,0,0,0,0,17,0,39,0,37,0,0,0,0,0,0,0,0,0,0,31,0,34,30,0,40,0,0,40,44
6,16410,3,KR4MFM,16.06,5,   coast,-11.06,78240,2127.99,1225.17,23.76,52.7,4.18,4.19,4.11,-0.66,0.11,0.12,45.37,4.35,-6.53,0.62,0.22,0.02,52.53,4.2,0,0,0,0,1,1,15,31.0395861,-103.5160584,2238,2026,6,20,23,46,53,711,1504,116,62,0.8,0.4,0.7,37,35,32,0,0,0,0,17,0,39,0,37,0,0,0,0,0,0,0,0,0,0,31,0,34,30,0,40,0,0,40,44
6,16410,3,KR4MFM,16.07,5,   coast,-10.06,78235,2128.5,1225.68,23.66,52.7,4.18,4.19,4.11,-0.62,-0.06,0.18,44.69,4.1,-6.28,0.62,0.22,0.02,52.61,4.2,0,0,0,0,1,1,15,31.0395861,-103.5160584,2238,2026,6,20,23,46,53,711,1504,116,62,0.8,0.4,0.7,37,35,32,0,0,0,0,17,0,39,0,37,0,0,0,0,0,0,0,0,0,0,31,0,34,30,0,40,0,0,40,44
6,16410,3,KR4MFM,16.08,5,   coast,-10.56,78235,2128.5,1225.68,23.55,52.7,4.18,4.19,4.11,-0.61,-0.09,0.1,44.27,3.98,-5.98,0.62,0.22,0.01,52.68,4.2,0,0,0,0,1,1,15,31.0395861,-103.5160584,2238,2026,6,20,23,46,53,711,1504,116,62,0.8,0.4,0.7,37,35,32,0,0,0,0,17,0,39,0,37,0,0,0,0,0,0,0,0,0,0,31,0,34,30,0,40,0,0,40,44
6,16410,3,KR4MFM,16.09,5,   coast,-10.56,78228,2129.22,1226.4,23.45,52.7,4.18,4.19,4.11,-0.64,-0.01,0.22,44.08,3.43,-5.67,0.62,0.22,0.01,52.75,4.2,0,0,0,0,1,1,15,31.0395861,-103.5160584,2238,2026,6,20,23,46,53,711,1504,116,62,0.8,0.4,0.7,37,35,32,0,0,0,0,17,0,39,0,37,0,0,0,0,0,0,0,0,0,0,31,0,34,30,0,40,0,0,40,44
6,16410,3,KR4MFM,16.1,5,   coast,-12.07,78228,2129.22,1226.4,23.34,52.7,4.18,4.19,4.11,-0.63,0.06,0.27,44.02,3.74,-5.55,0.62,0.22,0.01,52.81,4.2,0,0,0,0,1,1,15,31.0395861,-103.5160584,2238,2026,6,20,23,46,53,711,1504,116,62,0.8,0.4,0.7,37,35,32,0,0,0,0,17,0,39,0,37,0,0,0,0,0,0,0,0,0,0,31,0,34,30,0,40,0,0,40,44
6,16410,3,KR4MFM,16.11,5,   coast,-12.57,78219,2130.15,1227.32,23.23,52.7,4.18,4.19,4.11,-0.64,0.24,0.26,43.96,3.19,-5.49,0.62,0.22,0,52.88,4.2,0,0,0,0,1,1,15,31.0395861,-103.5160584,2238,2026,6,20,23,46,53,711,1504,116,62,0.8,0.4,0.7,37,35,32,0,0,0,0,17,0,39,0,37,0,0,0,0,0,0,0,0,0,0,31,0,34,30,0,40,0,0,40,44
6,16410,3,KR4MFM,16.12,5,   coast,-12.07,78219,2130.15,1227.32,23.12,52.7,4.18,4.19,4.11,-0.63,0.11,0.25,43.53,3.25,-5.37,0.62,0.22,0,52.94,4.2,0,0,0,0,1,1,15,31.0395861,-103.5160584,2238,2026,6,20,23,46,53,711,1504,116,62,0.8,0.4,0.7,37,35,32,0,0,0,0,17,0,39,0,37,0,0,0,0,0,0,0,0,0,0,31,0,34,30,0,40,0,0,40,44
6,16410,3,KR4MFM,16.13,5,   coast,-10.56,78208,2131.28,1228.45,23.02,52.7,4.18,4.19,4.11,-0.64,0.04,0.18,43.66,3,-5.73,0.61,0.22,0,53,4.2,0,0,0,0,1,1,15,31.0395861,-103.5160584,2238,2026,6,20,23,46,53,711,1504,116,62,0.8,0.4,0.7,37,35,32,0,0,0,0,17,0,39,0,37,0,0,0,0,0,0,0,0,0,0,31,0,34,30,0,40,0,0,40,44
6,16410,3,KR4MFM,16.14,5,   coast,-10.06,78208,2131.28,1228.45,22.91,52.7,4.18,4.19,4.11,-0.65,0.05,0.12,43.41,2.52,-5.49,0.61,0.22,0,53.06,4.2,0,0,0,0,1,1,15,31.0395861,-103.5160584,2238,2026,6,20,23,46,53,711,1504,116,62,0.8,0.4,0.7,37,35,32,0,0,0,0,17,0,39,0,37,0,0,0,0,0,0,0,0,0,0,31,0,34,30,0,40,0,0,40,44
6,16410,3,KR4MFM,16.15,5,   coast,-10.56,78203,2131.79,1228.97,22.81,52.7,4.18,4.19,4.11,-0.6,-0.04,0.14,41.64,2.52,-5.19,0.61,0.22,0,53.12,4.2,0,0,0,0,1,1,15,31.0395861,-103.5160584,2238,2026,6,20,23,46,53,711,1504,116,62,0.8,0.4,0.7,37,35,32,0,0,0,0,17,0,39,0,37,0,0,0,0,0,0,0,0,0,0,31,0,34,30,0,40,0,0,40,44
6,16410,3,KR4MFM,16.16,5,   coast,-11.06,78203,2131.79,1228.97,22.7,52.7,4.18,4.19,4.11,-0.63,0.01,0.23,41.03,2.03,-4.76,0.61,0.22,-0.01,53.17,4.2,0,0,0,0,1,1,15,31.0395861,-103.5160584,2238,2026,6,20,23,46,53,711,1504,116,62,0.8,0.4,0.7,37,35,32,0,0,0,0,17,0,39,0,37,0,0,0,0,0,0,0,0,0,0,31,0,34,30,0,40,0,0,40,44
6,16410,3,KR4MFM,16.17,5,   coast,-10.06,78188,2133.33,1230.51,22.6,52.7,4.18,4.19,4.11,-0.58,0.06,0.34,41.15,1.9,-4.51,0.61,0.22,-0.01,53.22,4.2,0,0,0,0,1,1,15,31.0395861,-103.5160584,2238,2026,6,20,23,46,53,711,1504,116,62,0.8,0.4,0.7,37,35,32,0,0,0,0,17,0,39,0,37,0,0,0,0,0,0,0,0,0,0,31,0,34,30,0,40,0,0,40,44
6,16410,3,KR4MFM,16.18,5,   coast,-12.07,78188,2133.33,1230.51,22.49,52.7,4.18,4.19,4.11,-0.6,0.25,0.22,41.34,1.72,-4.94,0.61,0.22,-0.01,53.27,4.2,0,0,0,0,1,1,15,31.0395861,-103.5160584,2238,2026,6,20,23,46,53,711,1504,116,62,0.8,0.4,0.7,37,35,32,0,0,0,0,17,0,39,0,37,0,0,0,0,0,0,0,0,0,0,31,0,34,30,0,40,0,0,40,44
6,16410,3,KR4MFM,16.19,5,   coast,-12.07,78181,2134.05,1231.22,22.38,52.7,4.18,4.19,4.11,-0.67,0.21,0.06,40.6,2.03,-5.19,0.61,0.23,-0.02,53.32,4.2,0,0,0,0,1,1,15,31.0395861,-103.5160584,2238,2026,6,20,23,46,53,711,1504,116,62,0.8,0.4,0.7,37,35,32,0,0,0,0,17,0,39,0,37,0,0,0,0,0,0,0,0,0,0,31,0,34,30,0,40,0,0,40,44
6,16410,3,KR4MFM,16.2,5,   coast,-11.06,78181,2134.05,1231.22,22.27,52.7,4.18,4.19,4.11,-0.62,0.14,0.11,39.51,1.29,-4.82,0.61,0.23,-0.02,53.37,4.2,0,0,0,0,1,1,15,31.0395861,-103.5160584,2238,2026,6,20,23,46,53,711,1504,116,62,0.8,0.4,0.7,37,35,32,0,0,0,0,17,0,39,0,37,0,0,0,0,0,0,0,0,0,0,31,0,34,30,0,40,0,0,40,44
6,16410,3,KR4MFM,16.21,5,   coast,-12.07,78167,2135.49,1232.66,22.16,52.7,4.18,4.19,4.11,-0.66,0.02,0.17,38.16,1.11,-4.57,0.61,0.23,-0.02,53.41,4.2,0,0,0,0,1,1,15,31.0395861,-103.5160584,2238,2026,6,20,23,46,53,711,1504,116,62,0.8,0.4,0.7,37,35,32,0,0,0,0,17,0,39,0,37,0,0,0,0,0,0,0,0,0,0,31,0,34,30,0,40,0,0,40,44
6,16410,3,KR4MFM,16.22,5,   coast,-13.08,78167,2135.49,1232.66,22.05,52.7,4.18,4.19,4.11,-0.61,-0.04,0.2,36.88,1.17,-4.33,0.61,0.23,-0.02,53.45,4.2,0,0,0,0,1,1,15,31.0395861,-103.5160584,2238,2026,6,20,23,46,53,711,1504,116,62,0.8,0.4,0.7,37,35,32,0,0,0,0,17,0,39,0,37,0,0,0,0,0,0,0,0,0,0,31,0,34,30,0,40,0,0,40,44
6,16410,3,KR4MFM,16.23,5,   coast,-11.57,78168,2135.38,1232.56,21.94,52.7,4.18,4.19,4.11,-0.63,0.04,0.16,36.03,1.29,-3.84,0.61,0.23,-0.02,53.49,4.2,0,0,0,0,1,1,15,31.0395861,-103.5160584,2238,2026,6,20,23,46,53,711,1504,116,62,0.8,0.4,0.7,37,35,32,0,0,0,0,17,0,39,0,37,0,0,0,0,0,0,0,0,0,0,31,0,34,30,0,40,0,0,40,44
6,16410,3,KR4MFM,16.24,5,   coast,-11.57,78168,2135.38,1232.56,21.83,52.7,4.18,4.19,4.11,-0.6,0.1,0.06,35.29,0.68,-3.9,0.61,0.23,-0.02,53.52,4.2,0,0,0,0,1,1,15,31.0395861,-103.5160584,2238,2026,6,20,23,46,53,711,1504,116,62,0.8,0.4,0.7,37,35,32,0,0,0,0,17,0,39,0,37,0,0,0,0,0,0,0,0,0,0,31,0,34,30,0,40,0,0,40,44
6,16410,3,KR4MFM,16.25,5,   coast,-11.06,78155,2136.72,1233.89,21.73,52.7,4.18,4.19,4.11,-0.64,0.11,0.05,34.62,0.75,-4.15,0.61,0.23,-0.03,53.56,4.2,0,0,0,0,1,1,15,31.0395861,-103.5160584,2238,2026,6,20,23,46,53,711,1504,116,62,0.8,0.4,0.7,37,35,32,0,0,0,0,17,0,39,0,37,0,0,0,0,0,0,0,0,0,0,31,0,34,30,0,40,0,0,40,44
6,16410,3,KR4MFM,16.26,5,   coast,-11.06,78155,2136.72,1233.89,21.62,52.7,4.18,4.19,4.11,-0.59,-0.03,0.1,35.66,0.26,-3.78,0.61,0.23,-0.03,53.59,4.2,0,0,0,0,1,1,15,31.0395861,-103.5160584,2238,2026,6,20,23,46,53,711,1504,116,62,0.8,0.4,0.7,37,35,32,0,0,0,0,17,0,39,0,37,0,0,0,0,0,0,0,0,0,0,31,0,34,30,0,40,0,0,40,44
6,16410,3,KR4MFM,16.27,5,   coast,-11.06,78155,2136.72,1233.89,21.51,52.7,4.18,4.19,4.11,-0.61,-0.04,0.19,37.25,0.13,-3.72,0.61,0.23,-0.03,53.62,4.2,0,0,0,0,1,1,15,31.0395861,-103.5160584,2238,2026,6,20,23,46,53,711,1504,116,62,0.8,0.4,0.7,37,35,32,0,0,0,0,17,0,39,0,37,0,0,0,0,0,0,0,0,0,0,31,0,34,30,0,40,0,0,40,44
6,16410,3,KR4MFM,16.28,5,   coast,-12.07,78155,2136.72,1233.89,21.4,52.7,4.18,4.19,4.11,-0.6,-0.22,0.36,39.2,0.2,-3.78,0.61,0.23,-0.03,53.65,4.2,0,0,0,0,1,1,15,31.0395861,-103.5160584,2238,2026,6,20,23,46,53,711,1504,116,62,0.8,0.4,0.7,37,35,32,0,0,0,0,17,0,39,0,37,0,0,0,0,0,0,0,0,0,0,31,0,34,30,0,40,0,0,40,44
6,16410,3,KR4MFM,16.29,5,   coast,-11.57,78130,2139.29,1236.46,21.29,52.7,4.18,4.19,4.11,-0.58,-0.19,0.24,40.97,0.62,-3.29,0.61,0.23,-0.03,53.68,4.2,0,0,0,0,1,1,15,31.0395861,-103.5160584,2238,2026,6,20,23,46,53,711,1504,116,62,0.8,0.4,0.7,37,35,32,0,0,0,0,17,0,39,0,37,0,0,0,0,0,0,0,0,0,0,31,0,34,30,0,40,0,0,40,44
6,16410,3,KR4MFM,16.3,5,   coast,-12.07,78130,2139.29,1236.46,21.19,52.7,4.18,4.19,4.11,-0.6,-0.06,0.09,41.76,0.93,-3.35,0.61,0.23,-0.04,53.71,4.2,0,0,0,0,1,1,15,31.0395861,-103.5160584,2238,2026,6,20,23,46,53,711,1504,116,62,0.8,0.4,0.7,37,35,32,0,0,0,0,17,0,39,0,37,0,0,0,0,0,0,0,0,0,0,31,0,34,30,0,40,0,0,40,44
6,16410,3,KR4MFM,16.31,5,   coast,-10.56,78132,2139.08,1236.26,21.08,52.7,4.18,4.19,4.11,-0.61,0.02,-0.01,42.86,0.5,-3.35,0.61,0.23,-0.04,53.73,4.2,0,0,0,0,1,1,15,31.0395861,-103.5160584,2238,2026,6,20,23,46,53,711,1504,116,62,0.8,0.4,0.7,37,35,32,0,0,0,0,17,0,39,0,37,0,0,0,0,0,0,0,0,0,0,31,0,34,30,0,40,0,0,40,44
6,16410,3,KR4MFM,16.32,5,   coast,-10.06,78132,2139.08,1236.26,20.97,52.7,4.18,4.19,4.11,-0.65,0.13,-0.02,43.53,-0.48,-3.54,0.61,0.23,-0.04,53.76,4.2,0,0,0,0,1,1,15,31.0395861,-103.5160584,2238,2026,6,20,23,46,53,711,1504,116,62,0.8,0.4,0.7,37,35,32,0,0,0,0,17,0,39,0,37,0,0,0,0,0,0,0,0,0,0,31,0,34,30,0,40,0,0,40,44
6,16410,3,KR4MFM,16.33,5,   coast,-12.07,78121,2140.21,1237.39,20.87,52.7,4.18,4.19,4.11,-0.56,0.19,0.1,42.98,0.38,-4.09,0.61,0.23,-0.05,53.79,4.2,0,0,0,0,1,1,15,31.0395861,-103.5160584,2238,2026,6,20,23,46,53,711,1504,116,62,0.8,0.4,0.7,37,35,32,0,0,0,0,17,0,39,0,37,0,0,0,0,0,0,0,0,0,0,31,0,34,30,0,40,0,0,40,44
6,16410,3,KR4MFM,16.34,5,   coast,-12.07,78121,2140.21,1237.39,20.76,52.7,4.2,4.2,4.11,-0.61,0.08,0.14,42.31,0.32,-4.7,0.6,0.23,-0.05,53.83,4.2,0,0,0,0,1,1,15,31.0395861,-103.5160584,2238,2026,6,20,23,46,53,711,1504,116,62,0.8,0.4,0.7,37,35,32,0,0,0,0,17,0,39,0,37,0,0,0,0,0,0,0,0,0,0,31,0,34,30,0,40,0,0,40,44
6,16410,3,KR4MFM,16.34,5,   coast,-12.07,78121,2140.21,1237.39,20.76,52.7,4.2,4.2,4.11,-0.61,0.08,0.14,42.31,0.32,-4.7,0.6,0.23,-0.05,53.83,4.2,0,0,0,0,1,1,15,31.0395861,-103.5160584,2238,2026,6,20,23,46,53,711,1504,116,62,0.8,0.4,0.7,37,35,32,0,0,0,0,17,0,39,0,37,0,0,0,0,0,0,0,0,0,0,31,0,34,30,0,40,0,0,40,44
6,16410,3,KR4MFM,16.35,5,   coast,-11.06,78112,2141.14,1238.31,20.65,52.7,4.2,4.2,4.11,-0.57,0.04,0.11,41.34,1.29,-4.21,0.6,0.23,-0.05,53.86,4.2,0,0,0,0,1,1,15,31.0395861,-103.5160584,2238,2026,6,20,23,46,53,711,1504,116,62,0.8,0.4,0.7,37,35,32,0,0,0,0,17,0,39,0,37,0,0,0,0,0,0,0,0,0,0,31,0,34,30,0,40,0,0,40,44
6,16410,3,KR4MFM,16.36,5,   coast,-11.06,78112,2141.14,1238.31,20.55,52.7,4.2,4.2,4.11,-0.61,-0.06,0.08,41.7,0.99,-4.21,0.6,0.23,-0.06,53.9,4.2,0,0,0,0,1,1,15,31.0395861,-103.5160584,2238,2026,6,20,23,46,53,711,1504,116,62,0.8,0.4,0.7,37,35,32,0,0,0,0,17,0,39,0,37,0,0,0,0,0,0,0,0,0,0,31,0,34,30,0,40,0,0,40,44
6,16410,3,KR4MFM,16.37,5,   coast,-10.56,78107,2141.65,1238.83,20.44,52.7,4.2,4.2,4.11,-0.59,0.07,0.06,42.25,1.05,-4.21,0.6,0.23,-0.06,53.94,4.2,0,0,0,0,1,1,15,31.0395861,-103.5160584,2238,2026,6,20,23,46,53,711,1504,116,62,0.8,0.4,0.7,37,35,32,0,0,0,0,17,0,39,0,37,0,0,0,0,0,0,0,0,0,0,31,0,34,30,0,40,0,0,40,44
6,16410,3,KR4MFM,16.38,5,   coast,-12.07,78107,2141.65,1238.83,20.33,52.7,4.2,4.2,4.11,-0.65,0.15,0.11,43.35,1.17,-4.09,0.6,0.23,-0.06,53.98,4.2,0,0,0,0,1,1,15,31.0395861,-103.5160584,2238,2026,6,20,23,46,53,711,1504,116,62,0.8,0.4,0.7,37,35,32,0,0,0,0,17,0,39,0,37,0,0,0,0,0,0,0,0,0,0,31,0,34,30,0,40,0,0,40,44
6,16410,3,KR4MFM,16.39,5,   coast,-12.07,78098,2142.58,1239.75,20.23,52.7,4.2,4.2,4.11,-0.59,0.17,0.19,44.33,1.72,-4.03,0.6,0.23,-0.06,54.02,4.2,0,0,0,0,1,1,15,31.0395861,-103.5160584,2238,2026,6,20,23,46,53,711,1504,116,62,0.8,0.4,0.7,37,35,32,0,0,0,0,17,0,39,0,37,0,0,0,0,0,0,0,0,0,0,31,0,34,30,0,40,0,0,40,44
6,16410,3,KR4MFM,16.4,5,   coast,-10.56,78098,2142.58,1239.75,20.12,52.7,4.2,4.2,4.11,-0.63,0.06,0.19,46.1,1.29,-4.09,0.6,0.23,-0.06,54.05,4.2,0,0,0,0,1,1,15,31.0395861,-103.5160584,2238,2026,6,20,23,46,53,711,1504,116,62,0.8,0.4,0.7,37,35,32,0,0,0,0,17,0,39,0,37,0,0,0,0,0,0,0,0,0,0,31,0,34,30,0,40,0,0,40,44
6,16410,3,KR4MFM,16.41,5,   coast,-11.06,78089,2143.5,1240.68,20.01,52.7,4.2,4.2,4.11,-0.65,-0.05,0.14,47.68,1.66,-4.03,0.61,0.23,-0.07,54.09,4.2,0,0,0,0,1,1,15,31.0395861,-103.5160584,2238,2026,6,20,23,46,53,711,1504,116,62,0.8,0.4,0.7,37,35,32,0,0,0,0,17,0,39,0,37,0,0,0,0,0,0,0,0,0,0,31,0,34,30,0,40,0,0,40,44
6,16410,3,KR4MFM,16.42,5,   coast,-11.06,78089,2143.5,1240.68,19.91,52.7,4.2,4.2,4.11,-0.63,-0.09,0.11,49.45,1.54,-3.66,0.6,0.23,-0.07,54.13,4.2,0,0,0,0,1,1,15,31.0395861,-103.5160584,2238,2026,6,20,23,46,53,711,1504,116,62,0.8,0.4,0.7,37,35,32,0,0,0,0,17,0,39,0,37,0,0,0,0,0,0,0,0,0,0,31,0,34,30,0,40,0,0,40,44
6,16410,3,KR4MFM,16.43,5,   coast,-10.56,78078,2144.63,1241.81,19.8,52.7,4.2,4.2,4.11,-0.59,-0.17,0.03,50.68,2.15,-3.41,0.6,0.23,-0.07,54.17,4.2,0,0,0,0,1,1,15,31.0395861,-103.5160584,2238,2026,6,20,23,46,53,711,1504,116,62,0.8,0.4,0.7,37,35,32,0,0,0,0,17,0,39,0,37,0,0,0,0,0,0,0,0,0,0,31,0,34,30,0,40,0,0,40,44
6,16410,3,KR4MFM,16.44,5,   coast,-11.06,78078,2144.63,1241.81,19.7,52.7,4.2,4.2,4.11,-0.61,-0.22,-0.01,52.32,1.29,-2.99,0.6,0.23,-0.08,54.2,4.2,0,0,0,0,1,1,15,31.0395861,-103.5160584,2238,2026,6,20,23,46,53,711,1504,116,62,0.8,0.4,0.7,37,35,32,0,0,0,0,17,0,39,0,37,0,0,0,0,0,0,0,0,0,0,31,0,34,30,0,40,0,0,40,44
6,16410,3,KR4MFM,16.45,5,   coast,-11.57,78068,2145.66,1242.84,19.59,52.7,4.2,4.2,4.11,-0.57,-0.11,0.02,52.69,1.72,-2.68,0.6,0.22,-0.08,54.23,4.2,0,0,0,0,1,1,15,31.0395861,-103.5160584,2238,2026,6,20,23,46,53,711,1504,116,62,0.8,0.4,0.7,37,35,32,0,0,0,0,17,0,39,0,37,0,0,0,0,0,0,0,0,0,0,31,0,34,30,0,40,0,0,40,44
6,16410,3,KR4MFM,16.46,5,   coast,-11.57,78068,2145.66,1242.84,19.48,52.7,4.2,4.2,4.11,-0.6,-0.03,0.13,52.26,1.84,-3.11,0.6,0.22,-0.08,54.26,4.2,0,0,0,0,1,1,15,31.0395861,-103.5160584,2238,2026,6,20,23,46,53,711,1504,116,62,0.8,0.4,0.7,37,35,32,0,0,0,0,17,0,39,0,37,0,0,0,0,0,0,0,0,0,0,31,0,34,30,0,40,0,0,40,44
6,16410,3,KR4MFM,16.47,5,   coast,-12.07,78052,2147.3,1244.48,19.37,52.7,4.2,4.2,4.11,-0.59,-0.03,0.07,51.77,2.39,-3.54,0.6,0.22,-0.09,54.3,4.2,0,0,0,0,1,1,15,31.0395861,-103.5160584,2238,2026,6,20,23,46,53,711,1504,116,62,0.8,0.4,0.7,37,35,32,0,0,0,0,17,0,39,0,37,0,0,0,0,0,0,0,0,0,0,31,0,34,30,0,40,0,0,40,44
6,16410,3,KR4MFM,16.48,5,   coast,-11.57,78052,2147.3,1244.48,19.26,52.7,4.2,4.2,4.11,-0.6,-0.04,0.01,51.65,2.27,-3.78,0.6,0.22,-0.09,54.34,4.2,0,0,0,0,1,1,15,31.0395861,-103.5160584,2238,2026,6,20,23,46,53,711,1504,116,62,0.8,0.4,0.7,37,35,32,0,0,0,0,17,0,39,0,37,0,0,0,0,0,0,0,0,0,0,31,0,34,30,0,40,0,0,40,44
6,16410,3,KR4MFM,16.49,5,   coast,-11.06,78049,2147.61,1244.79,19.16,52.7,4.2,4.2,4.11,-0.55,-0.12,0.06,51.53,2.64,-4.03,0.6,0.22,-0.1,54.39,4.2,0,0,0,0,1,1,15,31.0395861,-103.5160584,2238,2026,6,20,23,46,53,711,1504,116,62,0.8,0.4,0.7,37,35,32,0,0,0,0,17,0,39,0,37,0,0,0,0,0,0,0,0,0,0,31,0,34,30,0,40,0,0,40,44
6,16410,3,KR4MFM,16.5,5,   coast,-12.57,78049,2147.61,1244.79,19.05,52.7,4.2,4.2,4.11,-0.58,-0.11,0.04,51.41,2.88,-4.33,0.6,0.22,-0.1,54.44,4.2,0,0,0,0,1,1,15,31.0395861,-103.5160584,2238,2026,6,20,23,46,53,711,1504,116,62,0.8,0.4,0.7,37,35,32,0,0,0,0,17,0,39,0,37,0,0,0,0,0,0,0,0,0,0,31,0,34,30,0,40,0,0,40,44
6,16410,3,KR4MFM,16.51,5,   coast,-11.57,78036,2148.95,1246.13,18.94,52.7,4.2,4.2,4.11,-0.57,-0.01,0.03,50.68,2.82,-3.96,0.6,0.22,-0.1,54.49,4.2,0,0,0,0,1,1,15,31.0395861,-103.5160584,2238,2026,6,20,23,46,53,711,1504,116,62,0.8,0.4,0.7,37,35,32,0,0,0,0,17,0,39,0,37,0,0,0,0,0,0,0,0,0,0,31,0,34,30,0,40,0,0,40,44
6,16410,3,KR4MFM,16.52,5,   coast,-12.07,78036,2148.95,1246.13,18.83,52.7,4.2,4.2,4.11,-0.59,-0.01,-0.01,49.39,3.49,-4.09,0.6,0.22,-0.11,54.54,4.2,0,0,0,0,1,1,15,31.0395861,-103.5160584,2238,2026,6,20,23,46,53,711,1504,116,62,0.8,0.4,0.7,37,35,32,0,0,0,0,17,0,39,0,37,0,0,0,0,0,0,0,0,0,0,31,0,34,30,0,40,0,0,40,44
6,16410,3,KR4MFM,16.53,5,   coast,-11.06,78027,2149.88,1247.05,18.72,52.7,4.2,4.2,4.11,-0.64,0.04,-0.08,48.78,3.74,-4.88,0.6,0.22,-0.11,54.6,4.2,0,0,0,0,1,1,15,31.0395861,-103.5160584,2238,2026,6,20,23,46,53,711,1504,116,62,0.8,0.4,0.7,37,35,32,0,0,0,0,17,0,39,0,37,0,0,0,0,0,0,0,0,0,0,31,0,34,30,0,40,0,0,40,44
6,16410,3,KR4MFM,16.54,5,   coast,-10.56,78027,2149.88,1247.05,18.61,52.7,4.2,4.2,4.11,-0.6,-0.06,-0.06,47.68,4.35,-4.51,0.6,0.22,-0.11,54.66,4.2,0,0,0,0,1,1,15,31.0395861,-103.5160584,2238,2026,6,20,23,46,53,711,1504,116,62,0.8,0.4,0.7,37,35,32,0,0,0,0,17,0,39,0,37,0,0,0,0,0,0,0,0,0,0,31,0,34,30,0,40,0,0,40,44
6,16410,3,KR4MFM,16.55,5,   coast,-11.06,78020,2150.6,1247.77,18.51,52.7,4.2,4.2,4.11,-0.61,-0.06,0.04,46.83,4.29,-4.94,0.6,0.22,-0.12,54.72,4.2,0,0,0,0,1,1,15,31.0395861,-103.5160584,2238,2026,6,20,23,46,53,711,1504,116,62,0.8,0.4,0.7,37,35,32,0,0,0,0,17,0,39,0,37,0,0,0,0,0,0,0,0,0,0,31,0,34,30,0,40,0,0,40,44
6,16410,3,KR4MFM,16.56,5,   coast,-12.07,78020,2150.6,1247.77,18.4,52.7,4.2,4.2,4.11,-0.62,-0.11,0.03,46.34,4.77,-5.06,0.6,0.22,-0.12,54.79,4.2,0,0,0,0,1,1,15,31.0395861,-103.5160584,2238,2026,6,20,23,46,53,711,1504,116,62,0.8,0.4,0.7,37,35,32,0,0,0,0,17,0,39,0,37,0,0,0,0,0,0,0,0,0,0,31,0,34,30,0,40,0,0,40,44
6,16410,3,KR4MFM,16.57,5,   coast,-11.57,78017,2150.9,1248.08,18.29,52.7,4.2,4.2,4.11,-0.63,-0.15,0.03,45.61,5.57,-5.31,0.59,0.22,-0.12,54.87,4.2,0,0,0,0,1,1,15,31.0395861,-103.5160584,2238,2026,6,20,23,46,53,711,1504,116,62,0.8,0.4,0.7,37,35,32,0,0,0,0,17,0,39,0,37,0,0,0,0,0,0,0,0,0,0,31,0,34,30,0,40,0,0,40,44
6,16410,3,KR4MFM,16.58,5,   coast,-10.56,78017,2150.9,1248.08,18.18,52.7,4.2,4.2,4.11,-0.6,-0.11,0,44.63,5.75,-4.94,0.59,0.22,-0.12,54.94,4.2,0,0,0,0,1,1,15,31.0395861,-103.5160584,2238,2026,6,20,23,46,53,711,1504,116,62,0.8,0.4,0.7,37,35,32,0,0,0,0,17,0,39,0,37,0,0,0,0,0,0,0,0,0,0,31,0,34,30,0,40,0,0,40,44
6,16410,3,KR4MFM,16.59,5,   coast,-13.08,77993,2153.37,1250.55,18.08,52.7,4.2,4.2,4.11,-0.62,-0.11,-0.05,44.82,5.99,-5.43,0.59,0.22,-0.13,55.02,4.2,0,0,0,0,1,1,15,31.0395861,-103.5160584,2238,2026,6,20,23,46,53,711,1504,116,62,0.8,0.4,0.7,37,35,32,0,0,0,0,17,0,39,0,37,0,0,0,0,0,0,0,0,0,0,31,0,34,30,0,40,0,0,40,44
6,16410,3,KR4MFM,16.6,5,   coast,-11.57,77993,2153.37,1250.55,17.97,52.7,4.2,4.2,4.11,-0.63,-0.07,-0.01,45.24,6.12,-5.67,0.59,0.22,-0.13,55.11,4.2,0,0,0,0,1,1,15,31.0395861,-103.5160584,2238,2026,6,20,23,46,53,711,1504,116,62,0.8,0.4,0.7,37,35,32,0,0,0,0,17,0,39,0,37,0,0,0,0,0,0,0,0,0,0,31,0,34,30,0,40,0,0,40,44
6,16410,3,KR4MFM,16.61,5,   coast,-12.07,77995,2153.17,1250.34,17.86,52.7,4.2,4.2,4.11,-0.63,0.06,0.01,45.79,6.42,-6.16,0.59,0.22,-0.13,55.19,4.2,0,0,0,0,1,1,15,31.0395861,-103.5160584,2238,2026,6,20,23,46,53,711,1504,116,62,0.8,0.4,0.7,37,35,32,0,0,0,0,17,0,39,0,37,0,0,0,0,0,0,0,0,0,0,31,0,34,30,0,40,0,0,40,44
6,16410,3,KR4MFM,16.62,5,   coast,-11.06,77995,2153.17,1250.34,17.75,52.7,4.2,4.2,4.11,-0.6,-0.06,0.01,46.28,6.73,-6.71,0.59,0.22,-0.13,55.29,4.2,0,0,0,0,1,1,15,31.0395861,-103.5160584,2238,2026,6,20,23,46,53,711,1504,116,62,0.8,0.4,0.7,37,35,32,0,0,0,0,17,0,39,0,37,0,0,0,0,0,0,0,0,0,0,31,0,34,30,0,40,0,0,40,44
6,16410,3,KR4MFM,16.63,5,   coast,-10.56,77989,2153.78,1250.96,17.65,52.7,4.2,4.2,4.11,-0.68,-0.18,0.04,46.46,6.91,-6.53,0.59,0.22,-0.14,55.38,4.2,0,0,0,0,1,1,15,31.0395861,-103.5160584,2238,2026,6,20,23,46,53,711,1504,116,62,0.8,0.4,0.7,37,35,32,0,0,0,0,17,0,39,0,37,0,0,0,0,0,0,0,0,0,0,31,0,34,30,0,40,0,0,40,44
6,16410,3,KR4MFM,16.64,5,   coast,-10.06,77989,2153.78,1250.96,17.54,52.7,4.2,4.2,4.11,-0.63,-0.15,-0.05,46.46,7.46,-6.47,0.59,0.22,-0.15,55.48,4.2,0,0,0,0,1,1,15,31.0395861,-103.5160584,2238,2026,6,20,23,46,53,711,1504,116,62,0.8,0.4,0.7,37,35,32,0,0,0,0,17,0,39,0,37,0,0,0,0,0,0,0,0,0,0,31,0,34,30,0,40,0,0,40,44
6,16410,3,KR4MFM,16.65,5,   coast,-11.57,77994,2153.27,1250.45,17.43,52.7,4.2,4.2,4.11,-0.65,-0.06,-0.09,47.07,7.28,-6.77,0.59,0.22,-0.15,55.58,4.2,0,0,0,0,1,1,15,31.0395861,-103.5160584,2238,2026,6,20,23,46,53,711,1504,116,62,0.8,0.4,0.7,37,35,32,0,0,0,0,17,0,39,0,37,0,0,0,0,0,0,0,0,0,0,31,0,34,30,0,40,0,0,40,44
6,16410,3,KR4MFM,16.66,5,   coast,-11.57,77994,2153.27,1250.45,17.33,52.7,4.19,4.2,4.11,-0.62,0.07,0.01,47.14,8.07,-6.77,0.59,0.21,-0.15,55.68,4.2,0,0,0,0,1,1,15,31.0395861,-103.5160584,2238,2026,6,20,23,46,53,711,1504,116,62,0.8,0.4,0.7,37,35,32,0,0,0,0,17,0,39,0,37,0,0,0,0,0,0,0,0,0,0,31,0,34,30,0,40,0,0,40,44
6,16410,3,KR4MFM,16.66,5,   coast,-11.57,77994,2153.27,1250.45,17.33,52.7,4.19,4.2,4.11,-0.62,0.07,0.01,47.14,8.07,-6.77,0.59,0.21,-0.15,55.68,4.2,0,0,0,0,1,1,15,31.0395861,-103.5160584,2238,2026,6,20,23,46,53,711,1504,116,62,0.8,0.4,0.7,37,35,32,0,0,0,0,17,0,39,0,37,0,0,0,0,0,0,0,0,0,0,31,0,34,30,0,40,0,0,40,44
6,16410,3,KR4MFM,16.67,5,   coast,-12.57,77972,2155.53,1252.71,17.22,52.7,4.19,4.2,4.11,-0.6,0.23,-0.04,46.65,7.89,-6.89,0.59,0.22,-0.15,55.78,4.2,0,0,0,0,1,1,15,31.0395861,-103.5160584,2238,2026,6,20,23,46,53,711,1504,116,62,0.8,0.4,0.7,37,35,32,0,0,0,0,17,0,39,0,37,0,0,0,0,0,0,0,0,0,0,31,0,34,30,0,40,0,0,40,44
6,16410,3,KR4MFM,16.68,5,   coast,-12.57,77972,2155.53,1252.71,17.11,52.7,4.19,4.2,4.11,-0.62,0.25,-0.01,45.61,8.44,-7.81,0.59,0.21,-0.16,55.89,4.2,0,0,0,0,1,1,15,31.0395861,-103.5160584,2238,2026,6,20,23,46,53,711,1504,116,62,0.8,0.4,0.7,37,35,32,0,0,0,0,17,0,39,0,37,0,0,0,0,0,0,0,0,0,0,31,0,34,30,0,40,0,0,40,44
6,16410,3,KR4MFM,16.69,5,   coast,-11.06,77957,2157.08,1254.25,17,52.7,4.19,4.2,4.11,-0.63,0.16,-0.09,43.84,8.5,-7.69,0.59,0.21,-0.16,56.01,4.2,0,0,0,0,1,1,15,31.0395861,-103.5160584,2238,2026,6,20,23,46,53,711,1504,116,62,0.8,0.4,0.7,37,35,32,0,0,0,0,17,0,39,0,37,0,0,0,0,0,0,0,0,0,0,31,0,34,30,0,40,0,0,40,44
6,16410,3,KR4MFM,16.7,5,   coast,-11.57,77957,2157.08,1254.25,16.89,52.7,4.19,4.2,4.11,-0.64,0.06,-0.09,41.7,9.35,-7.2,0.59,0.21,-0.16,56.12,4.2,0,0,0,0,1,1,15,31.0395861,-103.5160584,2238,2026,6,20,23,46,53,711,1504,116,62,0.8,0.4,0.7,37,35,32,0,0,0,0,17,0,39,0,37,0,0,0,0,0,0,0,0,0,0,31,0,34,30,0,40,0,0,40,44
6,16410,3,KR4MFM,16.71,5,   coast,-11.06,77968,2155.95,1253.12,16.78,52.7,4.19,4.2,4.11,-0.63,0.06,0.03,40.67,8.86,-6.96,0.59,0.21,-0.16,56.23,4.2,0,0,0,0,1,1,15,31.0395861,-103.5160584,2238,2026,6,20,23,46,53,711,1504,116,62,0.8,0.4,0.7,37,35,32,0,0,0,0,17,0,39,0,37,0,0,0,0,0,0,0,0,0,0,31,0,34,30,0,40,0,0,40,44
6,16410,3,KR4MFM,16.72,5,   coast,-12.07,77968,2155.95,1253.12,16.67,52.7,4.19,4.2,4.11,-0.64,0.04,0.11,41.58,9.53,-6.89,0.58,0.21,-0.17,56.35,4.2,0,0,0,0,1,1,15,31.0395861,-103.5160584,2238,2026,6,20,23,46,53,711,1504,116,62,0.8,0.4,0.7,37,35,32,0,0,0,0,17,0,39,0,37,0,0,0,0,0,0,0,0,0,0,31,0,34,30,0,40,0,0,40,44
6,16410,3,KR4MFM,16.73,5,   coast,-12.07,77949,2157.9,1255.08,16.57,52.7,4.19,4.2,4.11,-0.62,0.19,0.12,42.92,9.84,-6.41,0.58,0.21,-0.17,56.47,4.2,0,0,0,0,1,1,15,31.0395861,-103.5160584,2238,2026,6,20,23,46,53,711,1504,116,62,0.8,0.4,0.7,37,35,32,0,0,0,0,17,0,39,0,37,0,0,0,0,0,0,0,0,0,0,31,0,34,30,0,40,0,0,40,44
6,16410,3,KR4MFM,16.74,5,   coast,-11.57,77949,2157.9,1255.08,16.46,52.7,4.19,4.2,4.11,-0.64,0.25,0.07,44.75,10.02,-6.65,0.59,0.21,-0.17,56.59,4.2,0,0,0,0,1,1,15,31.0395861,-103.5160584,2238,2026,6,20,23,46,53,711,1504,116,62,0.8,0.4,0.7,37,35,32,0,0,0,0,17,0,39,0,37,0,0,0,0,0,0,0,0,0,0,31,0,34,30,0,40,0,0,40,44
6,16410,3,KR4MFM,16.75,5,   coast,-10.56,77949,2157.9,1255.08,16.35,52.7,4.19,4.2,4.11,-0.65,0.13,0.06,46.4,9.9,-6.83,0.58,0.21,-0.18,56.71,4.2,0,0,0,0,1,1,15,31.0395861,-103.5160584,2238,2026,6,20,23,46,53,711,1504,116,62,0.8,0.4,0.7,37,35,32,0,0,0,0,17,0,39,0,37,0,0,0,0,0,0,0,0,0,0,31,0,34,30,0,40,0,0,40,44
6,16410,3,KR4MFM,16.76,5,   coast,-10.06,77949,2157.9,1255.08,16.25,52.7,4.19,4.2,4.11,-0.64,-0.08,0.1,48.11,9.9,-5.67,0.58,0.21,-0.18,56.82,4.2,0,0,0,0,1,1,15,31.0395861,-103.5160584,2238,2026,6,20,23,46,53,711,1504,116,62,0.8,0.4,0.7,37,35,32,0,0,0,0,17,0,39,0,37,0,0,0,0,0,0,0,0,0,0,31,0,34,30,0,40,0,0,40,44
6,16410,3,KR4MFM,16.77,5,   coast,-11.57,77921,2160.78,1257.96,16.14,52.7,4.19,4.2,4.11,-0.6,-0.03,0.16,49.82,9.9,-5.37,0.58,0.21,-0.19,56.93,4.2,0,0,0,0,1,1,15,31.0395861,-103.5160584,2238,2026,6,20,23,46,53,711,1504,116,62,0.8,0.4,0.7,37,35,32,0,0,0,0,17,0,39,0,37,0,0,0,0,0,0,0,0,0,0,31,0,34,30,0,40,0,0,40,44
6,16410,3,KR4MFM,16.78,5,   coast,-12.07,77921,2160.78,1257.96,16.04,52.7,4.19,4.2,4.11,-0.62,0.05,0.17,50.98,9.9,-4.57,0.58,0.21,-0.19,57.04,4.2,0,0,0,0,1,1,15,31.0395861,-103.5160584,2238,2026,6,20,23,46,53,711,1504,116,62,0.8,0.4,0.7,37,35,32,0,0,0,0,17,0,39,0,37,0,0,0,0,0,0,0,0,0,0,31,0,34,30,0,40,0,0,40,44
6,16410,3,KR4MFM,16.79,5,   coast,-11.57,77930,2159.86,1257.03,15.93,52.7,4.19,4.2,4.11,-0.65,0.17,0.22,51.84,10.14,-4.27,0.58,0.21,-0.19,57.15,4.2,0,0,0,0,1,1,15,31.0395861,-103.5160584,2238,2026,6,20,23,46,53,711,1504,116,62,0.8,0.4,0.7,37,35,32,0,0,0,0,17,0,39,0,37,0,0,0,0,0,0,0,0,0,0,31,0,34,30,0,40,0,0,40,44
6,16410,3,KR4MFM,16.8,5,   coast,-10.56,77930,2159.86,1257.03,15.83,52.7,4.19,4.2,4.11,-0.59,0.27,0.22,52.45,10.51,-4.09,0.58,0.2,-0.2,57.27,4.2,0,0,0,0,1,1,15,31.0395861,-103.5160584,2238,2026,6,20,23,46,53,711,1504,116,62,0.8,0.4,0.7,37,35,32,0,0,0,0,17,0,39,0,37,0,0,0,0,0,0,0,0,0,0,31,0,34,30,0,40,0,0,40,44
6,16410,3,KR4MFM,16.81,5,   coast,-11.06,77913,2161.61,1258.78,15.72,52.7,4.19,4.2,4.11,-0.63,0.3,0.11,51.47,10.21,-4.45,0.58,0.2,-0.2,57.38,4.2,0,0,0,0,1,1,15,31.0395861,-103.5160584,2238,2026,6,20,23,46,53,711,1504,116,62,0.8,0.4,0.7,37,35,32,0,0,0,0,17,0,39,0,37,0,0,0,0,0,0,0,0,0,0,31,0,34,30,0,40,0,0,40,44
6,16410,3,KR4MFM,16.82,5,   coast,-11.06,77913,2161.61,1258.78,15.61,52.7,4.19,4.2,4.11,-0.66,0.17,0.08,49.58,10.02,-3.84,0.58,0.2,-0.2,57.48,4.2,0,0,0,0,1,1,15,31.0395861,-103.5160584,2238,2026,6,20,23,46,53,711,1504,116,62,0.8,0.4,0.7,37,35,32,0,0,0,0,17,0,39,0,37,0,0,0,0,0,0,0,0,0,0,31,0,34,30,0,40,0,0,40,44
6,16410,3,KR4MFM,16.83,5,   coast,-13.08,77892,2163.77,1260.95,15.51,52.7,4.19,4.2,4.11,-0.65,0.15,0.09,47.38,9.11,-3.6,0.58,0.2,-0.2,57.58,4.2,0,0,0,0,1,1,15,31.0395861,-103.5160584,2238,2026,6,20,23,46,53,711,1504,116,62,0.8,0.4,0.7,37,35,32,0,0,0,0,17,0,39,0,37,0,0,0,0,0,0,0,0,0,0,31,0,34,30,0,40,0,0,40,44
6,16410,3,KR4MFM,16.84,5,   coast,-10.56,77892,2163.77,1260.95,15.4,52.7,4.19,4.2,4.11,-0.63,0.12,0.09,45.12,9.53,-3.05,0.58,0.2,-0.2,57.68,4.2,0,0,0,0,1,1,15,31.0395861,-103.5160584,2238,2026,6,20,23,46,53,711,1504,116,62,0.8,0.4,0.7,37,35,32,0,0,0,0,17,0,39,0,37,0,0,0,0,0,0,0,0,0,0,31,0,34,30,0,40,0,0,40,44
6,16410,3,KR4MFM,16.85,5,   coast,-12.07,77896,2163.36,1260.53,15.29,52.7,4.19,4.2,4.11,-0.63,0.16,0.11,42.8,9.11,-2.32,0.58,0.2,-0.21,57.77,4.2,0,0,0,0,1,1,15,31.0395861,-103.5160584,2238,2026,6,20,23,46,53,711,1504,116,62,0.8,0.4,0.7,37,35,32,0,0,0,0,17,0,39,0,37,0,0,0,0,0,0,0,0,0,0,31,0,34,30,0,40,0,0,40,44
6,16410,3,KR4MFM,16.86,5,   coast,-10.56,77896,2163.36,1260.53,15.18,52.7,4.19,4.2,4.11,-0.6,0.24,0.17,41.21,9.11,-2.13,0.58,0.19,-0.21,57.87,4.2,0,0,0,0,1,1,15,31.0395861,-103.5160584,2238,2026,6,20,23,46,53,711,1504,116,62,0.8,0.4,0.7,37,35,32,0,0,0,0,17,0,39,0,37,0,0,0,0,0,0,0,0,0,0,31,0,34,30,0,40,0,0,40,44
6,16410,3,KR4MFM,16.87,5,   coast,-12.07,77895,2163.46,1260.64,15.07,52.7,4.19,4.2,4.11,-0.63,0.29,0.2,39.81,9.05,-2.56,0.58,0.19,-0.21,57.96,4.2,0,0,0,0,1,1,15,31.0395861,-103.5160584,2238,2026,6,20,23,46,53,711,1504,116,62,0.8,0.4,0.7,37,35,32,0,0,0,0,17,0,39,0,37,0,0,0,0,0,0,0,0,0,0,31,0,34,30,0,40,0,0,40,44
6,16410,3,KR4MFM,16.88,5,   coast,-12.57,77895,2163.46,1260.64,14.96,52.7,4.19,4.2,4.11,-0.65,0.19,0.14,37.67,8.62,-2.26,0.58,0.19,-0.22,58.05,4.2,0,0,0,0,1,1,15,31.0395861,-103.5160584,2238,2026,6,20,23,46,53,711,1504,116,62,0.8,0.4,0.7,37,35,32,0,0,0,0,17,0,39,0,37,0,0,0,0,0,0,0,0,0,0,31,0,34,30,0,40,0,0,40,44
6,16410,3,KR4MFM,16.89,5,   coast,-13.08,77879,2165.11,1262.29,14.85,52.7,4.19,4.2,4.11,-0.67,0.14,0.1,35.54,8.01,-2.01,0.58,0.19,-0.22,58.13,4.2,0,0,0,0,1,1,15,31.0395861,-103.5160584,2238,2026,6,20,23,46,53,711,1504,116,62,0.8,0.4,0.7,37,35,32,0,0,0,0,17,0,39,0,37,0,0,0,0,0,0,0,0,0,0,31,0,34,30,0,40,0,0,40,44
6,16410,3,KR4MFM,16.9,5,   coast,-11.57,77879,2165.11,1262.29,14.74,52.7,4.19,4.2,4.11,-0.61,0.06,0.09,35.05,8.01,-1.71,0.58,0.19,-0.22,58.21,4.2,0,0,0,0,1,1,15,31.0395861,-103.5160584,2238,2026,6,20,23,46,53,711,1504,116,62,0.8,0.4,0.7,37,35,32,0,0,0,0,17,0,39,0,37,0,0,0,0,0,0,0,0,0,0,31,0,34,30,0,40,0,0,40,44
6,16410,3,KR4MFM,16.91,5,   coast,-12.07,77880,2165.01,1262.18,14.63,52.7,4.19,4.2,4.11,-0.64,0.01,0.06,32.85,7.58,-0.97,0.58,0.19,-0.23,58.29,4.2,0,0,0,0,1,1,15,31.0395861,-103.5160584,2238,2026,6,20,23,46,53,711,1504,116,62,0.8,0.4,0.7,37,35,32,0,0,0,0,17,0,39,0,37,0,0,0,0,0,0,0,0,0,0,31,0,34,30,0,40,0,0,40,44
6,16410,3,KR4MFM,16.92,5,   coast,-12.07,77880,2165.01,1262.18,14.53,52.7,4.19,4.2,4.11,-0.63,0.17,0.11,32.43,7.46,-0.73,0.58,0.19,-0.23,58.36,4.2,0,0,0,0,1,1,15,31.0395861,-103.5160584,2238,2026,6,20,23,46,53,711,1504,116,62,0.8,0.4,0.7,37,35,32,0,0,0,0,17,0,39,0,37,0,0,0,0,0,0,0,0,0,0,31,0,34,30,0,40,0,0,40,44
6,16410,3,KR4MFM,16.93,5,   coast,-10.56,77870,2166.04,1263.21,14.42,52.7,4.19,4.2,4.11,-0.58,0.23,0.16,31.33,7.64,-0.91,0.57,0.19,-0.23,58.43,4.2,0,0,0,0,1,1,15,31.0395861,-103.5160584,2238,2026,6,20,23,46,53,711,1504,116,62,0.8,0.4,0.7,37,35,32,0,0,0,0,17,0,39,0,37,0,0,0,0,0,0,0,0,0,0,31,0,34,30,0,40,0,0,40,44
6,16410,3,KR4MFM,16.94,5,   coast,-11.06,77870,2166.04,1263.21,14.31,52.7,4.19,4.2,4.11,-0.62,0.17,0.11,30.53,7.64,-1.03,0.57,0.18,-0.23,58.51,4.2,0,0,0,0,1,1,15,31.0395861,-103.5160584,2238,2026,6,20,23,46,53,711,1504,116,62,0.8,0.4,0.7,37,35,32,0,0,0,0,17,0,39,0,37,0,0,0,0,0,0,0,0,0,0,31,0,34,30,0,40,0,0,40,44
6,16410,3,KR4MFM,16.95,5,   coast,-10.06,77857,2167.38,1264.55,14.21,52.7,4.19,4.2,4.11,-0.61,0.13,0.09,29.86,6.79,-0.55,0.57,0.18,-0.23,58.58,4.2,0,0,0,0,1,1,15,31.0395861,-103.5160584,2238,2026,6,20,23,46,53,711,1504,116,62,0.8,0.4,0.7,37,35,32,0,0,0,0,17,0,39,0,37,0,0,0,0,0,0,0,0,0,0,31,0,34,30,0,40,0,0,40,44
6,16410,3,KR4MFM,16.95,5,   coast,-10.06,77857,2167.38,1264.55,14.21,52.7,4.19,4.2,4.11,-0.61,0.13,0.09,29.86,6.79,-0.55,0.57,0.18,-0.23,58.58,4.2,0,0,0,0,1,1,15,31.0395861,-103.5160584,2238,2026,6,20,23,46,53,711,1504,116,62,0.8,0.4,0.7,37,35,32,0,0,0,0,17,0,39,0,37,0,0,0,0,0,0,0,0,0,0,31,0,34,30,0,40,0,0,40,44
6,16410,3,KR4MFM,16.95,5,   coast,-10.06,77857,2167.38,1264.55,14.21,52.7,4.19,4.2,4.11,-0.61,0.13,0.09,29.86,6.79,-0.55,0.57,0.18,-0.23,58.58,4.2,0,0,0,0,1,1,15,31.0395861,-103.5160584,2238,2026,6,20,23,46,53,711,1504,116,62,0.8,0.4,0.7,37,35,32,0,0,0,0,17,0,39,0,37,0,0,0,0,0,0,0,0,0,0,31,0,34,30,0,40,0,0,40,44
6,16410,3,KR4MFM,16.96,5,   coast,-12.57,77857,2167.38,1264.55,14.1,52.7,4.19,4.2,4.11,-0.61,0.08,0.17,28.89,6.54,-0.36,0.58,0.18,-0.23,58.64,4.2,0,0,0,0,1,1,15,31.0393303,-103.5154524,2285,2026,6,20,23,46,54,776,1576,116,61,0.8,0.4,0.7,37,37,34,0,0,0,0,18,0,40,0,36,0,0,0,0,0,0,0,0,0,0,24,0,29,37,0,42,0,0,42,42
6,16410,3,KR4MFM,16.97,5,   coast,-11.57,77846,2168.51,1265.69,14,52.7,4.19,4.2,4.11,-0.6,-0.05,0.18,28.09,6.67,-0.67,0.57,0.18,-0.23,58.7,4.2,0,0,0,0,1,1,15,31.0393303,-103.5154524,2285,2026,6,20,23,46,54,776,1576,116,61,0.8,0.4,0.7,37,37,34,0,0,0,0,18,0,40,0,36,0,0,0,0,0,0,0,0,0,0,24,0,29,37,0,42,0,0,42,42
6,16410,3,KR4MFM,16.98,5,   coast,-11.57,77846,2168.51,1265.69,13.89,52.7,4.17,4.19,4.11,-0.65,0.04,0.15,27.73,6.54,0.13,0.57,0.18,-0.23,58.77,4.2,0,0,0,0,1,1,15,31.0393303,-103.5154524,2285,2026,6,20,23,46,54,776,1576,116,61,0.8,0.4,0.7,37,37,34,0,0,0,0,18,0,40,0,36,0,0,0,0,0,0,0,0,0,0,24,0,29,37,0,42,0,0,42,42
6,16410,3,KR4MFM,16.98,5,   coast,-11.57,77846,2168.51,1265.69,13.89,52.7,4.17,4.19,4.11,-0.65,0.04,0.15,27.73,6.54,0.13,0.57,0.18,-0.23,58.77,4.2,0,0,0,0,1,1,15,31.0393303,-103.5154524,2285,2026,6,20,23,46,54,776,1576,116,61,0.8,0.4,0.7,37,37,34,0,0,0,0,18,0,40,0,36,0,0,0,0,0,0,0,0,0,0,24,0,29,37,0,42,0,0,42,42
6,16410,3,KR4MFM,16.99,5,   coast,-11.06,77837,2169.44,1266.61,13.78,52.7,4.17,4.19,4.11,-0.65,0.22,0.19,26.75,6.06,0.19,0.57,0.18,-0.24,58.82,4.2,0,0,0,0,1,1,15,31.0393303,-103.5154524,2285,2026,6,20,23,46,54,776,1576,116,61,0.8,0.4,0.7,37,37,34,0,0,0,0,18,0,40,0,36,0,0,0,0,0,0,0,0,0,0,24,0,29,37,0,42,0,0,42,42
6,16410,3,KR4MFM,17,5,   coast,-12.57,77837,2169.44,1266.61,13.68,52.7,4.17,4.19,4.11,-0.65,0.17,0.14,26.57,5.99,-0.06,0.57,0.18,-0.24,58.88,4.2,0,0,0,0,1,1,15,31.0393303,-103.5154524,2285,2026,6,20,23,46,54,776,1576,116,61,0.8,0.4,0.7,37,37,34,0,0,0,0,18,0,40,0,36,0,0,0,0,0,0,0,0,0,0,24,0,29,37,0,42,0,0,42,42
6,16410,3,KR4MFM,17.01,5,   coast,-11.06,77836,2169.54,1266.72,13.57,52.7,4.17,4.19,4.11,-0.59,0.04,0.07,25.77,5.26,-0.18,0.57,0.18,-0.24,58.93,4.2,0,0,0,0,1,1,15,31.0393303,-103.5154524,2285,2026,6,20,23,46,54,776,1576,116,61,0.8,0.4,0.7,37,37,34,0,0,0,0,18,0,40,0,36,0,0,0,0,0,0,0,0,0,0,24,0,29,37,0,42,0,0,42,42
6,16410,3,KR4MFM,17.02,5,   coast,-10.06,77836,2169.54,1266.72,13.46,52.7,4.17,4.19,4.11,-0.6,0.11,0.12,25.47,5.32,-0.12,0.57,0.18,-0.25,58.98,4.2,0,0,0,0,1,1,15,31.0393303,-103.5154524,2285,2026,6,20,23,46,54,776,1576,116,61,0.8,0.4,0.7,37,37,34,0,0,0,0,18,0,40,0,36,0,0,0,0,0,0,0,0,0,0,24,0,29,37,0,42,0,0,42,42
6,16410,3,KR4MFM,17.03,5,   coast,-11.06,77825,2170.67,1267.85,13.36,52.7,4.17,4.19,4.11,-0.65,-0.06,0.13,25.59,5.02,0.06,0.57,0.18,-0.25,59.03,4.2,0,0,0,0,1,1,15,31.0393303,-103.5154524,2285,2026,6,20,23,46,54,776,1576,116,61,0.8,0.4,0.7,37,37,34,0,0,0,0,18,0,40,0,36,0,0,0,0,0,0,0,0,0,0,24,0,29,37,0,42,0,0,42,42
6,16410,3,KR4MFM,17.04,5,   coast,-11.57,77825,2170.67,1267.85,13.26,52.7,4.17,4.19,4.11,-0.63,-0.04,0.15,25.35,4.77,0.61,0.57,0.17,-0.24,59.08,4.2,0,0,0,0,1,1,15,31.0393303,-103.5154524,2285,2026,6,20,23,46,54,776,1576,116,61,0.8,0.4,0.7,37,37,34,0,0,0,0,18,0,40,0,36,0,0,0,0,0,0,0,0,0,0,24,0,29,37,0,42,0,0,42,42
6,16410,3,KR4MFM,17.05,5,   coast,-11.57,77833,2169.85,1267.03,13.15,52.7,4.17,4.19,4.11,-0.63,0.07,0.12,24.98,4.71,0.55,0.57,0.17,-0.25,59.12,4.2,0,0,0,0,1,1,15,31.0393303,-103.5154524,2285,2026,6,20,23,46,54,776,1576,116,61,0.8,0.4,0.7,37,37,34,0,0,0,0,18,0,40,0,36,0,0,0,0,0,0,0,0,0,0,24,0,29,37,0,42,0,0,42,42
6,16410,3,KR4MFM,17.06,5,   coast,-11.06,77833,2169.85,1267.03,13.05,52.7,4.17,4.19,4.11,-0.59,0.11,0.08,25.22,4.65,0.67,0.57,0.17,-0.25,59.16,4.2,0,0,0,0,1,1,15,31.0393303,-103.5154524,2285,2026,6,20,23,46,54,776,1576,116,61,0.8,0.4,0.7,37,37,34,0,0,0,0,18,0,40,0,36,0,0,0,0,0,0,0,0,0,0,24,0,29,37,0,42,0,0,42,42
6,16410,3,KR4MFM,17.07,5,   coast,-10.56,77812,2172.01,1269.19,12.94,52.7,4.17,4.19,4.11,-0.59,-0.01,0.11,25.53,4.16,0.67,0.57,0.17,-0.25,59.2,4.2,0,0,0,0,1,1,15,31.0393303,-103.5154524,2285,2026,6,20,23,46,54,776,1576,116,61,0.8,0.4,0.7,37,37,34,0,0,0,0,18,0,40,0,36,0,0,0,0,0,0,0,0,0,0,24,0,29,37,0,42,0,0,42,42
6,16410,3,KR4MFM,17.08,5,   coast,-9.56,77812,2172.01,1269.19,12.84,52.7,4.17,4.19,4.11,-0.62,0.04,0.06,26.81,4.16,0.55,0.57,0.17,-0.25,59.24,4.2,0,0,0,0,1,1,15,31.0393303,-103.5154524,2285,2026,6,20,23,46,54,776,1576,116,61,0.8,0.4,0.7,37,37,34,0,0,0,0,18,0,40,0,36,0,0,0,0,0,0,0,0,0,0,24,0,29,37,0,42,0,0,42,42
6,16410,3,KR4MFM,17.09,5,   coast,-9.56,77797,2173.56,1270.74,12.74,52.7,4.17,4.19,4.11,-0.63,-0.06,0.12,26.81,3.74,0.55,0.57,0.17,-0.25,59.27,4.2,0,0,0,0,1,1,15,31.0393303,-103.5154524,2285,2026,6,20,23,46,54,776,1576,116,61,0.8,0.4,0.7,37,37,34,0,0,0,0,18,0,40,0,36,0,0,0,0,0,0,0,0,0,0,24,0,29,37,0,42,0,0,42,42
6,16410,3,KR4MFM,17.1,5,   coast,-11.57,77797,2173.56,1270.74,12.64,52.7,4.17,4.19,4.11,-0.65,0.01,0.13,28.21,3.92,0.61,0.57,0.17,-0.26,59.31,4.2,0,0,0,0,1,1,15,31.0393303,-103.5154524,2285,2026,6,20,23,46,54,776,1576,116,61,0.8,0.4,0.7,37,37,34,0,0,0,0,18,0,40,0,36,0,0,0,0,0,0,0,0,0,0,24,0,29,37,0,42,0,0,42,42
6,16410,3,KR4MFM,17.11,5,   coast,-10.56,77807,2172.53,1269.71,12.54,52.7,4.17,4.19,4.11,-0.57,-0.01,0.19,29.62,3.37,0.74,0.57,0.17,-0.26,59.34,4.2,0,0,0,0,1,1,15,31.0393303,-103.5154524,2285,2026,6,20,23,46,54,776,1576,116,61,0.8,0.4,0.7,37,37,34,0,0,0,0,18,0,40,0,36,0,0,0,0,0,0,0,0,0,0,24,0,29,37,0,42,0,0,42,42
6,16410,3,KR4MFM,17.12,5,   coast,-11.57,77807,2172.53,1269.71,12.43,52.7,4.17,4.19,4.11,-0.62,0.01,0.1,32.24,3.92,0.74,0.57,0.16,-0.26,59.38,4.2,0,0,0,0,1,1,15,31.0393303,-103.5154524,2285,2026,6,20,23,46,54,776,1576,116,61,0.8,0.4,0.7,37,37,34,0,0,0,0,18,0,40,0,36,0,0,0,0,0,0,0,0,0,0,24,0,29,37,0,42,0,0,42,42
6,16410,3,KR4MFM,17.13,5,   coast,-10.06,77796,2173.66,1270.84,12.33,52.7,4.17,4.19,4.11,-0.57,0.04,0.03,33.46,3.55,0.86,0.57,0.16,-0.26,59.41,4.2,0,0,0,0,1,1,15,31.0393303,-103.5154524,2285,2026,6,20,23,46,54,776,1576,116,61,0.8,0.4,0.7,37,37,34,0,0,0,0,18,0,40,0,36,0,0,0,0,0,0,0,0,0,0,24,0,29,37,0,42,0,0,42,42
6,16410,3,KR4MFM,17.14,5,   coast,-10.56,77796,2173.66,1270.84,12.23,52.7,4.17,4.19,4.11,-0.6,-0.01,0.03,34.56,3.43,0.67,0.57,0.16,-0.26,59.44,4.2,0,0,0,0,1,1,15,31.0393303,-103.5154524,2285,2026,6,20,23,46,54,776,1576,116,61,0.8,0.4,0.7,37,37,34,0,0,0,0,18,0,40,0,36,0,0,0,0,0,0,0,0,0,0,24,0,29,37,0,42,0,0,42,42
6,16410,3,KR4MFM,17.15,5,   coast,-10.56,77775,2175.83,1273,12.13,52.7,4.17,4.19,4.11,-0.61,-0.12,0.05,35.9,3.8,0.61,0.57,0.16,-0.27,59.48,4.2,0,0,0,0,1,1,15,31.0393303,-103.5154524,2285,2026,6,20,23,46,54,776,1576,116,61,0.8,0.4,0.7,37,37,34,0,0,0,0,18,0,40,0,36,0,0,0,0,0,0,0,0,0,0,24,0,29,37,0,42,0,0,42,42
6,16410,3,KR4MFM,17.16,5,   coast,-11.06,77775,2175.83,1273,12.02,52.7,4.17,4.19,4.11,-0.63,-0.04,0.07,35.97,3.37,0.67,0.57,0.16,-0.27,59.51,4.2,0,0,0,0,1,1,15,31.0393303,-103.5154524,2285,2026,6,20,23,46,54,776,1576,116,61,0.8,0.4,0.7,37,37,34,0,0,0,0,18,0,40,0,36,0,0,0,0,0,0,0,0,0,0,24,0,29,37,0,42,0,0,42,42
6,16410,3,KR4MFM,17.17,5,   coast,-12.07,77773,2176.04,1273.21,11.92,52.7,4.17,4.19,4.11,-0.57,-0.01,0.14,36.03,3.31,0.49,0.57,0.16,-0.27,59.54,4.2,0,0,0,0,1,1,15,31.0393303,-103.5154524,2285,2026,6,20,23,46,54,776,1576,116,61,0.8,0.4,0.7,37,37,34,0,0,0,0,18,0,40,0,36,0,0,0,0,0,0,0,0,0,0,24,0,29,37,0,42,0,0,42,42
6,16410,3,KR4MFM,17.18,5,   coast,-11.57,77773,2176.04,1273.21,11.81,52.7,4.17,4.19,4.11,-0.6,0.02,0.01,35.48,4.04,0.55,0.57,0.16,-0.27,59.58,4.2,0,0,0,0,1,1,15,31.0393303,-103.5154524,2285,2026,6,20,23,46,54,776,1576,116,61,0.8,0.4,0.7,37,37,34,0,0,0,0,18,0,40,0,36,0,0,0,0,0,0,0,0,0,0,24,0,29,37,0,42,0,0,42,42
6,16410,3,KR4MFM,17.19,5,   coast,-12.07,77761,2177.27,1274.45,11.7,52.7,4.17,4.19,4.11,-0.58,0.02,-0.01,35.11,4.1,0.25,0.57,0.16,-0.27,59.62,4.2,0,0,0,0,1,1,15,31.0393303,-103.5154524,2285,2026,6,20,23,46,54,776,1576,116,61,0.8,0.4,0.7,37,37,34,0,0,0,0,18,0,40,0,36,0,0,0,0,0,0,0,0,0,0,24,0,29,37,0,42,0,0,42,42
6,16410,3,KR4MFM,17.2,5,   coast,-11.57,77761,2177.27,1274.45,11.59,52.7,4.17,4.19,4.11,-0.6,0.04,0.01,34.62,3.8,0.06,0.57,0.16,-0.27,59.66,4.2,0,0,0,0,1,1,15,31.0393303,-103.5154524,2285,2026,6,20,23,46,54,776,1576,116,61,0.8,0.4,0.7,37,37,34,0,0,0,0,18,0,40,0,36,0,0,0,0,0,0,0,0,0,0,24,0,29,37,0,42,0,0,42,42
6,16410,3,KR4MFM,17.21,5,   coast,-11.57,77769,2176.45,1273.62,11.49,52.7,4.17,4.19,4.11,-0.63,-0.01,0.04,34.56,3.98,-0.42,0.57,0.15,-0.28,59.7,4.2,0,0,0,0,1,1,15,31.0393303,-103.5154524,2285,2026,6,20,23,46,54,776,1576,116,61,0.8,0.4,0.7,37,37,34,0,0,0,0,18,0,40,0,36,0,0,0,0,0,0,0,0,0,0,24,0,29,37,0,42,0,0,42,42
6,16410,3,KR4MFM,17.22,5,   coast,-10.56,77769,2176.45,1273.62,11.38,52.7,4.17,4.19,4.11,-0.66,-0.07,0.02,34.62,4.41,-0.73,0.57,0.15,-0.28,59.74,4.2,0,0,0,0,1,1,15,31.0393303,-103.5154524,2285,2026,6,20,23,46,54,776,1576,116,61,0.8,0.4,0.7,37,37,34,0,0,0,0,18,0,40,0,36,0,0,0,0,0,0,0,0,0,0,24,0,29,37,0,42,0,0,42,42
6,16410,3,KR4MFM,17.23,5,   coast,-11.06,77744,2179.03,1276.2,11.28,52.7,4.17,4.19,4.11,-0.6,-0.01,0.04,34.38,4.59,-0.61,0.57,0.15,-0.28,59.79,4.2,0,0,0,0,1,1,15,31.0393303,-103.5154524,2285,2026,6,20,23,46,54,776,1576,116,61,0.8,0.4,0.7,37,37,34,0,0,0,0,18,0,40,0,36,0,0,0,0,0,0,0,0,0,0,24,0,29,37,0,42,0,0,42,42
6,16410,3,KR4MFM,17.24,5,   coast,-12.07,77744,2179.03,1276.2,11.17,52.7,4.17,4.19,4.11,-0.65,-0.06,0.07,33.83,4.77,-0.85,0.56,0.15,-0.28,59.83,4.2,0,0,0,0,1,1,15,31.0393303,-103.5154524,2285,2026,6,20,23,46,54,776,1576,116,61,0.8,0.4,0.7,37,37,34,0,0,0,0,18,0,40,0,36,0,0,0,0,0,0,0,0,0,0,24,0,29,37,0,42,0,0,42,42
6,16410,3,KR4MFM,17.25,5,   coast,-10.56,77751,2178.3,1275.48,11.07,52.7,4.17,4.19,4.11,-0.59,0.09,0.06,33.83,5.14,-0.67,0.56,0.14,-0.28,59.89,4.2,0,0,0,0,1,1,15,31.0393303,-103.5154524,2285,2026,6,20,23,46,54,776,1576,116,61,0.8,0.4,0.7,37,37,34,0,0,0,0,18,0,40,0,36,0,0,0,0,0,0,0,0,0,0,24,0,29,37,0,42,0,0,42,42
6,16410,3,KR4MFM,17.26,5,   coast,-11.57,77751,2178.3,1275.48,10.96,52.7,4.17,4.19,4.11,-0.6,0.16,0.05,35.05,4.83,-0.97,0.56,0.14,-0.28,59.94,4.2,0,0,0,0,1,1,15,31.0393303,-103.5154524,2285,2026,6,20,23,46,54,776,1576,116,61,0.8,0.4,0.7,37,37,34,0,0,0,0,18,0,40,0,36,0,0,0,0,0,0,0,0,0,0,24,0,29,37,0,42,0,0,42,42
6,16410,3,KR4MFM,17.27,5,   coast,-11.06,77745,2178.92,1276.1,10.85,52.7,4.17,4.19,4.11,-0.65,0.14,-0.04,35.05,5.32,-2.07,0.56,0.14,-0.29,59.99,4.2,0,0,0,0,1,1,15,31.0393303,-103.5154524,2285,2026,6,20,23,46,54,776,1576,116,61,0.8,0.4,0.7,37,37,34,0,0,0,0,18,0,40,0,36,0,0,0,0,0,0,0,0,0,0,24,0,29,37,0,42,0,0,42,42
6,16410,3,KR4MFM,17.28,5,   coast,-12.57,77745,2178.92,1276.1,10.75,52.7,4.17,4.19,4.11,-0.6,0.09,-0.06,34.5,5.26,-1.83,0.56,0.14,-0.29,60.05,4.2,0,0,0,0,1,1,15,31.0393303,-103.5154524,2285,2026,6,20,23,46,54,776,1576,116,61,0.8,0.4,0.7,37,37,34,0,0,0,0,18,0,40,0,36,0,0,0,0,0,0,0,0,0,0,24,0,29,37,0,42,0,0,42,42
6,16410,3,KR4MFM,17.29,5,   coast,-11.06,77736,2179.85,1277.03,10.64,52.7,4.17,4.19,4.11,-0.62,-0.12,0.06,33.28,5.51,-2.07,0.57,0.14,-0.29,60.1,4.2,0,0,0,0,1,1,15,31.0393303,-103.5154524,2285,2026,6,20,23,46,54,776,1576,116,61,0.8,0.4,0.7,37,37,34,0,0,0,0,18,0,40,0,36,0,0,0,0,0,0,0,0,0,0,24,0,29,37,0,42,0,0,42,42
6,16410,3,KR4MFM,17.3,5,   coast,-11.06,77736,2179.85,1277.03,10.54,52.7,4.19,4.2,4.11,-0.61,-0.17,0.15,32.24,5.87,-1.89,0.57,0.14,-0.3,60.16,4.19,0,0,0,0.01,1,1,15,31.0393303,-103.5154524,2285,2026,6,20,23,46,54,776,1576,116,61,0.8,0.4,0.7,37,37,34,0,0,0,0,18,0,40,0,36,0,0,0,0,0,0,0,0,0,0,24,0,29,37,0,42,0,0,42,42
6,16410,3,KR4MFM,17.3,5,   coast,-11.06,77736,2179.85,1277.03,10.54,52.7,4.19,4.2,4.11,-0.61,-0.17,0.15,32.24,5.87,-1.89,0.57,0.14,-0.3,60.16,4.19,0,0,0,0.01,1,1,15,31.0393303,-103.5154524,2285,2026,6,20,23,46,54,776,1576,116,61,0.8,0.4,0.7,37,37,34,0,0,0,0,18,0,40,0,36,0,0,0,0,0,0,0,0,0,0,24,0,29,37,0,42,0,0,42,42
6,16410,3,KR4MFM,17.31,5,   coast,-11.57,77733,2180.16,1277.34,10.43,52.7,4.19,4.2,4.11,-0.65,0.09,0,32.55,6.36,-1.52,0.57,0.14,-0.3,60.23,4.19,0,0,0,0.01,1,1,15,31.0393303,-103.5154524,2285,2026,6,20,23,46,54,776,1576,116,61,0.8,0.4,0.7,37,37,34,0,0,0,0,18,0,40,0,36,0,0,0,0,0,0,0,0,0,0,24,0,29,37,0,42,0,0,42,42
6,16410,3,KR4MFM,17.32,5,   coast,-11.57,77733,2180.16,1277.34,10.32,52.7,4.19,4.2,4.11,-0.63,0.37,-0.17,32.3,6.36,-1.64,0.57,0.14,-0.3,60.29,4.19,0,0,0,0.01,1,1,15,31.0393303,-103.5154524,2285,2026,6,20,23,46,54,776,1576,116,61,0.8,0.4,0.7,37,37,34,0,0,0,0,18,0,40,0,36,0,0,0,0,0,0,0,0,0,0,24,0,29,37,0,42,0,0,42,42
6,16410,3,KR4MFM,17.33,5,   coast,-10.56,77719,2181.61,1278.78,10.22,52.7,4.19,4.2,4.11,-0.57,0.29,-0.04,30.72,6.24,-2.56,0.56,0.14,-0.3,60.36,4.19,0,0,0,0.01,1,1,15,31.0393303,-103.5154524,2285,2026,6,20,23,46,54,776,1576,116,61,0.8,0.4,0.7,37,37,34,0,0,0,0,18,0,40,0,36,0,0,0,0,0,0,0,0,0,0,24,0,29,37,0,42,0,0,42,42
6,16410,3,KR4MFM,17.34,5,   coast,-11.06,77719,2181.61,1278.78,10.12,52.7,4.19,4.2,4.11,-0.6,0.08,0.06,29.19,6.24,-2.44,0.56,0.13,-0.3,60.42,4.19,0,0,0,0.01,1,1,15,31.0393303,-103.5154524,2285,2026,6,20,23,46,54,776,1576,116,61,0.8,0.4,0.7,37,37,34,0,0,0,0,18,0,40,0,36,0,0,0,0,0,0,0,0,0,0,24,0,29,37,0,42,0,0,42,42
6,16410,3,KR4MFM,17.35,5,   coast,-11.06,77712,2182.33,1279.5,10.01,52.7,4.19,4.2,4.11,-0.6,-0.09,0.11,28.82,6.42,-2.44,0.56,0.13,-0.3,60.49,4.19,0,0,0,0.01,1,1,15,31.0393303,-103.5154524,2285,2026,6,20,23,46,54,776,1576,116,61,0.8,0.4,0.7,37,37,34,0,0,0,0,18,0,40,0,36,0,0,0,0,0,0,0,0,0,0,24,0,29,37,0,42,0,0,42,42
6,16410,3,KR4MFM,17.36,5,   coast,-10.56,77712,2182.33,1279.5,9.91,52.7,4.19,4.2,4.11,-0.63,-0.14,0.04,28.21,7.03,-2.56,0.56,0.13,-0.3,60.56,4.19,0,0,0,0.01,1,1,15,31.0393303,-103.5154524,2285,2026,6,20,23,46,54,776,1576,116,61,0.8,0.4,0.7,37,37,34,0,0,0,0,18,0,40,0,36,0,0,0,0,0,0,0,0,0,0,24,0,29,37,0,42,0,0,42,42
6,16410,3,KR4MFM,17.37,5,   coast,-11.06,77700,2183.57,1280.74,9.8,52.7,4.19,4.2,4.11,-0.6,0.03,-0.04,28.09,6.91,-1.89,0.56,0.13,-0.31,60.63,4.19,0,0,0,0.01,1,1,15,31.0393303,-103.5154524,2285,2026,6,20,23,46,54,776,1576,116,61,0.8,0.4,0.7,37,37,34,0,0,0,0,18,0,40,0,36,0,0,0,0,0,0,0,0,0,0,24,0,29,37,0,42,0,0,42,42
6,16410,3,KR4MFM,17.38,5,   coast,-10.56,77700,2183.57,1280.74,9.7,52.7,4.19,4.2,4.11,-0.65,0.2,-0.02,26.87,7.15,-1.71,0.56,0.13,-0.31,60.71,4.19,0,0,0,0.01,1,1,15,31.0393303,-103.5154524,2285,2026,6,20,23,46,54,776,1576,116,61,0.8,0.4,0.7,37,37,34,0,0,0,0,18,0,40,0,36,0,0,0,0,0,0,0,0,0,0,24,0,29,37,0,42,0,0,42,42
6,16410,3,KR4MFM,17.39,5,   coast,-12.07,77698,2183.77,1280.95,9.59,52.7,4.19,4.2,4.11,-0.59,0.34,-0.02,25.59,7.58,-2.32,0.56,0.13,-0.31,60.78,4.19,0,0,0,0.01,1,1,15,31.0393303,-103.5154524,2285,2026,6,20,23,46,54,776,1576,116,61,0.8,0.4,0.7,37,37,34,0,0,0,0,18,0,40,0,36,0,0,0,0,0,0,0,0,0,0,24,0,29,37,0,42,0,0,42,42
6,16410,3,KR4MFM,17.4,5,   coast,-12.57,77698,2183.77,1280.95,9.49,52.7,4.19,4.2,4.11,-0.62,0.18,0.06,24.55,7.52,-2.87,0.56,0.13,-0.31,60.86,4.19,0,0,0,0.01,1,1,15,31.0393303,-103.5154524,2285,2026,6,20,23,46,54,776,1576,116,61,0.8,0.4,0.7,37,37,34,0,0,0,0,18,0,40,0,36,0,0,0,0,0,0,0,0,0,0,24,0,29,37,0,42,0,0,42,42
6,16410,3,KR4MFM,17.41,5,   coast,-11.06,77684,2185.22,1282.39,9.38,52.7,4.19,4.2,4.11,-0.57,0,0.16,23.88,7.64,-2.62,0.56,0.13,-0.31,60.94,4.19,0,0,0,0.01,1,1,15,31.0393303,-103.5154524,2285,2026,6,20,23,46,54,776,1576,116,61,0.8,0.4,0.7,37,37,34,0,0,0,0,18,0,40,0,36,0,0,0,0,0,0,0,0,0,0,24,0,29,37,0,42,0,0,42,42
6,16410,3,KR4MFM,17.42,5,   coast,-9.56,77684,2185.22,1282.39,9.28,52.7,4.19,4.2,4.11,-0.61,-0.17,0.11,25.41,7.7,-2.56,0.56,0.13,-0.31,61.02,4.19,0,0,0,0.01,1,1,15,31.0393303,-103.5154524,2285,2026,6,20,23,46,54,776,1576,116,61,0.8,0.4,0.7,37,37,34,0,0,0,0,18,0,40,0,36,0,0,0,0,0,0,0,0,0,0,24,0,29,37,0,42,0,0,42,42
6,16410,3,KR4MFM,17.43,5,   coast,-10.56,77685,2185.11,1282.29,9.18,52.7,4.19,4.2,4.11,-0.62,-0.13,0.13,26.63,7.76,-2.07,0.56,0.12,-0.32,61.1,4.19,0,0,0,0.01,1,1,15,31.0393303,-103.5154524,2285,2026,6,20,23,46,54,776,1576,116,61,0.8,0.4,0.7,37,37,34,0,0,0,0,18,0,40,0,36,0,0,0,0,0,0,0,0,0,0,24,0,29,37,0,42,0,0,42,42
6,16410,3,KR4MFM,17.44,5,   coast,-9.56,77685,2185.11,1282.29,9.08,52.7,4.19,4.2,4.11,-0.65,0,0.07,28.09,7.76,-1.71,0.56,0.12,-0.32,61.18,4.19,0,0,0,0.01,1,1,15,31.0393303,-103.5154524,2285,2026,6,20,23,46,54,776,1576,116,61,0.8,0.4,0.7,37,37,34,0,0,0,0,18,0,40,0,36,0,0,0,0,0,0,0,0,0,0,24,0,29,37,0,42,0,0,42,42
6,16410,3,KR4MFM,17.45,5,   coast,-12.57,77674,2186.25,1283.43,8.97,52.7,4.19,4.2,4.11,-0.6,0.19,0.16,29.25,7.58,-1.77,0.55,0.12,-0.32,61.25,4.19,0,0,0,0.01,1,1,15,31.0393303,-103.5154524,2285,2026,6,20,23,46,54,776,1576,116,61,0.8,0.4,0.7,37,37,34,0,0,0,0,18,0,40,0,36,0,0,0,0,0,0,0,0,0,0,24,0,29,37,0,42,0,0,42,42
6,16410,3,KR4MFM,17.46,5,   coast,-10.56,77674,2186.25,1283.43,8.87,52.7,4.19,4.2,4.11,-0.61,0.16,0.23,31.21,7.76,-2.19,0.55,0.12,-0.32,61.33,4.19,0,0,0,0.01,1,1,15,31.0393303,-103.5154524,2285,2026,6,20,23,46,54,776,1576,116,61,0.8,0.4,0.7,37,37,34,0,0,0,0,18,0,40,0,36,0,0,0,0,0,0,0,0,0,0,24,0,29,37,0,42,0,0,42,42
6,16410,3,KR4MFM,17.47,5,   coast,-10.56,77653,2188.42,1285.59,8.77,52.7,4.19,4.2,4.11,-0.61,0.01,0.19,32.79,8.37,-2.26,0.55,0.12,-0.32,61.42,4.19,0,0,0,0.01,1,1,15,31.0393303,-103.5154524,2285,2026,6,20,23,46,54,776,1576,116,61,0.8,0.4,0.7,37,37,34,0,0,0,0,18,0,40,0,36,0,0,0,0,0,0,0,0,0,0,24,0,29,37,0,42,0,0,42,42
6,16410,3,KR4MFM,17.48,5,   coast,-10.56,77653,2188.42,1285.59,8.67,52.7,4.19,4.2,4.11,-0.59,-0.17,-0.01,33.04,8.13,-1.95,0.55,0.11,-0.32,61.5,4.19,0,0,0,0.01,1,1,15,31.0393303,-103.5154524,2285,2026,6,20,23,46,54,776,1576,116,61,0.8,0.4,0.7,37,37,34,0,0,0,0,18,0,40,0,36,0,0,0,0,0,0,0,0,0,0,24,0,29,37,0,42,0,0,42,42
6,16410,3,KR4MFM,17.49,5,   coast,-11.06,77657,2188,1285.18,8.56,52.7,4.19,4.2,4.11,-0.57,-0.17,-0.06,32.73,7.46,-1.1,0.55,0.11,-0.32,61.57,4.19,0,0,0,0.01,1,1,15,31.0393303,-103.5154524,2285,2026,6,20,23,46,54,776,1576,116,61,0.8,0.4,0.7,37,37,34,0,0,0,0,18,0,40,0,36,0,0,0,0,0,0,0,0,0,0,24,0,29,37,0,42,0,0,42,42
6,16410,3,KR4MFM,17.5,5,   coast,-10.06,77657,2188,1285.18,8.46,52.7,4.19,4.2,4.11,-0.62,-0.02,0.05,33.71,7.09,-0.91,0.55,0.11,-0.32,61.65,4.19,0,0,0,0.01,1,1,15,31.0393303,-103.5154524,2285,2026,6,20,23,46,54,776,1576,116,61,0.8,0.4,0.7,37,37,34,0,0,0,0,18,0,40,0,36,0,0,0,0,0,0,0,0,0,0,24,0,29,37,0,42,0,0,42,42
6,16410,3,KR4MFM,17.51,5,   coast,-10.56,77662,2187.49,1284.66,8.36,52.7,4.19,4.2,4.11,-0.58,0.24,0.1,35.05,7.15,-0.73,0.55,0.11,-0.33,61.72,4.19,0,0,0,0.01,1,1,15,31.0393303,-103.5154524,2285,2026,6,20,23,46,54,776,1576,116,61,0.8,0.4,0.7,37,37,34,0,0,0,0,18,0,40,0,36,0,0,0,0,0,0,0,0,0,0,24,0,29,37,0,42,0,0,42,42
6,16410,3,KR4MFM,17.52,5,   coast,-11.57,77662,2187.49,1284.66,8.25,52.7,4.19,4.2,4.11,-0.56,0.19,0.11,36.52,7.28,-1.1,0.55,0.11,-0.33,61.79,4.19,0,0,0,0.01,1,1,15,31.0393303,-103.5154524,2285,2026,6,20,23,46,54,776,1576,116,61,0.8,0.4,0.7,37,37,34,0,0,0,0,18,0,40,0,36,0,0,0,0,0,0,0,0,0,0,24,0,29,37,0,42,0,0,42,42
6,16410,3,KR4MFM,17.53,5,   coast,-10.56,77633,2190.48,1287.66,8.15,52.7,4.19,4.2,4.11,-0.56,0.03,0.06,38.1,7.28,-1.46,0.55,0.11,-0.33,61.86,4.19,0,0,0,0.01,1,1,15,31.0393303,-103.5154524,2285,2026,6,20,23,46,54,776,1576,116,61,0.8,0.4,0.7,37,37,34,0,0,0,0,18,0,40,0,36,0,0,0,0,0,0,0,0,0,0,24,0,29,37,0,42,0,0,42,42
6,16410,3,KR4MFM,17.54,5,   coast,-13.58,77633,2190.48,1287.66,8.04,52.7,4.19,4.2,4.11,-0.59,-0.16,0.06,39.08,7.7,-1.52,0.55,0.1,-0.34,61.94,4.19,0,0,0,0.01,1,1,15,31.0393303,-103.5154524,2285,2026,6,20,23,46,54,776,1576,116,61,0.8,0.4,0.7,37,37,34,0,0,0,0,18,0,40,0,36,0,0,0,0,0,0,0,0,0,0,24,0,29,37,0,42,0,0,42,42
6,16410,3,KR4MFM,17.55,5,   coast,-11.06,77650,2188.73,1285.9,7.94,52.7,4.19,4.2,4.11,-0.63,-0.24,0.09,40.48,7.7,-0.67,0.55,0.1,-0.34,62.02,4.19,0,0,0,0.01,1,1,15,31.0393303,-103.5154524,2285,2026,6,20,23,46,54,776,1576,116,61,0.8,0.4,0.7,37,37,34,0,0,0,0,18,0,40,0,36,0,0,0,0,0,0,0,0,0,0,24,0,29,37,0,42,0,0,42,42
6,16410,3,KR4MFM,17.56,5,   coast,-12.07,77650,2188.73,1285.9,7.83,52.7,4.19,4.2,4.11,-0.63,-0.02,0.09,41.89,6.91,-0.3,0.55,0.1,-0.34,62.09,4.19,0,0,0,0.01,1,1,15,31.0393303,-103.5154524,2285,2026,6,20,23,46,54,776,1576,116,61,0.8,0.4,0.7,37,37,34,0,0,0,0,18,0,40,0,36,0,0,0,0,0,0,0,0,0,0,24,0,29,37,0,42,0,0,42,42
6,16410,3,KR4MFM,17.57,5,   coast,-11.57,77642,2189.55,1286.73,7.72,52.7,4.19,4.2,4.11,-0.58,0.14,0.24,42.92,7.09,-0.42,0.55,0.09,-0.34,62.16,4.19,0,0,0,0.01,1,1,15,31.0393303,-103.5154524,2285,2026,6,20,23,46,54,776,1576,116,61,0.8,0.4,0.7,37,37,34,0,0,0,0,18,0,40,0,36,0,0,0,0,0,0,0,0,0,0,24,0,29,37,0,42,0,0,42,42
6,16410,3,KR4MFM,17.58,5,   coast,-11.06,77642,2189.55,1286.73,7.62,52.7,4.19,4.2,4.11,-0.6,0.1,0.18,43.6,7.52,-0.55,0.55,0.09,-0.34,62.23,4.19,0,0,0,0.01,1,1,15,31.0393303,-103.5154524,2285,2026,6,20,23,46,54,776,1576,116,61,0.8,0.4,0.7,37,37,34,0,0,0,0,18,0,40,0,36,0,0,0,0,0,0,0,0,0,0,24,0,29,37,0,42,0,0,42,42
6,16410,3,KR4MFM,17.59,5,   coast,-11.57,77629,2190.9,1288.07,7.51,52.7,4.19,4.2,4.11,-0.6,0.09,0.11,44.94,7.58,-0.55,0.55,0.09,-0.34,62.31,4.19,0,0,0,0.01,1,1,15,31.0393303,-103.5154524,2285,2026,6,20,23,46,54,776,1576,116,61,0.8,0.4,0.7,37,37,34,0,0,0,0,18,0,40,0,36,0,0,0,0,0,0,0,0,0,0,24,0,29,37,0,42,0,0,42,42
6,16410,3,KR4MFM,17.6,5,   coast,-11.57,77629,2190.9,1288.07,7.41,52.7,4.19,4.2,4.11,-0.59,-0.04,0.12,45.85,7.46,-1.03,0.55,0.09,-0.34,62.38,4.19,0,0,0,0.01,1,1,15,31.0393303,-103.5154524,2285,2026,6,20,23,46,54,776,1576,116,61,0.8,0.4,0.7,37,37,34,0,0,0,0,18,0,40,0,36,0,0,0,0,0,0,0,0,0,0,24,0,29,37,0,42,0,0,42,42
6,16410,3,KR4MFM,17.61,5,   coast,-10.56,77620,2191.83,1289,7.3,52.7,4.19,4.2,4.11,-0.58,-0.07,0.12,46.53,6.97,-0.73,0.55,0.09,-0.34,62.45,4.19,0,0,0,0.01,1,1,15,31.0393303,-103.5154524,2285,2026,6,20,23,46,54,776,1576,116,61,0.8,0.4,0.7,37,37,34,0,0,0,0,18,0,40,0,36,0,0,0,0,0,0,0,0,0,0,24,0,29,37,0,42,0,0,42,42
6,16410,3,KR4MFM,17.62,5,   coast,-11.06,77620,2191.83,1289,7.2,52.7,4.2,4.2,4.11,-0.63,-0.06,0.11,47.14,7.34,-0.24,0.55,0.08,-0.35,62.52,4.21,0,0,0,0,1,1,15,31.0393303,-103.5154524,2285,2026,6,20,23,46,54,776,1576,116,61,0.8,0.4,0.7,37,37,34,0,0,0,0,18,0,40,0,36,0,0,0,0,0,0,0,0,0,0,24,0,29,37,0,42,0,0,42,42
6,16410,3,KR4MFM,17.62,5,   coast,-11.06,77620,2191.83,1289,7.2,52.7,4.2,4.2,4.11,-0.63,-0.06,0.11,47.14,7.34,-0.24,0.55,0.08,-0.35,62.52,4.21,0,0,0,0,1,1,15,31.0393303,-103.5154524,2285,2026,6,20,23,46,54,776,1576,116,61,0.8,0.4,0.7,37,37,34,0,0,0,0,18,0,40,0,36,0,0,0,0,0,0,0,0,0,0,24,0,29,37,0,42,0,0,42,42
6,16410,3,KR4MFM,17.63,5,   coast,-11.57,77614,2192.45,1289.62,7.09,52.7,4.2,4.2,4.11,-0.52,0.23,0.22,47.99,6.79,0.25,0.55,0.08,-0.36,62.59,4.21,0,0,0,0,1,1,15,31.0393303,-103.5154524,2285,2026,6,20,23,46,54,776,1576,116,61,0.8,0.4,0.7,37,37,34,0,0,0,0,18,0,40,0,36,0,0,0,0,0,0,0,0,0,0,24,0,29,37,0,42,0,0,42,42
6,16410,3,KR4MFM,17.64,5,   coast,-11.57,77614,2192.45,1289.62,6.99,52.7,4.2,4.2,4.11,-0.58,0.28,0.14,47.2,7.09,-0.24,0.55,0.08,-0.36,62.66,4.21,0,0,0,0,1,1,15,31.0393303,-103.5154524,2285,2026,6,20,23,46,54,776,1576,116,61,0.8,0.4,0.7,37,37,34,0,0,0,0,18,0,40,0,36,0,0,0,0,0,0,0,0,0,0,24,0,29,37,0,42,0,0,42,42
6,16410,3,KR4MFM,17.65,5,   coast,-10.56,77609,2192.96,1290.14,6.88,52.7,4.2,4.2,4.11,-0.56,0.27,0.08,46.4,6.42,-0.36,0.55,0.08,-0.36,62.73,4.21,0,0,0,0,1,1,15,31.0393303,-103.5154524,2285,2026,6,20,23,46,54,776,1576,116,61,0.8,0.4,0.7,37,37,34,0,0,0,0,18,0,40,0,36,0,0,0,0,0,0,0,0,0,0,24,0,29,37,0,42,0,0,42,42
6,16410,3,KR4MFM,17.66,5,   coast,-10.56,77609,2192.96,1290.14,6.78,52.7,4.2,4.2,4.11,-0.61,0.02,0,45.91,6.6,-0.79,0.55,0.07,-0.36,62.79,4.21,0,0,0,0,1,1,15,31.0393303,-103.5154524,2285,2026,6,20,23,46,54,776,1576,116,61,0.8,0.4,0.7,37,37,34,0,0,0,0,18,0,40,0,36,0,0,0,0,0,0,0,0,0,0,24,0,29,37,0,42,0,0,42,42
6,16410,3,KR4MFM,17.67,5,   coast,-10.56,77602,2193.69,1290.86,6.68,52.7,4.2,4.2,4.11,-0.61,-0.06,0.09,44.88,6.24,-0.24,0.54,0.07,-0.36,62.85,4.21,0,0,0,0,1,1,15,31.0393303,-103.5154524,2285,2026,6,20,23,46,54,776,1576,116,61,0.8,0.4,0.7,37,37,34,0,0,0,0,18,0,40,0,36,0,0,0,0,0,0,0,0,0,0,24,0,29,37,0,42,0,0,42,42
6,16410,3,KR4MFM,17.68,5,   coast,-11.57,77602,2193.69,1290.86,6.57,52.7,4.2,4.2,4.11,-0.59,-0.04,0.18,44.14,5.93,0.49,0.54,0.07,-0.36,62.91,4.21,0,0,0,0,1,1,15,31.0393303,-103.5154524,2285,2026,6,20,23,46,54,776,1576,116,61,0.8,0.4,0.7,37,37,34,0,0,0,0,18,0,40,0,36,0,0,0,0,0,0,0,0,0,0,24,0,29,37,0,42,0,0,42,42
6,16410,3,KR4MFM,17.69,5,   coast,-10.56,77594,2194.51,1291.69,6.47,52.7,4.2,4.2,4.11,-0.63,0.04,0.24,43.6,5.81,0.67,0.54,0.06,-0.36,62.97,4.21,0,0,0,0,1,1,15,31.0393303,-103.5154524,2285,2026,6,20,23,46,54,776,1576,116,61,0.8,0.4,0.7,37,37,34,0,0,0,0,18,0,40,0,36,0,0,0,0,0,0,0,0,0,0,24,0,29,37,0,42,0,0,42,42
6,16410,3,KR4MFM,17.7,5,   coast,-11.06,77594,2194.51,1291.69,6.37,52.7,4.2,4.2,4.11,-0.63,0.33,0.25,43.29,5.81,0.67,0.54,0.06,-0.36,63.03,4.21,0,0,0,0,1,1,15,31.0393303,-103.5154524,2285,2026,6,20,23,46,54,776,1576,116,61,0.8,0.4,0.7,37,37,34,0,0,0,0,18,0,40,0,36,0,0,0,0,0,0,0,0,0,0,24,0,29,37,0,42,0,0,42,42
6,16410,3,KR4MFM,17.71,5,   coast,-12.07,77592,2194.72,1291.89,6.26,52.7,4.2,4.2,4.11,-0.57,0.32,0.2,42.68,5.51,0.74,0.54,0.06,-0.37,63.09,4.21,0,0,0,0,1,1,15,31.0393303,-103.5154524,2285,2026,6,20,23,46,54,776,1576,116,61,0.8,0.4,0.7,37,37,34,0,0,0,0,18,0,40,0,36,0,0,0,0,0,0,0,0,0,0,24,0,29,37,0,42,0,0,42,42
6,16410,3,KR4MFM,17.72,5,   coast,-11.57,77592,2194.72,1291.89,6.15,52.7,4.2,4.2,4.11,-0.57,0.33,0.06,42.68,5.87,0.13,0.54,0.06,-0.37,63.14,4.21,0,0,0,0,1,1,15,31.0393303,-103.5154524,2285,2026,6,20,23,46,54,776,1576,116,61,0.8,0.4,0.7,37,37,34,0,0,0,0,18,0,40,0,36,0,0,0,0,0,0,0,0,0,0,24,0,29,37,0,42,0,0,42,42
6,16410,3,KR4MFM,17.73,5,   coast,-12.57,77586,2195.34,1292.51,6.05,52.7,4.2,4.2,4.11,-0.6,0.12,0.03,40.85,5.38,-0.12,0.55,0.06,-0.37,63.2,4.21,0,0,0,0,1,1,15,31.0393303,-103.5154524,2285,2026,6,20,23,46,54,776,1576,116,61,0.8,0.4,0.7,37,37,34,0,0,0,0,18,0,40,0,36,0,0,0,0,0,0,0,0,0,0,24,0,29,37,0,42,0,0,42,42
6,16410,3,KR4MFM,17.74,5,   coast,-12.07,77586,2195.34,1292.51,5.94,52.7,4.2,4.2,4.11,-0.55,-0.03,0.19,40.12,4.83,0.86,0.54,0.05,-0.37,63.25,4.21,0,0,0,0,1,1,15,31.0393303,-103.5154524,2285,2026,6,20,23,46,54,776,1576,116,61,0.8,0.4,0.7,37,37,34,0,0,0,0,18,0,40,0,36,0,0,0,0,0,0,0,0,0,0,24,0,29,37,0,42,0,0,42,42
6,16410,3,KR4MFM,17.75,5,   coast,-11.06,77575,2196.48,1293.65,5.84,52.7,4.2,4.2,4.11,-0.57,0.09,0.22,39.08,4.47,0.92,0.54,0.05,-0.37,63.29,4.21,0,0,0,0,1,1,15,31.0393303,-103.5154524,2285,2026,6,20,23,46,54,776,1576,116,61,0.8,0.4,0.7,37,37,34,0,0,0,0,18,0,40,0,36,0,0,0,0,0,0,0,0,0,0,24,0,29,37,0,42,0,0,42,42
6,16410,3,KR4MFM,17.76,5,   coast,-10.56,77575,2196.48,1293.65,5.73,52.7,4.2,4.2,4.11,-0.58,0.13,0.18,38.04,4.41,1.35,0.54,0.05,-0.38,63.34,4.21,0,0,0,0,1,1,15,31.0393303,-103.5154524,2285,2026,6,20,23,46,54,776,1576,116,61,0.8,0.4,0.7,37,37,34,0,0,0,0,18,0,40,0,36,0,0,0,0,0,0,0,0,0,0,24,0,29,37,0,42,0,0,42,42
6,16410,3,KR4MFM,17.77,5,   coast,-10.56,77573,2196.68,1293.86,5.63,52.7,4.2,4.2,4.11,-0.56,0.16,0.07,36.45,4.35,1.47,0.54,0.04,-0.37,63.38,4.21,0,0,0,0,1,1,15,31.0393303,-103.5154524,2285,2026,6,20,23,46,54,776,1576,116,61,0.8,0.4,0.7,37,37,34,0,0,0,0,18,0,40,0,36,0,0,0,0,0,0,0,0,0,0,24,0,29,37,0,42,0,0,42,42
6,16410,3,KR4MFM,17.78,5,   coast,-12.07,77573,2196.68,1293.86,5.52,52.7,4.2,4.2,4.11,-0.53,0.22,0.02,35.17,3.74,1.53,0.54,0.04,-0.38,63.42,4.21,0,0,0,0,1,1,15,31.0393303,-103.5154524,2285,2026,6,20,23,46,54,776,1576,116,61,0.8,0.4,0.7,37,37,34,0,0,0,0,18,0,40,0,36,0,0,0,0,0,0,0,0,0,0,24,0,29,37,0,42,0,0,42,42
6,16410,3,KR4MFM,17.79,5,   coast,-10.56,77560,2198.03,1295.2,5.42,52.7,4.2,4.2,4.11,-0.6,0.09,0.03,34.87,3.31,1.22,0.54,0.04,-0.38,63.46,4.21,0,0,0,0,1,1,15,31.0393303,-103.5154524,2285,2026,6,20,23,46,54,776,1576,116,61,0.8,0.4,0.7,37,37,34,0,0,0,0,18,0,40,0,36,0,0,0,0,0,0,0,0,0,0,24,0,29,37,0,42,0,0,42,42
6,16410,3,KR4MFM,17.8,5,   coast,-11.06,77560,2198.03,1295.2,5.32,52.7,4.2,4.2,4.11,-0.56,0.03,0.19,34.87,3.13,1.53,0.54,0.04,-0.38,63.49,4.21,0,0,0,0,1,1,15,31.0393303,-103.5154524,2285,2026,6,20,23,46,54,776,1576,116,61,0.8,0.4,0.7,37,37,34,0,0,0,0,18,0,40,0,36,0,0,0,0,0,0,0,0,0,0,24,0,29,37,0,42,0,0,42,42
6,16410,3,KR4MFM,17.81,5,   coast,-11.57,77564,2197.61,1294.79,5.21,52.7,4.2,4.2,4.11,-0.57,0.04,0.19,34.75,3,1.59,0.54,0.04,-0.38,63.52,4.21,0,0,0,0,1,1,15,31.0393303,-103.5154524,2285,2026,6,20,23,46,54,776,1576,116,61,0.8,0.4,0.7,37,37,34,0,0,0,0,18,0,40,0,36,0,0,0,0,0,0,0,0,0,0,24,0,29,37,0,42,0,0,42,42
6,16410,3,KR4MFM,17.82,5,   coast,-10.56,77564,2197.61,1294.79,5.11,52.7,4.2,4.2,4.11,-0.55,-0.07,0.16,34.87,3.13,1.47,0.54,0.03,-0.38,63.56,4.21,0,0,0,0,1,1,15,31.0393303,-103.5154524,2285,2026,6,20,23,46,54,776,1576,116,61,0.8,0.4,0.7,37,37,34,0,0,0,0,18,0,40,0,36,0,0,0,0,0,0,0,0,0,0,24,0,29,37,0,42,0,0,42,42
6,16410,3,KR4MFM,17.83,5,   coast,-10.06,77550,2199.06,1296.24,5,52.7,4.2,4.2,4.11,-0.59,-0.09,0.05,34.99,3.19,1.77,0.54,0.03,-0.38,63.59,4.21,0,0,0,0,1,1,15,31.0393303,-103.5154524,2285,2026,6,20,23,46,54,776,1576,116,61,0.8,0.4,0.7,37,37,34,0,0,0,0,18,0,40,0,36,0,0,0,0,0,0,0,0,0,0,24,0,29,37,0,42,0,0,42,42
6,16410,3,KR4MFM,17.84,5,   coast,-12.57,77550,2199.06,1296.24,4.9,52.7,4.2,4.2,4.11,-0.6,0.04,-0.04,34.93,2.64,2.2,0.54,0.03,-0.39,63.62,4.21,0,0,0,0,1,1,15,31.0393303,-103.5154524,2285,2026,6,20,23,46,54,776,1576,116,61,0.8,0.4,0.7,37,37,34,0,0,0,0,18,0,40,0,36,0,0,0,0,0,0,0,0,0,0,24,0,29,37,0,42,0,0,42,42
6,16410,3,KR4MFM,17.85,5,   coast,-10.56,77545,2199.58,1296.75,4.8,52.7,4.2,4.2,4.11,-0.55,0.08,0.06,35.42,2.15,1.9,0.54,0.03,-0.39,63.65,4.21,0,0,0,0,1,1,15,31.0393303,-103.5154524,2285,2026,6,20,23,46,54,776,1576,116,61,0.8,0.4,0.7,37,37,34,0,0,0,0,18,0,40,0,36,0,0,0,0,0,0,0,0,0,0,24,0,29,37,0,42,0,0,42,42
6,16410,3,KR4MFM,17.86,5,   coast,-12.07,77545,2199.58,1296.75,4.69,52.7,4.2,4.2,4.11,-0.56,0.14,0.17,36.94,2.33,1.47,0.54,0.03,-0.39,63.67,4.21,0,0,0,0,1,1,15,31.0393303,-103.5154524,2285,2026,6,20,23,46,54,776,1576,116,61,0.8,0.4,0.7,37,37,34,0,0,0,0,18,0,40,0,36,0,0,0,0,0,0,0,0,0,0,24,0,29,37,0,42,0,0,42,42
6,16410,3,KR4MFM,17.87,5,   coast,-10.56,77525,2201.64,1298.82,4.59,52.7,4.2,4.2,4.11,-0.52,0.09,0.22,37.13,2.33,1.22,0.54,0.02,-0.39,63.7,4.21,0,0,0,0,1,1,15,31.0393303,-103.5154524,2285,2026,6,20,23,46,54,776,1576,116,61,0.8,0.4,0.7,37,37,34,0,0,0,0,18,0,40,0,36,0,0,0,0,0,0,0,0,0,0,24,0,29,37,0,42,0,0,42,42
6,16410,3,KR4MFM,17.88,5,   coast,-12.07,77525,2201.64,1298.82,4.48,52.7,4.2,4.2,4.11,-0.57,0.01,0.11,36.58,3,1.16,0.54,0.02,-0.39,63.73,4.21,0,0,0,0,1,1,15,31.0393303,-103.5154524,2285,2026,6,20,23,46,54,776,1576,116,61,0.8,0.4,0.7,37,37,34,0,0,0,0,18,0,40,0,36,0,0,0,0,0,0,0,0,0,0,24,0,29,37,0,42,0,0,42,42
6,16410,3,KR4MFM,17.89,5,   coast,-11.06,77541,2199.99,1297.17,4.38,52.7,4.2,4.2,4.11,-0.55,-0.19,0.09,37.49,2.94,1.35,0.54,0.02,-0.39,63.76,4.21,0,0,0,0,1,1,15,31.0393303,-103.5154524,2285,2026,6,20,23,46,54,776,1576,116,61,0.8,0.4,0.7,37,37,34,0,0,0,0,18,0,40,0,36,0,0,0,0,0,0,0,0,0,0,24,0,29,37,0,42,0,0,42,42
6,16410,3,KR4MFM,17.9,5,   coast,-10.56,77541,2199.99,1297.17,4.28,52.7,4.2,4.2,4.11,-0.55,0.01,0.07,38.29,2.76,1.9,0.54,0.02,-0.39,63.79,4.21,0,0,0,0,1,1,15,31.0393303,-103.5154524,2285,2026,6,20,23,46,54,776,1576,116,61,0.8,0.4,0.7,37,37,34,0,0,0,0,18,0,40,0,36,0,0,0,0,0,0,0,0,0,0,24,0,29,37,0,42,0,0,42,42
6,16410,3,KR4MFM,17.91,5,   coast,-10.56,77519,2202.26,1299.44,4.17,52.7,4.2,4.2,4.11,-0.54,0.19,0.13,38.77,2.82,1.59,0.54,0.01,-0.39,63.82,4.21,0,0,0,0,1,1,15,31.0393303,-103.5154524,2285,2026,6,20,23,46,54,776,1576,116,61,0.8,0.4,0.7,37,37,34,0,0,0,0,18,0,40,0,36,0,0,0,0,0,0,0,0,0,0,24,0,29,37,0,42,0,0,42,42
6,16410,3,KR4MFM,17.92,5,   coast,-9.56,77519,2202.26,1299.44,4.07,52.7,4.2,4.2,4.11,-0.57,0.19,0.13,38.71,2.82,0.86,0.54,0.01,-0.39,63.85,4.21,0,0,0,0,1,1,15,31.0393303,-103.5154524,2285,2026,6,20,23,46,54,776,1576,116,61,0.8,0.4,0.7,37,37,34,0,0,0,0,18,0,40,0,36,0,0,0,0,0,0,0,0,0,0,24,0,29,37,0,42,0,0,42,42
6,16410,3,KR4MFM,17.93,5,   coast,-11.57,77519,2202.26,1299.44,3.97,52.7,4.2,4.2,4.11,-0.58,0.06,0.13,39.99,2.7,1.1,0.54,0.01,-0.39,63.88,4.21,0,0,0,0,1,1,15,31.0393303,-103.5154524,2285,2026,6,20,23,46,54,776,1576,116,61,0.8,0.4,0.7,37,37,34,0,0,0,0,18,0,40,0,36,0,0,0,0,0,0,0,0,0,0,24,0,29,37,0,42,0,0,42,42
6,16410,3,KR4MFM,17.94,5,   coast,-10.56,77519,2202.26,1299.44,3.87,52.7,4.18,4.19,4.11,-0.57,-0.12,-0.02,41.28,2.76,0.86,0.54,0.01,-0.39,63.91,4.18,0,0,0,0,1,1,15,31.0393303,-103.5154524,2285,2026,6,20,23,46,54,776,1576,116,61,0.8,0.4,0.7,37,37,34,0,0,0,0,18,0,40,0,36,0,0,0,0,0,0,0,0,0,0,24,0,29,37,0,42,0,0,42,42
6,16410,3,KR4MFM,17.94,5,   coast,-10.56,77519,2202.26,1299.44,3.87,52.7,4.18,4.19,4.11,-0.57,-0.12,-0.02,41.28,2.76,0.86,0.54,0.01,-0.39,63.91,4.18,0,0,0,0,1,1,15,31.0393303,-103.5154524,2285,2026,6,20,23,46,54,776,1576,116,61,0.8,0.4,0.7,37,37,34,0,0,0,0,18,0,40,0,36,0,0,0,0,0,0,0,0,0,0,24,0,29,37,0,42,0,0,42,42
6,16410,3,KR4MFM,17.95,5,   coast,-12.07,77519,2202.26,1299.44,3.76,52.7,4.18,4.19,4.11,-0.55,-0.18,-0.05,41.76,2.58,1.41,0.54,0,-0.4,63.94,4.18,0,0,0,0,1,1,15,31.0393303,-103.5154524,2285,2026,6,20,23,46,54,776,1576,116,61,0.8,0.4,0.7,37,37,34,0,0,0,0,18,0,40,0,36,0,0,0,0,0,0,0,0,0,0,24,0,29,37,0,42,0,0,42,42
6,16410,3,KR4MFM,17.96,5,   coast,-12.57,77519,2202.26,1299.44,3.65,52.7,4.18,4.19,4.11,-0.57,-0.01,-0.07,41.64,2.45,1.83,0.54,0,-0.4,63.97,4.18,0,0,0,0,1,1,15,31.0393303,-103.5154524,2285,2026,6,20,23,46,54,776,1576,116,61,0.8,0.4,0.7,37,37,34,0,0,0,0,18,0,40,0,36,0,0,0,0,0,0,0,0,0,0,24,0,29,37,0,42,0,0,42,42
6,16410,3,KR4MFM,17.97,5,   coast,-12.57,77520,2202.16,1299.34,3.54,52.7,4.18,4.19,4.11,-0.52,0.24,0.02,40.79,2.76,1.53,0.54,0,-0.4,64,4.18,0,0,0,0,1,1,15,31.0393303,-103.5154524,2285,2026,6,20,23,46,54,776,1576,116,61,0.8,0.4,0.7,37,37,34,0,0,0,0,18,0,40,0,36,0,0,0,0,0,0,0,0,0,0,24,0,29,37,0,42,0,0,42,42
6,16410,3,KR4MFM,17.98,5,   coast,-11.57,77520,2202.16,1299.34,3.44,52.7,4.18,4.19,4.11,-0.57,0.35,0.02,39.44,3.25,0.67,0.54,0,-0.4,64.03,4.18,0,0,0,0,1,1,15,31.0393303,-103.5154524,2285,2026,6,20,23,46,54,776,1576,116,61,0.8,0.4,0.7,37,37,34,0,0,0,0,18,0,40,0,36,0,0,0,0,0,0,0,0,0,0,24,0,29,37,0,42,0,0,42,42
6,16410,3,KR4MFM,17.99,5,   coast,-12.57,77512,2202.99,1300.16,3.33,52.7,4.18,4.19,4.11,-0.52,0.17,-0.04,38.77,3.43,1.22,0.54,-0.01,-0.4,64.07,4.18,0,0,0,0,1,1,15,31.0393303,-103.5154524,2285,2026,6,20,23,46,54,776,1576,116,61,0.8,0.4,0.7,37,37,34,0,0,0,0,18,0,40,0,36,0,0,0,0,0,0,0,0,0,0,24,0,29,37,0,42,0,0,42,42
6,16410,3,KR4MFM,17.99,5,   coast,-12.57,77512,2202.99,1300.16,3.33,52.7,4.18,4.19,4.11,-0.52,0.17,-0.04,38.77,3.43,1.22,0.54,-0.01,-0.4,64.07,4.18,0,0,0,0,1,1,15,31.0393303,-103.5154524,2285,2026,6,20,23,46,54,776,1576,116,61,0.8,0.4,0.7,37,37,34,0,0,0,0,18,0,40,0,36,0,0,0,0,0,0,0,0,0,0,24,0,29,37,0,42,0,0,42,42
6,16410,3,KR4MFM,17.99,5,   coast,-12.57,77512,2202.99,1300.16,3.33,52.7,4.18,4.19,4.11,-0.52,0.17,-0.04,38.77,3.43,1.22,0.54,-0.01,-0.4,64.07,4.18,0,0,0,0,1,1,15,31.0393303,-103.5154524,2285,2026,6,20,23,46,54,776,1576,116,61,0.8,0.4,0.7,37,37,34,0,0,0,0,18,0,40,0,36,0,0,0,0,0,0,0,0,0,0,24,0,29,37,0,42,0,0,42,42
6,16410,3,KR4MFM,18,5,   coast,-12.07,77512,2202.99,1300.16,3.22,52.7,4.18,4.19,4.11,-0.57,0.04,-0.12,38.29,3.25,0.92,0.54,-0.01,-0.4,64.1,4.18,0,0,0,0,1,1,15,31.0390766,-103.514852,2322,2026,6,20,23,46,55,839,1640,116,59,0.8,0.4,0.7,37,37,32,0,0,0,0,21,0,35,0,38,0,0,0,0,0,0,0,0,0,0,23,0,31,37,0,39,0,0,42,38
6,16410,3,KR4MFM,18.01,5,   coast,-10.56,77490,2205.26,1302.44,3.12,52.7,4.18,4.19,4.11,-0.54,-0.06,-0.07,36.88,3.49,0.86,0.54,-0.01,-0.4,64.14,4.18,0,0,0,0,1,1,15,31.0390766,-103.514852,2322,2026,6,20,23,46,55,839,1640,116,59,0.8,0.4,0.7,37,37,32,0,0,0,0,21,0,35,0,38,0,0,0,0,0,0,0,0,0,0,23,0,31,37,0,39,0,0,42,38
6,16410,3,KR4MFM,18.02,5,   coast,-11.06,77490,2205.26,1302.44,3.01,52.7,4.18,4.19,4.11,-0.56,-0.09,-0.03,36.03,3.8,1.83,0.54,-0.01,-0.4,64.18,4.18,0,0,0,0,1,1,15,31.0390766,-103.514852,2322,2026,6,20,23,46,55,839,1640,116,59,0.8,0.4,0.7,37,37,32,0,0,0,0,21,0,35,0,38,0,0,0,0,0,0,0,0,0,0,23,0,31,37,0,39,0,0,42,38
6,16410,3,KR4MFM,18.03,5,   coast,-9.56,77483,2205.99,1303.16,2.91,52.7,4.18,4.19,4.11,-0.51,0.08,0.03,34.44,4.47,1.77,0.53,-0.02,-0.4,64.23,4.18,0,0,0,0,1,1,15,31.0390766,-103.514852,2322,2026,6,20,23,46,55,839,1640,116,59,0.8,0.4,0.7,37,37,32,0,0,0,0,21,0,35,0,38,0,0,0,0,0,0,0,0,0,0,23,0,31,37,0,39,0,0,42,38
6,16410,3,KR4MFM,18.04,5,   coast,-12.07,77483,2205.99,1303.16,2.81,52.7,4.18,4.19,4.11,-0.58,0.25,-0.14,33.71,4.65,1.41,0.53,-0.02,-0.4,64.28,4.18,0,0,0,0,1,1,15,31.0390766,-103.514852,2322,2026,6,20,23,46,55,839,1640,116,59,0.8,0.4,0.7,37,37,32,0,0,0,0,21,0,35,0,38,0,0,0,0,0,0,0,0,0,0,23,0,31,37,0,39,0,0,42,38
6,16410,3,KR4MFM,18.05,5,   coast,-12.07,77480,2206.3,1303.47,2.7,52.7,4.18,4.19,4.11,-0.55,0.14,-0.19,32.67,4.77,1.41,0.53,-0.02,-0.4,64.33,4.18,0,0,0,0,1,1,15,31.0390766,-103.514852,2322,2026,6,20,23,46,55,839,1640,116,59,0.8,0.4,0.7,37,37,32,0,0,0,0,21,0,35,0,38,0,0,0,0,0,0,0,0,0,0,23,0,31,37,0,39,0,0,42,38
6,16410,3,KR4MFM,18.06,5,   coast,-11.06,77480,2206.3,1303.47,2.6,52.7,4.18,4.19,4.11,-0.54,0.02,-0.14,30.47,4.77,1.47,0.54,-0.02,-0.41,64.38,4.18,0,0,0,0,1,1,15,31.0390766,-103.514852,2322,2026,6,20,23,46,55,839,1640,116,59,0.8,0.4,0.7,37,37,32,0,0,0,0,21,0,35,0,38,0,0,0,0,0,0,0,0,0,0,23,0,31,37,0,39,0,0,42,38
6,16410,3,KR4MFM,18.07,5,   coast,-10.56,77480,2206.3,1303.47,2.49,52.7,4.18,4.19,4.11,-0.55,-0.09,-0.02,28.82,5.02,1.1,0.53,-0.03,-0.41,64.43,4.18,0,0,0,0,1,1,15,31.0390766,-103.514852,2322,2026,6,20,23,46,55,839,1640,116,59,0.8,0.4,0.7,37,37,32,0,0,0,0,21,0,35,0,38,0,0,0,0,0,0,0,0,0,0,23,0,31,37,0,39,0,0,42,38
6,16410,3,KR4MFM,18.08,5,   coast,-11.57,77480,2206.3,1303.47,2.39,52.7,4.18,4.19,4.11,-0.57,-0.14,-0.06,27.91,5.51,1.59,0.53,-0.03,-0.41,64.48,4.18,0,0,0,0,1,1,15,31.0390766,-103.514852,2322,2026,6,20,23,46,55,839,1640,116,59,0.8,0.4,0.7,37,37,32,0,0,0,0,21,0,35,0,38,0,0,0,0,0,0,0,0,0,0,23,0,31,37,0,39,0,0,42,38
6,16410,3,KR4MFM,18.09,5,   coast,-11.06,77482,2206.09,1303.27,2.28,52.7,4.18,4.19,4.11,-0.56,0.08,-0.01,26.38,5.63,1.9,0.54,-0.03,-0.41,64.54,4.18,0,0,0,0,1,1,15,31.0390766,-103.514852,2322,2026,6,20,23,46,55,839,1640,116,59,0.8,0.4,0.7,37,37,32,0,0,0,0,21,0,35,0,38,0,0,0,0,0,0,0,0,0,0,23,0,31,37,0,39,0,0,42,38
6,16410,3,KR4MFM,18.1,5,   coast,-11.57,77482,2206.09,1303.27,2.18,52.7,4.18,4.19,4.11,-0.53,0.17,-0.06,24.61,6.67,1.65,0.54,-0.03,-0.41,64.61,4.18,0,0,0,0,1,1,15,31.0390766,-103.514852,2322,2026,6,20,23,46,55,839,1640,116,59,0.8,0.4,0.7,37,37,32,0,0,0,0,21,0,35,0,38,0,0,0,0,0,0,0,0,0,0,23,0,31,37,0,39,0,0,42,38
6,16410,3,KR4MFM,18.11,5,   coast,-12.07,77471,2207.23,1304.4,2.08,52.7,4.18,4.19,4.11,-0.57,0.23,-0.24,23.39,6.85,1.41,0.53,-0.03,-0.41,64.68,4.18,0,0,0,0,1,1,15,31.0390766,-103.514852,2322,2026,6,20,23,46,55,839,1640,116,59,0.8,0.4,0.7,37,37,32,0,0,0,0,21,0,35,0,38,0,0,0,0,0,0,0,0,0,0,23,0,31,37,0,39,0,0,42,38
6,16410,3,KR4MFM,18.12,5,   coast,-11.57,77471,2207.23,1304.4,1.97,52.7,4.18,4.19,4.11,-0.54,0.32,-0.27,22.48,6.73,1.71,0.53,-0.04,-0.41,64.75,4.18,0,0,0,0,1,1,15,31.0390766,-103.514852,2322,2026,6,20,23,46,55,839,1640,116,59,0.8,0.4,0.7,37,37,32,0,0,0,0,21,0,35,0,38,0,0,0,0,0,0,0,0,0,0,23,0,31,37,0,39,0,0,42,38
6,16410,3,KR4MFM,18.13,5,   coast,-9.05,77454,2208.99,1306.16,1.87,52.7,4.18,4.19,4.11,-0.47,0.28,-0.22,21.01,7.03,0.98,0.53,-0.04,-0.41,64.82,4.18,0,0,0,0,1,1,15,31.0390766,-103.514852,2322,2026,6,20,23,46,55,839,1640,116,59,0.8,0.4,0.7,37,37,32,0,0,0,0,21,0,35,0,38,0,0,0,0,0,0,0,0,0,0,23,0,31,37,0,39,0,0,42,38
6,16410,3,KR4MFM,18.14,5,   coast,-12.07,77454,2208.99,1306.16,1.76,52.7,4.18,4.19,4.11,-0.54,0.03,-0.19,19.55,7.64,1.04,0.53,-0.04,-0.41,64.89,4.18,0,0,0,0,1,1,15,31.0390766,-103.514852,2322,2026,6,20,23,46,55,839,1640,116,59,0.8,0.4,0.7,37,37,32,0,0,0,0,21,0,35,0,38,0,0,0,0,0,0,0,0,0,0,23,0,31,37,0,39,0,0,42,38
6,16410,3,KR4MFM,18.15,5,   coast,-11.57,77455,2208.88,1306.06,1.66,52.7,4.18,4.19,4.11,-0.51,0.04,-0.11,17.78,7.52,1.71,0.53,-0.04,-0.41,64.97,4.18,0,0,0,0,1,1,15,31.0390766,-103.514852,2322,2026,6,20,23,46,55,839,1640,116,59,0.8,0.4,0.7,37,37,32,0,0,0,0,21,0,35,0,38,0,0,0,0,0,0,0,0,0,0,23,0,31,37,0,39,0,0,42,38
6,16410,3,KR4MFM,18.16,5,   coast,-11.57,77455,2208.88,1306.06,1.56,52.7,4.18,4.19,4.11,-0.58,0.17,-0.04,16.74,8.07,1.59,0.53,-0.04,-0.41,65.05,4.18,0,0,0,0,1,1,15,31.0390766,-103.514852,2322,2026,6,20,23,46,55,839,1640,116,59,0.8,0.4,0.7,37,37,32,0,0,0,0,21,0,35,0,38,0,0,0,0,0,0,0,0,0,0,23,0,31,37,0,39,0,0,42,38
6,16410,3,KR4MFM,18.17,5,   coast,-10.06,77455,2208.88,1306.06,1.45,52.7,4.18,4.19,4.11,-0.55,0.16,-0.18,15.46,8.74,1.35,0.53,-0.04,-0.41,65.14,4.18,0,0,0,0,1,1,15,31.0390766,-103.514852,2322,2026,6,20,23,46,55,839,1640,116,59,0.8,0.4,0.7,37,37,32,0,0,0,0,21,0,35,0,38,0,0,0,0,0,0,0,0,0,0,23,0,31,37,0,39,0,0,42,38
6,16410,3,KR4MFM,18.18,5,   coast,-11.57,77455,2208.88,1306.06,1.35,52.7,4.18,4.19,4.11,-0.55,0.11,-0.15,13.57,8.74,1.71,0.53,-0.04,-0.41,65.22,4.18,0,0,0,0,1,1,15,31.0390766,-103.514852,2322,2026,6,20,23,46,55,839,1640,116,59,0.8,0.4,0.7,37,37,32,0,0,0,0,21,0,35,0,38,0,0,0,0,0,0,0,0,0,0,23,0,31,37,0,39,0,0,42,38
6,16410,3,KR4MFM,18.19,5,   coast,-10.06,77447,2209.71,1306.89,1.25,52.7,4.18,4.19,4.11,-0.52,0.14,-0.14,12.28,9.35,1.35,0.53,-0.04,-0.41,65.31,4.18,0,0,0,0,1,1,15,31.0390766,-103.514852,2322,2026,6,20,23,46,55,839,1640,116,59,0.8,0.4,0.7,37,37,32,0,0,0,0,21,0,35,0,38,0,0,0,0,0,0,0,0,0,0,23,0,31,37,0,39,0,0,42,38
6,16410,3,KR4MFM,18.2,5,   coast,-11.57,77447,2209.71,1306.89,1.15,52.7,4.18,4.19,4.11,-0.6,0.02,-0.11,11.37,9.66,1.1,0.53,-0.04,-0.42,65.41,4.18,0,0,0,0,1,1,15,31.0390766,-103.514852,2322,2026,6,20,23,46,55,839,1640,116,59,0.8,0.4,0.7,37,37,32,0,0,0,0,21,0,35,0,38,0,0,0,0,0,0,0,0,0,0,23,0,31,37,0,39,0,0,42,38
6,16410,3,KR4MFM,18.21,5,   coast,-10.06,77431,2211.37,1308.54,1.04,52.7,4.18,4.19,4.11,-0.57,-0.03,-0.01,9.6,9.84,1.96,0.53,-0.04,-0.42,65.51,4.18,0,0,0,0,1,1,15,31.0390766,-103.514852,2322,2026,6,20,23,46,55,839,1640,116,59,0.8,0.4,0.7,37,37,32,0,0,0,0,21,0,35,0,38,0,0,0,0,0,0,0,0,0,0,23,0,31,37,0,39,0,0,42,38
6,16410,3,KR4MFM,18.22,5,   coast,-11.06,77431,2211.37,1308.54,0.94,52.7,4.18,4.19,4.11,-0.56,0.09,-0.01,8.56,10.27,1.77,0.52,-0.05,-0.42,65.61,4.18,0,0,0,0,1,1,15,31.0390766,-103.514852,2322,2026,6,20,23,46,55,839,1640,116,59,0.8,0.4,0.7,37,37,32,0,0,0,0,21,0,35,0,38,0,0,0,0,0,0,0,0,0,0,23,0,31,37,0,39,0,0,42,38
6,16410,3,KR4MFM,18.23,5,   coast,-10.06,77428,2211.68,1308.85,0.84,52.7,4.18,4.19,4.11,-0.57,0.11,-0.05,7.4,10.69,1.65,0.52,-0.05,-0.42,65.71,4.18,0,0,0,0,1,1,15,31.0390766,-103.514852,2322,2026,6,20,23,46,55,839,1640,116,59,0.8,0.4,0.7,37,37,32,0,0,0,0,21,0,35,0,38,0,0,0,0,0,0,0,0,0,0,23,0,31,37,0,39,0,0,42,38
6,16410,3,KR4MFM,18.24,5,   coast,-11.06,77428,2211.68,1308.85,0.74,52.7,4.18,4.19,4.11,-0.56,0.09,-0.11,5.94,10.88,1.65,0.52,-0.05,-0.42,65.82,4.18,0,0,0,0,1,1,15,31.0390766,-103.514852,2322,2026,6,20,23,46,55,839,1640,116,59,0.8,0.4,0.7,37,37,32,0,0,0,0,21,0,35,0,38,0,0,0,0,0,0,0,0,0,0,23,0,31,37,0,39,0,0,42,38
6,16410,3,KR4MFM,18.25,5,   coast,-11.57,77426,2211.88,1309.06,0.63,52.7,4.18,4.19,4.11,-0.54,0.17,-0.15,5.08,10.82,1.47,0.52,-0.05,-0.42,65.92,4.18,0,0,0,0,1,1,15,31.0390766,-103.514852,2322,2026,6,20,23,46,55,839,1640,116,59,0.8,0.4,0.7,37,37,32,0,0,0,0,21,0,35,0,38,0,0,0,0,0,0,0,0,0,0,23,0,31,37,0,39,0,0,42,38
6,16410,3,KR4MFM,18.26,5,   coast,-10.56,77426,2211.88,1309.06,0.53,52.7,4.18,4.19,4.11,-0.58,0.08,-0.14,4.04,11.24,1.04,0.52,-0.05,-0.42,66.03,4.19,0,0,0,0,1,1,15,31.0390766,-103.514852,2322,2026,6,20,23,46,55,839,1640,116,59,0.8,0.4,0.7,37,37,32,0,0,0,0,21,0,35,0,38,0,0,0,0,0,0,0,0,0,0,23,0,31,37,0,39,0,0,42,38
6,16410,3,KR4MFM,18.26,5,   coast,-10.56,77426,2211.88,1309.06,0.53,52.7,4.18,4.19,4.11,-0.58,0.08,-0.14,4.04,11.24,1.04,0.52,-0.05,-0.42,66.03,4.19,0,0,0,0,1,1,15,31.0390766,-103.514852,2322,2026,6,20,23,46,55,839,1640,116,59,0.8,0.4,0.7,37,37,32,0,0,0,0,21,0,35,0,38,0,0,0,0,0,0,0,0,0,0,23,0,31,37,0,39,0,0,42,38
6,16410,3,KR4MFM,18.27,5,   coast,-13.08,77419,2212.61,1309.79,0.43,52.7,4.18,4.19,4.11,-0.56,-0.01,-0.09,2.34,11.3,1.83,0.52,-0.05,-0.42,66.14,4.19,0,0,0,0,1,1,15,31.0390766,-103.514852,2322,2026,6,20,23,46,55,839,1640,116,59,0.8,0.4,0.7,37,37,32,0,0,0,0,21,0,35,0,38,0,0,0,0,0,0,0,0,0,0,23,0,31,37,0,39,0,0,42,38
6,16410,3,KR4MFM,18.28,5,   coast,-10.56,77419,2212.61,1309.79,0.32,52.7,4.18,4.19,4.11,-0.55,0.01,-0.06,1.91,11.55,1.9,0.52,-0.05,-0.42,66.26,4.19,0,0,0,0,1,1,15,31.0390766,-103.514852,2322,2026,6,20,23,46,55,839,1640,116,59,0.8,0.4,0.7,37,37,32,0,0,0,0,21,0,35,0,38,0,0,0,0,0,0,0,0,0,0,23,0,31,37,0,39,0,0,42,38
6,16410,3,KR4MFM,18.29,5,   coast,-10.56,77421,2212.4,1309.58,0.23,52.7,4.18,4.19,4.11,-0.56,0.08,-0.02,1.36,11.79,1.71,0.52,-0.05,-0.42,66.37,4.19,0,0,0,0,1,1,15,31.0390766,-103.514852,2322,2026,6,20,23,46,55,839,1640,116,59,0.8,0.4,0.7,37,37,32,0,0,0,0,21,0,35,0,38,0,0,0,0,0,0,0,0,0,0,23,0,31,37,0,39,0,0,42,38
6,16410,3,KR4MFM,18.3,5,   coast,-10.56,77421,2212.4,1309.58,0.15,52.7,4.18,4.19,4.11,-0.6,0.04,-0.05,1.6,12.34,1.9,0.52,-0.05,-0.42,66.49,4.19,0,0,0,0,1,1,15,31.0390766,-103.514852,2322,2026,6,20,23,46,55,839,1640,116,59,0.8,0.4,0.7,37,37,32,0,0,0,0,21,0,35,0,38,0,0,0,0,0,0,0,0,0,0,23,0,31,37,0,39,0,0,42,38
6,16410,3,KR4MFM,18.31,5,   coast,-12.07,77414,2213.13,1310.3,0.08,52.7,4.18,4.19,4.11,-0.57,0.07,0.02,1.24,12.22,1.59,0.52,-0.05,-0.42,66.61,4.19,0,0,0,0,1,1,15,31.0390766,-103.514852,2322,2026,6,20,23,46,55,839,1640,116,59,0.8,0.4,0.7,37,37,32,0,0,0,0,21,0,35,0,38,0,0,0,0,0,0,0,0,0,0,23,0,31,37,0,39,0,0,42,38
6,16410,3,KR4MFM,18.32,5,   coast,-10.56,77414,2213.13,1310.3,0.04,52.7,4.18,4.19,4.11,-0.6,0.01,0.07,0.81,12.52,1.22,0.52,-0.05,-0.42,66.73,4.19,0,0,0,0,1,1,15,31.0390766,-103.514852,2322,2026,6,20,23,46,55,839,1640,116,59,0.8,0.4,0.7,37,37,32,0,0,0,0,21,0,35,0,38,0,0,0,0,0,0,0,0,0,0,23,0,31,37,0,39,0,0,42,38
6,16410,3,KR4MFM,18.33,5,   coast,-11.06,77413,2213.23,1310.41,0.01,52.7,4.18,4.19,4.11,-0.57,-0.1,0.08,0.38,12.59,1.53,0.51,-0.05,-0.42,66.85,4.19,0,0,0,0,1,1,15,31.0390766,-103.514852,2322,2026,6,20,23,46,55,839,1640,116,59,0.8,0.4,0.7,37,37,32,0,0,0,0,21,0,35,0,38,0,0,0,0,0,0,0,0,0,0,23,0,31,37,0,39,0,0,42,38
6,16410,3,KR4MFM,18.34,5,   coast,-11.06,77413,2213.23,1310.41,0,52.7,4.18,4.19,4.11,-0.56,0,0.08,0.63,13.56,1.47,0.51,-0.05,-0.42,66.98,4.19,0,0,0,0,1,1,15,31.0390766,-103.514852,2322,2026,6,20,23,46,55,839,1640,116,59,0.8,0.4,0.7,37,37,32,0,0,0,0,21,0,35,0,38,0,0,0,0,0,0,0,0,0,0,23,0,31,37,0,39,0,0,42,38
6,16410,3,KR4MFM,18.35,5,   coast,-11.57,77402,2214.37,1311.55,0,52.7,4.18,4.19,4.11,-0.56,0.07,-0.01,0.57,13.01,1.83,0.51,-0.05,-0.42,67.11,4.19,0,0,0,0,1,1,15,31.0390766,-103.514852,2322,2026,6,20,23,46,55,839,1640,116,59,0.8,0.4,0.7,37,37,32,0,0,0,0,21,0,35,0,38,0,0,0,0,0,0,0,0,0,0,23,0,31,37,0,39,0,0,42,38
6,16410,3,KR4MFM,18.36,5,   coast,-12.57,77402,2214.37,1311.55,0,52.7,4.18,4.19,4.11,-0.57,0.18,-0.06,0.14,13.62,1.53,0.51,-0.05,-0.42,67.24,4.19,0,0,0,0,1,1,15,31.0390766,-103.514852,2322,2026,6,20,23,46,55,839,1640,116,59,0.8,0.4,0.7,37,37,32,0,0,0,0,21,0,35,0,38,0,0,0,0,0,0,0,0,0,0,23,0,31,37,0,39,0,0,42,38
6,16410,3,KR4MFM,18.37,5,   coast,-10.56,77401,2214.47,1311.65,0,52.7,4.18,4.19,4.11,-0.57,0.09,0.05,1.24,13.38,1.71,0.51,-0.05,-0.42,67.37,4.19,0,0,0,0,1,1,15,31.0390766,-103.514852,2322,2026,6,20,23,46,55,839,1640,116,59,0.8,0.4,0.7,37,37,32,0,0,0,0,21,0,35,0,38,0,0,0,0,0,0,0,0,0,0,23,0,31,37,0,39,0,0,42,38
6,16410,3,KR4MFM,18.38,5,   coast,-10.06,77401,2214.47,1311.65,0,52.7,4.18,4.19,4.11,-0.57,0.11,0.03,1.85,13.26,1.53,0.51,-0.05,-0.42,67.5,4.19,0,0,0,0,1,1,15,31.0390766,-103.514852,2322,2026,6,20,23,46,55,839,1640,116,59,0.8,0.4,0.7,37,37,32,0,0,0,0,21,0,35,0,38,0,0,0,0,0,0,0,0,0,0,23,0,31,37,0,39,0,0,42,38
6,16410,3,KR4MFM,18.39,5,   coast,-10.56,77402,2214.37,1311.55,0,52.7,4.18,4.19,4.11,-0.57,0.04,0.06,2.34,13.5,1.35,0.51,-0.05,-0.43,67.62,4.19,0,0,0,0,1,1,15,31.0390766,-103.514852,2322,2026,6,20,23,46,55,839,1640,116,59,0.8,0.4,0.7,37,37,32,0,0,0,0,21,0,35,0,38,0,0,0,0,0,0,0,0,0,0,23,0,31,37,0,39,0,0,42,38
6,16410,3,KR4MFM,18.4,5,   coast,-12.57,77402,2214.37,1311.55,0,52.7,4.18,4.19,4.11,-0.57,0.06,0.07,3.13,13.81,1.59,0.51,-0.05,-0.43,67.76,4.19,0,0,0,0,1,1,15,31.0390766,-103.514852,2322,2026,6,20,23,46,55,839,1640,116,59,0.8,0.4,0.7,37,37,32,0,0,0,0,21,0,35,0,38,0,0,0,0,0,0,0,0,0,0,23,0,31,37,0,39,0,0,42,38
6,16410,3,KR4MFM,18.41,5,   coast,-10.56,77398,2214.78,1311.96,0,52.7,4.18,4.19,4.11,-0.54,0.06,0.05,4.23,13.75,1.71,0.51,-0.05,-0.43,67.89,4.19,0,0,0,0,1,1,15,31.0390766,-103.514852,2322,2026,6,20,23,46,55,839,1640,116,59,0.8,0.4,0.7,37,37,32,0,0,0,0,21,0,35,0,38,0,0,0,0,0,0,0,0,0,0,23,0,31,37,0,39,0,0,42,38
6,16410,3,KR4MFM,18.42,5,   coast,-12.07,77398,2214.78,1311.96,0,52.7,4.18,4.19,4.11,-0.54,0.11,0.06,4.96,13.93,1.59,0.51,-0.05,-0.43,68.02,4.19,0,0,0,0,1,1,15,31.0390766,-103.514852,2322,2026,6,20,23,46,55,839,1640,116,59,0.8,0.4,0.7,37,37,32,0,0,0,0,21,0,35,0,38,0,0,0,0,0,0,0,0,0,0,23,0,31,37,0,39,0,0,42,38
6,16410,3,KR4MFM,18.43,5,   coast,-10.06,77387,2215.92,1313.1,0,52.7,4.18,4.19,4.11,-0.56,0.04,0.09,5.88,13.75,1.9,0.51,-0.05,-0.43,68.16,4.19,0,0,0,0,1,1,15,31.0390766,-103.514852,2322,2026,6,20,23,46,55,839,1640,116,59,0.8,0.4,0.7,37,37,32,0,0,0,0,21,0,35,0,38,0,0,0,0,0,0,0,0,0,0,23,0,31,37,0,39,0,0,42,38
6,16410,3,KR4MFM,18.44,5,   coast,-11.06,77387,2215.92,1313.1,0,52.7,4.18,4.19,4.11,-0.55,0.05,0.13,7.22,13.87,2.26,0.5,-0.05,-0.43,68.29,4.19,0,0,0,0,1,1,15,31.0390766,-103.514852,2322,2026,6,20,23,46,55,839,1640,116,59,0.8,0.4,0.7,37,37,32,0,0,0,0,21,0,35,0,38,0,0,0,0,0,0,0,0,0,0,23,0,31,37,0,39,0,0,42,38
6,16410,3,KR4MFM,18.45,5,   coast,-10.06,77384,2216.23,1313.41,0,52.7,4.18,4.19,4.11,-0.6,0.04,0.17,9.29,13.99,2.32,0.5,-0.05,-0.43,68.43,4.19,0,0,0,0,1,1,15,31.0390766,-103.514852,2322,2026,6,20,23,46,55,839,1640,116,59,0.8,0.4,0.7,37,37,32,0,0,0,0,21,0,35,0,38,0,0,0,0,0,0,0,0,0,0,23,0,31,37,0,39,0,0,42,38
6,16410,3,KR4MFM,18.46,5,   coast,-11.57,77384,2216.23,1313.41,0,52.7,4.18,4.19,4.11,-0.57,-0.01,0.16,10.88,13.75,2.51,0.5,-0.05,-0.43,68.57,4.19,0,0,0,0,1,1,15,31.0390766,-103.514852,2322,2026,6,20,23,46,55,839,1640,116,59,0.8,0.4,0.7,37,37,32,0,0,0,0,21,0,35,0,38,0,0,0,0,0,0,0,0,0,0,23,0,31,37,0,39,0,0,42,38
6,16410,3,KR4MFM,18.47,5,   coast,-11.06,77387,2215.92,1313.1,0,52.7,4.18,4.19,4.11,-0.6,-0.07,0.16,10.94,13.5,2.38,0.5,-0.05,-0.43,68.7,4.19,0,0,0,0,1,1,15,31.0390766,-103.514852,2322,2026,6,20,23,46,55,839,1640,116,59,0.8,0.4,0.7,37,37,32,0,0,0,0,21,0,35,0,38,0,0,0,0,0,0,0,0,0,0,23,0,31,37,0,39,0,0,42,38
6,16410,3,KR4MFM,18.48,5,   coast,-12.57,77387,2215.92,1313.1,0,52.7,4.18,4.19,4.11,-0.57,-0.06,0.12,11.55,13.32,2.57,0.5,-0.05,-0.43,68.83,4.19,0,0,0,0,1,1,15,31.0390766,-103.514852,2322,2026,6,20,23,46,55,839,1640,116,59,0.8,0.4,0.7,37,37,32,0,0,0,0,21,0,35,0,38,0,0,0,0,0,0,0,0,0,0,23,0,31,37,0,39,0,0,42,38
6,16410,3,KR4MFM,18.49,5,   coast,-12.07,77363,2218.41,1315.58,0,52.7,4.18,4.19,4.11,-0.57,-0.06,0.13,11.92,13.26,3.05,0.5,-0.05,-0.43,68.97,4.19,0,0,0,0,1,1,15,31.0390766,-103.514852,2322,2026,6,20,23,46,55,839,1640,116,59,0.8,0.4,0.7,37,37,32,0,0,0,0,21,0,35,0,38,0,0,0,0,0,0,0,0,0,0,23,0,31,37,0,39,0,0,42,38
6,16410,3,KR4MFM,18.5,5,   coast,-11.57,77363,2218.41,1315.58,0,52.7,4.18,4.19,4.11,-0.57,0.05,0.13,13.02,12.83,2.93,0.5,-0.05,-0.43,69.1,4.19,0,0,0,0,1,1,15,31.0390766,-103.514852,2322,2026,6,20,23,46,55,839,1640,116,59,0.8,0.4,0.7,37,37,32,0,0,0,0,21,0,35,0,38,0,0,0,0,0,0,0,0,0,0,23,0,31,37,0,39,0,0,42,38
6,16410,3,KR4MFM,18.51,5,   coast,-14.08,77372,2217.48,1314.65,0,52.7,4.18,4.19,4.11,-0.56,0.06,0.13,13.93,12.52,2.57,0.5,-0.06,-0.44,69.22,4.19,0,0,0,0,1,1,15,31.0390766,-103.514852,2322,2026,6,20,23,46,55,839,1640,116,59,0.8,0.4,0.7,37,37,32,0,0,0,0,21,0,35,0,38,0,0,0,0,0,0,0,0,0,0,23,0,31,37,0,39,0,0,42,38
6,16410,3,KR4MFM,18.52,5,   coast,-11.57,77372,2217.48,1314.65,0,52.7,4.18,4.19,4.11,-0.56,0.05,0.16,14.12,12.4,2.44,0.5,-0.06,-0.44,69.34,4.19,0,0,0,0,1,1,15,31.0390766,-103.514852,2322,2026,6,20,23,46,55,839,1640,116,59,0.8,0.4,0.7,37,37,32,0,0,0,0,21,0,35,0,38,0,0,0,0,0,0,0,0,0,0,23,0,31,37,0,39,0,0,42,38
6,16410,3,KR4MFM,18.53,5,   coast,-11.57,77366,2218.1,1315.27,0,52.7,4.18,4.19,4.11,-0.55,-0.01,0.14,14.66,12.4,2.38,0.5,-0.06,-0.44,69.47,4.19,0,0,0,0,1,1,15,31.0390766,-103.514852,2322,2026,6,20,23,46,55,839,1640,116,59,0.8,0.4,0.7,37,37,32,0,0,0,0,21,0,35,0,38,0,0,0,0,0,0,0,0,0,0,23,0,31,37,0,39,0,0,42,38
6,16410,3,KR4MFM,18.54,5,   coast,-12.57,77366,2218.1,1315.27,0,52.7,4.18,4.19,4.11,-0.55,0.04,0.17,15.09,12.04,2.14,0.5,-0.06,-0.44,69.58,4.19,0,0,0,0,1,1,15,31.0390766,-103.514852,2322,2026,6,20,23,46,55,839,1640,116,59,0.8,0.4,0.7,37,37,32,0,0,0,0,21,0,35,0,38,0,0,0,0,0,0,0,0,0,0,23,0,31,37,0,39,0,0,42,38
6,16410,3,KR4MFM,18.55,5,   coast,-12.57,77357,2219.03,1316.21,0,52.7,4.18,4.19,4.11,-0.56,0.04,0.14,15.03,11.67,2.14,0.49,-0.06,-0.43,69.7,4.19,0,0,0,0,1,1,15,31.0390766,-103.514852,2322,2026,6,20,23,46,55,839,1640,116,59,0.8,0.4,0.7,37,37,32,0,0,0,0,21,0,35,0,38,0,0,0,0,0,0,0,0,0,0,23,0,31,37,0,39,0,0,42,38
6,16410,3,KR4MFM,18.56,5,   coast,-13.58,77357,2219.03,1316.21,0,52.7,4.18,4.19,4.11,-0.55,-0.11,0.23,15.82,11.12,2.32,0.49,-0.06,-0.43,69.81,4.19,0,0,0,0,1,1,15,31.0390766,-103.514852,2322,2026,6,20,23,46,55,839,1640,116,59,0.8,0.4,0.7,37,37,32,0,0,0,0,21,0,35,0,38,0,0,0,0,0,0,0,0,0,0,23,0,31,37,0,39,0,0,42,38
6,16410,3,KR4MFM,18.57,5,   coast,-11.06,77357,2219.03,1316.21,0,52.7,4.18,4.19,4.11,-0.53,-0.05,0.2,16.43,11.18,2.69,0.49,-0.07,-0.44,69.92,4.19,0,0,0,0,1,1,15,31.0390766,-103.514852,2322,2026,6,20,23,46,55,839,1640,116,59,0.8,0.4,0.7,37,37,32,0,0,0,0,21,0,35,0,38,0,0,0,0,0,0,0,0,0,0,23,0,31,37,0,39,0,0,42,38
6,16410,3,KR4MFM,18.58,5,   coast,-11.06,77357,2219.03,1316.21,0,52.7,4.19,4.19,4.11,-0.55,-0.04,0.22,17.29,10.94,2.32,0.49,-0.07,-0.44,70.03,4.19,0,0,0,0,1,1,15,31.0390766,-103.514852,2322,2026,6,20,23,46,55,839,1640,116,59,0.8,0.4,0.7,37,37,32,0,0,0,0,21,0,35,0,38,0,0,0,0,0,0,0,0,0,0,23,0,31,37,0,39,0,0,42,38
6,16410,3,KR4MFM,18.58,5,   coast,-11.06,77357,2219.03,1316.21,0,52.7,4.19,4.19,4.11,-0.55,-0.04,0.22,17.29,10.94,2.32,0.49,-0.07,-0.44,70.03,4.19,0,0,0,0,1,1,15,31.0390766,-103.514852,2322,2026,6,20,23,46,55,839,1640,116,59,0.8,0.4,0.7,37,37,32,0,0,0,0,21,0,35,0,38,0,0,0,0,0,0,0,0,0,0,23,0,31,37,0,39,0,0,42,38
6,16410,3,KR4MFM,18.59,5,   coast,-12.07,77337,2221.1,1318.28,0,52.7,4.19,4.19,4.11,-0.59,0.01,0.24,18.08,10.45,2.44,0.49,-0.07,-0.44,70.14,4.19,0,0,0,0,1,1,15,31.0390766,-103.514852,2322,2026,6,20,23,46,55,839,1640,116,59,0.8,0.4,0.7,37,37,32,0,0,0,0,21,0,35,0,38,0,0,0,0,0,0,0,0,0,0,23,0,31,37,0,39,0,0,42,38
6,16410,3,KR4MFM,18.6,5,   coast,-12.57,77337,2221.1,1318.28,0,52.7,4.19,4.19,4.11,-0.55,0.05,0.17,19,9.78,2.44,0.49,-0.07,-0.44,70.24,4.19,0,0,0,0,1,1,15,31.0390766,-103.514852,2322,2026,6,20,23,46,55,839,1640,116,59,0.8,0.4,0.7,37,37,32,0,0,0,0,21,0,35,0,38,0,0,0,0,0,0,0,0,0,0,23,0,31,37,0,39,0,0,42,38
6,16410,3,KR4MFM,18.61,5,   coast,-11.06,77335,2221.31,1318.48,0,52.7,4.19,4.19,4.11,-0.57,0.04,0.15,20.1,9.9,2.08,0.49,-0.07,-0.44,70.33,4.19,0,0,0,0,1,1,15,31.0390766,-103.514852,2322,2026,6,20,23,46,55,839,1640,116,59,0.8,0.4,0.7,37,37,32,0,0,0,0,21,0,35,0,38,0,0,0,0,0,0,0,0,0,0,23,0,31,37,0,39,0,0,42,38
6,16410,3,KR4MFM,18.62,5,   coast,-12.07,77335,2221.31,1318.48,0,52.7,4.19,4.19,4.11,-0.6,-0.04,0.19,20.89,9.05,2.14,0.49,-0.07,-0.44,70.42,4.19,0,0,0,0,1,1,15,31.0390766,-103.514852,2322,2026,6,20,23,46,55,839,1640,116,59,0.8,0.4,0.7,37,37,32,0,0,0,0,21,0,35,0,38,0,0,0,0,0,0,0,0,0,0,23,0,31,37,0,39,0,0,42,38
6,16410,3,KR4MFM,18.63,5,   coast,-11.06,77331,2221.72,1318.9,0,52.7,4.19,4.19,4.11,-0.55,-0.05,0.22,21.56,8.98,2.02,0.49,-0.07,-0.44,70.51,4.19,0,0,0,0,1,1,15,31.0390766,-103.514852,2322,2026,6,20,23,46,55,839,1640,116,59,0.8,0.4,0.7,37,37,32,0,0,0,0,21,0,35,0,38,0,0,0,0,0,0,0,0,0,0,23,0,31,37,0,39,0,0,42,38
6,16410,3,KR4MFM,18.64,5,   coast,-11.06,77331,2221.72,1318.9,0,52.7,4.19,4.19,4.11,-0.55,0.01,0.22,22.23,8.86,2.26,0.49,-0.07,-0.44,70.6,4.19,0,0,0,0,1,1,15,31.0390766,-103.514852,2322,2026,6,20,23,46,55,839,1640,116,59,0.8,0.4,0.7,37,37,32,0,0,0,0,21,0,35,0,38,0,0,0,0,0,0,0,0,0,0,23,0,31,37,0,39,0,0,42,38
6,16410,3,KR4MFM,18.65,5,   coast,-12.07,77325,2222.34,1319.52,0,52.7,4.19,4.19,4.11,-0.54,0.06,0.19,22.9,8.5,2.2,0.49,-0.08,-0.44,70.69,4.19,0,0,0,0,1,1,15,31.0390766,-103.514852,2322,2026,6,20,23,46,55,839,1640,116,59,0.8,0.4,0.7,37,37,32,0,0,0,0,21,0,35,0,38,0,0,0,0,0,0,0,0,0,0,23,0,31,37,0,39,0,0,42,38
6,16410,3,KR4MFM,18.66,5,   coast,-10.56,77325,2222.34,1319.52,0,52.7,4.19,4.19,4.11,-0.55,0.1,0.14,23.7,8.01,2.08,0.49,-0.08,-0.44,70.77,4.19,0,0,0,0,1,1,15,31.0390766,-103.514852,2322,2026,6,20,23,46,55,839,1640,116,59,0.8,0.4,0.7,37,37,32,0,0,0,0,21,0,35,0,38,0,0,0,0,0,0,0,0,0,0,23,0,31,37,0,39,0,0,42,38
6,16410,3,KR4MFM,18.67,5,   coast,-12.07,77326,2222.24,1319.42,0,52.7,4.19,4.19,4.11,-0.51,0.11,0.16,24.37,7.83,2.08,0.49,-0.08,-0.44,70.85,4.19,0,0,0,0,1,1,15,31.0390766,-103.514852,2322,2026,6,20,23,46,55,839,1640,116,59,0.8,0.4,0.7,37,37,32,0,0,0,0,21,0,35,0,38,0,0,0,0,0,0,0,0,0,0,23,0,31,37,0,39,0,0,42,38
6,16410,3,KR4MFM,18.68,5,   coast,-10.56,77326,2222.24,1319.42,0,52.7,4.19,4.19,4.11,-0.55,0.06,0.22,25.1,7.21,1.65,0.49,-0.08,-0.44,70.92,4.19,0,0,0,0,1,1,15,31.0390766,-103.514852,2322,2026,6,20,23,46,55,839,1640,116,59,0.8,0.4,0.7,37,37,32,0,0,0,0,21,0,35,0,38,0,0,0,0,0,0,0,0,0,0,23,0,31,37,0,39,0,0,42,38
6,16410,3,KR4MFM,18.69,5,   coast,-13.08,77323,2222.55,1319.73,0,52.7,4.19,4.19,4.11,-0.55,0,0.27,25.77,7.15,1.96,0.49,-0.09,-0.44,70.99,4.19,0,0,0,0,1,1,15,31.0390766,-103.514852,2322,2026,6,20,23,46,55,839,1640,116,59,0.8,0.4,0.7,37,37,32,0,0,0,0,21,0,35,0,38,0,0,0,0,0,0,0,0,0,0,23,0,31,37,0,39,0,0,42,38
6,16410,3,KR4MFM,18.7,5,   coast,-10.56,77323,2222.55,1319.73,0,52.7,4.19,4.19,4.11,-0.57,-0.04,0.22,26.81,6.85,2.14,0.48,-0.09,-0.44,71.06,4.19,0,0,0,0,1,1,15,31.0390766,-103.514852,2322,2026,6,20,23,46,55,839,1640,116,59,0.8,0.4,0.7,37,37,32,0,0,0,0,21,0,35,0,38,0,0,0,0,0,0,0,0,0,0,23,0,31,37,0,39,0,0,42,38
6,16410,3,KR4MFM,18.71,5,   coast,-11.57,77321,2222.76,1319.93,0,52.7,4.19,4.19,4.11,-0.53,-0.05,0.17,27.24,6.48,2.26,0.48,-0.09,-0.44,71.13,4.19,0,0,0,0,1,1,15,31.0390766,-103.514852,2322,2026,6,20,23,46,55,839,1640,116,59,0.8,0.4,0.7,37,37,32,0,0,0,0,21,0,35,0,38,0,0,0,0,0,0,0,0,0,0,23,0,31,37,0,39,0,0,42,38
6,16410,3,KR4MFM,18.72,5,   coast,-11.57,77321,2222.76,1319.93,0,52.7,4.19,4.19,4.11,-0.56,0.06,0.16,27.91,5.81,2.2,0.49,-0.09,-0.45,71.19,4.19,0,0,0,0,1,1,15,31.0390766,-103.514852,2322,2026,6,20,23,46,55,839,1640,116,59,0.8,0.4,0.7,37,37,32,0,0,0,0,21,0,35,0,38,0,0,0,0,0,0,0,0,0,0,23,0,31,37,0,39,0,0,42,38
6,16410,3,KR4MFM,18.73,5,   coast,-11.06,77317,2223.17,1320.35,0,52.7,4.19,4.19,4.11,-0.53,0.14,0.13,29.01,6.12,2.2,0.49,-0.09,-0.45,71.26,4.19,0,0,0,0,1,1,15,31.0390766,-103.514852,2322,2026,6,20,23,46,55,839,1640,116,59,0.8,0.4,0.7,37,37,32,0,0,0,0,21,0,35,0,38,0,0,0,0,0,0,0,0,0,0,23,0,31,37,0,39,0,0,42,38
6,16410,3,KR4MFM,18.74,5,   coast,-11.57,77317,2223.17,1320.35,0,52.7,4.19,4.19,4.11,-0.52,0.14,0.17,29.44,5.38,1.83,0.49,-0.09,-0.45,71.31,4.19,0,0,0,0,1,1,15,31.0390766,-103.514852,2322,2026,6,20,23,46,55,839,1640,116,59,0.8,0.4,0.7,37,37,32,0,0,0,0,21,0,35,0,38,0,0,0,0,0,0,0,0,0,0,23,0,31,37,0,39,0,0,42,38
6,16410,3,KR4MFM,18.75,5,   coast,-11.57,77302,2224.73,1321.9,0,52.7,4.19,4.19,4.11,-0.52,0.02,0.11,30.11,5.26,2.26,0.49,-0.1,-0.45,71.37,4.19,0,0,0,0,1,1,15,31.0390766,-103.514852,2322,2026,6,20,23,46,55,839,1640,116,59,0.8,0.4,0.7,37,37,32,0,0,0,0,21,0,35,0,38,0,0,0,0,0,0,0,0,0,0,23,0,31,37,0,39,0,0,42,38
6,16410,3,KR4MFM,18.76,5,   coast,-12.07,77302,2224.73,1321.9,0,52.7,4.19,4.19,4.11,-0.51,-0.02,0.14,30.35,4.9,2.2,0.49,-0.1,-0.45,71.42,4.19,0,0,0,0,1,1,15,31.0390766,-103.514852,2322,2026,6,20,23,46,55,839,1640,116,59,0.8,0.4,0.7,37,37,32,0,0,0,0,21,0,35,0,38,0,0,0,0,0,0,0,0,0,0,23,0,31,37,0,39,0,0,42,38
6,16410,3,KR4MFM,18.77,5,   coast,-11.06,77293,2225.66,1322.84,0,52.7,4.19,4.19,4.11,-0.56,-0.03,0.14,30.72,4.71,2.32,0.48,-0.1,-0.45,71.48,4.19,0,0,0,0,1,1,15,31.0390766,-103.514852,2322,2026,6,20,23,46,55,839,1640,116,59,0.8,0.4,0.7,37,37,32,0,0,0,0,21,0,35,0,38,0,0,0,0,0,0,0,0,0,0,23,0,31,37,0,39,0,0,42,38
6,16410,3,KR4MFM,18.78,5,   coast,-11.57,77293,2225.66,1322.84,0,52.7,4.19,4.19,4.11,-0.54,0.01,0.14,31.51,4.22,2.2,0.48,-0.11,-0.45,71.52,4.19,0,0,0,0,1,1,15,31.0390766,-103.514852,2322,2026,6,20,23,46,55,839,1640,116,59,0.8,0.4,0.7,37,37,32,0,0,0,0,21,0,35,0,38,0,0,0,0,0,0,0,0,0,0,23,0,31,37,0,39,0,0,42,38
6,16410,3,KR4MFM,18.79,5,   coast,-10.56,77287,2226.28,1323.46,0,52.7,4.19,4.19,4.11,-0.53,0.11,0.21,31.57,4.1,2.32,0.48,-0.11,-0.45,71.57,4.19,0,0,0,0,1,1,15,31.0390766,-103.514852,2322,2026,6,20,23,46,55,839,1640,116,59,0.8,0.4,0.7,37,37,32,0,0,0,0,21,0,35,0,38,0,0,0,0,0,0,0,0,0,0,23,0,31,37,0,39,0,0,42,38
6,16410,3,KR4MFM,18.8,5,   coast,-11.06,77287,2226.28,1323.46,0,52.7,4.19,4.19,4.11,-0.52,0.2,0.21,32.91,3.86,2.26,0.48,-0.11,-0.45,71.62,4.19,0,0,0,0,1,1,15,31.0390766,-103.514852,2322,2026,6,20,23,46,55,839,1640,116,59,0.8,0.4,0.7,37,37,32,0,0,0,0,21,0,35,0,38,0,0,0,0,0,0,0,0,0,0,23,0,31,37,0,39,0,0,42,38
6,16410,3,KR4MFM,18.81,5,   coast,-10.06,77291,2225.87,1323.04,0,52.7,4.19,4.19,4.11,-0.55,0.14,0.11,32.98,4.29,1.96,0.48,-0.11,-0.45,71.66,4.19,0,0,0,0,1,1,15,31.0390766,-103.514852,2322,2026,6,20,23,46,55,839,1640,116,59,0.8,0.4,0.7,37,37,32,0,0,0,0,21,0,35,0,38,0,0,0,0,0,0,0,0,0,0,23,0,31,37,0,39,0,0,42,38
6,16410,3,KR4MFM,18.82,5,   coast,-12.57,77291,2225.87,1323.04,0,52.7,4.19,4.19,4.11,-0.52,0.08,0.01,33.28,3.98,2.2,0.48,-0.11,-0.45,71.71,4.19,0,0,0,0,1,1,15,31.0390766,-103.514852,2322,2026,6,20,23,46,55,839,1640,116,59,0.8,0.4,0.7,37,37,32,0,0,0,0,21,0,35,0,38,0,0,0,0,0,0,0,0,0,0,23,0,31,37,0,39,0,0,42,38
6,16410,3,KR4MFM,18.83,5,   coast,-11.57,77292,2225.76,1322.94,0,52.7,4.19,4.19,4.11,-0.5,-0.03,0.06,32.67,3,2.02,0.48,-0.12,-0.45,71.74,4.19,0,0,0,0,1,1,15,31.0390766,-103.514852,2322,2026,6,20,23,46,55,839,1640,116,59,0.8,0.4,0.7,37,37,32,0,0,0,0,21,0,35,0,38,0,0,0,0,0,0,0,0,0,0,23,0,31,37,0,39,0,0,42,38
6,16410,3,KR4MFM,18.84,5,   coast,-12.07,77292,2225.76,1322.94,0,52.7,4.19,4.19,4.11,-0.52,-0.06,0.15,30.53,2.88,2.63,0.48,-0.12,-0.45,71.78,4.19,0,0,0,0,1,1,15,31.0390766,-103.514852,2322,2026,6,20,23,46,55,839,1640,116,59,0.8,0.4,0.7,37,37,32,0,0,0,0,21,0,35,0,38,0,0,0,0,0,0,0,0,0,0,23,0,31,37,0,39,0,0,42,38
6,16410,3,KR4MFM,18.85,5,   coast,-11.06,77286,2226.39,1323.56,0,52.7,4.19,4.19,4.11,-0.52,0.05,0.19,30.41,3.06,2.63,0.48,-0.12,-0.45,71.82,4.19,0,0,0,0,1,1,15,31.0390766,-103.514852,2322,2026,6,20,23,46,55,839,1640,116,59,0.8,0.4,0.7,37,37,32,0,0,0,0,21,0,35,0,38,0,0,0,0,0,0,0,0,0,0,23,0,31,37,0,39,0,0,42,38
6,16410,3,KR4MFM,18.86,5,   coast,-10.06,77286,2226.39,1323.56,0,52.7,4.19,4.19,4.11,-0.55,0.14,0.15,31.27,2.94,2.93,0.48,-0.12,-0.45,71.86,4.19,0,0,0,0,1,1,15,31.0390766,-103.514852,2322,2026,6,20,23,46,55,839,1640,116,59,0.8,0.4,0.7,37,37,32,0,0,0,0,21,0,35,0,38,0,0,0,0,0,0,0,0,0,0,23,0,31,37,0,39,0,0,42,38
6,16410,3,KR4MFM,18.87,5,   coast,-9.56,77277,2227.32,1324.49,0,52.7,4.19,4.19,4.11,-0.52,0.17,0.06,31.69,3.06,2.63,0.48,-0.13,-0.45,71.9,4.19,0,0,0,0,1,1,15,31.0390766,-103.514852,2322,2026,6,20,23,46,55,839,1640,116,59,0.8,0.4,0.7,37,37,32,0,0,0,0,21,0,35,0,38,0,0,0,0,0,0,0,0,0,0,23,0,31,37,0,39,0,0,42,38
6,16410,3,KR4MFM,18.88,5,   coast,-10.56,77277,2227.32,1324.49,0,52.7,4.19,4.19,4.11,-0.5,0.09,0.02,32.12,2.88,2.57,0.48,-0.13,-0.45,71.94,4.19,0,0,0,0,1,1,15,31.0390766,-103.514852,2322,2026,6,20,23,46,55,839,1640,116,59,0.8,0.4,0.7,37,37,32,0,0,0,0,21,0,35,0,38,0,0,0,0,0,0,0,0,0,0,23,0,31,37,0,39,0,0,42,38
6,16410,3,KR4MFM,18.89,5,   coast,-10.56,77270,2228.04,1325.22,0,52.7,4.19,4.19,4.11,-0.5,-0.06,0.06,32.06,2.64,2.63,0.48,-0.13,-0.45,71.98,4.19,0,0,0,0,1,1,15,31.0390766,-103.514852,2322,2026,6,20,23,46,55,839,1640,116,59,0.8,0.4,0.7,37,37,32,0,0,0,0,21,0,35,0,38,0,0,0,0,0,0,0,0,0,0,23,0,31,37,0,39,0,0,42,38
6,16410,3,KR4MFM,18.9,5,   coast,-11.06,77270,2228.04,1325.22,0,52.7,4.19,4.2,4.11,-0.48,0.04,0.15,32.12,2.64,2.87,0.48,-0.14,-0.45,72.02,4.2,0,0,0,0,1,1,15,31.0390766,-103.514852,2322,2026,6,20,23,46,55,839,1640,116,59,0.8,0.4,0.7,37,37,32,0,0,0,0,21,0,35,0,38,0,0,0,0,0,0,0,0,0,0,23,0,31,37,0,39,0,0,42,38
6,16410,3,KR4MFM,18.9,5,   coast,-11.06,77270,2228.04,1325.22,0,52.7,4.19,4.2,4.11,-0.48,0.04,0.15,32.12,2.64,2.87,0.48,-0.14,-0.45,72.02,4.2,0,0,0,0,1,1,15,31.0390766,-103.514852,2322,2026,6,20,23,46,55,839,1640,116,59,0.8,0.4,0.7,37,37,32,0,0,0,0,21,0,35,0,38,0,0,0,0,0,0,0,0,0,0,23,0,31,37,0,39,0,0,42,38
6,16410,3,KR4MFM,18.91,5,   coast,-11.06,77279,2227.11,1324.29,0,52.7,4.19,4.2,4.11,-0.53,0.07,0.17,32.73,2.58,3.24,0.48,-0.14,-0.45,72.06,4.2,0,0,0,0,1,1,15,31.0390766,-103.514852,2322,2026,6,20,23,46,55,839,1640,116,59,0.8,0.4,0.7,37,37,32,0,0,0,0,21,0,35,0,38,0,0,0,0,0,0,0,0,0,0,23,0,31,37,0,39,0,0,42,38
6,16410,3,KR4MFM,18.92,5,   coast,-11.57,77279,2227.11,1324.29,0,52.7,4.19,4.2,4.11,-0.5,0.17,0.11,33.1,2.82,3.18,0.48,-0.14,-0.45,72.1,4.2,0,0,0,0,1,1,15,31.0390766,-103.514852,2322,2026,6,20,23,46,55,839,1640,116,59,0.8,0.4,0.7,37,37,32,0,0,0,0,21,0,35,0,38,0,0,0,0,0,0,0,0,0,0,23,0,31,37,0,39,0,0,42,38
6,16410,3,KR4MFM,18.93,5,   coast,-12.07,77272,2227.84,1325.01,0,52.7,4.19,4.2,4.11,-0.55,0.17,0.03,33.65,2.39,3.36,0.48,-0.14,-0.45,72.14,4.2,0,0,0,0,1,1,15,31.0390766,-103.514852,2322,2026,6,20,23,46,55,839,1640,116,59,0.8,0.4,0.7,37,37,32,0,0,0,0,21,0,35,0,38,0,0,0,0,0,0,0,0,0,0,23,0,31,37,0,39,0,0,42,38
6,16410,3,KR4MFM,18.94,5,   coast,-11.57,77272,2227.84,1325.01,0,52.7,4.19,4.2,4.11,-0.52,0.11,0.09,34.26,2.45,3.42,0.48,-0.14,-0.45,72.18,4.2,0,0,0,0,1,1,15,31.0390766,-103.514852,2322,2026,6,20,23,46,55,839,1640,116,59,0.8,0.4,0.7,37,37,32,0,0,0,0,21,0,35,0,38,0,0,0,0,0,0,0,0,0,0,23,0,31,37,0,39,0,0,42,38
6,16410,3,KR4MFM,18.95,5,   coast,-10.56,77272,2227.84,1325.01,0,52.7,4.19,4.2,4.11,-0.5,0.04,0.08,34.26,1.97,3.3,0.48,-0.15,-0.45,72.21,4.2,0,0,0,0,1,1,15,31.0390766,-103.514852,2322,2026,6,20,23,46,55,839,1640,116,59,0.8,0.4,0.7,37,37,32,0,0,0,0,21,0,35,0,38,0,0,0,0,0,0,0,0,0,0,23,0,31,37,0,39,0,0,42,38
6,16410,3,KR4MFM,18.96,5,   coast,-9.05,77272,2227.84,1325.01,0,52.7,4.19,4.2,4.11,-0.47,0,0.06,34.99,2.21,3.73,0.48,-0.15,-0.45,72.25,4.2,0,0,0,0,1,1,15,31.0390766,-103.514852,2322,2026,6,20,23,46,55,839,1640,116,59,0.8,0.4,0.7,37,37,32,0,0,0,0,21,0,35,0,38,0,0,0,0,0,0,0,0,0,0,23,0,31,37,0,39,0,0,42,38
6,16410,3,KR4MFM,18.97,5,   coast,-10.56,77270,2228.04,1325.22,0,52.7,4.19,4.2,4.11,-0.49,0.04,0.09,36.09,2.21,4.21,0.48,-0.15,-0.45,72.29,4.2,0,0,0,0,1,1,15,31.0390766,-103.514852,2322,2026,6,20,23,46,55,839,1640,116,59,0.8,0.4,0.7,37,37,32,0,0,0,0,21,0,35,0,38,0,0,0,0,0,0,0,0,0,0,23,0,31,37,0,39,0,0,42,38
6,16410,3,KR4MFM,18.98,5,   coast,-12.57,77270,2228.04,1325.22,0,52.7,4.19,4.2,4.11,-0.52,0.07,0.14,36.58,2.45,4.09,0.48,-0.16,-0.45,72.34,4.2,0,0,0,0,1,1,15,31.0390766,-103.514852,2322,2026,6,20,23,46,55,839,1640,116,59,0.8,0.4,0.7,37,37,32,0,0,0,0,21,0,35,0,38,0,0,0,0,0,0,0,0,0,0,23,0,31,37,0,39,0,0,42,38
6,16410,3,KR4MFM,18.99,5,   coast,-10.06,77262,2228.87,1326.05,0,52.7,4.19,4.2,4.11,-0.53,0.2,0.04,37.37,2.15,4.4,0.48,-0.16,-0.45,72.38,4.2,0,0,0,0,1,1,15,31.0390766,-103.514852,2322,2026,6,20,23,46,55,839,1640,116,59,0.8,0.4,0.7,37,37,32,0,0,0,0,21,0,35,0,38,0,0,0,0,0,0,0,0,0,0,23,0,31,37,0,39,0,0,42,38
6,16410,3,KR4MFM,19,5,   coast,-12.07,77262,2228.87,1326.05,0,52.7,4.19,4.2,4.11,-0.52,0.18,0.1,38.1,1.84,4.46,0.48,-0.16,-0.45,72.42,4.2,0,0,0,0,1,1,15,31.0390766,-103.514852,2322,2026,6,20,23,46,55,839,1640,116,59,0.8,0.4,0.7,37,37,32,0,0,0,0,21,0,35,0,38,0,0,0,0,0,0,0,0,0,0,23,0,31,37,0,39,0,0,42,38
6,16410,3,KR4MFM,19,5,   coast,-12.07,77262,2228.87,1326.05,0,52.7,4.19,4.2,4.11,-0.52,0.18,0.1,38.1,1.84,4.46,0.48,-0.16,-0.45,72.42,4.2,0,0,0,0,1,1,15,31.0390766,-103.514852,2322,2026,6,20,23,46,55,839,1640,116,59,0.8,0.4,0.7,37,37,32,0,0,0,0,21,0,35,0,38,0,0,0,0,0,0,0,0,0,0,23,0,31,37,0,39,0,0,42,38
6,16410,3,KR4MFM,19,5,   coast,-12.07,77262,2228.87,1326.05,0,52.7,4.19,4.2,4.11,-0.52,0.18,0.1,38.1,1.84,4.46,0.48,-0.16,-0.45,72.42,4.2,0,0,0,0,1,1,15,31.0390766,-103.514852,2322,2026,6,20,23,46,55,839,1640,116,59,0.8,0.4,0.7,37,37,32,0,0,0,0,21,0,35,0,38,0,0,0,0,0,0,0,0,0,0,23,0,31,37,0,39,0,0,42,38
6,16410,3,KR4MFM,19.01,5,   coast,-10.56,77261,2228.98,1326.15,0,52.7,4.19,4.2,4.11,-0.52,0.15,0.07,38.29,2.09,4.52,0.48,-0.16,-0.45,72.47,4.2,0,0,0,0,1,1,15,31.0388251,-103.5142567,2348,2026,6,20,23,46,56,903,1695,116,58,0.8,0.4,0.7,35,39,30,0,0,0,0,23,0,30,0,37,0,0,0,0,0,0,0,0,0,0,28,0,31,40,0,38,0,0,41,40
6,16410,3,KR4MFM,19.02,5,   coast,-11.57,77261,2228.98,1326.15,0,52.7,4.19,4.2,4.11,-0.51,0.11,0.08,39.02,2.39,4.46,0.48,-0.17,-0.45,72.51,4.2,0,0,0,0,1,1,15,31.0388251,-103.5142567,2348,2026,6,20,23,46,56,903,1695,116,58,0.8,0.4,0.7,35,39,30,0,0,0,0,23,0,30,0,37,0,0,0,0,0,0,0,0,0,0,28,0,31,40,0,38,0,0,41,40
6,16410,3,KR4MFM,19.03,5,   coast,-11.57,77249,2230.22,1327.4,0,52.7,4.19,4.2,4.11,-0.52,0.09,0.11,40.06,2.33,4.64,0.48,-0.17,-0.45,72.56,4.2,0,0,0,0,1,1,15,31.0388251,-103.5142567,2348,2026,6,20,23,46,56,903,1695,116,58,0.8,0.4,0.7,35,39,30,0,0,0,0,23,0,30,0,37,0,0,0,0,0,0,0,0,0,0,28,0,31,40,0,38,0,0,41,40
6,16410,3,KR4MFM,19.04,5,   coast,-11.06,77249,2230.22,1327.4,0,52.7,4.19,4.2,4.11,-0.52,0.11,0.11,40.67,2.39,4.95,0.48,-0.17,-0.45,72.61,4.2,0,0,0,0,1,1,15,31.0388251,-103.5142567,2348,2026,6,20,23,46,56,903,1695,116,58,0.8,0.4,0.7,35,39,30,0,0,0,0,23,0,30,0,37,0,0,0,0,0,0,0,0,0,0,28,0,31,40,0,38,0,0,41,40
6,16410,3,KR4MFM,19.05,5,   coast,-10.56,77247,2230.43,1327.61,0,52.7,4.19,4.2,4.11,-0.51,0.11,0.13,41.21,2.76,5.13,0.48,-0.18,-0.45,72.66,4.2,0,0,0,0,1,1,15,31.0388251,-103.5142567,2348,2026,6,20,23,46,56,903,1695,116,58,0.8,0.4,0.7,35,39,30,0,0,0,0,23,0,30,0,37,0,0,0,0,0,0,0,0,0,0,28,0,31,40,0,38,0,0,41,40
6,16410,3,KR4MFM,19.06,5,   coast,-11.06,77247,2230.43,1327.61,0,52.7,4.19,4.2,4.11,-0.51,0.17,0.05,42.13,2.39,5.31,0.48,-0.18,-0.45,72.72,4.2,0,0,0,0,1,1,15,31.0388251,-103.5142567,2348,2026,6,20,23,46,56,903,1695,116,58,0.8,0.4,0.7,35,39,30,0,0,0,0,23,0,30,0,37,0,0,0,0,0,0,0,0,0,0,28,0,31,40,0,38,0,0,41,40
6,16410,3,KR4MFM,19.07,5,   coast,-9.56,77234,2231.78,1328.95,0,52.7,4.19,4.2,4.11,-0.5,0.14,0.04,42.92,2.27,5.44,0.48,-0.18,-0.45,72.77,4.2,0,0,0,0,1,1,15,31.0388251,-103.5142567,2348,2026,6,20,23,46,56,903,1695,116,58,0.8,0.4,0.7,35,39,30,0,0,0,0,23,0,30,0,37,0,0,0,0,0,0,0,0,0,0,28,0,31,40,0,38,0,0,41,40
6,16410,3,KR4MFM,19.08,5,   coast,-11.06,77234,2231.78,1328.95,0,52.7,4.19,4.2,4.11,-0.52,0.05,0.03,43.72,2.64,5.5,0.48,-0.19,-0.45,72.82,4.2,0,0,0,0,1,1,15,31.0388251,-103.5142567,2348,2026,6,20,23,46,56,903,1695,116,58,0.8,0.4,0.7,35,39,30,0,0,0,0,23,0,30,0,37,0,0,0,0,0,0,0,0,0,0,28,0,31,40,0,38,0,0,41,40
6,16410,3,KR4MFM,19.09,5,   coast,-11.06,77260,2229.08,1326.26,0,52.7,4.19,4.2,4.11,-0.54,0.06,0.06,44.57,2.33,5.98,0.47,-0.19,-0.44,72.88,4.2,0,0,0,0,1,1,15,31.0388251,-103.5142567,2348,2026,6,20,23,46,56,903,1695,116,58,0.8,0.4,0.7,35,39,30,0,0,0,0,23,0,30,0,37,0,0,0,0,0,0,0,0,0,0,28,0,31,40,0,38,0,0,41,40
6,16410,3,KR4MFM,19.1,5,   coast,-11.06,77260,2229.08,1326.26,0,52.7,4.19,4.2,4.11,-0.48,0.13,0.06,44.75,2.45,6.41,0.47,-0.19,-0.44,72.94,4.2,0,0,0,0,1,1,15,31.0388251,-103.5142567,2348,2026,6,20,23,46,56,903,1695,116,58,0.8,0.4,0.7,35,39,30,0,0,0,0,23,0,30,0,37,0,0,0,0,0,0,0,0,0,0,28,0,31,40,0,38,0,0,41,40
6,16410,3,KR4MFM,19.11,5,   coast,-10.06,77236,2231.57,1328.75,0,52.7,4.19,4.2,4.11,-0.52,0.17,0.11,44.88,2.58,6.17,0.48,-0.2,-0.45,73,4.2,0,0,0,0,1,1,15,31.0388251,-103.5142567,2348,2026,6,20,23,46,56,903,1695,116,58,0.8,0.4,0.7,35,39,30,0,0,0,0,23,0,30,0,37,0,0,0,0,0,0,0,0,0,0,28,0,31,40,0,38,0,0,41,40
6,16410,3,KR4MFM,19.12,5,   coast,-12.07,77236,2231.57,1328.75,0,52.7,4.19,4.2,4.11,-0.5,0.09,0.13,44.63,2.45,6.41,0.48,-0.2,-0.45,73.06,4.2,0,0,0,0,1,1,15,31.0388251,-103.5142567,2348,2026,6,20,23,46,56,903,1695,116,58,0.8,0.4,0.7,35,39,30,0,0,0,0,23,0,30,0,37,0,0,0,0,0,0,0,0,0,0,28,0,31,40,0,38,0,0,41,40
6,16410,3,KR4MFM,19.13,5,   coast,-10.06,77233,2231.88,1329.06,0,52.7,4.19,4.2,4.11,-0.52,0.05,0.03,45.37,2.21,6.23,0.47,-0.21,-0.44,73.12,4.2,0,0,0,0,1,1,15,31.0388251,-103.5142567,2348,2026,6,20,23,46,56,903,1695,116,58,0.8,0.4,0.7,35,39,30,0,0,0,0,23,0,30,0,37,0,0,0,0,0,0,0,0,0,0,28,0,31,40,0,38,0,0,41,40
6,16410,3,KR4MFM,19.14,5,   coast,-11.06,77233,2231.88,1329.06,0,52.7,4.19,4.2,4.11,-0.55,0,0.05,44.94,2.64,6.53,0.47,-0.21,-0.44,73.19,4.2,0,0,0,0,1,1,15,31.0388251,-103.5142567,2348,2026,6,20,23,46,56,903,1695,116,58,0.8,0.4,0.7,35,39,30,0,0,0,0,23,0,30,0,37,0,0,0,0,0,0,0,0,0,0,28,0,31,40,0,38,0,0,41,40
6,16410,3,KR4MFM,19.15,5,   coast,-12.07,77225,2232.71,1329.89,0,52.7,4.19,4.2,4.11,-0.5,0.06,0.08,44.94,2.52,6.84,0.47,-0.21,-0.44,73.25,4.2,0,0,0,0,1,1,15,31.0388251,-103.5142567,2348,2026,6,20,23,46,56,903,1695,116,58,0.8,0.4,0.7,35,39,30,0,0,0,0,23,0,30,0,37,0,0,0,0,0,0,0,0,0,0,28,0,31,40,0,38,0,0,41,40
6,16410,3,KR4MFM,19.16,5,   coast,-10.56,77225,2232.71,1329.89,0,52.7,4.19,4.2,4.11,-0.49,0.06,0.14,45.55,2.39,7.08,0.48,-0.21,-0.45,73.32,4.2,0,0,0,0,1,1,15,31.0388251,-103.5142567,2348,2026,6,20,23,46,56,903,1695,116,58,0.8,0.4,0.7,35,39,30,0,0,0,0,23,0,30,0,37,0,0,0,0,0,0,0,0,0,0,28,0,31,40,0,38,0,0,41,40
6,16410,3,KR4MFM,19.17,5,   coast,-11.57,77228,2232.4,1329.58,0,52.7,4.19,4.2,4.11,-0.5,0.17,0.04,45.79,2.7,7.21,0.47,-0.22,-0.44,73.39,4.2,0,0,0,0,1,1,15,31.0388251,-103.5142567,2348,2026,6,20,23,46,56,903,1695,116,58,0.8,0.4,0.7,35,39,30,0,0,0,0,23,0,30,0,37,0,0,0,0,0,0,0,0,0,0,28,0,31,40,0,38,0,0,41,40
6,16410,3,KR4MFM,19.18,5,   coast,-9.56,77228,2232.4,1329.58,0,52.7,4.19,4.2,4.11,-0.52,0.14,0.05,46.1,2.82,7.02,0.47,-0.22,-0.44,73.46,4.2,0,0,0,0,1,1,15,31.0388251,-103.5142567,2348,2026,6,20,23,46,56,903,1695,116,58,0.8,0.4,0.7,35,39,30,0,0,0,0,23,0,30,0,37,0,0,0,0,0,0,0,0,0,0,28,0,31,40,0,38,0,0,41,40
6,16410,3,KR4MFM,19.19,5,   coast,-11.57,77231,2232.09,1329.26,0,52.7,4.19,4.2,4.11,-0.55,0.04,0.09,46.46,3,6.9,0.48,-0.23,-0.44,73.53,4.2,0,0,0,0,1,1,15,31.0388251,-103.5142567,2348,2026,6,20,23,46,56,903,1695,116,58,0.8,0.4,0.7,35,39,30,0,0,0,0,23,0,30,0,37,0,0,0,0,0,0,0,0,0,0,28,0,31,40,0,38,0,0,41,40
6,16410,3,KR4MFM,19.2,5,   coast,-11.06,77231,2232.09,1329.26,0,52.7,4.19,4.2,4.11,-0.52,-0.02,0.02,47.2,2.64,6.59,0.47,-0.23,-0.44,73.59,4.2,0,0,0,0,1,1,15,31.0388251,-103.5142567,2348,2026,6,20,23,46,56,903,1695,116,58,0.8,0.4,0.7,35,39,30,0,0,0,0,23,0,30,0,37,0,0,0,0,0,0,0,0,0,0,28,0,31,40,0,38,0,0,41,40
6,16410,3,KR4MFM,19.21,5,   coast,-12.57,77210,2234.27,1331.44,0,52.7,4.19,4.2,4.11,-0.55,-0.04,0.04,47.68,2.7,7.14,0.47,-0.23,-0.44,73.67,4.2,0,0,0,0,1,1,15,31.0388251,-103.5142567,2348,2026,6,20,23,46,56,903,1695,116,58,0.8,0.4,0.7,35,39,30,0,0,0,0,23,0,30,0,37,0,0,0,0,0,0,0,0,0,0,28,0,31,40,0,38,0,0,41,40
6,16410,3,KR4MFM,19.22,5,   coast,-11.06,77210,2234.27,1331.44,0,52.7,4.2,4.2,4.11,-0.53,0.01,0.1,48.36,2.76,7.63,0.47,-0.24,-0.44,73.74,4.2,0,0,0,0,1,1,15,31.0388251,-103.5142567,2348,2026,6,20,23,46,56,903,1695,116,58,0.8,0.4,0.7,35,39,30,0,0,0,0,23,0,30,0,37,0,0,0,0,0,0,0,0,0,0,28,0,31,40,0,38,0,0,41,40
6,16410,3,KR4MFM,19.22,5,   coast,-11.06,77210,2234.27,1331.44,0,52.7,4.2,4.2,4.11,-0.53,0.01,0.1,48.36,2.76,7.63,0.47,-0.24,-0.44,73.74,4.2,0,0,0,0,1,1,15,31.0388251,-103.5142567,2348,2026,6,20,23,46,56,903,1695,116,58,0.8,0.4,0.7,35,39,30,0,0,0,0,23,0,30,0,37,0,0,0,0,0,0,0,0,0,0,28,0,31,40,0,38,0,0,41,40
6,16410,3,KR4MFM,19.23,5,   coast,-11.06,77233,2231.88,1329.06,0,52.7,4.2,4.2,4.11,-0.5,0.09,0.06,48.72,3.13,7.27,0.47,-0.24,-0.44,73.81,4.2,0,0,0,0,1,1,15,31.0388251,-103.5142567,2348,2026,6,20,23,46,56,903,1695,116,58,0.8,0.4,0.7,35,39,30,0,0,0,0,23,0,30,0,37,0,0,0,0,0,0,0,0,0,0,28,0,31,40,0,38,0,0,41,40
6,16410,3,KR4MFM,19.24,5,   coast,-11.57,77233,2231.88,1329.06,0,52.7,4.2,4.2,4.11,-0.5,0.17,0.05,48.78,2.82,7.57,0.47,-0.25,-0.43,73.89,4.2,0,0,0,0,1,1,15,31.0388251,-103.5142567,2348,2026,6,20,23,46,56,903,1695,116,58,0.8,0.4,0.7,35,39,30,0,0,0,0,23,0,30,0,37,0,0,0,0,0,0,0,0,0,0,28,0,31,40,0,38,0,0,41,40
6,16410,3,KR4MFM,19.25,5,   coast,-12.07,77205,2234.79,1331.96,0,52.7,4.2,4.2,4.11,-0.49,0.04,0.03,48.6,3.13,6.96,0.47,-0.25,-0.43,73.96,4.2,0,0,0,0,1,1,15,31.0388251,-103.5142567,2348,2026,6,20,23,46,56,903,1695,116,58,0.8,0.4,0.7,35,39,30,0,0,0,0,23,0,30,0,37,0,0,0,0,0,0,0,0,0,0,28,0,31,40,0,38,0,0,41,40
6,16410,3,KR4MFM,19.26,5,   coast,-10.56,77205,2234.79,1331.96,0,52.7,4.2,4.2,4.11,-0.5,-0.01,0.01,48.6,3.19,7.21,0.47,-0.25,-0.43,74.04,4.2,0,0,0,0,1,1,15,31.0388251,-103.5142567,2348,2026,6,20,23,46,56,903,1695,116,58,0.8,0.4,0.7,35,39,30,0,0,0,0,23,0,30,0,37,0,0,0,0,0,0,0,0,0,0,28,0,31,40,0,38,0,0,41,40
6,16410,3,KR4MFM,19.27,5,   coast,-12.07,77209,2234.37,1331.55,0,52.7,4.2,4.2,4.11,-0.51,-0.02,0.06,48.48,2.76,7.51,0.47,-0.25,-0.44,74.11,4.2,0,0,0,0,1,1,15,31.0388251,-103.5142567,2348,2026,6,20,23,46,56,903,1695,116,58,0.8,0.4,0.7,35,39,30,0,0,0,0,23,0,30,0,37,0,0,0,0,0,0,0,0,0,0,28,0,31,40,0,38,0,0,41,40
6,16410,3,KR4MFM,19.28,5,   coast,-12.07,77209,2234.37,1331.55,0,52.7,4.2,4.2,4.11,-0.5,-0.05,0.15,47.93,2.82,7.51,0.47,-0.26,-0.43,74.19,4.2,0,0,0,0,1,1,15,31.0388251,-103.5142567,2348,2026,6,20,23,46,56,903,1695,116,58,0.8,0.4,0.7,35,39,30,0,0,0,0,23,0,30,0,37,0,0,0,0,0,0,0,0,0,0,28,0,31,40,0,38,0,0,41,40
6,16410,3,KR4MFM,19.29,5,   coast,-11.06,77207,2234.58,1331.75,0,52.7,4.2,4.2,4.11,-0.48,0.12,0.05,47.56,3.74,7.33,0.47,-0.26,-0.43,74.27,4.2,0,0,0,0,1,1,15,31.0388251,-103.5142567,2348,2026,6,20,23,46,56,903,1695,116,58,0.8,0.4,0.7,35,39,30,0,0,0,0,23,0,30,0,37,0,0,0,0,0,0,0,0,0,0,28,0,31,40,0,38,0,0,41,40
6,16410,3,KR4MFM,19.3,5,   coast,-10.06,77207,2234.58,1331.75,0,52.7,4.2,4.2,4.11,-0.52,0.13,0.01,47.75,3.8,7.08,0.47,-0.27,-0.43,74.35,4.2,0,0,0,0,1,1,15,31.0388251,-103.5142567,2348,2026,6,20,23,46,56,903,1695,116,58,0.8,0.4,0.7,35,39,30,0,0,0,0,23,0,30,0,37,0,0,0,0,0,0,0,0,0,0,28,0,31,40,0,38,0,0,41,40
6,16410,3,KR4MFM,19.31,5,   coast,-12.07,77212,2234.06,1331.24,0,52.7,4.2,4.2,4.11,-0.51,0.17,-0.07,47.68,3.19,6.84,0.47,-0.27,-0.43,74.42,4.2,0,0,0,0,1,1,15,31.0388251,-103.5142567,2348,2026,6,20,23,46,56,903,1695,116,58,0.8,0.4,0.7,35,39,30,0,0,0,0,23,0,30,0,37,0,0,0,0,0,0,0,0,0,0,28,0,31,40,0,38,0,0,41,40
6,16410,3,KR4MFM,19.32,5,   coast,-13.08,77212,2234.06,1331.24,0,52.7,4.2,4.2,4.11,-0.5,0.01,-0.04,47.2,3.13,6.53,0.47,-0.27,-0.43,74.49,4.2,0,0,0,0,1,1,15,31.0388251,-103.5142567,2348,2026,6,20,23,46,56,903,1695,116,58,0.8,0.4,0.7,35,39,30,0,0,0,0,23,0,30,0,37,0,0,0,0,0,0,0,0,0,0,28,0,31,40,0,38,0,0,41,40
6,16410,3,KR4MFM,19.33,5,   coast,-12.57,77206,2234.68,1331.86,0,52.7,4.2,4.2,4.11,-0.45,-0.11,0.09,46.53,3.31,6.59,0.47,-0.28,-0.43,74.56,4.2,0,0,0,0,1,1,15,31.0388251,-103.5142567,2348,2026,6,20,23,46,56,903,1695,116,58,0.8,0.4,0.7,35,39,30,0,0,0,0,23,0,30,0,37,0,0,0,0,0,0,0,0,0,0,28,0,31,40,0,38,0,0,41,40
6,16410,3,KR4MFM,19.34,5,   coast,-12.07,77206,2234.68,1331.86,0,52.7,4.2,4.2,4.11,-0.5,-0.17,0.13,46.16,3.43,6.9,0.47,-0.28,-0.43,74.64,4.2,0,0,0,0,1,1,15,31.0388251,-103.5142567,2348,2026,6,20,23,46,56,903,1695,116,58,0.8,0.4,0.7,35,39,30,0,0,0,0,23,0,30,0,37,0,0,0,0,0,0,0,0,0,0,28,0,31,40,0,38,0,0,41,40
6,16410,3,KR4MFM,19.35,5,   coast,-11.06,77190,2236.34,1333.52,0,52.7,4.2,4.2,4.11,-0.5,0.01,0.12,45.85,3.55,7.21,0.47,-0.29,-0.42,74.72,4.2,0,0,0,0,1,1,15,31.0388251,-103.5142567,2348,2026,6,20,23,46,56,903,1695,116,58,0.8,0.4,0.7,35,39,30,0,0,0,0,23,0,30,0,37,0,0,0,0,0,0,0,0,0,0,28,0,31,40,0,38,0,0,41,40
6,16410,3,KR4MFM,19.36,5,   coast,-11.57,77190,2236.34,1333.52,0,52.7,4.2,4.2,4.11,-0.52,0.04,-0.02,45.37,3.92,6.66,0.47,-0.29,-0.42,74.8,4.2,0,0,0,0,1,1,15,31.0388251,-103.5142567,2348,2026,6,20,23,46,56,903,1695,116,58,0.8,0.4,0.7,35,39,30,0,0,0,0,23,0,30,0,37,0,0,0,0,0,0,0,0,0,0,28,0,31,40,0,38,0,0,41,40
6,16410,3,KR4MFM,19.37,5,   coast,-12.07,77191,2236.24,1333.41,0,52.7,4.2,4.2,4.11,-0.54,0.14,-0.06,45.06,4.35,6.66,0.47,-0.29,-0.42,74.88,4.2,0,0,0,0,1,1,15,31.0388251,-103.5142567,2348,2026,6,20,23,46,56,903,1695,116,58,0.8,0.4,0.7,35,39,30,0,0,0,0,23,0,30,0,37,0,0,0,0,0,0,0,0,0,0,28,0,31,40,0,38,0,0,41,40
6,16410,3,KR4MFM,19.38,5,   coast,-12.07,77191,2236.24,1333.41,0,52.7,4.2,4.2,4.11,-0.53,0.14,-0.08,44.21,4.1,5.98,0.47,-0.29,-0.42,74.95,4.2,0,0,0,0,1,1,15,31.0388251,-103.5142567,2348,2026,6,20,23,46,56,903,1695,116,58,0.8,0.4,0.7,35,39,30,0,0,0,0,23,0,30,0,37,0,0,0,0,0,0,0,0,0,0,28,0,31,40,0,38,0,0,41,40
6,16410,3,KR4MFM,19.39,5,   coast,-10.06,77193,2236.03,1333.21,0,52.7,4.2,4.2,4.11,-0.54,0.06,0.09,44.02,4.16,5.92,0.47,-0.3,-0.42,75.02,4.2,0,0,0,0,1,1,15,31.0388251,-103.5142567,2348,2026,6,20,23,46,56,903,1695,116,58,0.8,0.4,0.7,35,39,30,0,0,0,0,23,0,30,0,37,0,0,0,0,0,0,0,0,0,0,28,0,31,40,0,38,0,0,41,40
6,16410,3,KR4MFM,19.4,5,   coast,-10.06,77193,2236.03,1333.21,0,52.7,4.2,4.2,4.11,-0.51,-0.09,0.13,43.41,4.04,5.62,0.47,-0.3,-0.42,75.09,4.2,0,0,0,0,1,1,15,31.0388251,-103.5142567,2348,2026,6,20,23,46,56,903,1695,116,58,0.8,0.4,0.7,35,39,30,0,0,0,0,23,0,30,0,37,0,0,0,0,0,0,0,0,0,0,28,0,31,40,0,38,0,0,41,40
6,16410,3,KR4MFM,19.41,5,   coast,-10.56,77179,2237.48,1334.66,0,52.7,4.2,4.2,4.11,-0.47,-0.01,0.06,43.29,4.77,5.74,0.47,-0.3,-0.42,75.16,4.2,0,0,0,0,1,1,15,31.0388251,-103.5142567,2348,2026,6,20,23,46,56,903,1695,116,58,0.8,0.4,0.7,35,39,30,0,0,0,0,23,0,30,0,37,0,0,0,0,0,0,0,0,0,0,28,0,31,40,0,38,0,0,41,40
6,16410,3,KR4MFM,19.42,5,   coast,-10.06,77179,2237.48,1334.66,0,52.7,4.2,4.2,4.11,-0.5,0.06,-0.02,42.74,4.96,5.74,0.47,-0.3,-0.42,75.24,4.2,0,0,0,0,1,1,15,31.0388251,-103.5142567,2348,2026,6,20,23,46,56,903,1695,116,58,0.8,0.4,0.7,35,39,30,0,0,0,0,23,0,30,0,37,0,0,0,0,0,0,0,0,0,0,28,0,31,40,0,38,0,0,41,40
6,16410,3,KR4MFM,19.43,5,   coast,-10.06,77180,2237.38,1334.56,0,52.7,4.2,4.2,4.11,-0.52,0.14,-0.11,42.19,4.83,5.68,0.46,-0.31,-0.41,75.31,4.2,0,0,0,0,1,1,15,31.0388251,-103.5142567,2348,2026,6,20,23,46,56,903,1695,116,58,0.8,0.4,0.7,35,39,30,0,0,0,0,23,0,30,0,37,0,0,0,0,0,0,0,0,0,0,28,0,31,40,0,38,0,0,41,40
6,16410,3,KR4MFM,19.44,5,   coast,-11.06,77180,2237.38,1334.56,0,52.7,4.2,4.2,4.11,-0.52,0.15,-0.06,41.7,5.02,5.5,0.46,-0.31,-0.42,75.39,4.2,0,0,0,0,1,1,15,31.0388251,-103.5142567,2348,2026,6,20,23,46,56,903,1695,116,58,0.8,0.4,0.7,35,39,30,0,0,0,0,23,0,30,0,37,0,0,0,0,0,0,0,0,0,0,28,0,31,40,0,38,0,0,41,40
6,16410,3,KR4MFM,19.45,5,   coast,-12.07,77161,2239.35,1336.53,0,52.7,4.2,4.2,4.11,-0.51,0.14,0.01,41.46,5.02,4.89,0.46,-0.32,-0.41,75.45,4.2,0,0,0,0,1,1,15,31.0388251,-103.5142567,2348,2026,6,20,23,46,56,903,1695,116,58,0.8,0.4,0.7,35,39,30,0,0,0,0,23,0,30,0,37,0,0,0,0,0,0,0,0,0,0,28,0,31,40,0,38,0,0,41,40
6,16410,3,KR4MFM,19.46,5,   coast,-10.06,77161,2239.35,1336.53,0,52.7,4.2,4.2,4.11,-0.47,-0.02,0.01,41.03,5.38,4.7,0.46,-0.32,-0.41,75.52,4.2,0,0,0,0,1,1,15,31.0388251,-103.5142567,2348,2026,6,20,23,46,56,903,1695,116,58,0.8,0.4,0.7,35,39,30,0,0,0,0,23,0,30,0,37,0,0,0,0,0,0,0,0,0,0,28,0,31,40,0,38,0,0,41,40
6,16410,3,KR4MFM,19.47,5,   coast,-10.56,77174,2238,1335.18,0,52.7,4.2,4.2,4.11,-0.51,-0.02,0.03,40.54,5.69,4.95,0.46,-0.32,-0.41,75.6,4.2,0,0,0,0,1,1,15,31.0388251,-103.5142567,2348,2026,6,20,23,46,56,903,1695,116,58,0.8,0.4,0.7,35,39,30,0,0,0,0,23,0,30,0,37,0,0,0,0,0,0,0,0,0,0,28,0,31,40,0,38,0,0,41,40
6,16410,3,KR4MFM,19.48,5,   coast,-11.57,77174,2238,1335.18,0,52.7,4.2,4.2,4.11,-0.5,-0.05,0.06,40.18,5.99,4.89,0.46,-0.32,-0.41,75.67,4.2,0,0,0,0,1,1,15,31.0388251,-103.5142567,2348,2026,6,20,23,46,56,903,1695,116,58,0.8,0.4,0.7,35,39,30,0,0,0,0,23,0,30,0,37,0,0,0,0,0,0,0,0,0,0,28,0,31,40,0,38,0,0,41,40
6,16410,3,KR4MFM,19.49,5,   coast,-10.56,77178,2237.59,1334.76,0,52.7,4.2,4.2,4.11,-0.5,0.02,0.01,40.12,5.75,4.95,0.46,-0.33,-0.41,75.74,4.2,0,0,0,0,1,1,15,31.0388251,-103.5142567,2348,2026,6,20,23,46,56,903,1695,116,58,0.8,0.4,0.7,35,39,30,0,0,0,0,23,0,30,0,37,0,0,0,0,0,0,0,0,0,0,28,0,31,40,0,38,0,0,41,40
6,16410,3,KR4MFM,19.5,5,   coast,-10.56,77178,2237.59,1334.76,0,52.7,4.2,4.2,4.11,-0.53,0.17,-0.01,40.36,5.69,4.82,0.46,-0.33,-0.41,75.81,4.2,0,0,0,0,1,1,15,31.0388251,-103.5142567,2348,2026,6,20,23,46,56,903,1695,116,58,0.8,0.4,0.7,35,39,30,0,0,0,0,23,0,30,0,37,0,0,0,0,0,0,0,0,0,0,28,0,31,40,0,38,0,0,41,40
6,16410,3,KR4MFM,19.51,5,   coast,-11.57,77173,2238.11,1335.28,0,52.7,4.2,4.2,4.11,-0.49,0.2,0,39.81,5.93,4.64,0.46,-0.33,-0.41,75.88,4.2,0,0,0,0,1,1,15,31.0388251,-103.5142567,2348,2026,6,20,23,46,56,903,1695,116,58,0.8,0.4,0.7,35,39,30,0,0,0,0,23,0,30,0,37,0,0,0,0,0,0,0,0,0,0,28,0,31,40,0,38,0,0,41,40
6,16410,3,KR4MFM,19.52,5,   coast,-11.06,77173,2238.11,1335.28,0,52.7,4.2,4.2,4.11,-0.5,0.05,0.09,39.38,6.24,4.52,0.46,-0.33,-0.41,75.95,4.2,0,0,0,0,1,1,15,31.0388251,-103.5142567,2348,2026,6,20,23,46,56,903,1695,116,58,0.8,0.4,0.7,35,39,30,0,0,0,0,23,0,30,0,37,0,0,0,0,0,0,0,0,0,0,28,0,31,40,0,38,0,0,41,40
6,16410,3,KR4MFM,19.53,5,   coast,-10.56,77173,2238.11,1335.28,0,52.7,4.2,4.2,4.11,-0.47,-0.02,0.03,39.63,5.87,4.58,0.46,-0.34,-0.41,76.02,4.2,0,0,0,0,1,1,15,31.0388251,-103.5142567,2348,2026,6,20,23,46,56,903,1695,116,58,0.8,0.4,0.7,35,39,30,0,0,0,0,23,0,30,0,37,0,0,0,0,0,0,0,0,0,0,28,0,31,40,0,38,0,0,41,40
6,16410,3,KR4MFM,19.54,5,   coast,-12.07,77173,2238.11,1335.28,0,52.7,4.19,4.19,4.11,-0.5,-0.07,0.11,39.63,6.54,4.64,0.46,-0.34,-0.4,76.09,4.18,0,0,0,0,1,1,15,31.0388251,-103.5142567,2348,2026,6,20,23,46,56,903,1695,116,58,0.8,0.4,0.7,35,39,30,0,0,0,0,23,0,30,0,37,0,0,0,0,0,0,0,0,0,0,28,0,31,40,0,38,0,0,41,40
6,16410,3,KR4MFM,19.54,5,   coast,-12.07,77173,2238.11,1335.28,0,52.7,4.19,4.19,4.11,-0.5,-0.07,0.11,39.63,6.54,4.64,0.46,-0.34,-0.4,76.09,4.18,0,0,0,0,1,1,15,31.0388251,-103.5142567,2348,2026,6,20,23,46,56,903,1695,116,58,0.8,0.4,0.7,35,39,30,0,0,0,0,23,0,30,0,37,0,0,0,0,0,0,0,0,0,0,28,0,31,40,0,38,0,0,41,40
6,16410,3,KR4MFM,19.55,5,   coast,-12.07,77161,2239.35,1336.53,0,52.7,4.19,4.19,4.11,-0.5,0.04,0.01,40.24,6.79,4.82,0.45,-0.34,-0.4,76.16,4.18,0,0,0,0,1,1,15,31.0388251,-103.5142567,2348,2026,6,20,23,46,56,903,1695,116,58,0.8,0.4,0.7,35,39,30,0,0,0,0,23,0,30,0,37,0,0,0,0,0,0,0,0,0,0,28,0,31,40,0,38,0,0,41,40
6,16410,3,KR4MFM,19.56,5,   coast,-12.07,77161,2239.35,1336.53,0,52.7,4.19,4.19,4.11,-0.51,0.15,0.04,40.85,6.42,4.58,0.46,-0.35,-0.4,76.24,4.18,0,0,0,0,1,1,15,31.0388251,-103.5142567,2348,2026,6,20,23,46,56,903,1695,116,58,0.8,0.4,0.7,35,39,30,0,0,0,0,23,0,30,0,37,0,0,0,0,0,0,0,0,0,0,28,0,31,40,0,38,0,0,41,40
6,16410,3,KR4MFM,19.57,5,   coast,-11.57,77164,2239.04,1336.22,0,52.7,4.19,4.19,4.11,-0.49,0.19,0.06,41.4,6.48,4.34,0.45,-0.35,-0.4,76.3,4.18,0,0,0,0,1,1,15,31.0388251,-103.5142567,2348,2026,6,20,23,46,56,903,1695,116,58,0.8,0.4,0.7,35,39,30,0,0,0,0,23,0,30,0,37,0,0,0,0,0,0,0,0,0,0,28,0,31,40,0,38,0,0,41,40
6,16410,3,KR4MFM,19.58,5,   coast,-11.57,77164,2239.04,1336.22,0,52.7,4.19,4.19,4.11,-0.52,0.06,0.08,42.8,6.73,4.52,0.45,-0.35,-0.4,76.37,4.18,0,0,0,0,1,1,15,31.0388251,-103.5142567,2348,2026,6,20,23,46,56,903,1695,116,58,0.8,0.4,0.7,35,39,30,0,0,0,0,23,0,30,0,37,0,0,0,0,0,0,0,0,0,0,28,0,31,40,0,38,0,0,41,40
6,16410,3,KR4MFM,19.59,5,   coast,-10.56,77161,2239.35,1336.53,0,52.7,4.19,4.19,4.11,-0.5,0.01,0.12,42.92,6.6,4.46,0.45,-0.35,-0.4,76.44,4.18,0,0,0,0,1,1,15,31.0388251,-103.5142567,2348,2026,6,20,23,46,56,903,1695,116,58,0.8,0.4,0.7,35,39,30,0,0,0,0,23,0,30,0,37,0,0,0,0,0,0,0,0,0,0,28,0,31,40,0,38,0,0,41,40
6,16410,3,KR4MFM,19.6,5,   coast,-11.06,77161,2239.35,1336.53,0,52.7,4.19,4.19,4.11,-0.52,-0.02,0.14,43.6,6.48,4.64,0.46,-0.36,-0.4,76.51,4.18,0,0,0,0,1,1,15,31.0388251,-103.5142567,2348,2026,6,20,23,46,56,903,1695,116,58,0.8,0.4,0.7,35,39,30,0,0,0,0,23,0,30,0,37,0,0,0,0,0,0,0,0,0,0,28,0,31,40,0,38,0,0,41,40
6,16410,3,KR4MFM,19.61,5,   coast,-12.07,77160,2239.45,1336.63,0,52.7,4.19,4.19,4.11,-0.55,0.11,0.09,44.33,6.79,4.76,0.45,-0.36,-0.39,76.59,4.18,0,0,0,0,1,1,15,31.0388251,-103.5142567,2348,2026,6,20,23,46,56,903,1695,116,58,0.8,0.4,0.7,35,39,30,0,0,0,0,23,0,30,0,37,0,0,0,0,0,0,0,0,0,0,28,0,31,40,0,38,0,0,41,40
6,16410,3,KR4MFM,19.62,5,   coast,-11.57,77160,2239.45,1336.63,0,52.7,4.19,4.19,4.11,-0.49,0.17,0.06,44.94,6.85,4.76,0.45,-0.36,-0.39,76.66,4.18,0,0,0,0,1,1,15,31.0388251,-103.5142567,2348,2026,6,20,23,46,56,903,1695,116,58,0.8,0.4,0.7,35,39,30,0,0,0,0,23,0,30,0,37,0,0,0,0,0,0,0,0,0,0,28,0,31,40,0,38,0,0,41,40
6,16410,3,KR4MFM,19.63,5,   coast,-10.56,77163,2239.14,1336.32,0,52.7,4.19,4.19,4.11,-0.52,0.17,0.1,45.06,6.42,4.76,0.45,-0.37,-0.39,76.73,4.18,0,0,0,0,1,1,15,31.0388251,-103.5142567,2348,2026,6,20,23,46,56,903,1695,116,58,0.8,0.4,0.7,35,39,30,0,0,0,0,23,0,30,0,37,0,0,0,0,0,0,0,0,0,0,28,0,31,40,0,38,0,0,41,40
6,16410,3,KR4MFM,19.64,5,   coast,-9.56,77163,2239.14,1336.32,0,52.7,4.19,4.19,4.11,-0.51,0.12,0.09,45.49,6.36,4.64,0.45,-0.37,-0.39,76.8,4.18,0,0,0,0,1,1,15,31.0388251,-103.5142567,2348,2026,6,20,23,46,56,903,1695,116,58,0.8,0.4,0.7,35,39,30,0,0,0,0,23,0,30,0,37,0,0,0,0,0,0,0,0,0,0,28,0,31,40,0,38,0,0,41,40
6,16410,3,KR4MFM,19.65,5,   coast,-12.57,77145,2241.01,1338.19,0,52.7,4.19,4.19,4.11,-0.48,0.06,0.12,45.67,6.48,4.76,0.45,-0.37,-0.39,76.87,4.18,0,0,0,0,1,1,15,31.0388251,-103.5142567,2348,2026,6,20,23,46,56,903,1695,116,58,0.8,0.4,0.7,35,39,30,0,0,0,0,23,0,30,0,37,0,0,0,0,0,0,0,0,0,0,28,0,31,40,0,38,0,0,41,40
6,16410,3,KR4MFM,19.66,5,   coast,-11.57,77145,2241.01,1338.19,0,52.7,4.19,4.19,4.11,-0.54,0.09,0.12,45.55,6.48,5.07,0.45,-0.38,-0.38,76.94,4.18,0,0,0,0,1,1,15,31.0388251,-103.5142567,2348,2026,6,20,23,46,56,903,1695,116,58,0.8,0.4,0.7,35,39,30,0,0,0,0,23,0,30,0,37,0,0,0,0,0,0,0,0,0,0,28,0,31,40,0,38,0,0,41,40
6,16410,3,KR4MFM,19.67,5,   coast,-11.06,77145,2241.01,1338.19,0,52.7,4.19,4.19,4.11,-0.5,0.13,0.18,45.43,6.18,5.44,0.45,-0.38,-0.38,77.01,4.18,0,0,0,0,1,1,15,31.0388251,-103.5142567,2348,2026,6,20,23,46,56,903,1695,116,58,0.8,0.4,0.7,35,39,30,0,0,0,0,23,0,30,0,37,0,0,0,0,0,0,0,0,0,0,28,0,31,40,0,38,0,0,41,40
6,16410,3,KR4MFM,19.68,5,   coast,-12.07,77145,2241.01,1338.19,0,52.7,4.19,4.19,4.11,-0.52,0.22,0.19,45.67,6.3,5.56,0.45,-0.38,-0.38,77.09,4.18,0,0,0,0,1,1,15,31.0388251,-103.5142567,2348,2026,6,20,23,46,56,903,1695,116,58,0.8,0.4,0.7,35,39,30,0,0,0,0,23,0,30,0,37,0,0,0,0,0,0,0,0,0,0,28,0,31,40,0,38,0,0,41,40
6,16410,3,KR4MFM,19.69,5,   coast,-10.06,77136,2241.95,1339.12,0,52.7,4.19,4.19,4.11,-0.53,0.26,0.15,45.85,6.54,5.5,0.45,-0.39,-0.38,77.17,4.18,0,0,0,0,1,1,15,31.0388251,-103.5142567,2348,2026,6,20,23,46,56,903,1695,116,58,0.8,0.4,0.7,35,39,30,0,0,0,0,23,0,30,0,37,0,0,0,0,0,0,0,0,0,0,28,0,31,40,0,38,0,0,41,40
6,16410,3,KR4MFM,19.7,5,   coast,-11.57,77136,2241.95,1339.12,0,52.7,4.19,4.19,4.11,-0.53,0.2,0.04,45.24,6.3,5.68,0.45,-0.39,-0.38,77.24,4.18,0,0,0,0,1,1,15,31.0388251,-103.5142567,2348,2026,6,20,23,46,56,903,1695,116,58,0.8,0.4,0.7,35,39,30,0,0,0,0,23,0,30,0,37,0,0,0,0,0,0,0,0,0,0,28,0,31,40,0,38,0,0,41,40
6,16410,3,KR4MFM,19.71,5,   coast,-10.06,77137,2241.84,1339.02,0,52.7,4.19,4.19,4.11,-0.52,0.12,0.06,43.96,5.51,5.62,0.45,-0.39,-0.38,77.31,4.18,0,0,0,0,1,1,15,31.0388251,-103.5142567,2348,2026,6,20,23,46,56,903,1695,116,58,0.8,0.4,0.7,35,39,30,0,0,0,0,23,0,30,0,37,0,0,0,0,0,0,0,0,0,0,28,0,31,40,0,38,0,0,41,40
6,16410,3,KR4MFM,19.72,5,   coast,-12.07,77137,2241.84,1339.02,0,52.7,4.19,4.19,4.11,-0.52,0.04,0.14,43.11,5.38,6.05,0.45,-0.39,-0.37,77.39,4.18,0,0,0,0,1,1,15,31.0388251,-103.5142567,2348,2026,6,20,23,46,56,903,1695,116,58,0.8,0.4,0.7,35,39,30,0,0,0,0,23,0,30,0,37,0,0,0,0,0,0,0,0,0,0,28,0,31,40,0,38,0,0,41,40
6,16410,3,KR4MFM,19.73,5,   coast,-11.06,77141,2241.43,1338.6,0,52.7,4.19,4.19,4.11,-0.5,0.2,0.14,42.74,5.2,6.72,0.45,-0.39,-0.37,77.47,4.18,0,0,0,0,1,1,15,31.0388251,-103.5142567,2348,2026,6,20,23,46,56,903,1695,116,58,0.8,0.4,0.7,35,39,30,0,0,0,0,23,0,30,0,37,0,0,0,0,0,0,0,0,0,0,28,0,31,40,0,38,0,0,41,40
6,16410,3,KR4MFM,19.74,5,   coast,-11.57,77141,2241.43,1338.6,0,52.7,4.19,4.19,4.11,-0.5,0.18,0.18,41.76,5.2,6.41,0.45,-0.4,-0.37,77.55,4.18,0,0,0,0,1,1,15,31.0388251,-103.5142567,2348,2026,6,20,23,46,56,903,1695,116,58,0.8,0.4,0.7,35,39,30,0,0,0,0,23,0,30,0,37,0,0,0,0,0,0,0,0,0,0,28,0,31,40,0,38,0,0,41,40
6,16410,3,KR4MFM,19.75,5,   coast,-10.06,77131,2242.46,1339.64,0,52.7,4.19,4.19,4.11,-0.5,0.27,0.1,41.4,5.02,6.78,0.45,-0.4,-0.37,77.63,4.18,0,0,0,0,1,1,15,31.0388251,-103.5142567,2348,2026,6,20,23,46,56,903,1695,116,58,0.8,0.4,0.7,35,39,30,0,0,0,0,23,0,30,0,37,0,0,0,0,0,0,0,0,0,0,28,0,31,40,0,38,0,0,41,40
6,16410,3,KR4MFM,19.76,5,   coast,-12.07,77131,2242.46,1339.64,0,52.7,4.19,4.19,4.11,-0.52,0.22,0.06,40.48,5.32,6.59,0.44,-0.4,-0.37,77.71,4.18,0,0,0,0,1,1,15,31.0388251,-103.5142567,2348,2026,6,20,23,46,56,903,1695,116,58,0.8,0.4,0.7,35,39,30,0,0,0,0,23,0,30,0,37,0,0,0,0,0,0,0,0,0,0,28,0,31,40,0,38,0,0,41,40
6,16410,3,KR4MFM,19.77,5,   coast,-11.06,77122,2243.4,1340.58,0,52.7,4.19,4.19,4.11,-0.49,0.14,0.06,39.63,4.83,6.96,0.44,-0.41,-0.36,77.79,4.18,0,0,0,0,1,1,15,31.0388251,-103.5142567,2348,2026,6,20,23,46,56,903,1695,116,58,0.8,0.4,0.7,35,39,30,0,0,0,0,23,0,30,0,37,0,0,0,0,0,0,0,0,0,0,28,0,31,40,0,38,0,0,41,40
6,16410,3,KR4MFM,19.78,5,   coast,-10.56,77122,2243.4,1340.58,0,52.7,4.19,4.19,4.11,-0.53,0.17,0.1,38.83,4.41,7.08,0.44,-0.41,-0.36,77.87,4.18,0,0,0,0,1,1,15,31.0388251,-103.5142567,2348,2026,6,20,23,46,56,903,1695,116,58,0.8,0.4,0.7,35,39,30,0,0,0,0,23,0,30,0,37,0,0,0,0,0,0,0,0,0,0,28,0,31,40,0,38,0,0,41,40
6,16410,3,KR4MFM,19.79,5,   coast,-10.06,77128,2242.78,1339.95,0,52.7,4.19,4.19,4.11,-0.48,0.15,0.14,37.92,4.1,7.21,0.44,-0.41,-0.36,77.95,4.18,0,0,0,0,1,1,15,31.0388251,-103.5142567,2348,2026,6,20,23,46,56,903,1695,116,58,0.8,0.4,0.7,35,39,30,0,0,0,0,23,0,30,0,37,0,0,0,0,0,0,0,0,0,0,28,0,31,40,0,38,0,0,41,40
6,16410,3,KR4MFM,19.8,5,   coast,-10.06,77128,2242.78,1339.95,0,52.7,4.19,4.19,4.11,-0.51,0.13,0.19,36.82,3.61,7.51,0.44,-0.41,-0.36,78.04,4.18,0,0,0,0,1,1,15,31.0388251,-103.5142567,2348,2026,6,20,23,46,56,903,1695,116,58,0.8,0.4,0.7,35,39,30,0,0,0,0,23,0,30,0,37,0,0,0,0,0,0,0,0,0,0,28,0,31,40,0,38,0,0,41,40
6,16410,3,KR4MFM,19.81,5,   coast,-11.06,77129,2242.67,1339.85,0,52.7,4.19,4.19,4.11,-0.53,0.23,0.19,36.27,4.41,7.88,0.44,-0.41,-0.36,78.12,4.18,0,0,0,0,1,1,15,31.0388251,-103.5142567,2348,2026,6,20,23,46,56,903,1695,116,58,0.8,0.4,0.7,35,39,30,0,0,0,0,23,0,30,0,37,0,0,0,0,0,0,0,0,0,0,28,0,31,40,0,38,0,0,41,40
6,16410,3,KR4MFM,19.82,5,   coast,-9.56,77129,2242.67,1339.85,0,52.7,4.19,4.19,4.11,-0.49,0.22,0.1,35.84,3.92,7.75,0.44,-0.42,-0.36,78.21,4.18,0,0,0,0,1,1,15,31.0388251,-103.5142567,2348,2026,6,20,23,46,56,903,1695,116,58,0.8,0.4,0.7,35,39,30,0,0,0,0,23,0,30,0,37,0,0,0,0,0,0,0,0,0,0,28,0,31,40,0,38,0,0,41,40
6,16410,3,KR4MFM,19.83,5,   coast,-12.07,77123,2243.3,1340.47,0,52.7,4.19,4.19,4.11,-0.56,0.19,0.01,35.42,3.67,8.49,0.44,-0.42,-0.36,78.3,4.18,0,0,0,0,1,1,15,31.0388251,-103.5142567,2348,2026,6,20,23,46,56,903,1695,116,58,0.8,0.4,0.7,35,39,30,0,0,0,0,23,0,30,0,37,0,0,0,0,0,0,0,0,0,0,28,0,31,40,0,38,0,0,41,40
6,16410,3,KR4MFM,19.84,5,   coast,-10.06,77123,2243.3,1340.47,0,52.7,4.19,4.19,4.11,-0.5,0.1,0.05,34.32,3.19,8.55,0.44,-0.42,-0.36,78.39,4.18,0,0,0,0,1,1,15,31.0388251,-103.5142567,2348,2026,6,20,23,46,56,903,1695,116,58,0.8,0.4,0.7,35,39,30,0,0,0,0,23,0,30,0,37,0,0,0,0,0,0,0,0,0,0,28,0,31,40,0,38,0,0,41,40
6,16410,3,KR4MFM,19.85,5,   coast,-8.55,77113,2244.33,1341.51,0,52.7,4.19,4.19,4.11,-0.48,0.11,0.17,33.4,3.13,8.24,0.44,-0.42,-0.35,78.48,4.18,0,0,0,0,1,1,15,31.0388251,-103.5142567,2348,2026,6,20,23,46,56,903,1695,116,58,0.8,0.4,0.7,35,39,30,0,0,0,0,23,0,30,0,37,0,0,0,0,0,0,0,0,0,0,28,0,31,40,0,38,0,0,41,40
6,16410,3,KR4MFM,19.86,5,   coast,-11.57,77113,2244.33,1341.51,0,52.7,4.18,4.19,4.11,-0.52,0.2,0.2,33.1,3,8.43,0.44,-0.42,-0.35,78.57,4.2,0,0,0,0,1,1,15,31.0388251,-103.5142567,2348,2026,6,20,23,46,56,903,1695,116,58,0.8,0.4,0.7,35,39,30,0,0,0,0,23,0,30,0,37,0,0,0,0,0,0,0,0,0,0,28,0,31,40,0,38,0,0,41,40
6,16410,3,KR4MFM,19.86,5,   coast,-11.57,77113,2244.33,1341.51,0,52.7,4.18,4.19,4.11,-0.52,0.2,0.2,33.1,3,8.43,0.44,-0.42,-0.35,78.57,4.2,0,0,0,0,1,1,15,31.0388251,-103.5142567,2348,2026,6,20,23,46,56,903,1695,116,58,0.8,0.4,0.7,35,39,30,0,0,0,0,23,0,30,0,37,0,0,0,0,0,0,0,0,0,0,28,0,31,40,0,38,0,0,41,40
6,16410,3,KR4MFM,19.87,5,   coast,-10.56,77108,2244.85,1342.03,0,52.7,4.18,4.19,4.11,-0.53,0.24,0.22,32.43,2.88,8.85,0.44,-0.43,-0.35,78.66,4.2,0,0,0,0,1,1,15,31.0388251,-103.5142567,2348,2026,6,20,23,46,56,903,1695,116,58,0.8,0.4,0.7,35,39,30,0,0,0,0,23,0,30,0,37,0,0,0,0,0,0,0,0,0,0,28,0,31,40,0,38,0,0,41,40
6,16410,3,KR4MFM,19.88,5,   coast,-12.57,77108,2244.85,1342.03,0,52.7,4.18,4.19,4.11,-0.55,0.25,0.1,32.18,3,8.61,0.44,-0.43,-0.34,78.75,4.2,0,0,0,0,1,1,15,31.0388251,-103.5142567,2348,2026,6,20,23,46,56,903,1695,116,58,0.8,0.4,0.7,35,39,30,0,0,0,0,23,0,30,0,37,0,0,0,0,0,0,0,0,0,0,28,0,31,40,0,38,0,0,41,40
6,16410,3,KR4MFM,19.89,5,   coast,-12.57,77127,2242.88,1340.06,0,52.7,4.18,4.19,4.11,-0.5,0.15,0.09,31.69,2.7,8.98,0.44,-0.43,-0.35,78.85,4.2,0,0,0,0,1,1,15,31.0388251,-103.5142567,2348,2026,6,20,23,46,56,903,1695,116,58,0.8,0.4,0.7,35,39,30,0,0,0,0,23,0,30,0,37,0,0,0,0,0,0,0,0,0,0,28,0,31,40,0,38,0,0,41,40
6,16410,3,KR4MFM,19.9,5,   coast,-11.57,77127,2242.88,1340.06,0,52.7,4.18,4.19,4.11,-0.5,0.11,0.05,31.02,2.27,8.79,0.44,-0.43,-0.34,78.94,4.2,0,0,0,0,1,1,15,31.0388251,-103.5142567,2348,2026,6,20,23,46,56,903,1695,116,58,0.8,0.4,0.7,35,39,30,0,0,0,0,23,0,30,0,37,0,0,0,0,0,0,0,0,0,0,28,0,31,40,0,38,0,0,41,40
6,16410,3,KR4MFM,19.91,5,   coast,-11.57,77117,2243.92,1341.09,0,52.7,4.18,4.19,4.11,-0.56,0.1,0.12,30.41,1.78,9.34,0.44,-0.44,-0.34,79.03,4.2,0,0,0,0,1,1,15,31.0388251,-103.5142567,2348,2026,6,20,23,46,56,903,1695,116,58,0.8,0.4,0.7,35,39,30,0,0,0,0,23,0,30,0,37,0,0,0,0,0,0,0,0,0,0,28,0,31,40,0,38,0,0,41,40
6,16410,3,KR4MFM,19.92,5,   coast,-10.56,77117,2243.92,1341.09,0,52.7,4.18,4.19,4.11,-0.51,0.22,0.2,29.86,1.97,9.52,0.44,-0.44,-0.34,79.13,4.2,0,0,0,0,1,1,15,31.0388251,-103.5142567,2348,2026,6,20,23,46,56,903,1695,116,58,0.8,0.4,0.7,35,39,30,0,0,0,0,23,0,30,0,37,0,0,0,0,0,0,0,0,0,0,28,0,31,40,0,38,0,0,41,40
6,16410,3,KR4MFM,19.93,5,   coast,-11.57,77125,2243.09,1340.26,0,52.7,4.18,4.19,4.11,-0.5,0.24,0.15,29.44,1.97,9.83,0.44,-0.44,-0.34,79.23,4.2,0,0,0,0,1,1,15,31.0388251,-103.5142567,2348,2026,6,20,23,46,56,903,1695,116,58,0.8,0.4,0.7,35,39,30,0,0,0,0,23,0,30,0,37,0,0,0,0,0,0,0,0,0,0,28,0,31,40,0,38,0,0,41,40
6,16410,3,KR4MFM,19.94,5,   coast,-10.06,77125,2243.09,1340.26,0,52.7,4.18,4.19,4.11,-0.5,0.22,0.13,29.13,1.72,9.52,0.44,-0.44,-0.34,79.33,4.2,0,0,0,0,1,1,15,31.0388251,-103.5142567,2348,2026,6,20,23,46,56,903,1695,116,58,0.8,0.4,0.7,35,39,30,0,0,0,0,23,0,30,0,37,0,0,0,0,0,0,0,0,0,0,28,0,31,40,0,38,0,0,41,40
6,16410,3,KR4MFM,19.95,5,   coast,-9.56,77123,2243.3,1340.47,0,52.7,4.18,4.19,4.11,-0.52,0.08,0.13,29.56,1.78,9.59,0.44,-0.44,-0.34,79.42,4.2,0,0,0,0,1,1,15,31.0388251,-103.5142567,2348,2026,6,20,23,46,56,903,1695,116,58,0.8,0.4,0.7,35,39,30,0,0,0,0,23,0,30,0,37,0,0,0,0,0,0,0,0,0,0,28,0,31,40,0,38,0,0,41,40
6,16410,3,KR4MFM,19.96,5,   coast,-12.57,77123,2243.3,1340.47,0,52.7,4.18,4.19,4.11,-0.51,0.08,0.16,29.19,1.72,10.01,0.44,-0.44,-0.34,79.53,4.2,0,0,0,0,1,1,15,31.0388251,-103.5142567,2348,2026,6,20,23,46,56,903,1695,116,58,0.8,0.4,0.7,35,39,30,0,0,0,0,23,0,30,0,37,0,0,0,0,0,0,0,0,0,0,28,0,31,40,0,38,0,0,41,40
6,16410,3,KR4MFM,19.97,5,   coast,-11.06,77099,2245.79,1342.96,0,52.7,4.18,4.19,4.11,-0.5,0.08,0.14,29.5,1.42,10.2,0.43,-0.45,-0.33,79.63,4.2,0,0,0,0,1,1,15,31.0388251,-103.5142567,2348,2026,6,20,23,46,56,903,1695,116,58,0.8,0.4,0.7,35,39,30,0,0,0,0,23,0,30,0,37,0,0,0,0,0,0,0,0,0,0,28,0,31,40,0,38,0,0,41,40
6,16410,3,KR4MFM,19.97,5,   coast,-11.06,77099,2245.79,1342.96,0,52.7,4.18,4.19,4.11,-0.5,0.08,0.14,29.5,1.42,10.2,0.43,-0.45,-0.33,79.63,4.2,0,0,0,0,1,1,15,31.0388251,-103.5142567,2348,2026,6,20,23,46,56,903,1695,116,58,0.8,0.4,0.7,35,39,30,0,0,0,0,23,0,30,0,37,0,0,0,0,0,0,0,0,0,0,28,0,31,40,0,38,0,0,41,40
6,16410,3,KR4MFM,19.97,5,   coast,-11.06,77099,2245.79,1342.96,0,52.7,4.18,4.19,4.11,-0.5,0.08,0.14,29.5,1.42,10.2,0.43,-0.45,-0.33,79.63,4.2,0,0,0,0,1,1,15,31.0388251,-103.5142567,2348,2026,6,20,23,46,56,903,1695,116,58,0.8,0.4,0.7,35,39,30,0,0,0,0,23,0,30,0,37,0,0,0,0,0,0,0,0,0,0,28,0,31,40,0,38,0,0,41,40
6,16410,3,KR4MFM,19.98,5,   coast,-10.56,77099,2245.79,1342.96,0,52.7,4.18,4.19,4.11,-0.53,0.11,0.19,29.01,1.17,10.56,0.43,-0.45,-0.33,79.73,4.2,0,0,0,0,1,1,15,31.0385764,-103.5136667,2365,2026,6,20,23,46,57,965,1744,116,56,0.8,0.4,0.7,27,35,30,0,0,0,0,26,0,31,0,37,0,0,0,0,0,0,0,0,0,0,31,0,30,40,0,36,0,0,39,41
6,16410,3,KR4MFM,19.99,5,   coast,-10.56,77118,2243.81,1340.99,0,52.7,4.18,4.19,4.11,-0.5,0.21,0.09,28.52,0.68,10.5,0.43,-0.45,-0.33,79.84,4.2,0,0,0,0,1,1,15,31.0385764,-103.5136667,2365,2026,6,20,23,46,57,965,1744,116,56,0.8,0.4,0.7,27,35,30,0,0,0,0,26,0,31,0,37,0,0,0,0,0,0,0,0,0,0,31,0,30,40,0,36,0,0,39,41
6,16410,3,KR4MFM,20,5,   coast,-11.06,77118,2243.81,1340.99,0,52.7,4.18,4.19,4.11,-0.51,0.23,0.08,28.4,0.68,10.62,0.43,-0.45,-0.33,79.94,4.2,0,0,0,0,1,1,15,31.0385764,-103.5136667,2365,2026,6,20,23,46,57,965,1744,116,56,0.8,0.4,0.7,27,35,30,0,0,0,0,26,0,31,0,37,0,0,0,0,0,0,0,0,0,0,31,0,30,40,0,36,0,0,39,41
6,16410,3,KR4MFM,20.01,5,   coast,-12.57,77109,2244.75,1341.93,0,52.7,4.18,4.19,4.11,-0.48,0.19,0.06,28.89,0.81,10.44,0.43,-0.45,-0.33,80.05,4.2,0,0,0,0,1,1,15,31.0385764,-103.5136667,2365,2026,6,20,23,46,57,965,1744,116,56,0.8,0.4,0.7,27,35,30,0,0,0,0,26,0,31,0,37,0,0,0,0,0,0,0,0,0,0,31,0,30,40,0,36,0,0,39,41
6,16410,3,KR4MFM,20.02,5,   coast,-11.57,77109,2244.75,1341.93,0,52.7,4.18,4.19,4.11,-0.52,0.18,0.11,29.07,0.5,10.56,0.43,-0.46,-0.32,80.15,4.2,0,0,0,0,1,1,15,31.0385764,-103.5136667,2365,2026,6,20,23,46,57,965,1744,116,56,0.8,0.4,0.7,27,35,30,0,0,0,0,26,0,31,0,37,0,0,0,0,0,0,0,0,0,0,31,0,30,40,0,36,0,0,39,41
6,16410,3,KR4MFM,20.03,5,   coast,-11.57,77098,2245.89,1343.07,0,52.7,4.18,4.19,4.11,-0.5,0.1,0.12,29.68,-0.05,10.56,0.43,-0.46,-0.32,80.26,4.2,0,0,0,0,1,1,15,31.0385764,-103.5136667,2365,2026,6,20,23,46,57,965,1744,116,56,0.8,0.4,0.7,27,35,30,0,0,0,0,26,0,31,0,37,0,0,0,0,0,0,0,0,0,0,31,0,30,40,0,36,0,0,39,41
6,16410,3,KR4MFM,20.04,5,   coast,-12.57,77098,2245.89,1343.07,0,52.7,4.18,4.19,4.11,-0.49,0.08,0.11,29.92,0.2,10.68,0.43,-0.46,-0.32,80.36,4.2,0,0,0,0,1,1,15,31.0385764,-103.5136667,2365,2026,6,20,23,46,57,965,1744,116,56,0.8,0.4,0.7,27,35,30,0,0,0,0,26,0,31,0,37,0,0,0,0,0,0,0,0,0,0,31,0,30,40,0,36,0,0,39,41
6,16410,3,KR4MFM,20.05,5,   coast,-11.06,77101,2245.58,1342.76,0,52.7,4.18,4.19,4.11,-0.5,0.06,0.12,30.41,0.01,10.75,0.43,-0.46,-0.32,80.47,4.2,0,0,0,0,1,1,15,31.0385764,-103.5136667,2365,2026,6,20,23,46,57,965,1744,116,56,0.8,0.4,0.7,27,35,30,0,0,0,0,26,0,31,0,37,0,0,0,0,0,0,0,0,0,0,31,0,30,40,0,36,0,0,39,41
6,16410,3,KR4MFM,20.06,5,   coast,-9.56,77101,2245.58,1342.76,0,52.7,4.18,4.19,4.11,-0.52,0.11,0.08,31.02,0.13,10.93,0.43,-0.46,-0.32,80.58,4.2,0,0,0,0,1,1,15,31.0385764,-103.5136667,2365,2026,6,20,23,46,57,965,1744,116,56,0.8,0.4,0.7,27,35,30,0,0,0,0,26,0,31,0,37,0,0,0,0,0,0,0,0,0,0,31,0,30,40,0,36,0,0,39,41
6,16410,3,KR4MFM,20.07,5,   coast,-10.06,77096,2246.1,1343.28,0,52.7,4.18,4.19,4.11,-0.53,0.13,0.11,31.45,-0.17,11.17,0.43,-0.46,-0.32,80.69,4.2,0,0,0,0,1,1,15,31.0385764,-103.5136667,2365,2026,6,20,23,46,57,965,1744,116,56,0.8,0.4,0.7,27,35,30,0,0,0,0,26,0,31,0,37,0,0,0,0,0,0,0,0,0,0,31,0,30,40,0,36,0,0,39,41
6,16410,3,KR4MFM,20.08,5,   coast,-11.06,77096,2246.1,1343.28,0,52.7,4.18,4.19,4.11,-0.5,0.14,0.04,31.82,-0.11,10.87,0.43,-0.47,-0.32,80.79,4.2,0,0,0,0,1,1,15,31.0385764,-103.5136667,2365,2026,6,20,23,46,57,965,1744,116,56,0.8,0.4,0.7,27,35,30,0,0,0,0,26,0,31,0,37,0,0,0,0,0,0,0,0,0,0,31,0,30,40,0,36,0,0,39,41
6,16410,3,KR4MFM,20.09,5,   coast,-11.06,77102,2245.48,1342.65,0,52.7,4.18,4.19,4.11,-0.5,0.04,0.08,32.36,-0.23,10.99,0.43,-0.47,-0.32,80.9,4.2,0,0,0,0,1,1,15,31.0385764,-103.5136667,2365,2026,6,20,23,46,57,965,1744,116,56,0.8,0.4,0.7,27,35,30,0,0,0,0,26,0,31,0,37,0,0,0,0,0,0,0,0,0,0,31,0,30,40,0,36,0,0,39,41
6,16410,3,KR4MFM,20.1,5,   coast,-12.07,77102,2245.48,1342.65,0,52.7,4.18,4.19,4.11,-0.52,0.02,0.17,33.1,-0.11,10.75,0.43,-0.47,-0.31,81.01,4.2,0,0,0,0,1,1,15,31.0385764,-103.5136667,2365,2026,6,20,23,46,57,965,1744,116,56,0.8,0.4,0.7,27,35,30,0,0,0,0,26,0,31,0,37,0,0,0,0,0,0,0,0,0,0,31,0,30,40,0,36,0,0,39,41
6,16410,3,KR4MFM,20.11,5,   coast,-10.06,77091,2246.62,1343.79,0,52.7,4.18,4.19,4.11,-0.54,-0.01,0.19,33.83,-0.17,11.23,0.42,-0.47,-0.31,81.12,4.2,0,0,0,0,1,1,15,31.0385764,-103.5136667,2365,2026,6,20,23,46,57,965,1744,116,56,0.8,0.4,0.7,27,35,30,0,0,0,0,26,0,31,0,37,0,0,0,0,0,0,0,0,0,0,31,0,30,40,0,36,0,0,39,41
6,16410,3,KR4MFM,20.12,5,   coast,-11.57,77091,2246.62,1343.79,0,52.7,4.18,4.19,4.11,-0.53,0.02,0.13,34.87,-0.23,11.11,0.42,-0.48,-0.31,81.23,4.2,0,0,0,0,1,1,15,31.0385764,-103.5136667,2365,2026,6,20,23,46,57,965,1744,116,56,0.8,0.4,0.7,27,35,30,0,0,0,0,26,0,31,0,37,0,0,0,0,0,0,0,0,0,0,31,0,30,40,0,36,0,0,39,41
6,16410,3,KR4MFM,20.13,5,   coast,-12.57,77093,2246.41,1343.59,0,52.7,4.18,4.19,4.11,-0.5,0.08,0.06,35.36,0.07,11.36,0.42,-0.48,-0.3,81.34,4.2,0,0,0,0,1,1,15,31.0385764,-103.5136667,2365,2026,6,20,23,46,57,965,1744,116,56,0.8,0.4,0.7,27,35,30,0,0,0,0,26,0,31,0,37,0,0,0,0,0,0,0,0,0,0,31,0,30,40,0,36,0,0,39,41
6,16410,3,KR4MFM,20.14,5,   coast,-12.07,77093,2246.41,1343.59,0,52.7,4.18,4.19,4.11,-0.49,0.08,0.01,36.39,-0.11,11.11,0.42,-0.48,-0.3,81.45,4.2,0,0,0,0,1,1,15,31.0385764,-103.5136667,2365,2026,6,20,23,46,57,965,1744,116,56,0.8,0.4,0.7,27,35,30,0,0,0,0,26,0,31,0,37,0,0,0,0,0,0,0,0,0,0,31,0,30,40,0,36,0,0,39,41
6,16410,3,KR4MFM,20.15,5,   coast,-12.07,77095,2246.2,1343.38,0,52.7,4.18,4.19,4.11,-0.54,0.09,0.04,37.8,-0.48,10.68,0.43,-0.48,-0.3,81.56,4.2,0,0,0,0,1,1,15,31.0385764,-103.5136667,2365,2026,6,20,23,46,57,965,1744,116,56,0.8,0.4,0.7,27,35,30,0,0,0,0,26,0,31,0,37,0,0,0,0,0,0,0,0,0,0,31,0,30,40,0,36,0,0,39,41
6,16410,3,KR4MFM,20.16,5,   coast,-11.06,77095,2246.2,1343.38,0,52.7,4.18,4.19,4.11,-0.5,0,0.09,38.22,-0.96,10.75,0.42,-0.48,-0.3,81.66,4.2,0,0,0,0,1,1,15,31.0385764,-103.5136667,2365,2026,6,20,23,46,57,965,1744,116,56,0.8,0.4,0.7,27,35,30,0,0,0,0,26,0,31,0,37,0,0,0,0,0,0,0,0,0,0,31,0,30,40,0,36,0,0,39,41
6,16410,3,KR4MFM,20.17,5,   coast,-12.57,77088,2246.93,1344.11,0,52.7,4.18,4.19,4.11,-0.5,0.04,0.14,39.14,-0.35,11.23,0.42,-0.48,-0.3,81.77,4.2,0,0,0,0,1,1,15,31.0385764,-103.5136667,2365,2026,6,20,23,46,57,965,1744,116,56,0.8,0.4,0.7,27,35,30,0,0,0,0,26,0,31,0,37,0,0,0,0,0,0,0,0,0,0,31,0,30,40,0,36,0,0,39,41
6,16410,3,KR4MFM,20.18,5,   coast,-10.06,77088,2246.93,1344.11,0,52.7,4.19,4.2,4.11,-0.51,0.14,0.17,40.36,-0.23,10.81,0.42,-0.49,-0.29,81.88,4.2,0,0,0,0,1,1,15,31.0385764,-103.5136667,2365,2026,6,20,23,46,57,965,1744,116,56,0.8,0.4,0.7,27,35,30,0,0,0,0,26,0,31,0,37,0,0,0,0,0,0,0,0,0,0,31,0,30,40,0,36,0,0,39,41
6,16410,3,KR4MFM,20.18,5,   coast,-10.06,77088,2246.93,1344.11,0,52.7,4.19,4.2,4.11,-0.51,0.14,0.17,40.36,-0.23,10.81,0.42,-0.49,-0.29,81.88,4.2,0,0,0,0,1,1,15,31.0385764,-103.5136667,2365,2026,6,20,23,46,57,965,1744,116,56,0.8,0.4,0.7,27,35,30,0,0,0,0,26,0,31,0,37,0,0,0,0,0,0,0,0,0,0,31,0,30,40,0,36,0,0,39,41
6,16410,3,KR4MFM,20.19,5,   coast,-11.06,77096,2246.1,1343.28,0,52.7,4.19,4.2,4.11,-0.5,0.21,0.06,41.64,-0.05,10.87,0.42,-0.49,-0.29,81.99,4.2,0,0,0,0,1,1,15,31.0385764,-103.5136667,2365,2026,6,20,23,46,57,965,1744,116,56,0.8,0.4,0.7,27,35,30,0,0,0,0,26,0,31,0,37,0,0,0,0,0,0,0,0,0,0,31,0,30,40,0,36,0,0,39,41
6,16410,3,KR4MFM,20.2,5,   coast,-10.06,77096,2246.1,1343.28,0,52.7,4.19,4.2,4.11,-0.5,0.28,0,42.44,-0.54,10.38,0.42,-0.49,-0.29,82.09,4.2,0,0,0,0,1,1,15,31.0385764,-103.5136667,2365,2026,6,20,23,46,57,965,1744,116,56,0.8,0.4,0.7,27,35,30,0,0,0,0,26,0,31,0,37,0,0,0,0,0,0,0,0,0,0,31,0,30,40,0,36,0,0,39,41
6,16410,3,KR4MFM,20.21,5,   coast,-8.55,77073,2248.49,1345.66,0,52.7,4.19,4.2,4.11,-0.47,0.25,0.03,42.98,-0.35,10.26,0.42,-0.49,-0.29,82.19,4.2,0,0,0,0,1,1,15,31.0385764,-103.5136667,2365,2026,6,20,23,46,57,965,1744,116,56,0.8,0.4,0.7,27,35,30,0,0,0,0,26,0,31,0,37,0,0,0,0,0,0,0,0,0,0,31,0,30,40,0,36,0,0,39,41
6,16410,3,KR4MFM,20.22,5,   coast,-10.56,77073,2248.49,1345.66,0,52.7,4.19,4.2,4.11,-0.54,0.04,0.16,43.23,-0.6,10.32,0.42,-0.49,-0.28,82.3,4.2,0,0,0,0,1,1,15,31.0385764,-103.5136667,2365,2026,6,20,23,46,57,965,1744,116,56,0.8,0.4,0.7,27,35,30,0,0,0,0,26,0,31,0,37,0,0,0,0,0,0,0,0,0,0,31,0,30,40,0,36,0,0,39,41
6,16410,3,KR4MFM,20.23,5,   coast,-11.06,77089,2246.83,1344,0,52.7,4.19,4.2,4.11,-0.5,-0.02,0.19,43.53,-0.72,10.56,0.42,-0.5,-0.28,82.4,4.2,0,0,0,0,1,1,15,31.0385764,-103.5136667,2365,2026,6,20,23,46,57,965,1744,116,56,0.8,0.4,0.7,27,35,30,0,0,0,0,26,0,31,0,37,0,0,0,0,0,0,0,0,0,0,31,0,30,40,0,36,0,0,39,41
6,16410,3,KR4MFM,20.24,5,   coast,-10.56,77089,2246.83,1344,0,52.7,4.19,4.2,4.11,-0.47,0.09,0.18,43.96,-0.29,10.93,0.42,-0.5,-0.27,82.51,4.2,0,0,0,0,1,1,15,31.0385764,-103.5136667,2365,2026,6,20,23,46,57,965,1744,116,56,0.8,0.4,0.7,27,35,30,0,0,0,0,26,0,31,0,37,0,0,0,0,0,0,0,0,0,0,31,0,30,40,0,36,0,0,39,41
6,16410,3,KR4MFM,20.25,5,   coast,-11.06,77086,2247.14,1344.31,0,52.7,4.19,4.2,4.11,-0.52,0.17,0.1,44.33,-0.29,10.99,0.42,-0.5,-0.27,82.62,4.2,0,0,0,0,1,1,15,31.0385764,-103.5136667,2365,2026,6,20,23,46,57,965,1744,116,56,0.8,0.4,0.7,27,35,30,0,0,0,0,26,0,31,0,37,0,0,0,0,0,0,0,0,0,0,31,0,30,40,0,36,0,0,39,41
6,16410,3,KR4MFM,20.26,5,   coast,-12.57,77086,2247.14,1344.31,0,52.7,4.19,4.2,4.11,-0.52,0.2,0.04,44.33,-0.48,10.81,0.42,-0.5,-0.27,82.73,4.2,0,0,0,0,1,1,15,31.0385764,-103.5136667,2365,2026,6,20,23,46,57,965,1744,116,56,0.8,0.4,0.7,27,35,30,0,0,0,0,26,0,31,0,37,0,0,0,0,0,0,0,0,0,0,31,0,30,40,0,36,0,0,39,41
6,16410,3,KR4MFM,20.27,5,   coast,-12.07,77080,2247.76,1344.94,0,52.7,4.19,4.2,4.11,-0.5,0.22,0.01,44.45,-0.35,10.99,0.42,-0.5,-0.27,82.84,4.2,0,0,0,0,1,1,15,31.0385764,-103.5136667,2365,2026,6,20,23,46,57,965,1744,116,56,0.8,0.4,0.7,27,35,30,0,0,0,0,26,0,31,0,37,0,0,0,0,0,0,0,0,0,0,31,0,30,40,0,36,0,0,39,41
6,16410,3,KR4MFM,20.28,5,   coast,-11.57,77080,2247.76,1344.94,0,52.7,4.19,4.2,4.11,-0.5,0.1,0.09,44.69,-0.6,10.87,0.42,-0.5,-0.27,82.95,4.2,0,0,0,0,1,1,15,31.0385764,-103.5136667,2365,2026,6,20,23,46,57,965,1744,116,56,0.8,0.4,0.7,27,35,30,0,0,0,0,26,0,31,0,37,0,0,0,0,0,0,0,0,0,0,31,0,30,40,0,36,0,0,39,41
6,16410,3,KR4MFM,20.29,5,   coast,-11.57,77076,2248.18,1345.35,0,52.7,4.19,4.2,4.11,-0.5,-0.01,0.15,45.43,-0.9,11.23,0.42,-0.51,-0.26,83.06,4.2,0,0,0,0,1,1,15,31.0385764,-103.5136667,2365,2026,6,20,23,46,57,965,1744,116,56,0.8,0.4,0.7,27,35,30,0,0,0,0,26,0,31,0,37,0,0,0,0,0,0,0,0,0,0,31,0,30,40,0,36,0,0,39,41
6,16410,3,KR4MFM,20.3,5,   coast,-11.57,77076,2248.18,1345.35,0,52.7,4.19,4.2,4.11,-0.5,0,0.21,45.67,-0.48,11.48,0.41,-0.51,-0.26,83.17,4.2,0,0,0,0,1,1,15,31.0385764,-103.5136667,2365,2026,6,20,23,46,57,965,1744,116,56,0.8,0.4,0.7,27,35,30,0,0,0,0,26,0,31,0,37,0,0,0,0,0,0,0,0,0,0,31,0,30,40,0,36,0,0,39,41
6,16410,3,KR4MFM,20.31,5,   coast,-11.57,77077,2248.07,1345.25,0,52.7,4.19,4.2,4.11,-0.5,0.08,0.14,45.98,-0.17,11.48,0.41,-0.51,-0.25,83.29,4.2,0,0,0,0,1,1,15,31.0385764,-103.5136667,2365,2026,6,20,23,46,57,965,1744,116,56,0.8,0.4,0.7,27,35,30,0,0,0,0,26,0,31,0,37,0,0,0,0,0,0,0,0,0,0,31,0,30,40,0,36,0,0,39,41
6,16410,3,KR4MFM,20.32,5,   coast,-11.57,77077,2248.07,1345.25,0,52.7,4.19,4.2,4.11,-0.52,0.06,0.06,45.85,-0.05,11.6,0.41,-0.52,-0.25,83.41,4.2,0,0,0,0,1,1,15,31.0385764,-103.5136667,2365,2026,6,20,23,46,57,965,1744,116,56,0.8,0.4,0.7,27,35,30,0,0,0,0,26,0,31,0,37,0,0,0,0,0,0,0,0,0,0,31,0,30,40,0,36,0,0,39,41
6,16410,3,KR4MFM,20.33,5,   coast,-11.57,77083,2247.45,1344.63,0,52.7,4.19,4.2,4.11,-0.5,0.19,0.07,46.34,-0.48,12.03,0.41,-0.52,-0.25,83.53,4.2,0,0,0,0,1,1,15,31.0385764,-103.5136667,2365,2026,6,20,23,46,57,965,1744,116,56,0.8,0.4,0.7,27,35,30,0,0,0,0,26,0,31,0,37,0,0,0,0,0,0,0,0,0,0,31,0,30,40,0,36,0,0,39,41
6,16410,3,KR4MFM,20.34,5,   coast,-12.07,77083,2247.45,1344.63,0,52.7,4.19,4.2,4.11,-0.52,0.14,0.11,46.83,-0.54,11.17,0.41,-0.52,-0.24,83.64,4.2,0,0,0,0,1,1,15,31.0385764,-103.5136667,2365,2026,6,20,23,46,57,965,1744,116,56,0.8,0.4,0.7,27,35,30,0,0,0,0,26,0,31,0,37,0,0,0,0,0,0,0,0,0,0,31,0,30,40,0,36,0,0,39,41
6,16410,3,KR4MFM,20.35,5,   coast,-12.07,77072,2248.59,1345.77,0,52.7,4.19,4.2,4.11,-0.5,0.04,0.11,47.5,-0.72,11.36,0.41,-0.52,-0.24,83.75,4.2,0,0,0,0,1,1,15,31.0385764,-103.5136667,2365,2026,6,20,23,46,57,965,1744,116,56,0.8,0.4,0.7,27,35,30,0,0,0,0,26,0,31,0,37,0,0,0,0,0,0,0,0,0,0,31,0,30,40,0,36,0,0,39,41
6,16410,3,KR4MFM,20.36,5,   coast,-11.06,77072,2248.59,1345.77,0,52.7,4.19,4.2,4.11,-0.5,0.02,0.16,48.05,-0.72,11.66,0.41,-0.52,-0.24,83.87,4.2,0,0,0,0,1,1,15,31.0385764,-103.5136667,2365,2026,6,20,23,46,57,965,1744,116,56,0.8,0.4,0.7,27,35,30,0,0,0,0,26,0,31,0,37,0,0,0,0,0,0,0,0,0,0,31,0,30,40,0,36,0,0,39,41
6,16410,3,KR4MFM,20.37,5,   coast,-13.08,77074,2248.38,1345.56,0,52.7,4.19,4.2,4.11,-0.52,0.01,0.15,48.54,-0.6,11.6,0.41,-0.53,-0.24,83.98,4.2,0,0,0,0,1,1,15,31.0385764,-103.5136667,2365,2026,6,20,23,46,57,965,1744,116,56,0.8,0.4,0.7,27,35,30,0,0,0,0,26,0,31,0,37,0,0,0,0,0,0,0,0,0,0,31,0,30,40,0,36,0,0,39,41
6,16410,3,KR4MFM,20.38,5,   coast,-11.06,77074,2248.38,1345.56,0,52.7,4.19,4.2,4.11,-0.47,0.06,0.11,48.78,-0.78,11.36,0.41,-0.53,-0.23,84.1,4.2,0,0,0,0,1,1,15,31.0385764,-103.5136667,2365,2026,6,20,23,46,57,965,1744,116,56,0.8,0.4,0.7,27,35,30,0,0,0,0,26,0,31,0,37,0,0,0,0,0,0,0,0,0,0,31,0,30,40,0,36,0,0,39,41
6,16410,3,KR4MFM,20.39,5,   coast,-11.57,77074,2248.38,1345.56,0,52.7,4.19,4.2,4.11,-0.52,0.06,0.11,49.58,-0.96,11.66,0.41,-0.53,-0.23,84.21,4.2,0,0,0,0,1,1,15,31.0385764,-103.5136667,2365,2026,6,20,23,46,57,965,1744,116,56,0.8,0.4,0.7,27,35,30,0,0,0,0,26,0,31,0,37,0,0,0,0,0,0,0,0,0,0,31,0,30,40,0,36,0,0,39,41
6,16410,3,KR4MFM,20.4,5,   coast,-13.08,77074,2248.38,1345.56,0,52.7,4.19,4.2,4.11,-0.47,0.12,0.07,50.37,-1.09,11.11,0.41,-0.53,-0.23,84.33,4.2,0,0,0,0,1,1,15,31.0385764,-103.5136667,2365,2026,6,20,23,46,57,965,1744,116,56,0.8,0.4,0.7,27,35,30,0,0,0,0,26,0,31,0,37,0,0,0,0,0,0,0,0,0,0,31,0,30,40,0,36,0,0,39,41
6,16410,3,KR4MFM,20.41,5,   coast,-11.57,77068,2249.01,1346.18,0,52.7,4.19,4.2,4.11,-0.53,0.09,0.12,50.86,-1.15,10.81,0.41,-0.54,-0.22,84.44,4.2,0,0,0,0,1,1,15,31.0385764,-103.5136667,2365,2026,6,20,23,46,57,965,1744,116,56,0.8,0.4,0.7,27,35,30,0,0,0,0,26,0,31,0,37,0,0,0,0,0,0,0,0,0,0,31,0,30,40,0,36,0,0,39,41
6,16410,3,KR4MFM,20.42,5,   coast,-10.56,77068,2249.01,1346.18,0,52.7,4.19,4.2,4.11,-0.5,-0.01,0.13,51.9,-1.39,11.11,0.4,-0.54,-0.22,84.55,4.2,0,0,0,0,1,1,15,31.0385764,-103.5136667,2365,2026,6,20,23,46,57,965,1744,116,56,0.8,0.4,0.7,27,35,30,0,0,0,0,26,0,31,0,37,0,0,0,0,0,0,0,0,0,0,31,0,30,40,0,36,0,0,39,41
6,16410,3,KR4MFM,20.43,5,   coast,-11.06,77068,2249.01,1346.18,0,52.7,4.19,4.2,4.11,-0.5,-0.04,0.18,52.81,-0.96,10.99,0.4,-0.54,-0.21,84.66,4.2,0,0,0,0,1,1,15,31.0385764,-103.5136667,2365,2026,6,20,23,46,57,965,1744,116,56,0.8,0.4,0.7,27,35,30,0,0,0,0,26,0,31,0,37,0,0,0,0,0,0,0,0,0,0,31,0,30,40,0,36,0,0,39,41
6,16410,3,KR4MFM,20.44,5,   coast,-11.06,77068,2249.01,1346.18,0,52.7,4.19,4.2,4.11,-0.5,-0.03,0.14,53.97,-1.15,11.11,0.4,-0.54,-0.21,84.77,4.2,0,0,0,0,1,1,15,31.0385764,-103.5136667,2365,2026,6,20,23,46,57,965,1744,116,56,0.8,0.4,0.7,27,35,30,0,0,0,0,26,0,31,0,37,0,0,0,0,0,0,0,0,0,0,31,0,30,40,0,36,0,0,39,41
6,16410,3,KR4MFM,20.45,5,   coast,-11.57,77065,2249.32,1346.5,0,52.7,4.19,4.2,4.11,-0.53,0.04,0.11,54.83,-1.15,11.17,0.4,-0.54,-0.2,84.88,4.2,0,0,0,0,1,1,15,31.0385764,-103.5136667,2365,2026,6,20,23,46,57,965,1744,116,56,0.8,0.4,0.7,27,35,30,0,0,0,0,26,0,31,0,37,0,0,0,0,0,0,0,0,0,0,31,0,30,40,0,36,0,0,39,41
6,16410,3,KR4MFM,20.46,5,   coast,-11.57,77065,2249.32,1346.5,0,52.7,4.19,4.2,4.11,-0.51,0.1,0.13,55.62,-1.7,10.81,0.4,-0.55,-0.2,84.99,4.2,0,0,0,0,1,1,15,31.0385764,-103.5136667,2365,2026,6,20,23,46,57,965,1744,116,56,0.8,0.4,0.7,27,35,30,0,0,0,0,26,0,31,0,37,0,0,0,0,0,0,0,0,0,0,31,0,30,40,0,36,0,0,39,41
6,16410,3,KR4MFM,20.47,5,   coast,-11.06,77065,2249.32,1346.5,0,52.7,4.19,4.2,4.11,-0.51,0.12,0.1,56.23,-1.88,10.32,0.4,-0.55,-0.2,85.1,4.2,0,0,0,0,1,1,15,31.0385764,-103.5136667,2365,2026,6,20,23,46,57,965,1744,116,56,0.8,0.4,0.7,27,35,30,0,0,0,0,26,0,31,0,37,0,0,0,0,0,0,0,0,0,0,31,0,30,40,0,36,0,0,39,41
6,16410,3,KR4MFM,20.48,5,   coast,-10.56,77065,2249.32,1346.5,0,52.7,4.19,4.2,4.11,-0.52,0.04,0.14,57.08,-1.45,10.01,0.4,-0.55,-0.19,85.2,4.2,0,0,0,0,1,1,15,31.0385764,-103.5136667,2365,2026,6,20,23,46,57,965,1744,116,56,0.8,0.4,0.7,27,35,30,0,0,0,0,26,0,31,0,37,0,0,0,0,0,0,0,0,0,0,31,0,30,40,0,36,0,0,39,41
6,16410,3,KR4MFM,20.49,5,   coast,-10.06,77065,2249.32,1346.5,0,52.7,4.19,4.2,4.11,-0.52,-0.04,0.11,57.27,-1.57,10.07,0.4,-0.55,-0.19,85.3,4.2,0,0,0,0,1,1,15,31.0385764,-103.5136667,2365,2026,6,20,23,46,57,965,1744,116,56,0.8,0.4,0.7,27,35,30,0,0,0,0,26,0,31,0,37,0,0,0,0,0,0,0,0,0,0,31,0,30,40,0,36,0,0,39,41
6,16410,3,KR4MFM,20.5,5,   coast,-12.07,77065,2249.32,1346.5,0,52.7,4.19,4.2,4.11,-0.52,-0.11,0.09,58.06,-1.57,10.26,0.4,-0.55,-0.19,85.4,4.2,0,0,0,0,1,1,15,31.0385764,-103.5136667,2365,2026,6,20,23,46,57,965,1744,116,56,0.8,0.4,0.7,27,35,30,0,0,0,0,26,0,31,0,37,0,0,0,0,0,0,0,0,0,0,31,0,30,40,0,36,0,0,39,41
6,16410,3,KR4MFM,20.5,5,   coast,-12.07,77065,2249.32,1346.5,0,52.7,4.19,4.2,4.11,-0.52,-0.11,0.09,58.06,-1.57,10.26,0.4,-0.55,-0.19,85.4,4.2,0,0,0,0,1,1,15,31.0385764,-103.5136667,2365,2026,6,20,23,46,57,965,1744,116,56,0.8,0.4,0.7,27,35,30,0,0,0,0,26,0,31,0,37,0,0,0,0,0,0,0,0,0,0,31,0,30,40,0,36,0,0,39,41
6,16410,3,KR4MFM,20.51,5,   coast,-10.56,77067,2249.11,1346.29,0,52.7,4.19,4.2,4.11,-0.5,-0.09,0.09,59.04,-1.94,10.2,0.4,-0.55,-0.18,85.51,4.2,0,0,0,0,1,1,15,31.0385764,-103.5136667,2365,2026,6,20,23,46,57,965,1744,116,56,0.8,0.4,0.7,27,35,30,0,0,0,0,26,0,31,0,37,0,0,0,0,0,0,0,0,0,0,31,0,30,40,0,36,0,0,39,41
6,16410,3,KR4MFM,20.52,5,   coast,-11.06,77067,2249.11,1346.29,0,52.7,4.19,4.2,4.11,-0.51,0.09,0.09,59.53,-2.06,10.2,0.4,-0.56,-0.17,85.61,4.2,0,0,0,0,1,1,15,31.0385764,-103.5136667,2365,2026,6,20,23,46,57,965,1744,116,56,0.8,0.4,0.7,27,35,30,0,0,0,0,26,0,31,0,37,0,0,0,0,0,0,0,0,0,0,31,0,30,40,0,36,0,0,39,41
6,16410,3,KR4MFM,20.53,5,   coast,-12.07,77059,2249.94,1347.12,0,52.7,4.19,4.2,4.11,-0.52,0.14,0.11,60.07,-1.82,9.71,0.4,-0.56,-0.17,85.71,4.2,0,0,0,0,1,1,15,31.0385764,-103.5136667,2365,2026,6,20,23,46,57,965,1744,116,56,0.8,0.4,0.7,27,35,30,0,0,0,0,26,0,31,0,37,0,0,0,0,0,0,0,0,0,0,31,0,30,40,0,36,0,0,39,41
6,16410,3,KR4MFM,20.54,5,   coast,-9.56,77059,2249.94,1347.12,0,52.7,4.19,4.2,4.11,-0.46,0.09,0.11,59.46,-1.94,9.4,0.4,-0.56,-0.17,85.8,4.2,0,0,0,0,1,1,15,31.0385764,-103.5136667,2365,2026,6,20,23,46,57,965,1744,116,56,0.8,0.4,0.7,27,35,30,0,0,0,0,26,0,31,0,37,0,0,0,0,0,0,0,0,0,0,31,0,30,40,0,36,0,0,39,41
6,16410,3,KR4MFM,20.55,5,   coast,-11.57,77058,2250.05,1347.22,0,52.7,4.19,4.2,4.11,-0.49,0.04,0.06,59.22,-2,9.1,0.4,-0.56,-0.16,85.9,4.2,0,0,0,0,1,1,15,31.0385764,-103.5136667,2365,2026,6,20,23,46,57,965,1744,116,56,0.8,0.4,0.7,27,35,30,0,0,0,0,26,0,31,0,37,0,0,0,0,0,0,0,0,0,0,31,0,30,40,0,36,0,0,39,41
6,16410,3,KR4MFM,20.56,5,   coast,-12.07,77058,2250.05,1347.22,0,52.7,4.19,4.2,4.11,-0.5,-0.01,0.11,59.28,-1.82,8.98,0.4,-0.56,-0.16,85.99,4.2,0,0,0,0,1,1,15,31.0385764,-103.5136667,2365,2026,6,20,23,46,57,965,1744,116,56,0.8,0.4,0.7,27,35,30,0,0,0,0,26,0,31,0,37,0,0,0,0,0,0,0,0,0,0,31,0,30,40,0,36,0,0,39,41
6,16410,3,KR4MFM,20.57,5,   coast,-10.06,77058,2250.05,1347.22,0,52.7,4.19,4.2,4.11,-0.47,-0.01,0.08,59.16,-2,8.91,0.4,-0.56,-0.15,86.08,4.2,0,0,0,0,1,1,15,31.0385764,-103.5136667,2365,2026,6,20,23,46,57,965,1744,116,56,0.8,0.4,0.7,27,35,30,0,0,0,0,26,0,31,0,37,0,0,0,0,0,0,0,0,0,0,31,0,30,40,0,36,0,0,39,41
6,16410,3,KR4MFM,20.58,5,   coast,-12.07,77058,2250.05,1347.22,0,52.7,4.19,4.2,4.11,-0.49,0.01,0.11,58.92,-2,8.73,0.4,-0.56,-0.15,86.17,4.2,0,0,0,0,1,1,15,31.0385764,-103.5136667,2365,2026,6,20,23,46,57,965,1744,116,56,0.8,0.4,0.7,27,35,30,0,0,0,0,26,0,31,0,37,0,0,0,0,0,0,0,0,0,0,31,0,30,40,0,36,0,0,39,41
6,16410,3,KR4MFM,20.59,5,   coast,-11.57,77063,2249.53,1346.7,0,52.7,4.19,4.2,4.11,-0.48,0.07,0.09,58.92,-1.88,8.24,0.4,-0.56,-0.15,86.25,4.2,0,0,0,0,1,1,15,31.0385764,-103.5136667,2365,2026,6,20,23,46,57,965,1744,116,56,0.8,0.4,0.7,27,35,30,0,0,0,0,26,0,31,0,37,0,0,0,0,0,0,0,0,0,0,31,0,30,40,0,36,0,0,39,41
6,16410,3,KR4MFM,20.6,5,   coast,-11.57,77063,2249.53,1346.7,0,52.7,4.19,4.2,4.11,-0.5,0.03,0.11,59.59,-2,8.18,0.4,-0.57,-0.14,86.34,4.2,0,0,0,0,1,1,15,31.0385764,-103.5136667,2365,2026,6,20,23,46,57,965,1744,116,56,0.8,0.4,0.7,27,35,30,0,0,0,0,26,0,31,0,37,0,0,0,0,0,0,0,0,0,0,31,0,30,40,0,36,0,0,39,41
6,16410,3,KR4MFM,20.61,5,   coast,-11.57,77062,2249.63,1346.81,0,52.7,4.19,4.2,4.11,-0.49,0.01,0.14,59.34,-2.18,8,0.4,-0.57,-0.14,86.42,4.2,0,0,0,0,1,1,15,31.0385764,-103.5136667,2365,2026,6,20,23,46,57,965,1744,116,56,0.8,0.4,0.7,27,35,30,0,0,0,0,26,0,31,0,37,0,0,0,0,0,0,0,0,0,0,31,0,30,40,0,36,0,0,39,41
6,16410,3,KR4MFM,20.62,5,   coast,-11.57,77062,2249.63,1346.81,0,52.7,4.19,4.2,4.11,-0.47,-0.01,0.11,59.1,-1.76,7.45,0.4,-0.57,-0.13,86.5,4.2,0,0,0,0,1,1,15,31.0385764,-103.5136667,2365,2026,6,20,23,46,57,965,1744,116,56,0.8,0.4,0.7,27,35,30,0,0,0,0,26,0,31,0,37,0,0,0,0,0,0,0,0,0,0,31,0,30,40,0,36,0,0,39,41
6,16410,3,KR4MFM,20.63,5,   coast,-11.57,77071,2248.7,1345.87,0,52.7,4.19,4.2,4.11,-0.46,-0.04,0.1,58.79,-1.82,7.39,0.39,-0.57,-0.12,86.57,4.2,0,0,0,0,1,1,15,31.0385764,-103.5136667,2365,2026,6,20,23,46,57,965,1744,116,56,0.8,0.4,0.7,27,35,30,0,0,0,0,26,0,31,0,37,0,0,0,0,0,0,0,0,0,0,31,0,30,40,0,36,0,0,39,41
6,16410,3,KR4MFM,20.64,5,   coast,-11.57,77071,2248.7,1345.87,0,52.7,4.19,4.2,4.11,-0.49,0.02,0.1,58.43,-1.64,7.51,0.39,-0.57,-0.12,86.65,4.2,0,0,0,0,1,1,15,31.0385764,-103.5136667,2365,2026,6,20,23,46,57,965,1744,116,56,0.8,0.4,0.7,27,35,30,0,0,0,0,26,0,31,0,37,0,0,0,0,0,0,0,0,0,0,31,0,30,40,0,36,0,0,39,41
6,16410,3,KR4MFM,20.65,5,   coast,-11.06,77050,2250.88,1348.05,0,52.7,4.19,4.2,4.11,-0.44,0.13,0.09,57.94,-1.57,7.27,0.39,-0.57,-0.11,86.72,4.2,0,0,0,0,1,1,15,31.0385764,-103.5136667,2365,2026,6,20,23,46,57,965,1744,116,56,0.8,0.4,0.7,27,35,30,0,0,0,0,26,0,31,0,37,0,0,0,0,0,0,0,0,0,0,31,0,30,40,0,36,0,0,39,41
6,16410,3,KR4MFM,20.66,5,   coast,-12.57,77050,2250.88,1348.05,0,52.7,4.19,4.2,4.11,-0.49,0.09,0.06,57.39,-1.51,6.66,0.39,-0.57,-0.11,86.79,4.2,0,0,0,0,1,1,15,31.0385764,-103.5136667,2365,2026,6,20,23,46,57,965,1744,116,56,0.8,0.4,0.7,27,35,30,0,0,0,0,26,0,31,0,37,0,0,0,0,0,0,0,0,0,0,31,0,30,40,0,36,0,0,39,41
6,16410,3,KR4MFM,20.67,5,   coast,-10.56,77063,2249.53,1346.7,0,52.7,4.19,4.2,4.11,-0.46,-0.1,0.05,57.21,-1.7,6.35,0.39,-0.58,-0.11,86.86,4.2,0,0,0,0,1,1,15,31.0385764,-103.5136667,2365,2026,6,20,23,46,57,965,1744,116,56,0.8,0.4,0.7,27,35,30,0,0,0,0,26,0,31,0,37,0,0,0,0,0,0,0,0,0,0,31,0,30,40,0,36,0,0,39,41
6,16410,3,KR4MFM,20.68,5,   coast,-10.56,77063,2249.53,1346.7,0,52.7,4.19,4.2,4.11,-0.45,-0.06,0.01,57.69,-1.64,6.47,0.39,-0.58,-0.1,86.92,4.2,0,0,0,0,1,1,15,31.0385764,-103.5136667,2365,2026,6,20,23,46,57,965,1744,116,56,0.8,0.4,0.7,27,35,30,0,0,0,0,26,0,31,0,37,0,0,0,0,0,0,0,0,0,0,31,0,30,40,0,36,0,0,39,41
6,16410,3,KR4MFM,20.69,5,   coast,-11.06,77055,2250.36,1347.53,0,52.7,4.19,4.2,4.11,-0.48,-0.04,0.07,57.27,-2,6.35,0.39,-0.58,-0.1,86.99,4.2,0,0,0,0,1,1,15,31.0385764,-103.5136667,2365,2026,6,20,23,46,57,965,1744,116,56,0.8,0.4,0.7,27,35,30,0,0,0,0,26,0,31,0,37,0,0,0,0,0,0,0,0,0,0,31,0,30,40,0,36,0,0,39,41
6,16410,3,KR4MFM,20.7,5,   coast,-11.06,77055,2250.36,1347.53,0,52.7,4.19,4.2,4.11,-0.47,0.04,0.11,57.21,-1.82,6.66,0.4,-0.58,-0.1,87.06,4.2,0,0,0,0,1,1,15,31.0385764,-103.5136667,2365,2026,6,20,23,46,57,965,1744,116,56,0.8,0.4,0.7,27,35,30,0,0,0,0,26,0,31,0,37,0,0,0,0,0,0,0,0,0,0,31,0,30,40,0,36,0,0,39,41
6,16410,3,KR4MFM,20.71,5,   coast,-12.07,77048,2251.09,1348.26,0,52.7,4.19,4.2,4.11,-0.5,0.18,0.12,57.33,-1.7,6.11,0.39,-0.58,-0.09,87.12,4.2,0,0,0,0,1,1,15,31.0385764,-103.5136667,2365,2026,6,20,23,46,57,965,1744,116,56,0.8,0.4,0.7,27,35,30,0,0,0,0,26,0,31,0,37,0,0,0,0,0,0,0,0,0,0,31,0,30,40,0,36,0,0,39,41
6,16410,3,KR4MFM,20.72,5,   coast,-11.06,77048,2251.09,1348.26,0,52.7,4.19,4.2,4.11,-0.49,0.09,0.06,56.72,-1.15,5.62,0.39,-0.58,-0.09,87.18,4.2,0,0,0,0,1,1,15,31.0385764,-103.5136667,2365,2026,6,20,23,46,57,965,1744,116,56,0.8,0.4,0.7,27,35,30,0,0,0,0,26,0,31,0,37,0,0,0,0,0,0,0,0,0,0,31,0,30,40,0,36,0,0,39,41
6,16410,3,KR4MFM,20.73,5,   coast,-10.06,77050,2250.88,1348.05,0,52.7,4.19,4.2,4.11,-0.5,0,0.06,56.47,-1.27,5.13,0.39,-0.58,-0.08,87.23,4.2,0,0,0,0,1,1,15,31.0385764,-103.5136667,2365,2026,6,20,23,46,57,965,1744,116,56,0.8,0.4,0.7,27,35,30,0,0,0,0,26,0,31,0,37,0,0,0,0,0,0,0,0,0,0,31,0,30,40,0,36,0,0,39,41
6,16410,3,KR4MFM,20.74,5,   coast,-12.07,77050,2250.88,1348.05,0,52.7,4.19,4.2,4.11,-0.47,-0.02,0.1,55.99,-1.33,5.07,0.4,-0.58,-0.08,87.28,4.2,0,0,0,0,1,1,15,31.0385764,-103.5136667,2365,2026,6,20,23,46,57,965,1744,116,56,0.8,0.4,0.7,27,35,30,0,0,0,0,26,0,31,0,37,0,0,0,0,0,0,0,0,0,0,31,0,30,40,0,36,0,0,39,41
6,16410,3,KR4MFM,20.75,5,   coast,-12.07,77051,2250.77,1347.95,0,52.7,4.19,4.2,4.11,-0.47,-0.11,0.1,55.62,-1.39,4.64,0.39,-0.58,-0.07,87.33,4.2,0,0,0,0,1,1,15,31.0385764,-103.5136667,2365,2026,6,20,23,46,57,965,1744,116,56,0.8,0.4,0.7,27,35,30,0,0,0,0,26,0,31,0,37,0,0,0,0,0,0,0,0,0,0,31,0,30,40,0,36,0,0,39,41
6,16410,3,KR4MFM,20.76,5,   coast,-10.56,77051,2250.77,1347.95,0,52.7,4.19,4.2,4.11,-0.44,-0.03,0.16,55.07,-1.21,4.89,0.39,-0.58,-0.06,87.38,4.2,0,0,0,0,1,1,15,31.0385764,-103.5136667,2365,2026,6,20,23,46,57,965,1744,116,56,0.8,0.4,0.7,27,35,30,0,0,0,0,26,0,31,0,37,0,0,0,0,0,0,0,0,0,0,31,0,30,40,0,36,0,0,39,41
6,16410,3,KR4MFM,20.77,5,   coast,-11.06,77051,2250.77,1347.95,0,52.7,4.19,4.2,4.11,-0.49,0.06,0.13,54.95,-1.09,5.13,0.39,-0.58,-0.06,87.43,4.2,0,0,0,0,1,1,15,31.0385764,-103.5136667,2365,2026,6,20,23,46,57,965,1744,116,56,0.8,0.4,0.7,27,35,30,0,0,0,0,26,0,31,0,37,0,0,0,0,0,0,0,0,0,0,31,0,30,40,0,36,0,0,39,41
6,16410,3,KR4MFM,20.78,5,   coast,-11.06,77051,2250.77,1347.95,0,52.7,4.19,4.2,4.11,-0.5,0.09,0.09,54.64,-0.78,4.58,0.39,-0.58,-0.06,87.47,4.2,0,0,0,0,1,1,15,31.0385764,-103.5136667,2365,2026,6,20,23,46,57,965,1744,116,56,0.8,0.4,0.7,27,35,30,0,0,0,0,26,0,31,0,37,0,0,0,0,0,0,0,0,0,0,31,0,30,40,0,36,0,0,39,41
6,16410,3,KR4MFM,20.79,5,   coast,-10.56,77041,2251.81,1348.99,0,52.7,4.19,4.2,4.11,-0.46,0.05,0.06,55.19,-0.96,4.21,0.39,-0.58,-0.05,87.52,4.2,0,0,0,0,1,1,15,31.0385764,-103.5136667,2365,2026,6,20,23,46,57,965,1744,116,56,0.8,0.4,0.7,27,35,30,0,0,0,0,26,0,31,0,37,0,0,0,0,0,0,0,0,0,0,31,0,30,40,0,36,0,0,39,41
6,16410,3,KR4MFM,20.8,5,   coast,-11.57,77041,2251.81,1348.99,0,52.7,4.19,4.2,4.11,-0.49,0.03,0.17,55.92,-1.15,4.03,0.39,-0.58,-0.05,87.56,4.2,0,0,0,0,1,1,15,31.0385764,-103.5136667,2365,2026,6,20,23,46,57,965,1744,116,56,0.8,0.4,0.7,27,35,30,0,0,0,0,26,0,31,0,37,0,0,0,0,0,0,0,0,0,0,31,0,30,40,0,36,0,0,39,41
6,16410,3,KR4MFM,20.81,5,   coast,-10.06,77050,2250.88,1348.05,0,52.7,4.19,4.2,4.11,-0.48,-0.01,0.19,56.72,-1.45,3.73,0.39,-0.58,-0.05,87.6,4.2,0,0,0,0,1,1,15,31.0385764,-103.5136667,2365,2026,6,20,23,46,57,965,1744,116,56,0.8,0.4,0.7,27,35,30,0,0,0,0,26,0,31,0,37,0,0,0,0,0,0,0,0,0,0,31,0,30,40,0,36,0,0,39,41
6,16410,3,KR4MFM,20.82,5,   coast,-13.08,77050,2250.88,1348.05,0,52.7,4.18,4.2,4.11,-0.54,-0.01,0.17,56.6,-0.78,3.97,0.39,-0.58,-0.04,87.64,4.19,0,0,0,0,1,1,15,31.0385764,-103.5136667,2365,2026,6,20,23,46,57,965,1744,116,56,0.8,0.4,0.7,27,35,30,0,0,0,0,26,0,31,0,37,0,0,0,0,0,0,0,0,0,0,31,0,30,40,0,36,0,0,39,41
6,16410,3,KR4MFM,20.82,5,   coast,-13.08,77050,2250.88,1348.05,0,52.7,4.18,4.2,4.11,-0.54,-0.01,0.17,56.6,-0.78,3.97,0.39,-0.58,-0.04,87.64,4.19,0,0,0,0,1,1,15,31.0385764,-103.5136667,2365,2026,6,20,23,46,57,965,1744,116,56,0.8,0.4,0.7,27,35,30,0,0,0,0,26,0,31,0,37,0,0,0,0,0,0,0,0,0,0,31,0,30,40,0,36,0,0,39,41
6,16410,3,KR4MFM,20.83,5,   coast,-12.07,77048,2251.09,1348.26,0,52.7,4.18,4.2,4.11,-0.48,0.07,0.19,57.21,-0.66,3.85,0.39,-0.58,-0.04,87.67,4.19,0,0,0,0,1,1,15,31.0385764,-103.5136667,2365,2026,6,20,23,46,57,965,1744,116,56,0.8,0.4,0.7,27,35,30,0,0,0,0,26,0,31,0,37,0,0,0,0,0,0,0,0,0,0,31,0,30,40,0,36,0,0,39,41
6,16410,3,KR4MFM,20.84,5,   coast,-12.57,77048,2251.09,1348.26,0,52.7,4.18,4.2,4.11,-0.46,0.14,0.14,58.49,-1.02,3.73,0.39,-0.58,-0.03,87.71,4.19,0,0,0,0,1,1,15,31.0385764,-103.5136667,2365,2026,6,20,23,46,57,965,1744,116,56,0.8,0.4,0.7,27,35,30,0,0,0,0,26,0,31,0,37,0,0,0,0,0,0,0,0,0,0,31,0,30,40,0,36,0,0,39,41
6,16410,3,KR4MFM,20.85,5,   coast,-10.56,77046,2251.29,1348.47,0,52.7,4.18,4.2,4.11,-0.45,0.14,0.1,58.98,-0.72,3.42,0.39,-0.58,-0.03,87.74,4.19,0,0,0,0,1,1,15,31.0385764,-103.5136667,2365,2026,6,20,23,46,57,965,1744,116,56,0.8,0.4,0.7,27,35,30,0,0,0,0,26,0,31,0,37,0,0,0,0,0,0,0,0,0,0,31,0,30,40,0,36,0,0,39,41
6,16410,3,KR4MFM,20.86,5,   coast,-11.06,77046,2251.29,1348.47,0,52.7,4.18,4.2,4.11,-0.45,0.09,0.11,59.95,-1.09,3.18,0.39,-0.58,-0.03,87.78,4.19,0,0,0,0,1,1,15,31.0385764,-103.5136667,2365,2026,6,20,23,46,57,965,1744,116,56,0.8,0.4,0.7,27,35,30,0,0,0,0,26,0,31,0,37,0,0,0,0,0,0,0,0,0,0,31,0,30,40,0,36,0,0,39,41
6,16410,3,KR4MFM,20.87,5,   coast,6.03,77055,2250.36,1347.53,0,52.7,4.18,4.2,4.11,-0.73,0.01,0.02,59.65,-1.39,3.05,0.39,-0.58,-0.02,87.81,4.19,0,0,0,0,1,1,15,31.0385764,-103.5136667,2365,2026,6,20,23,46,57,965,1744,116,56,0.8,0.4,0.7,27,35,30,0,0,0,0,26,0,31,0,37,0,0,0,0,0,0,0,0,0,0,31,0,30,40,0,36,0,0,39,41
6,16410,3,KR4MFM,20.88,5,   coast,-40.74,77055,2250.36,1347.53,0,52.7,4.18,4.2,4.11,9,2.14,-7.55,72.22,22.11,7.94,0.39,-0.58,-0.01,87.76,4.19,0,0,0,0,1,1,15,31.0385764,-103.5136667,2365,2026,6,20,23,46,57,965,1744,116,56,0.8,0.4,0.7,27,35,30,0,0,0,0,26,0,31,0,37,0,0,0,0,0,0,0,0,0,0,31,0,30,40,0,36,0,0,39,41
6,16410,3,KR4MFM,20.89,5,   coast,-52.81,77116,2244.02,1341.2,0,52.7,4.18,4.2,4.11,-37.81,0.03,2.03,67.89,-26.72,-16.42,0.39,-0.58,-0.01,87.77,4.19,0,0,0,0,1,1,15,31.0385764,-103.5136667,2365,2026,6,20,23,46,57,965,1744,116,56,0.8,0.4,0.7,27,35,30,0,0,0,0,26,0,31,0,37,0,0,0,0,0,0,0,0,0,0,31,0,30,40,0,36,0,0,39,41
6,16410,3,KR4MFM,20.9,5,   coast,-40.23,77116,2244.02,1341.2,0,52.7,4.18,4.2,4.11,-18.83,-1.85,15.22,64.29,3.31,13.8,0.39,-0.58,0,87.86,4.19,0,0,0,0,1,1,15,31.0385764,-103.5136667,2365,2026,6,20,23,46,57,965,1744,116,56,0.8,0.4,0.7,27,35,30,0,0,0,0,26,0,31,0,37,0,0,0,0,0,0,0,0,0,0,31,0,30,40,0,36,0,0,39,41
6,16410,3,KR4MFM,20.91,6,  drogue,-19.61,77069,2248.9,1346.08,0,52.7,4.18,4.2,4.11,-1.04,0.29,5.87,65.57,-7.13,-0.49,0.39,-0.58,0,87.9,4.19,0,0,0,0,1,1,15,31.0385764,-103.5136667,2365,2026,6,20,23,46,57,965,1744,116,56,0.8,0.4,0.7,27,35,30,0,0,0,0,26,0,31,0,37,0,0,0,0,0,0,0,0,0,0,31,0,30,40,0,36,0,0,39,41
6,16410,3,KR4MFM,20.91,6,  drogue,-19.61,77069,2248.9,1346.08,0,52.7,4.18,4.2,4.11,-1.04,0.29,5.87,65.57,-7.13,-0.49,0.39,-0.58,0,87.9,4.19,0,0,0,0,1,1,15,31.0385764,-103.5136667,2365,2026,6,20,23,46,57,965,1744,116,56,0.8,0.4,0.7,27,35,30,0,0,0,0,26,0,31,0,37,0,0,0,0,0,0,0,0,0,0,31,0,30,40,0,36,0,0,39,41
6,16410,3,KR4MFM,20.92,6,  drogue,0,77069,2248.9,1346.08,10.26,52.7,4.18,4.2,4.11,1.87,2.5,3.74,64.71,-1.02,0.74,0.39,-0.58,0.01,87.91,4.19,0,0,0,0,1,1,15,31.0385764,-103.5136667,2365,2026,6,20,23,46,57,965,1744,116,56,0.8,0.4,0.7,27,35,30,0,0,0,0,26,0,31,0,37,0,0,0,0,0,0,0,0,0,0,31,0,30,40,0,36,0,0,39,41
6,16410,3,KR4MFM,20.97,6,  drogue,0,77069,2248.9,1346.08,10.26,52.7,4.18,4.2,4.11,1.87,2.5,3.74,64.71,-1.02,0.74,0.39,-0.58,0.01,87.91,4.19,0,0,0,0,1,1,15,31.0385764,-103.5136667,2365,2026,6,20,23,46,57,965,1744,116,56,0.8,0.4,0.7,27,35,30,0,0,0,0,26,0,31,0,37,0,0,0,0,0,0,0,0,0,0,31,0,30,40,0,36,0,0,39,41
6,16410,3,KR4MFM,20.97,6,  drogue,0,77069,2248.9,1346.08,10.26,52.7,4.18,4.2,4.11,1.87,2.5,3.74,64.71,-1.02,0.74,0.39,-0.58,0.01,87.91,4.19,0,0,0,0,1,1,15,31.0385764,-103.5136667,2365,2026,6,20,23,46,57,965,1744,116,56,0.8,0.4,0.7,27,35,30,0,0,0,0,26,0,31,0,37,0,0,0,0,0,0,0,0,0,0,31,0,30,40,0,36,0,0,39,41
6,16410,3,KR4MFM,21.02,6,  drogue,-8.55,77050,2250.88,1348.05,10.76,52.7,4.18,4.2,4.11,-1.88,-0.35,-1.47,42.37,6.54,7.82,0.39,-0.58,0.04,88.17,4.19,0,0,0,0,1,1,15,31.0383305,-103.5130814,2372,2026,6,20,23,46,58,1027,1784,116,55,0.8,0.4,0.7,27,25,33,0,0,0,0,26,0,36,0,40,0,0,0,0,0,0,0,0,0,0,32,0,28,35,0,38,0,0,39,41
6,16410,3,KR4MFM,21.12,6,  drogue,-15.09,77042,2251.71,1348.89,11.3,52.7,4.18,4.2,4.11,-1.95,8.44,7.67,-9.26,-20.31,-26.85,0.39,-0.57,0.05,87.4,4.19,0,0,0,0,1,1,15,31.0383305,-103.5130814,2372,2026,6,20,23,46,58,1027,1784,116,55,0.8,0.4,0.7,27,25,33,0,0,0,0,26,0,36,0,40,0,0,0,0,0,0,0,0,0,0,32,0,28,35,0,38,0,0,39,41
6,16410,3,KR4MFM,21.14,6,  drogue,-15.09,77042,2251.71,1348.89,11.3,52.7,0.01,4.19,4.11,-1.95,8.44,7.67,-9.26,-20.31,-26.85,0.39,-0.57,0.05,87.4,4.2,0,0,0.01,0,1,1,15,31.0383305,-103.5130814,2372,2026,6,20,23,46,58,1027,1784,116,55,0.8,0.4,0.7,27,25,33,0,0,0,0,26,0,36,0,40,0,0,0,0,0,0,0,0,0,0,32,0,28,35,0,38,0,0,39,41
6,16410,3,KR4MFM,21.22,6,  drogue,-15.09,76929,2263.46,1360.64,11.81,52.7,0.01,4.19,4.11,-5.32,23.22,2.34,-176.19,-2.98,34.98,0.37,-0.59,-0.07,90.31,4.2,0,0,0.01,0,1,1,15,31.0383305,-103.5130814,2372,2026,6,20,23,46,58,1027,1784,116,55,0.8,0.4,0.7,27,25,33,0,0,0,0,26,0,36,0,40,0,0,0,0,0,0,0,0,0,0,32,0,28,35,0,38,0,0,39,41
6,16410,3,KR4MFM,21.32,6,  drogue,-17.1,76991,2257.01,1354.19,12.24,52.7,0.01,4.19,4.11,-6.24,-18.28,3.53,98.28,-10.73,11.72,0.36,-0.59,-0.04,91.79,4.2,0,0,0.01,0,1,1,15,31.0383305,-103.5130814,2372,2026,6,20,23,46,58,1027,1784,116,55,0.8,0.4,0.7,27,25,33,0,0,0,0,26,0,36,0,40,0,0,0,0,0,0,0,0,0,0,32,0,28,35,0,38,0,0,39,41
6,16410,3,KR4MFM,21.42,6,  drogue,-14.58,76989,2257.22,1354.39,12.51,52.7,0.01,4.19,4.11,-5.04,12.91,-0.23,72.65,5.87,20.33,0.35,-0.58,0.04,93.23,4.2,0,0,0.01,0,1,1,15,31.0383305,-103.5130814,2372,2026,6,20,23,46,58,1027,1784,116,55,0.8,0.4,0.7,27,25,33,0,0,0,0,26,0,36,0,40,0,0,0,0,0,0,0,0,0,0,32,0,28,35,0,38,0,0,39,41
6,16410,3,KR4MFM,21.46,6,  drogue,-14.58,76989,2257.22,1354.39,12.51,52.7,0,4.2,4.11,-5.04,12.91,-0.23,72.65,5.87,20.33,0.35,-0.58,0.04,93.23,4.21,0,0,0,0,1,1,15,31.0383305,-103.5130814,2372,2026,6,20,23,46,58,1027,1784,116,55,0.8,0.4,0.7,27,25,33,0,0,0,0,26,0,36,0,40,0,0,0,0,0,0,0,0,0,0,32,0,28,35,0,38,0,0,39,41
6,16410,3,KR4MFM,21.52,6,  drogue,-14.58,77009,2255.14,1352.32,12.57,52.7,0,4.2,4.11,-4.02,-8.31,-0.93,52.26,-8.1,-2.62,0.34,-0.58,0.09,93.53,4.21,0,0,0,0,1,1,15,31.0383305,-103.5130814,2372,2026,6,20,23,46,58,1027,1784,116,55,0.8,0.4,0.7,27,25,33,0,0,0,0,26,0,36,0,40,0,0,0,0,0,0,0,0,0,0,32,0,28,35,0,38,0,0,39,41
6,16410,3,KR4MFM,21.62,6,  drogue,-11.57,77045,2251.4,1348.57,12.38,52.7,0,4.2,4.11,-2.92,7.14,0.44,36.82,-10.55,14.77,0.34,-0.56,0.12,95.33,4.21,0,0,0,0,1,1,15,31.0383305,-103.5130814,2372,2026,6,20,23,46,58,1027,1784,116,55,0.8,0.4,0.7,27,25,33,0,0,0,0,26,0,36,0,40,0,0,0,0,0,0,0,0,0,0,32,0,28,35,0,38,0,0,39,41
6,16410,3,KR4MFM,21.72,6,  drogue,-15.59,77057,2250.15,1347.33,11.96,52.7,0,4.2,4.11,-4.09,-6.71,0.64,22.36,-6.52,-5.67,0.33,-0.56,0.14,95.42,4.21,0,0,0,0,1,1,15,31.0383305,-103.5130814,2372,2026,6,20,23,46,58,1027,1784,116,55,0.8,0.4,0.7,27,25,33,0,0,0,0,26,0,36,0,40,0,0,0,0,0,0,0,0,0,0,32,0,28,35,0,38,0,0,39,41
6,16410,3,KR4MFM,21.78,6,  drogue,-15.59,77057,2250.15,1347.33,11.96,52.7,0,4.19,4.11,-4.09,-6.71,0.64,22.36,-6.52,-5.67,0.33,-0.56,0.14,95.42,4.2,0,0,0,0,1,1,15,31.0383305,-103.5130814,2372,2026,6,20,23,46,58,1027,1784,116,55,0.8,0.4,0.7,27,25,33,0,0,0,0,26,0,36,0,40,0,0,0,0,0,0,0,0,0,0,32,0,28,35,0,38,0,0,39,41
6,16410,3,KR4MFM,21.82,6,  drogue,-14.08,77065,2249.32,1346.5,11.31,52.7,0,4.19,4.11,-4.91,2.13,1.2,-40.51,-2.92,11.05,0.33,-0.56,0.13,96.36,4.2,0,0,0,0,1,1,15,31.0383305,-103.5130814,2372,2026,6,20,23,46,58,1027,1784,116,55,0.8,0.4,0.7,27,25,33,0,0,0,0,26,0,36,0,40,0,0,0,0,0,0,0,0,0,0,32,0,28,35,0,38,0,0,39,41
6,16410,3,KR4MFM,21.92,6,  drogue,-34.2,77056,2250.25,1347.43,10.4,52.7,0,4.19,4.11,-23.71,9.72,48.59,-794.97,-8.96,-31,0.33,-0.58,-0.12,94.81,4.2,0,0,0,0,1,1,15,31.0383305,-103.5130814,2372,2026,6,20,23,46,58,1027,1784,116,55,0.8,0.4,0.7,27,25,33,0,0,0,0,26,0,36,0,40,0,0,0,0,0,0,0,0,0,0,32,0,28,35,0,38,0,0,39,41
6,16410,3,KR4MFM,21.96,6,  drogue,-34.2,77056,2250.25,1347.43,10.4,52.7,0,4.19,4.11,-23.71,9.72,48.59,-794.97,-8.96,-31,0.33,-0.58,-0.12,94.81,4.2,0,0,0,0,1,1,15,31.0383305,-103.5130814,2372,2026,6,20,23,46,58,1027,1784,116,55,0.8,0.4,0.7,27,25,33,0,0,0,0,26,0,36,0,40,0,0,0,0,0,0,0,0,0,0,32,0,28,35,0,38,0,0,39,41
6,16410,3,KR4MFM,21.96,6,  drogue,-34.2,77056,2250.25,1347.43,10.4,52.7,0,4.19,4.11,-23.71,9.72,48.59,-794.97,-8.96,-31,0.33,-0.58,-0.12,94.81,4.2,0,0,0,0,1,1,15,31.0383305,-103.5130814,2372,2026,6,20,23,46,58,1027,1784,116,55,0.8,0.4,0.7,27,25,33,0,0,0,0,26,0,36,0,40,0,0,0,0,0,0,0,0,0,0,32,0,28,35,0,38,0,0,39,41
6,16410,3,KR4MFM,22.02,6,  drogue,-54.31,77114,2244.23,1341.41,9.23,52.7,0,4.19,4.11,-34.59,24.59,12.22,-1936.75,-164.97,-21.73,0.41,0.29,-0.2,83.62,4.2,0,0,0,0,1,1,15,31.0380968,-103.5125198,2369,2026,6,20,23,46,59,1087,1817,116,53,0.8,0.4,0.7,29,24,29,0,0,0,0,25,0,39,0,41,0,0,0,0,0,0,0,0,0,0,34,0,32,33,0,39,0,0,38,41
6,16410,3,KR4MFM,22.1,6,  drogue,-54.31,77114,2244.23,1341.41,9.23,52.7,0,4.2,4.11,-34.59,24.59,12.22,-1936.75,-164.97,-21.73,0.41,0.29,-0.2,83.62,4.18,0,0,0,0,1,1,15,31.0380968,-103.5125198,2369,2026,6,20,23,46,59,1087,1817,116,53,0.8,0.4,0.7,29,24,29,0,0,0,0,25,0,39,0,41,0,0,0,0,0,0,0,0,0,0,34,0,32,33,0,39,0,0,38,41
6,16410,3,KR4MFM,22.12,6,  drogue,-82.48,77033,2252.64,1349.82,7.82,52.7,0,4.2,4.11,-98.2,-14.91,179.89,-792.89,384.41,-38.14,0.53,-0.43,0.24,59.76,4.18,0,0,0,0,1,1,15,31.0380968,-103.5125198,2369,2026,6,20,23,46,59,1087,1817,116,53,0.8,0.4,0.7,29,24,29,0,0,0,0,25,0,39,0,41,0,0,0,0,0,0,0,0,0,0,34,0,32,33,0,39,0,0,38,41
6,16410,3,KR4MFM,22.22,6,  drogue,-114.66,76583,2299.52,1396.7,6.2,52.7,0,4.2,4.11,-99.63,-13.59,58.93,225.97,543.04,-131.1,0.65,-0.4,-0.13,9.27,4.18,0,0,0,0,1,1,15,31.0380968,-103.5125198,2369,2026,6,20,23,46,59,1087,1817,116,53,0.8,0.4,0.7,29,24,29,0,0,0,0,25,0,39,0,41,0,0,0,0,0,0,0,0,0,0,34,0,32,33,0,39,0,0,38,41
6,16410,3,KR4MFM,22.32,6,  drogue,-107.62,76637,2293.89,1391.06,4.39,52.7,0,4.2,4.11,-96.56,-5.64,2.46,742.45,404.07,429.51,0.42,-0.57,-0.04,59.15,4.18,0,0,0,0,1,1,15,31.0380968,-103.5125198,2369,2026,6,20,23,46,59,1087,1817,116,53,0.8,0.4,0.7,29,24,29,0,0,0,0,25,0,39,0,41,0,0,0,0,0,0,0,0,0,0,34,0,32,33,0,39,0,0,38,41
6,16410,3,KR4MFM,22.42,6,  drogue,-105.61,76842,2272.51,1369.69,2.35,52.7,0,4.19,4.11,-93.58,83.64,38.69,810.2,-296.56,557.01,0.07,-0.12,0.37,118.24,4.2,0,0,0,0,1,1,15,31.0380968,-103.5125198,2369,2026,6,20,23,46,59,1087,1817,116,53,0.8,0.4,0.7,29,24,29,0,0,0,0,25,0,39,0,41,0,0,0,0,0,0,0,0,0,0,34,0,32,33,0,39,0,0,38,41
6,16410,3,KR4MFM,22.42,6,  drogue,-105.61,76842,2272.51,1369.69,2.35,52.7,0,4.19,4.11,-93.58,83.64,38.69,810.2,-296.56,557.01,0.07,-0.12,0.37,118.24,4.2,0,0,0,0,1,1,15,31.0380968,-103.5125198,2369,2026,6,20,23,46,59,1087,1817,116,53,0.8,0.4,0.7,29,24,29,0,0,0,0,25,0,39,0,41,0,0,0,0,0,0,0,0,0,0,34,0,32,33,0,39,0,0,38,41
6,16410,3,KR4MFM,22.52,6,  drogue,-42.75,76538,2304.22,1401.4,0.14,52.7,0,4.19,4.11,-36.82,-44.58,70.64,1097.06,-317.92,-236.69,-0.04,0.06,-0.31,157.12,4.2,0,0,0,0,1,1,15,31.0380968,-103.5125198,2369,2026,6,20,23,46,59,1087,1817,116,53,0.8,0.4,0.7,29,24,29,0,0,0,0,25,0,39,0,41,0,0,0,0,0,0,0,0,0,0,34,0,32,33,0,39,0,0,38,41
6,16410,3,KR4MFM,22.62,6,  drogue,-8.55,76666,2290.86,1388.04,-2.19,52.7,0,4.19,4.11,-5.95,-15.3,4.15,287.55,-11.03,-162.53,0.03,-0.43,-0.28,160.78,4.2,0,0,0,0,1,1,15,31.0380968,-103.5125198,2369,2026,6,20,23,46,59,1087,1817,116,53,0.8,0.4,0.7,29,24,29,0,0,0,0,25,0,39,0,41,0,0,0,0,0,0,0,0,0,0,34,0,32,33,0,39,0,0,38,41
6,16410,3,KR4MFM,22.72,6,  drogue,-30.17,76724,2284.81,1381.99,-4.58,52.7,0,4.19,4.11,-7.85,-43.67,-12.12,-155.5,-65.23,-24.29,0.06,-0.43,-0.32,153.97,4.2,0,0,0,0,1,1,15,31.0380968,-103.5125198,2369,2026,6,20,23,46,59,1087,1817,116,53,0.8,0.4,0.7,29,24,29,0,0,0,0,25,0,39,0,41,0,0,0,0,0,0,0,0,0,0,34,0,32,33,0,39,0,0,38,41
6,16410,3,KR4MFM,22.74,6,  drogue,-30.17,76724,2284.81,1381.99,-4.58,52.7,0.01,4.2,4.11,-7.85,-43.67,-12.12,-155.5,-65.23,-24.29,0.06,-0.43,-0.32,153.97,4.2,0,0,0,0,1,1,15,31.0380968,-103.5125198,2369,2026,6,20,23,46,59,1087,1817,116,53,0.8,0.4,0.7,29,24,29,0,0,0,0,25,0,39,0,41,0,0,0,0,0,0,0,0,0,0,34,0,32,33,0,39,0,0,38,41
6,16410,3,KR4MFM,22.82,6,  drogue,-20.62,76805,2276.37,1373.54,-6.98,52.7,0.01,4.2,4.11,-8.47,-34.52,-4.81,-97.46,-26.9,114.08,0.05,-0.32,-0.39,151.98,4.2,0,0,0,0,1,1,15,31.0380968,-103.5125198,2369,2026,6,20,23,46,59,1087,1817,116,53,0.8,0.4,0.7,29,24,29,0,0,0,0,25,0,39,0,41,0,0,0,0,0,0,0,0,0,0,34,0,32,33,0,39,0,0,38,41
6,16410,3,KR4MFM,22.92,6,  drogue,-18.1,76847,2271.99,1369.17,-9.34,52.6,0.01,4.2,4.11,-10.12,-13.08,-1,56.84,-26.35,175.78,0.02,-0.26,-0.4,141.13,4.2,0,0,0,0,1,1,15,31.0380968,-103.5125198,2369,2026,6,20,23,46,59,1087,1817,116,53,0.8,0.4,0.7,29,24,29,0,0,0,0,25,0,39,0,41,0,0,0,0,0,0,0,0,0,0,34,0,32,33,0,39,0,0,38,41
6,16410,3,KR4MFM,22.94,6,  drogue,-18.1,76847,2271.99,1369.17,-9.34,52.6,0.01,4.2,4.11,-10.12,-13.08,-1,56.84,-26.35,175.78,0.02,-0.26,-0.4,141.13,4.2,0,0,0,0,1,1,15,31.0380968,-103.5125198,2369,2026,6,20,23,46,59,1087,1817,116,53,0.8,0.4,0.7,29,24,29,0,0,0,0,25,0,39,0,41,0,0,0,0,0,0,0,0,0,0,34,0,32,33,0,39,0,0,38,41
6,16410,3,KR4MFM,22.94,6,  drogue,-18.1,76847,2271.99,1369.17,-9.34,52.6,0.01,4.2,4.11,-10.12,-13.08,-1,56.84,-26.35,175.78,0.02,-0.26,-0.4,141.13,4.2,0,0,0,0,1,1,15,31.0380968,-103.5125198,2369,2026,6,20,23,46,59,1087,1817,116,53,0.8,0.4,0.7,29,24,29,0,0,0,0,25,0,39,0,41,0,0,0,0,0,0,0,0,0,0,34,0,32,33,0,39,0,0,38,41
6,16410,3,KR4MFM,23.02,6,  drogue,-16.09,76844,2272.31,1369.48,-11.57,52.6,0.01,4.2,4.11,-7.44,-7.21,-0.07,199.78,-48.63,170.35,0.01,-0.27,-0.39,126.77,4.2,0,0,0,0,1,1,15,31.0379309,-103.5121155,2359,2026,6,20,23,47,0,1130,1835,116,52,0.9,0.5,0.7,31,35,34,0,0,0,0,0,0,24,0,34,0,0,0,0,0,0,0,0,0,0,29,0,33,33,0,26,0,0,37,19
6,16410,3,KR4MFM,23.06,6,  drogue,-16.09,76844,2272.31,1369.48,-11.57,52.6,0,4.2,4.11,-7.44,-7.21,-0.07,199.78,-48.63,170.35,0.01,-0.27,-0.39,126.77,4.2,0,0,0,0,1,1,15,31.0379309,-103.5121155,2359,2026,6,20,23,47,0,1130,1835,116,52,0.9,0.5,0.7,31,35,34,0,0,0,0,0,0,24,0,34,0,0,0,0,0,0,0,0,0,0,29,0,33,33,0,26,0,0,37,19
6,16410,3,KR4MFM,23.12,6,  drogue,-16.6,76867,2269.91,1367.09,-13.58,52.6,0,4.2,4.11,-7.85,-7.54,-10.92,379.23,-114.79,146.67,0.01,-0.39,-0.31,110.3,4.2,0,0,0,0,1,1,15,31.0379309,-103.5121155,2359,2026,6,20,23,47,0,1130,1835,116,52,0.9,0.5,0.7,31,35,34,0,0,0,0,0,0,24,0,34,0,0,0,0,0,0,0,0,0,0,29,0,33,33,0,26,0,0,37,19
6,16410,3,KR4MFM,23.22,6,  drogue,-20.12,76922,2264.19,1361.36,-15.22,52.6,0,4.2,4.11,-9.21,-2.01,-6.03,165.79,-185.41,63.42,0.03,-0.44,-0.26,93.36,4.2,0,0,0,0,1,1,15,31.0379309,-103.5121155,2359,2026,6,20,23,47,0,1130,1835,116,52,0.9,0.5,0.7,31,35,34,0,0,0,0,0,0,24,0,34,0,0,0,0,0,0,0,0,0,0,29,0,33,33,0,26,0,0,37,19
6,16410,3,KR4MFM,23.32,6,  drogue,-17.1,76974,2258.78,1355.95,-16.7,52.6,0,4.2,4.11,-7.23,-4.09,-8.25,-45.33,-188.28,74.1,0.08,-0.44,-0.32,80.28,4.2,0,0,0,0,1,1,15,31.0379309,-103.5121155,2359,2026,6,20,23,47,0,1130,1835,116,52,0.9,0.5,0.7,31,35,34,0,0,0,0,0,0,24,0,34,0,0,0,0,0,0,0,0,0,0,29,0,33,33,0,26,0,0,37,19
6,16410,3,KR4MFM,23.38,6,  drogue,-17.1,76974,2258.78,1355.95,-16.7,52.6,0,4.2,4.11,-7.23,-4.09,-8.25,-45.33,-188.28,74.1,0.08,-0.44,-0.32,80.28,4.2,0,0,0,0,1,1,15,31.0379309,-103.5121155,2359,2026,6,20,23,47,0,1130,1835,116,52,0.9,0.5,0.7,31,35,34,0,0,0,0,0,0,24,0,34,0,0,0,0,0,0,0,0,0,0,29,0,33,33,0,26,0,0,37,19
6,16410,3,KR4MFM,23.42,6,  drogue,-13.58,77063,2249.53,1346.7,-17.94,52.6,0,4.2,4.11,-4.21,-0.96,0.02,-272.26,-162.77,120.97,0.14,-0.28,-0.45,71.61,4.2,0,0,0,0,1,1,15,31.0379309,-103.5121155,2359,2026,6,20,23,47,0,1130,1835,116,52,0.9,0.5,0.7,31,35,34,0,0,0,0,0,0,24,0,34,0,0,0,0,0,0,0,0,0,0,29,0,33,33,0,26,0,0,37,19
6,16410,3,KR4MFM,23.52,6,  drogue,-10.06,77111,2244.54,1341.72,-18.95,52.6,0,4.2,4.11,-0.47,8.63,3.98,-319.38,-44.36,172.37,0.21,-0.01,-0.47,69.54,4.2,0,0,0,0,1,1,15,31.0379309,-103.5121155,2359,2026,6,20,23,47,0,1130,1835,116,52,0.9,0.5,0.7,31,35,34,0,0,0,0,0,0,24,0,34,0,0,0,0,0,0,0,0,0,0,29,0,33,33,0,26,0,0,37,19
6,16410,3,KR4MFM,23.62,6,  drogue,-1.51,77128,2242.78,1339.95,-19.72,52.6,0,4.2,4.11,5.91,13.18,-0.2,-260.6,58.55,124.64,0.26,0.2,-0.36,71.1,4.2,0,0,0,0,1,1,15,31.0379309,-103.5121155,2359,2026,6,20,23,47,0,1130,1835,116,52,0.9,0.5,0.7,31,35,34,0,0,0,0,0,0,24,0,34,0,0,0,0,0,0,0,0,0,0,29,0,33,33,0,26,0,0,37,19
6,16410,3,KR4MFM,23.7,6,  drogue,-1.51,77128,2242.78,1339.95,-19.72,52.6,0,4.19,4.1,5.91,13.18,-0.2,-260.6,58.55,124.64,0.26,0.2,-0.36,71.1,4.18,0,0,0,0,1,1,15,31.0379309,-103.5121155,2359,2026,6,20,23,47,0,1130,1835,116,52,0.9,0.5,0.7,31,35,34,0,0,0,0,0,0,24,0,34,0,0,0,0,0,0,0,0,0,0,29,0,33,33,0,26,0,0,37,19
6,16410,3,KR4MFM,23.72,6,  drogue,8.05,77083,2247.45,1344.63,-20.22,52.6,0,4.19,4.1,19.24,21.84,-3.1,-238.27,62.27,9.89,0.28,0.31,-0.18,75.08,4.18,0,0,0,0,1,1,15,31.0379309,-103.5121155,2359,2026,6,20,23,47,0,1130,1835,116,52,0.9,0.5,0.7,31,35,34,0,0,0,0,0,0,24,0,34,0,0,0,0,0,0,0,0,0,0,29,0,33,33,0,26,0,0,37,19
6,16410,3,KR4MFM,23.82,6,  drogue,-6.03,77018,2254.2,1351.38,-20.48,52.6,0,4.19,4.1,4.83,9.81,-8.62,-241.87,73.68,-69.58,0.24,0.34,-0.01,84.53,4.18,0,0,0,0,1,1,15,31.0379309,-103.5121155,2359,2026,6,20,23,47,0,1130,1835,116,52,0.9,0.5,0.7,31,35,34,0,0,0,0,0,0,24,0,34,0,0,0,0,0,0,0,0,0,0,29,0,33,33,0,26,0,0,37,19
6,16410,3,KR4MFM,23.92,6,  drogue,3.02,76996,2256.49,1353.67,-20.56,52.6,0,4.19,4.1,0.89,-33.48,-4.22,-230.94,31.26,-63.23,0.2,0.27,0.19,90.96,4.18,0,0,0,0,1,1,15,31.0379309,-103.5121155,2359,2026,6,20,23,47,0,1130,1835,116,52,0.9,0.5,0.7,31,35,34,0,0,0,0,0,0,24,0,34,0,0,0,0,0,0,0,0,0,0,29,0,33,33,0,26,0,0,37,19
6,16410,3,KR4MFM,23.95,6,  drogue,3.02,76996,2256.49,1353.67,-20.56,52.6,0,4.19,4.1,0.89,-33.48,-4.22,-230.94,31.26,-63.23,0.2,0.27,0.19,90.96,4.18,0,0,0,0,1,1,15,31.0379309,-103.5121155,2359,2026,6,20,23,47,0,1130,1835,116,52,0.9,0.5,0.7,31,35,34,0,0,0,0,0,0,24,0,34,0,0,0,0,0,0,0,0,0,0,29,0,33,33,0,26,0,0,37,19
6,16410,3,KR4MFM,23.95,6,  drogue,3.02,76996,2256.49,1353.67,-20.56,52.6,0,4.19,4.1,0.89,-33.48,-4.22,-230.94,31.26,-63.23,0.2,0.27,0.19,90.96,4.18,0,0,0,0,1,1,15,31.0379309,-103.5121155,2359,2026,6,20,23,47,0,1130,1835,116,52,0.9,0.5,0.7,31,35,34,0,0,0,0,0,0,24,0,34,0,0,0,0,0,0,0,0,0,0,29,0,33,33,0,26,0,0,37,19
6,16410,3,KR4MFM,24.02,6,  drogue,-4.02,76989,2257.22,1354.39,-20.52,52.6,0,4.2,4.11,6.23,-19.92,-3.59,-309.25,-13.17,-30.21,0.18,0.12,0.34,94.26,4.2,0,0,0,0,1,1,15,31.0378603,-103.5118648,2345,2026,6,20,23,47,1,1155,1839,116,51,1.1,0.6,0.9,42,44,39,0,0,0,0,0,0,31,0,36,0,0,0,0,0,0,0,0,0,0,31,0,39,31,0,39,0,0,38,41
6,16410,3,KR4MFM,24.02,6,  drogue,-4.02,76989,2257.22,1354.39,-20.52,52.6,0,4.2,4.11,6.23,-19.92,-3.59,-309.25,-13.17,-30.21,0.18,0.12,0.34,94.26,4.2,0,0,0,0,1,1,15,31.0378603,-103.5118648,2345,2026,6,20,23,47,1,1155,1839,116,51,1.1,0.6,0.9,42,44,39,0,0,0,0,0,0,31,0,36,0,0,0,0,0,0,0,0,0,0,31,0,39,31,0,39,0,0,38,41
6,16410,3,KR4MFM,24.12,6,  drogue,-4.02,77006,2255.45,1352.63,-20.35,52.6,0,4.2,4.11,6.25,-15.5,15.12,-381.33,-19.82,26.37,0.16,-0.13,0.41,94.17,4.2,0,0,0,0,1,1,15,31.0378603,-103.5118648,2345,2026,6,20,23,47,1,1155,1839,116,51,1.1,0.6,0.9,42,44,39,0,0,0,0,0,0,31,0,36,0,0,0,0,0,0,0,0,0,0,31,0,39,31,0,39,0,0,38,41
6,16410,3,KR4MFM,24.22,6,  drogue,-7.54,77002,2255.87,1353.04,-19.92,52.6,0,4.2,4.11,3.48,2.16,20.16,-116.93,53.05,30.4,0.17,-0.3,0.38,88.85,4.2,0,0,0,0,1,1,15,31.0378603,-103.5118648,2345,2026,6,20,23,47,1,1155,1839,116,51,1.1,0.6,0.9,42,44,39,0,0,0,0,0,0,31,0,36,0,0,0,0,0,0,0,0,0,0,31,0,39,31,0,39,0,0,38,41
6,16410,3,KR4MFM,24.32,6,  drogue,-10.06,77033,2252.64,1349.82,-19.6,52.6,0,4.2,4.11,1.35,3.78,15.58,195.69,102.19,11.17,0.22,-0.25,0.41,79.06,4.2,0,0,0,0,1,1,15,31.0378603,-103.5118648,2345,2026,6,20,23,47,1,1155,1839,116,51,1.1,0.6,0.9,42,44,39,0,0,0,0,0,0,31,0,36,0,0,0,0,0,0,0,0,0,0,31,0,39,31,0,39,0,0,38,41
6,16410,3,KR4MFM,24.34,6,  drogue,-10.06,77033,2252.64,1349.82,-19.6,52.6,0.01,4.2,4.12,1.35,3.78,15.58,195.69,102.19,11.17,0.22,-0.25,0.41,79.06,4.2,0,0,0,0,1,1,15,31.0378603,-103.5118648,2345,2026,6,20,23,47,1,1155,1839,116,51,1.1,0.6,0.9,42,44,39,0,0,0,0,0,0,31,0,36,0,0,0,0,0,0,0,0,0,0,31,0,39,31,0,39,0,0,38,41
6,16410,3,KR4MFM,24.42,6,  drogue,-11.57,77175,2237.9,1335.07,-19.44,52.6,0.01,4.2,4.12,0.49,-4.24,7.26,291.34,118.85,47.31,0.32,-0.02,0.43,66.69,4.2,0,0,0,0,1,1,15,31.0378603,-103.5118648,2345,2026,6,20,23,47,1,1155,1839,116,51,1.1,0.6,0.9,42,44,39,0,0,0,0,0,0,31,0,36,0,0,0,0,0,0,0,0,0,0,31,0,39,31,0,39,0,0,38,41
6,16410,3,KR4MFM,24.52,6,  drogue,-11.06,77256,2229.5,1326.67,-19.15,52.6,0.01,4.2,4.12,-0.95,-8.44,4.76,208.76,85.77,104.13,0.43,0.16,0.33,53.79,4.2,0,0,0,0,1,1,15,31.0378603,-103.5118648,2345,2026,6,20,23,47,1,1155,1839,116,51,1.1,0.6,0.9,42,44,39,0,0,0,0,0,0,31,0,36,0,0,0,0,0,0,0,0,0,0,31,0,39,31,0,39,0,0,38,41
6,16410,3,KR4MFM,24.62,6,  drogue,-10.06,77303,2224.62,1321.8,-18.99,52.6,0.01,4.2,4.12,-0.1,-3.76,5.86,139.05,75.57,138.06,0.54,0.2,0.22,38.31,4.2,0,0,0,0,1,1,15,31.0378603,-103.5118648,2345,2026,6,20,23,47,1,1155,1839,116,51,1.1,0.6,0.9,42,44,39,0,0,0,0,0,0,31,0,36,0,0,0,0,0,0,0,0,0,0,31,0,39,31,0,39,0,0,38,41
6,16410,3,KR4MFM,24.66,6,  drogue,-10.06,77303,2224.62,1321.8,-18.99,52.6,0.02,4.2,4.11,-0.1,-3.76,5.86,139.05,75.57,138.06,0.54,0.2,0.22,38.31,4.2,0,0,0,0,1,1,15,31.0378603,-103.5118648,2345,2026,6,20,23,47,1,1155,1839,116,51,1.1,0.6,0.9,42,44,39,0,0,0,0,0,0,31,0,36,0,0,0,0,0,0,0,0,0,0,31,0,39,31,0,39,0,0,38,41
6,16410,3,KR4MFM,24.72,6,  drogue,-11.57,77332,2221.62,1318.79,-18.89,52.6,0.02,4.2,4.11,-0.98,-5.13,-3.33,112.5,60.99,159.67,0.64,0.17,0.12,21.4,4.2,0,0,0,0,1,1,15,31.0378603,-103.5118648,2345,2026,6,20,23,47,1,1155,1839,116,51,1.1,0.6,0.9,42,44,39,0,0,0,0,0,0,31,0,36,0,0,0,0,0,0,0,0,0,0,31,0,39,31,0,39,0,0,38,41
6,16410,3,KR4MFM,24.82,6,  drogue,-10.06,77362,2218.51,1315.69,-18.9,52.6,0.02,4.2,4.11,-0.68,7.59,-0.8,128.25,28.58,160.53,0.72,0.08,0.05,6.08,4.2,0,0,0,0,1,1,15,31.0378603,-103.5118648,2345,2026,6,20,23,47,1,1155,1839,116,51,1.1,0.6,0.9,42,44,39,0,0,0,0,0,0,31,0,36,0,0,0,0,0,0,0,0,0,0,31,0,39,31,0,39,0,0,38,41
6,16410,3,KR4MFM,24.92,6,  drogue,-7.04,77351,2219.65,1316.83,-18.97,52.6,0.02,4.2,4.11,2.76,9.37,-5.45,109.09,-2.31,153.2,0.76,-0.02,0.01,11.02,4.2,0,0,0,0,1,1,15,31.0378603,-103.5118648,2345,2026,6,20,23,47,1,1155,1839,116,51,1.1,0.6,0.9,42,44,39,0,0,0,0,0,0,31,0,36,0,0,0,0,0,0,0,0,0,0,31,0,39,31,0,39,0,0,38,41
6,16410,3,KR4MFM,24.94,6,  drogue,-7.04,77351,2219.65,1316.83,-18.97,52.6,0.02,4.2,4.11,2.76,9.37,-5.45,109.09,-2.31,153.2,0.76,-0.02,0.01,11.02,4.2,0,0,0,0,1,1,15,31.0378603,-103.5118648,2345,2026,6,20,23,47,1,1155,1839,116,51,1.1,0.6,0.9,42,44,39,0,0,0,0,0,0,31,0,36,0,0,0,0,0,0,0,0,0,0,31,0,39,31,0,39,0,0,38,41
6,16410,3,KR4MFM,24.94,6,  drogue,-7.04,77351,2219.65,1316.83,-18.97,52.6,0.02,4.2,4.11,2.76,9.37,-5.45,109.09,-2.31,153.2,0.76,-0.02,0.01,11.02,4.2,0,0,0,0,1,1,15,31.0378603,-103.5118648,2345,2026,6,20,23,47,1,1155,1839,116,51,1.1,0.6,0.9,42,44,39,0,0,0,0,0,0,31,0,36,0,0,0,0,0,0,0,0,0,0,31,0,39,31,0,39,0,0,38,41
6,16410,3,KR4MFM,24.98,6,  drogue,-7.04,77351,2219.65,1316.83,-18.97,52.6,0,4.19,4.11,2.76,9.37,-5.45,109.09,-2.31,153.2,0.76,-0.02,0.01,11.02,4.2,0,0,0,0,1,1,15,31.0378143,-103.5117157,2324,2026,6,20,23,47,2,1170,1833,116,50,0.9,0.5,0.7,36,41,38,0,0,0,0,0,0,42,0,38,0,0,0,0,0,0,0,0,0,0,31,0,38,29,0,27,0,0,40,37
6,16410,3,KR4MFM,25.02,6,  drogue,-11.57,77334,2221.41,1318.59,-19.06,52.6,0,4.19,4.11,-0.33,9.33,2.51,244.4,-54.86,111.7,0.77,-0.1,0.02,23.42,4.2,0,0,0,0,1,1,15,31.0378143,-103.5117157,2324,2026,6,20,23,47,2,1170,1833,116,50,0.9,0.5,0.7,36,41,38,0,0,0,0,0,0,42,0,38,0,0,0,0,0,0,0,0,0,0,31,0,38,29,0,27,0,0,40,37
6,16410,3,KR4MFM,25.12,6,  drogue,-9.05,77233,2231.88,1329.06,-19.2,52.6,0,4.19,4.11,1.62,13.3,15.11,399.37,-92.58,60.98,0.76,-0.12,0.1,34.48,4.2,0,0,0,0,1,1,15,31.0378143,-103.5117157,2324,2026,6,20,23,47,2,1170,1833,116,50,0.9,0.5,0.7,36,41,38,0,0,0,0,0,0,42,0,38,0,0,0,0,0,0,0,0,0,0,31,0,38,29,0,27,0,0,40,37
6,16410,3,KR4MFM,25.22,6,  drogue,-9.05,77105,2245.16,1342.34,-19.4,52.6,0,4.19,4.11,2.14,3.66,12.65,367.2,-45.46,-9.82,0.74,-0.03,0.12,39.1,4.2,0,0,0,0,1,1,15,31.0378143,-103.5117157,2324,2026,6,20,23,47,2,1170,1833,116,50,0.9,0.5,0.7,36,41,38,0,0,0,0,0,0,42,0,38,0,0,0,0,0,0,0,0,0,0,31,0,38,29,0,27,0,0,40,37
6,16410,3,KR4MFM,25.3,6,  drogue,-9.05,77105,2245.16,1342.34,-19.4,52.6,0.03,4.19,4.11,2.14,3.66,12.65,367.2,-45.46,-9.82,0.74,-0.03,0.12,39.1,4.19,0,0,0,0,1,1,15,31.0378143,-103.5117157,2324,2026,6,20,23,47,2,1170,1833,116,50,0.9,0.5,0.7,36,41,38,0,0,0,0,0,0,42,0,38,0,0,0,0,0,0,0,0,0,0,31,0,38,29,0,27,0,0,40,37
6,16410,3,KR4MFM,25.32,6,  drogue,-9.05,77209,2234.37,1331.55,-19.65,52.6,0.03,4.19,4.11,1.44,-4.52,11.01,434.46,-9.51,-27.16,0.73,0.06,0.04,41.64,4.19,0,0,0,0,1,1,15,31.0378143,-103.5117157,2324,2026,6,20,23,47,2,1170,1833,116,50,0.9,0.5,0.7,36,41,38,0,0,0,0,0,0,42,0,38,0,0,0,0,0,0,0,0,0,0,31,0,38,29,0,27,0,0,40,37
6,16410,3,KR4MFM,25.42,6,  drogue,-8.55,77275,2227.53,1324.7,-19.97,52.6,0.03,4.19,4.11,1.47,-11.16,4.89,383.87,9.17,-8.79,0.72,0.07,-0.09,42.48,4.19,0,0,0,0,1,1,15,31.0378143,-103.5117157,2324,2026,6,20,23,47,2,1170,1833,116,50,0.9,0.5,0.7,36,41,38,0,0,0,0,0,0,42,0,38,0,0,0,0,0,0,0,0,0,0,31,0,38,29,0,27,0,0,40,37
6,16410,3,KR4MFM,25.52,6,  drogue,-9.56,77340,2220.79,1317.97,-20.33,52.6,0.03,4.19,4.11,1.51,-10.37,-1.89,252.58,21.13,30.34,0.71,-0.01,-0.2,41.42,4.19,0,0,0,0,1,1,15,31.0378143,-103.5117157,2324,2026,6,20,23,47,2,1170,1833,116,50,0.9,0.5,0.7,36,41,38,0,0,0,0,0,0,42,0,38,0,0,0,0,0,0,0,0,0,0,31,0,38,29,0,27,0,0,40,37
6,16410,3,KR4MFM,25.62,6,  drogue,-11.06,77353,2219.44,1316.62,-20.7,52.6,0,4.2,4.11,0.7,-8.46,-3.36,213.15,24.24,54.93,0.71,-0.12,-0.24,41.72,4.19,0,0,0,0,1,1,15,31.0378143,-103.5117157,2324,2026,6,20,23,47,2,1170,1833,116,50,0.9,0.5,0.7,36,41,38,0,0,0,0,0,0,42,0,38,0,0,0,0,0,0,0,0,0,0,31,0,38,29,0,27,0,0,40,37
6,16410,3,KR4MFM,25.62,6,  drogue,-11.06,77353,2219.44,1316.62,-20.7,52.6,0,4.2,4.11,0.7,-8.46,-3.36,213.15,24.24,54.93,0.71,-0.12,-0.24,41.72,4.19,0,0,0,0,1,1,15,31.0378143,-103.5117157,2324,2026,6,20,23,47,2,1170,1833,116,50,0.9,0.5,0.7,36,41,38,0,0,0,0,0,0,42,0,38,0,0,0,0,0,0,0,0,0,0,31,0,38,29,0,27,0,0,40,37
6,16410,3,KR4MFM,25.72,6,  drogue,-11.57,77364,2218.3,1315.48,-21.09,52.6,0,4.2,4.11,-0.78,-7.61,-9.15,184.46,-14.33,77.76,0.7,-0.24,-0.21,41.41,4.19,0,0,0,0,1,1,15,31.0378143,-103.5117157,2324,2026,6,20,23,47,2,1170,1833,116,50,0.9,0.5,0.7,36,41,38,0,0,0,0,0,0,42,0,38,0,0,0,0,0,0,0,0,0,0,31,0,38,29,0,27,0,0,40,37
6,16410,3,KR4MFM,25.82,6,  drogue,-10.56,77386,2216.03,1313.2,-21.44,52.6,0,4.2,4.11,-0.5,-2.63,-6.45,56.72,-41.92,93.81,0.68,-0.34,-0.16,43.69,4.19,0,0,0,0,1,1,15,31.0378143,-103.5117157,2324,2026,6,20,23,47,2,1170,1833,116,50,0.9,0.5,0.7,36,41,38,0,0,0,0,0,0,42,0,38,0,0,0,0,0,0,0,0,0,0,31,0,38,29,0,27,0,0,40,37
6,16410,3,KR4MFM,25.92,6,  drogue,-10.56,77448,2209.61,1306.78,-21.82,52.6,0,4.2,4.11,-0.34,-1.85,-12.92,-167.71,-39.54,98.7,0.66,-0.38,-0.17,49.17,4.19,0,0,0,0,1,1,15,31.0378143,-103.5117157,2324,2026,6,20,23,47,2,1170,1833,116,50,0.9,0.5,0.7,36,41,38,0,0,0,0,0,0,42,0,38,0,0,0,0,0,0,0,0,0,0,31,0,38,29,0,27,0,0,40,37
6,16410,3,KR4MFM,25.93,6,  drogue,-10.56,77448,2209.61,1306.78,-21.82,52.6,0,4.2,4.11,-0.34,-1.85,-12.92,-167.71,-39.54,98.7,0.66,-0.38,-0.17,49.17,4.19,0,0,0,0,1,1,15,31.0378143,-103.5117157,2324,2026,6,20,23,47,2,1170,1833,116,50,0.9,0.5,0.7,36,41,38,0,0,0,0,0,0,42,0,38,0,0,0,0,0,0,0,0,0,0,31,0,38,29,0,27,0,0,40,37
6,16410,3,KR4MFM,25.93,6,  drogue,-10.56,77448,2209.61,1306.78,-21.82,52.6,0,4.2,4.11,-0.34,-1.85,-12.92,-167.71,-39.54,98.7,0.66,-0.38,-0.17,49.17,4.19,0,0,0,0,1,1,15,31.0378143,-103.5117157,2324,2026,6,20,23,47,2,1170,1833,116,50,0.9,0.5,0.7,36,41,38,0,0,0,0,0,0,42,0,38,0,0,0,0,0,0,0,0,0,0,31,0,38,29,0,27,0,0,40,37
6,16410,3,KR4MFM,25.94,6,  drogue,-10.56,77448,2209.61,1306.78,-21.82,52.6,0.02,4.2,4.11,-0.34,-1.85,-12.92,-167.71,-39.54,98.7,0.66,-0.38,-0.17,49.17,4.19,0,0,0,0,1,1,15,31.0377894,-103.5116103,2303,2026,6,20,23,47,3,1180,1823,116,50,0.8,0.5,0.7,40,43,34,0,0,0,0,0,0,40,0,34,0,0,0,0,0,0,0,0,0,0,39,0,35,34,0,38,0,0,39,42
6,16410,3,KR4MFM,26.02,6,  drogue,-11.57,77489,2205.37,1302.54,-22.22,52.6,0.02,4.2,4.11,-0.68,-10.2,-7.57,-355.15,-18.3,127.69,0.61,-0.34,-0.28,56.85,4.19,0,0,0,0,1,1,15,31.0377894,-103.5116103,2303,2026,6,20,23,47,3,1180,1823,116,50,0.8,0.5,0.7,40,43,34,0,0,0,0,0,0,40,0,34,0,0,0,0,0,0,0,0,0,0,39,0,35,34,0,38,0,0,39,42
6,16410,3,KR4MFM,26.12,6,  drogue,-12.57,77560,2198.03,1295.2,-22.67,52.6,0.02,4.2,4.11,-1.02,-6.01,-2.03,-413.56,69.9,132.21,0.55,-0.19,-0.41,67.12,4.19,0,0,0,0,1,1,15,31.0377894,-103.5116103,2303,2026,6,20,23,47,3,1180,1823,116,50,0.8,0.5,0.7,40,43,34,0,0,0,0,0,0,40,0,34,0,0,0,0,0,0,0,0,0,0,39,0,35,34,0,38,0,0,39,42
6,16410,3,KR4MFM,26.22,6,  drogue,-12.57,77587,2195.24,1292.41,-23.17,52.6,0.02,4.2,4.11,-0.88,-6.22,2.64,-392.5,144.91,69.89,0.48,0.04,-0.42,77.99,4.19,0,0,0,0,1,1,15,31.0377894,-103.5116103,2303,2026,6,20,23,47,3,1180,1823,116,50,0.8,0.5,0.7,40,43,34,0,0,0,0,0,0,40,0,34,0,0,0,0,0,0,0,0,0,0,39,0,35,34,0,38,0,0,39,42
6,16410,3,KR4MFM,26.26,6,  drogue,-12.57,77587,2195.24,1292.41,-23.17,52.6,0,4.19,4.11,-0.88,-6.22,2.64,-392.5,144.91,69.89,0.48,0.04,-0.42,77.99,4.2,0,0,0,0,1,1,15,31.0377894,-103.5116103,2303,2026,6,20,23,47,3,1180,1823,116,50,0.8,0.5,0.7,40,43,34,0,0,0,0,0,0,40,0,34,0,0,0,0,0,0,0,0,0,0,39,0,35,34,0,38,0,0,39,42
6,16410,3,KR4MFM,26.32,6,  drogue,-10.06,77593,2194.62,1291.79,-23.72,52.6,0,4.19,4.11,-0.51,-4.69,-2.47,-395.37,162.31,-38.69,0.38,0.27,-0.26,89.71,4.2,0,0,0,0,1,1,15,31.0377894,-103.5116103,2303,2026,6,20,23,47,3,1180,1823,116,50,0.8,0.5,0.7,40,43,34,0,0,0,0,0,0,40,0,34,0,0,0,0,0,0,0,0,0,0,39,0,35,34,0,38,0,0,39,42
6,16410,3,KR4MFM,26.42,6,  drogue,-8.55,77573,2196.68,1293.86,-24.34,52.6,0,4.19,4.11,1.59,-11.16,3.62,-497.85,98.83,-113.71,0.3,0.33,0.07,99.71,4.2,0,0,0,0,1,1,15,31.0377894,-103.5116103,2303,2026,6,20,23,47,3,1180,1823,116,50,0.8,0.5,0.7,40,43,34,0,0,0,0,0,0,40,0,34,0,0,0,0,0,0,0,0,0,0,39,0,35,34,0,38,0,0,39,42
6,16410,3,KR4MFM,26.52,6,  drogue,-7.54,77563,2197.72,1294.89,-24.97,52.6,0,4.19,4.11,3,-10.29,12.66,-557.72,-15.18,-116.57,0.25,0.09,0.38,107.13,4.2,0,0,0,0,1,1,15,31.0377894,-103.5116103,2303,2026,6,20,23,47,3,1180,1823,116,50,0.8,0.5,0.7,40,43,34,0,0,0,0,0,0,40,0,34,0,0,0,0,0,0,0,0,0,0,39,0,35,34,0,38,0,0,39,42
6,16410,3,KR4MFM,26.58,6,  drogue,-7.54,77563,2197.72,1294.89,-24.97,52.6,0,4.2,4.11,3,-10.29,12.66,-557.72,-15.18,-116.57,0.25,0.09,0.38,107.13,4.19,0,0,0,0,1,1,15,31.0377894,-103.5116103,2303,2026,6,20,23,47,3,1180,1823,116,50,0.8,0.5,0.7,40,43,34,0,0,0,0,0,0,40,0,34,0,0,0,0,0,0,0,0,0,0,39,0,35,34,0,38,0,0,39,42
6,16410,3,KR4MFM,26.62,6,  drogue,-8.05,77509,2203.3,1300.47,-25.58,52.6,0,4.2,4.11,3.06,6.3,16.16,-323.47,-59.86,-82.76,0.2,-0.29,0.39,108.68,4.19,0,0,0,0,1,1,15,31.0377894,-103.5116103,2303,2026,6,20,23,47,3,1180,1823,116,50,0.8,0.5,0.7,40,43,34,0,0,0,0,0,0,40,0,34,0,0,0,0,0,0,0,0,0,0,39,0,35,34,0,38,0,0,39,42
6,16410,3,KR4MFM,26.72,6,  drogue,-9.05,77513,2202.88,1300.06,-26.14,52.6,0,4.2,4.11,2.08,10.77,15.3,-75.55,-46.86,-87.22,0.2,-0.41,0.32,103.07,4.19,0,0,0,0,1,1,15,31.0377894,-103.5116103,2303,2026,6,20,23,47,3,1180,1823,116,50,0.8,0.5,0.7,40,43,34,0,0,0,0,0,0,40,0,34,0,0,0,0,0,0,0,0,0,0,39,0,35,34,0,38,0,0,39,42
6,16410,3,KR4MFM,26.82,6,  drogue,-9.56,77586,2195.34,1292.51,-26.68,52.6,0,4.2,4.11,0.89,7.24,12.8,101.27,-12.38,-107.36,0.24,-0.4,0.34,93.23,4.19,0,0,0,0,1,1,15,31.0377894,-103.5116103,2303,2026,6,20,23,47,3,1180,1823,116,50,0.8,0.5,0.7,40,43,34,0,0,0,0,0,0,40,0,34,0,0,0,0,0,0,0,0,0,0,39,0,35,34,0,38,0,0,39,42
6,16410,3,KR4MFM,26.9,6,  drogue,-9.56,77586,2195.34,1292.51,-26.68,52.6,0,4.2,4.11,0.89,7.24,12.8,101.27,-12.38,-107.36,0.24,-0.4,0.34,93.23,4.18,0,0,0,0,1,1,15,31.0377894,-103.5116103,2303,2026,6,20,23,47,3,1180,1823,116,50,0.8,0.5,0.7,40,43,34,0,0,0,0,0,0,40,0,34,0,0,0,0,0,0,0,0,0,0,39,0,35,34,0,38,0,0,39,42
6,16410,3,KR4MFM,26.91,6,  drogue,-9.56,77586,2195.34,1292.51,-26.68,52.6,0,4.2,4.11,0.89,7.24,12.8,101.27,-12.38,-107.36,0.24,-0.4,0.34,93.23,4.18,0,0,0,0,1,1,15,31.0377894,-103.5116103,2303,2026,6,20,23,47,3,1180,1823,116,50,0.8,0.5,0.7,40,43,34,0,0,0,0,0,0,40,0,34,0,0,0,0,0,0,0,0,0,0,39,0,35,34,0,38,0,0,39,42
6,16410,3,KR4MFM,26.91,6,  drogue,-9.56,77586,2195.34,1292.51,-26.68,52.6,0,4.2,4.11,0.89,7.24,12.8,101.27,-12.38,-107.36,0.24,-0.4,0.34,93.23,4.18,0,0,0,0,1,1,15,31.0377894,-103.5116103,2303,2026,6,20,23,47,3,1180,1823,116,50,0.8,0.5,0.7,40,43,34,0,0,0,0,0,0,40,0,34,0,0,0,0,0,0,0,0,0,0,39,0,35,34,0,38,0,0,39,42
6,16410,3,KR4MFM,26.92,6,  drogue,-11.06,77621,2191.72,1288.9,-27.15,52.6,0,4.2,4.11,0.42,4.4,14.13,218.71,58,-105.53,0.31,-0.28,0.41,81.21,4.18,0,0,0,0,1,1,15,31.0377993,-103.5115422,2278,2026,6,20,23,47,4,1185,1808,116,49,0.9,0.5,0.7,29,39,30,0,0,0,0,0,0,40,0,36,0,0,0,0,0,0,0,0,0,0,24,0,35,28,0,38,0,0,37,33
6,16410,3,KR4MFM,27.02,6,  drogue,-11.06,77657,2188,1285.18,-27.57,52.6,0,4.2,4.11,-0.8,0.3,8.85,383.32,127.76,-70.19,0.4,-0.03,0.42,66.93,4.18,0,0,0,0,1,1,15,31.0377993,-103.5115422,2278,2026,6,20,23,47,4,1185,1808,116,49,0.9,0.5,0.7,29,39,30,0,0,0,0,0,0,40,0,36,0,0,0,0,0,0,0,0,0,0,24,0,35,28,0,38,0,0,37,33
6,16410,3,KR4MFM,27.12,6,  drogue,-10.06,77716,2181.91,1279.09,-27.83,52.6,0,4.2,4.11,0.5,-8.96,-0.65,337.54,136.91,31.56,0.49,0.22,0.23,53.41,4.18,0,0,0,0,1,1,15,31.0377993,-103.5115422,2278,2026,6,20,23,47,4,1185,1808,116,49,0.9,0.5,0.7,29,39,30,0,0,0,0,0,0,40,0,36,0,0,0,0,0,0,0,0,0,0,24,0,35,28,0,38,0,0,37,33
6,16410,3,KR4MFM,27.22,6,  drogue,-8.05,77739,2179.54,1276.72,-27.93,52.6,0,4.2,4.11,1.01,-2.48,-8.92,149.8,94.13,94.24,0.57,0.26,0.06,40.73,4.2,0,0,0,0,1,1,15,31.0377993,-103.5115422,2278,2026,6,20,23,47,4,1185,1808,116,49,0.9,0.5,0.7,29,39,30,0,0,0,0,0,0,40,0,36,0,0,0,0,0,0,0,0,0,0,24,0,35,28,0,38,0,0,37,33
6,16410,3,KR4MFM,27.22,6,  drogue,-8.05,77739,2179.54,1276.72,-27.93,52.6,0,4.2,4.11,1.01,-2.48,-8.92,149.8,94.13,94.24,0.57,0.26,0.06,40.73,4.2,0,0,0,0,1,1,15,31.0377993,-103.5115422,2278,2026,6,20,23,47,4,1185,1808,116,49,0.9,0.5,0.7,29,39,30,0,0,0,0,0,0,40,0,36,0,0,0,0,0,0,0,0,0,0,24,0,35,28,0,38,0,0,37,33
6,16410,3,KR4MFM,27.32,6,  drogue,-9.05,77796,2173.66,1270.84,-28.05,52.6,0,4.2,4.11,1.32,-3.43,-3.94,102.13,68.62,105.17,0.63,0.21,-0.05,28.95,4.2,0,0,0,0,1,1,15,31.0377993,-103.5115422,2278,2026,6,20,23,47,4,1185,1808,116,49,0.9,0.5,0.7,29,39,30,0,0,0,0,0,0,40,0,36,0,0,0,0,0,0,0,0,0,0,24,0,35,28,0,38,0,0,37,33
6,16410,3,KR4MFM,27.42,6,  drogue,-9.05,77825,2170.67,1267.85,-28.1,52.6,0,4.2,4.11,1.54,4.97,-9.44,94.19,45.06,116.03,0.68,0.13,-0.13,18.47,4.2,0,0,0,0,1,1,15,31.0377993,-103.5115422,2278,2026,6,20,23,47,4,1185,1808,116,49,0.9,0.5,0.7,29,39,30,0,0,0,0,0,0,40,0,36,0,0,0,0,0,0,0,0,0,0,24,0,35,28,0,38,0,0,37,33
6,16410,3,KR4MFM,27.52,6,  drogue,-6.54,77869,2166.14,1263.32,-28.02,52.6,0,4.2,4.11,2.28,6.34,-4.88,41.52,20.15,99.06,0.71,0.04,-0.18,12.82,4.2,0,0,0,0,1,1,15,31.0377993,-103.5115422,2278,2026,6,20,23,47,4,1185,1808,116,49,0.9,0.5,0.7,29,39,30,0,0,0,0,0,0,40,0,36,0,0,0,0,0,0,0,0,0,0,24,0,35,28,0,38,0,0,37,33
6,16410,3,KR4MFM,27.54,6,  drogue,-6.54,77869,2166.14,1263.32,-28.02,52.6,0.02,4.2,4.11,2.28,6.34,-4.88,41.52,20.15,99.06,0.71,0.04,-0.18,12.82,4.2,0,0,0,0,1,1,15,31.0377993,-103.5115422,2278,2026,6,20,23,47,4,1185,1808,116,49,0.9,0.5,0.7,29,39,30,0,0,0,0,0,0,40,0,36,0,0,0,0,0,0,0,0,0,0,24,0,35,28,0,38,0,0,37,33
6,16410,3,KR4MFM,27.62,6,  drogue,-3.52,77896,2163.36,1260.53,-27.78,52.6,0.02,4.2,4.11,5.86,12.85,-9.55,-39.47,19.91,61.53,0.72,-0.01,-0.19,11.35,4.2,0,0,0,0,1,1,15,31.0377993,-103.5115422,2278,2026,6,20,23,47,4,1185,1808,116,49,0.9,0.5,0.7,29,39,30,0,0,0,0,0,0,40,0,36,0,0,0,0,0,0,0,0,0,0,24,0,35,28,0,38,0,0,37,33
6,16410,3,KR4MFM,27.72,6,  drogue,-4.02,77938,2159.03,1256.21,-27.45,52.6,0.02,4.2,4.11,5.86,9.83,-8.58,-120.71,-8.23,-6.1,0.73,0,-0.17,11.88,4.2,0,0,0,0,1,1,15,31.0377993,-103.5115422,2278,2026,6,20,23,47,4,1185,1808,116,49,0.9,0.5,0.7,29,39,30,0,0,0,0,0,0,40,0,36,0,0,0,0,0,0,0,0,0,0,24,0,35,28,0,38,0,0,37,33
6,16410,3,KR4MFM,27.82,6,  drogue,-3.02,77918,2161.09,1258.27,-26.99,52.6,0.02,4.2,4.11,7.37,5.36,-6.26,-254.32,-5.79,-23.37,0.72,0.05,-0.12,11.36,4.2,0,0,0,0,1,1,15,31.0377993,-103.5115422,2278,2026,6,20,23,47,4,1185,1808,116,49,0.9,0.5,0.7,29,39,30,0,0,0,0,0,0,40,0,36,0,0,0,0,0,0,0,0,0,0,24,0,35,28,0,38,0,0,37,33
6,16410,3,KR4MFM,27.86,6,  drogue,-3.02,77918,2161.09,1258.27,-26.99,52.6,0,4.2,4.11,7.37,5.36,-6.26,-254.32,-5.79,-23.37,0.72,0.05,-0.12,11.36,4.2,0,0,0,0,1,1,15,31.0377993,-103.5115422,2278,2026,6,20,23,47,4,1185,1808,116,49,0.9,0.5,0.7,29,39,30,0,0,0,0,0,0,40,0,36,0,0,0,0,0,0,0,0,0,0,24,0,35,28,0,38,0,0,37,33
6,16410,3,KR4MFM,27.92,6,  drogue,-6.03,77928,2160.06,1257.24,-26.39,52.6,0,4.2,4.11,5.34,-1.14,-10.35,-378.28,-42.77,-37.9,0.72,0.09,0.03,12.91,4.2,0,0,0,0,1,1,15,31.0377993,-103.5115422,2278,2026,6,20,23,47,4,1185,1808,116,49,0.9,0.5,0.7,29,39,30,0,0,0,0,0,0,40,0,36,0,0,0,0,0,0,0,0,0,0,24,0,35,28,0,38,0,0,37,33
6,16410,3,KR4MFM,27.95,6,  drogue,-6.03,77928,2160.06,1257.24,-26.39,52.6,0,4.2,4.11,5.34,-1.14,-10.35,-378.28,-42.77,-37.9,0.72,0.09,0.03,12.91,4.2,0,0,0,0,1,1,15,31.0377993,-103.5115422,2278,2026,6,20,23,47,4,1185,1808,116,49,0.9,0.5,0.7,29,39,30,0,0,0,0,0,0,40,0,36,0,0,0,0,0,0,0,0,0,0,24,0,35,28,0,38,0,0,37,33
6,16410,3,KR4MFM,27.95,6,  drogue,-6.03,77928,2160.06,1257.24,-26.39,52.6,0,4.2,4.11,5.34,-1.14,-10.35,-378.28,-42.77,-37.9,0.72,0.09,0.03,12.91,4.2,0,0,0,0,1,1,15,31.0377993,-103.5115422,2278,2026,6,20,23,47,4,1185,1808,116,49,0.9,0.5,0.7,29,39,30,0,0,0,0,0,0,40,0,36,0,0,0,0,0,0,0,0,0,0,24,0,35,28,0,38,0,0,37,33
6,16410,3,KR4MFM,28.02,6,  drogue,-3.52,77935,2159.34,1256.52,-25.71,52.6,0,4.2,4.11,6.06,-3.56,7.61,-346.54,-55.35,21.61,0.71,0.01,0.18,18.02,4.2,0,0,0,0,1,1,15,31.0378211,-103.5115005,2254,2026,6,20,23,47,5,1188,1791,115,48,0.8,0.5,0.7,40,43,38,0,0,0,0,0,0,36,0,39,0,0,0,0,0,0,0,0,0,0,35,0,34,39,0,40,0,0,42,39
6,16410,3,KR4MFM,28.12,6,  drogue,-4.02,77987,2153.99,1251.17,-24.9,52.6,0,4.2,4.11,5.89,-5.83,12.22,-304.61,-6.21,12.64,0.7,-0.13,0.23,19.37,4.2,0,0,0,0,1,1,15,31.0378211,-103.5115005,2254,2026,6,20,23,47,5,1188,1791,115,48,0.8,0.5,0.7,40,43,38,0,0,0,0,0,0,36,0,39,0,0,0,0,0,0,0,0,0,0,35,0,34,39,0,40,0,0,42,39
6,16410,3,KR4MFM,28.18,6,  drogue,-4.02,77987,2153.99,1251.17,-24.9,52.6,0,4.19,4.11,5.89,-5.83,12.22,-304.61,-6.21,12.64,0.7,-0.13,0.23,19.37,4.2,0,0,0,0,1,1,15,31.0378211,-103.5115005,2254,2026,6,20,23,47,5,1188,1791,115,48,0.8,0.5,0.7,40,43,38,0,0,0,0,0,0,36,0,39,0,0,0,0,0,0,0,0,0,0,35,0,34,39,0,40,0,0,42,39
6,16410,3,KR4MFM,28.22,6,  drogue,-4.53,78052,2147.3,1244.48,-24.02,52.6,0,4.19,4.11,5.62,-1.25,8.04,-195.48,15.03,39.13,0.7,-0.25,0.2,23.56,4.2,0,0,0,0,1,1,15,31.0378211,-103.5115005,2254,2026,6,20,23,47,5,1188,1791,115,48,0.8,0.5,0.7,40,43,38,0,0,0,0,0,0,36,0,39,0,0,0,0,0,0,0,0,0,0,35,0,34,39,0,40,0,0,42,39
6,16410,3,KR4MFM,28.32,6,  drogue,-3.52,78102,2142.16,1239.34,-23.11,52.6,0,4.19,4.11,6.77,1.98,5.29,-49.48,22.72,1.22,0.7,-0.3,0.15,25.18,4.2,0,0,0,0,1,1,15,31.0378211,-103.5115005,2254,2026,6,20,23,47,5,1188,1791,115,48,0.8,0.5,0.7,40,43,38,0,0,0,0,0,0,36,0,39,0,0,0,0,0,0,0,0,0,0,35,0,34,39,0,40,0,0,42,39
6,16410,3,KR4MFM,28.42,6,  drogue,-3.52,78092,2143.19,1240.37,-22.16,52.6,0,4.19,4.11,7.82,2.35,5.11,130.75,22.17,-5.8,0.71,-0.28,0.15,26.53,4.2,0,0,0,0,1,1,15,31.0378211,-103.5115005,2254,2026,6,20,23,47,5,1188,1791,115,48,0.8,0.5,0.7,40,43,38,0,0,0,0,0,0,36,0,39,0,0,0,0,0,0,0,0,0,0,35,0,34,39,0,40,0,0,42,39
6,16410,3,KR4MFM,28.5,6,  drogue,-3.52,78092,2143.19,1240.37,-22.16,52.6,0,4.19,4.11,7.82,2.35,5.11,130.75,22.17,-5.8,0.71,-0.28,0.15,26.53,4.19,0,0,0,0,1,1,15,31.0378211,-103.5115005,2254,2026,6,20,23,47,5,1188,1791,115,48,0.8,0.5,0.7,40,43,38,0,0,0,0,0,0,36,0,39,0,0,0,0,0,0,0,0,0,0,35,0,34,39,0,40,0,0,42,39
6,16410,3,KR4MFM,28.52,6,  drogue,-5.03,78139,2138.36,1235.54,-21.24,52.6,0,4.19,4.11,6.48,2.95,12.08,304.28,34.99,-28.68,0.72,-0.18,0.19,26.9,4.19,0,0,0,0,1,1,15,31.0378211,-103.5115005,2254,2026,6,20,23,47,5,1188,1791,115,48,0.8,0.5,0.7,40,43,38,0,0,0,0,0,0,36,0,39,0,0,0,0,0,0,0,0,0,0,35,0,34,39,0,40,0,0,42,39
6,16410,3,KR4MFM,28.62,6,  drogue,-5.03,78171,2135.08,1232.25,-20.36,52.6,0,4.19,4.11,4.9,-3.72,6.7,361.59,80.03,6.17,0.74,-0.06,0.14,30.81,4.19,0,0,0,0,1,1,15,31.0378211,-103.5115005,2254,2026,6,20,23,47,5,1188,1791,115,48,0.8,0.5,0.7,40,43,38,0,0,0,0,0,0,36,0,39,0,0,0,0,0,0,0,0,0,0,35,0,34,39,0,40,0,0,42,39
6,16410,3,KR4MFM,28.72,6,  drogue,-6.03,78185,2133.64,1230.81,-19.6,52.6,0,4.19,4.11,3.71,-9.73,0.7,291.4,81.43,71.6,0.76,-0.03,0.04,38.13,4.19,0,0,0,0,1,1,15,31.0378211,-103.5115005,2254,2026,6,20,23,47,5,1188,1791,115,48,0.8,0.5,0.7,40,43,38,0,0,0,0,0,0,36,0,39,0,0,0,0,0,0,0,0,0,0,35,0,34,39,0,40,0,0,42,39
6,16410,3,KR4MFM,28.82,6,  drogue,-9.05,78230,2129.02,1226.19,-19.04,52.6,0.01,4.19,4.11,3.12,-0.13,-6.92,134.29,37.31,104.01,0.77,-0.1,-0.04,46.87,4.2,0,0,0,0,1,1,15,31.0378211,-103.5115005,2254,2026,6,20,23,47,5,1188,1791,115,48,0.8,0.5,0.7,40,43,38,0,0,0,0,0,0,36,0,39,0,0,0,0,0,0,0,0,0,0,35,0,34,39,0,40,0,0,42,39
6,16410,3,KR4MFM,28.82,6,  drogue,-9.05,78230,2129.02,1226.19,-19.04,52.6,0.01,4.19,4.11,3.12,-0.13,-6.92,134.29,37.31,104.01,0.77,-0.1,-0.04,46.87,4.2,0,0,0,0,1,1,15,31.0378211,-103.5115005,2254,2026,6,20,23,47,5,1188,1791,115,48,0.8,0.5,0.7,40,43,38,0,0,0,0,0,0,36,0,39,0,0,0,0,0,0,0,0,0,0,35,0,34,39,0,40,0,0,42,39
6,16410,3,KR4MFM,28.92,6,  drogue,-9.05,78234,2128.61,1225.78,-18.68,52.6,0.01,4.19,4.11,2.69,-3.53,-9.58,-83.3,25.46,122.07,0.76,-0.2,-0.07,56.92,4.2,0,0,0,0,1,1,15,31.0378211,-103.5115005,2254,2026,6,20,23,47,5,1188,1791,115,48,0.8,0.5,0.7,40,43,38,0,0,0,0,0,0,36,0,39,0,0,0,0,0,0,0,0,0,0,35,0,34,39,0,40,0,0,42,39
6,16410,3,KR4MFM,28.92,6,  drogue,-9.05,78234,2128.61,1225.78,-18.68,52.6,0.01,4.19,4.11,2.69,-3.53,-9.58,-83.3,25.46,122.07,0.76,-0.2,-0.07,56.92,4.2,0,0,0,0,1,1,15,31.0378211,-103.5115005,2254,2026,6,20,23,47,5,1188,1791,115,48,0.8,0.5,0.7,40,43,38,0,0,0,0,0,0,36,0,39,0,0,0,0,0,0,0,0,0,0,35,0,34,39,0,40,0,0,42,39
6,16410,3,KR4MFM,28.92,6,  drogue,-9.05,78234,2128.61,1225.78,-18.68,52.6,0.01,4.19,4.11,2.69,-3.53,-9.58,-83.3,25.46,122.07,0.76,-0.2,-0.07,56.92,4.2,0,0,0,0,1,1,15,31.0378211,-103.5115005,2254,2026,6,20,23,47,5,1188,1791,115,48,0.8,0.5,0.7,40,43,38,0,0,0,0,0,0,36,0,39,0,0,0,0,0,0,0,0,0,0,35,0,34,39,0,40,0,0,42,39
6,16410,3,KR4MFM,29.02,6,  drogue,-7.04,78262,2125.73,1222.91,-18.49,52.6,0.01,4.19,4.11,2.46,3.39,-11.49,-303.27,37.37,113.1,0.73,-0.25,-0.14,67.26,4.2,0,0,0,0,1,1,15,31.0378436,-103.5114953,2227,2026,6,20,23,47,6,1187,1771,115,48,0.9,0.5,0.7,39,44,36,0,0,0,0,0,0,36,0,36,0,0,0,0,0,0,0,0,0,0,37,0,38,34,0,37,0,0,35,41
6,16410,3,KR4MFM,29.12,6,  drogue,-6.54,78204,2131.69,1228.86,-18.52,52.5,0.01,4.19,4.11,4.08,-12.42,-11.14,-574.02,76.18,69.77,0.69,-0.16,-0.27,76.53,4.2,0,0,0,0,1,1,15,31.0378436,-103.5114953,2227,2026,6,20,23,47,6,1187,1771,115,48,0.9,0.5,0.7,39,44,36,0,0,0,0,0,0,36,0,36,0,0,0,0,0,0,0,0,0,0,37,0,38,34,0,37,0,0,35,41
6,16410,3,KR4MFM,29.14,6,  drogue,-6.54,78204,2131.69,1228.86,-18.52,52.5,0,4.19,4.11,4.08,-12.42,-11.14,-574.02,76.18,69.77,0.69,-0.16,-0.27,76.53,4.2,0,0,0,0,1,1,15,31.0378436,-103.5114953,2227,2026,6,20,23,47,6,1187,1771,115,48,0.9,0.5,0.7,39,44,36,0,0,0,0,0,0,36,0,36,0,0,0,0,0,0,0,0,0,0,37,0,38,34,0,37,0,0,35,41
6,16410,3,KR4MFM,29.22,6,  drogue,-9.05,78157,2136.51,1233.69,-18.74,52.5,0,4.19,4.11,1.72,-17.8,5.68,-598.19,118.12,-3.84,0.65,0.1,-0.24,88.1,4.2,0,0,0,0,1,1,15,31.0378436,-103.5114953,2227,2026,6,20,23,47,6,1187,1771,115,48,0.9,0.5,0.7,39,44,36,0,0,0,0,0,0,36,0,36,0,0,0,0,0,0,0,0,0,0,37,0,38,34,0,37,0,0,35,41
6,16410,3,KR4MFM,29.32,6,  drogue,-8.05,78199,2132.2,1229.38,-19.15,52.5,0,4.19,4.11,2.47,-10.89,12.21,-577.56,84,-76.47,0.61,0.23,0.01,99.35,4.2,0,0,0,0,1,1,15,31.0378436,-103.5114953,2227,2026,6,20,23,47,6,1187,1771,115,48,0.9,0.5,0.7,39,44,36,0,0,0,0,0,0,36,0,36,0,0,0,0,0,0,0,0,0,0,37,0,38,34,0,37,0,0,35,41
6,16410,3,KR4MFM,29.42,6,  drogue,-11.06,78210,2131.07,1228.25,-19.72,52.5,0,4.19,4.11,-0.21,6.37,21.57,-365.1,27.36,-117.37,0.58,0.16,0.24,109.68,4.2,0,0,0,0,1,1,15,31.0378436,-103.5114953,2227,2026,6,20,23,47,6,1187,1771,115,48,0.9,0.5,0.7,39,44,36,0,0,0,0,0,0,36,0,36,0,0,0,0,0,0,0,0,0,0,37,0,38,34,0,37,0,0,35,41
6,16410,3,KR4MFM,29.46,6,  drogue,-11.06,78210,2131.07,1228.25,-19.72,52.5,0.01,4.2,4.11,-0.21,6.37,21.57,-365.1,27.36,-117.37,0.58,0.16,0.24,109.68,4.18,0,0,0,0,1,1,15,31.0378436,-103.5114953,2227,2026,6,20,23,47,6,1187,1771,115,48,0.9,0.5,0.7,39,44,36,0,0,0,0,0,0,36,0,36,0,0,0,0,0,0,0,0,0,0,37,0,38,34,0,37,0,0,35,41
6,16410,3,KR4MFM,29.52,6,  drogue,-13.58,78176,2134.56,1231.74,-20.45,52.5,0.01,4.2,4.11,-2.98,3.05,17.87,-26.53,33.09,-162.47,0.52,0.14,0.3,115.52,4.18,0,0,0,0,1,1,15,31.0378436,-103.5114953,2227,2026,6,20,23,47,6,1187,1771,115,48,0.9,0.5,0.7,39,44,36,0,0,0,0,0,0,36,0,36,0,0,0,0,0,0,0,0,0,0,37,0,38,34,0,37,0,0,35,41
6,16410,3,KR4MFM,29.62,6,  drogue,-15.59,78198,2132.3,1229.48,-21.31,52.5,0.01,4.2,4.11,-5.03,0.14,17.44,222.31,94.5,-163.69,0.47,0.25,0.21,113.12,4.18,0,0,0,0,1,1,15,31.0378436,-103.5114953,2227,2026,6,20,23,47,6,1187,1771,115,48,0.9,0.5,0.7,39,44,36,0,0,0,0,0,0,36,0,36,0,0,0,0,0,0,0,0,0,0,37,0,38,34,0,37,0,0,35,41
6,16410,3,KR4MFM,29.72,6,  drogue,-19.11,78305,2121.32,1218.5,-22.27,52.5,0.01,4.2,4.11,-10.83,-6.72,5.71,305.68,179.15,-98.26,0.39,0.33,-0.05,105.2,4.18,0,0,0,0,1,1,15,31.0378436,-103.5114953,2227,2026,6,20,23,47,6,1187,1771,115,48,0.9,0.5,0.7,39,44,36,0,0,0,0,0,0,36,0,36,0,0,0,0,0,0,0,0,0,0,37,0,38,34,0,37,0,0,35,41
6,16410,3,KR4MFM,29.78,6,  drogue,-19.11,78305,2121.32,1218.5,-22.27,52.5,0,4.2,4.11,-10.83,-6.72,5.71,305.68,179.15,-98.26,0.39,0.33,-0.05,105.2,4.2,0,0,0,0,1,1,15,31.0378436,-103.5114953,2227,2026,6,20,23,47,6,1187,1771,115,48,0.9,0.5,0.7,39,44,36,0,0,0,0,0,0,36,0,36,0,0,0,0,0,0,0,0,0,0,37,0,38,34,0,37,0,0,35,41
6,16410,3,KR4MFM,29.82,6,  drogue,-17.1,78310,2120.81,1217.99,-23.28,52.5,0,4.2,4.11,-6.75,-14.25,-11.01,154.19,205.09,11.78,0.31,0.3,-0.22,95.4,4.2,0,0,0,0,1,1,15,31.0378436,-103.5114953,2227,2026,6,20,23,47,6,1187,1771,115,48,0.9,0.5,0.7,39,44,36,0,0,0,0,0,0,36,0,36,0,0,0,0,0,0,0,0,0,0,37,0,38,34,0,37,0,0,35,41
6,16410,3,KR4MFM,29.92,6,  drogue,-18.61,78299,2121.94,1219.11,-24.35,52.5,0,4.2,4.11,-7.22,-13.12,-9.46,-2.55,171.7,52.19,0.26,0.27,-0.27,86.75,4.2,0,0,0,0,1,1,15,31.0378436,-103.5114953,2227,2026,6,20,23,47,6,1187,1771,115,48,0.9,0.5,0.7,39,44,36,0,0,0,0,0,0,36,0,36,0,0,0,0,0,0,0,0,0,0,37,0,38,34,0,37,0,0,35,41
6,16410,3,KR4MFM,29.94,6,  drogue,-18.61,78299,2121.94,1219.11,-24.35,52.5,0,4.2,4.11,-7.22,-13.12,-9.46,-2.55,171.7,52.19,0.26,0.27,-0.27,86.75,4.2,0,0,0,0,1,1,15,31.0378436,-103.5114953,2227,2026,6,20,23,47,6,1187,1771,115,48,0.9,0.5,0.7,39,44,36,0,0,0,0,0,0,36,0,36,0,0,0,0,0,0,0,0,0,0,37,0,38,34,0,37,0,0,35,41
6,16410,3,KR4MFM,29.94,6,  drogue,-18.61,78299,2121.94,1219.11,-24.35,52.5,0,4.2,4.11,-7.22,-13.12,-9.46,-2.55,171.7,52.19,0.26,0.27,-0.27,86.75,4.2,0,0,0,0,1,1,15,31.0378436,-103.5114953,2227,2026,6,20,23,47,6,1187,1771,115,48,0.9,0.5,0.7,39,44,36,0,0,0,0,0,0,36,0,36,0,0,0,0,0,0,0,0,0,0,37,0,38,34,0,37,0,0,35,41
6,16410,3,KR4MFM,30.02,6,  drogue,-26.65,78357,2115.99,1213.17,-25.46,52.5,0,4.2,4.11,-9.54,-37,-24.85,-150.25,158.09,79.04,0.26,0.31,-0.19,75.7,4.2,0,0,0,0,1,1,15,31.0378677,-103.5114915,2199,2026,6,20,23,47,7,1186,1750,115,47,0.8,0.5,0.7,38,41,35,0,0,0,0,0,0,26,0,40,0,0,0,0,0,0,0,0,0,0,31,0,30,34,0,41,0,0,41,42
6,16410,3,KR4MFM,30.1,6,  drogue,-26.65,78357,2115.99,1213.17,-25.46,52.5,0.01,4.2,4.11,-9.54,-37,-24.85,-150.25,158.09,79.04,0.26,0.31,-0.19,75.7,4.19,0,0,0,0,1,1,15,31.0378677,-103.5114915,2199,2026,6,20,23,47,7,1186,1750,115,47,0.8,0.5,0.7,38,41,35,0,0,0,0,0,0,26,0,40,0,0,0,0,0,0,0,0,0,0,31,0,30,34,0,41,0,0,41,42
6,16410,3,KR4MFM,30.12,6,  drogue,-14.58,78318,2119.99,1217.17,-26.62,52.5,0.01,4.2,4.11,-7.39,-23.64,-5.9,-211.23,155.9,77.09,0.3,0.34,-0.03,62.12,4.19,0,0,0,0,1,1,15,31.0378677,-103.5114915,2199,2026,6,20,23,47,7,1186,1750,115,47,0.8,0.5,0.7,38,41,35,0,0,0,0,0,0,26,0,40,0,0,0,0,0,0,0,0,0,0,31,0,30,34,0,41,0,0,41,42
6,16410,3,KR4MFM,30.22,6,  drogue,-19.11,78386,2113.02,1210.2,-27.78,52.5,0.01,4.2,4.11,-4.97,-14.19,-5.17,-221.24,171.34,65.25,0.38,0.31,0.13,45.8,4.19,0,0,0,0,1,1,15,31.0378677,-103.5114915,2199,2026,6,20,23,47,7,1186,1750,115,47,0.8,0.5,0.7,38,41,35,0,0,0,0,0,0,26,0,40,0,0,0,0,0,0,0,0,0,0,31,0,30,34,0,41,0,0,41,42
6,16410,3,KR4MFM,30.32,6,  drogue,-18.1,78452,2106.26,1203.43,-28.9,52.5,0.01,4.2,4.11,-7.94,-19.35,-2.08,-145.25,169.87,65.13,0.49,0.23,0.22,27.85,4.19,0,0,0,0,1,1,15,31.0378677,-103.5114915,2199,2026,6,20,23,47,7,1186,1750,115,47,0.8,0.5,0.7,38,41,35,0,0,0,0,0,0,26,0,40,0,0,0,0,0,0,0,0,0,0,31,0,30,34,0,41,0,0,41,42
6,16410,3,KR4MFM,30.42,6,  drogue,-17.6,78468,2104.62,1201.8,-29.9,52.5,0,4.2,4.11,-8.43,-15.2,1.96,-114,173.23,79.47,0.61,0.16,0.21,9.42,4.2,0,0,0,0,1,1,15,31.0378677,-103.5114915,2199,2026,6,20,23,47,7,1186,1750,115,47,0.8,0.5,0.7,38,41,35,0,0,0,0,0,0,26,0,40,0,0,0,0,0,0,0,0,0,0,31,0,30,34,0,41,0,0,41,42
6,16410,3,KR4MFM,30.42,6,  drogue,-17.6,78468,2104.62,1201.8,-29.9,52.5,0,4.2,4.11,-8.43,-15.2,1.96,-114,173.23,79.47,0.61,0.16,0.21,9.42,4.2,0,0,0,0,1,1,15,31.0378677,-103.5114915,2199,2026,6,20,23,47,7,1186,1750,115,47,0.8,0.5,0.7,38,41,35,0,0,0,0,0,0,26,0,40,0,0,0,0,0,0,0,0,0,0,31,0,30,34,0,41,0,0,41,42
6,16410,3,KR4MFM,30.52,6,  drogue,-16.09,78499,2101.45,1198.62,-30.7,52.5,0,4.2,4.11,-7.43,-17.14,1.06,-142.26,183.18,72.27,0.7,0.06,0.15,12.89,4.2,0,0,0,0,1,1,15,31.0378677,-103.5114915,2199,2026,6,20,23,47,7,1186,1750,115,47,0.8,0.5,0.7,38,41,35,0,0,0,0,0,0,26,0,40,0,0,0,0,0,0,0,0,0,0,31,0,30,34,0,41,0,0,41,42
6,16410,3,KR4MFM,30.62,6,  drogue,-16.6,78532,2098.07,1195.25,-31.31,52.5,0,4.2,4.11,-6.95,-13.96,-3.72,-200.97,202.1,58.17,0.76,-0.02,0.05,33.64,4.2,0,0,0,0,1,1,15,31.0378677,-103.5114915,2199,2026,6,20,23,47,7,1186,1750,115,47,0.8,0.5,0.7,38,41,35,0,0,0,0,0,0,26,0,40,0,0,0,0,0,0,0,0,0,0,31,0,30,34,0,41,0,0,41,42
6,16410,3,KR4MFM,30.72,6,  drogue,-15.59,78566,2094.59,1191.77,-31.7,52.5,0,4.2,4.11,-6.16,-20.65,-5.37,-352.58,198.8,21.37,0.76,-0.06,-0.07,53.57,4.2,0,0,0,0,1,1,15,31.0378677,-103.5114915,2199,2026,6,20,23,47,7,1186,1750,115,47,0.8,0.5,0.7,38,41,35,0,0,0,0,0,0,26,0,40,0,0,0,0,0,0,0,0,0,0,31,0,30,34,0,41,0,0,41,42
6,16410,3,KR4MFM,30.74,6,  drogue,-15.59,78566,2094.59,1191.77,-31.7,52.5,0.01,4.19,4.11,-6.16,-20.65,-5.37,-352.58,198.8,21.37,0.76,-0.06,-0.07,53.57,4.19,0,0,0,0,1,1,15,31.0378677,-103.5114915,2199,2026,6,20,23,47,7,1186,1750,115,47,0.8,0.5,0.7,38,41,35,0,0,0,0,0,0,26,0,40,0,0,0,0,0,0,0,0,0,0,31,0,30,34,0,41,0,0,41,42
6,16410,3,KR4MFM,30.82,6,  drogue,-15.59,78617,2089.38,1186.55,-31.92,52.5,0.01,4.19,4.11,-6.17,-21.6,2.82,-369,183.24,-34.54,0.72,0.02,-0.16,71.06,4.19,0,0,0,0,1,1,15,31.0378677,-103.5114915,2199,2026,6,20,23,47,7,1186,1750,115,47,0.8,0.5,0.7,38,41,35,0,0,0,0,0,0,26,0,40,0,0,0,0,0,0,0,0,0,0,31,0,30,34,0,41,0,0,41,42
6,16410,3,KR4MFM,30.92,6,  drogue,-15.59,78672,2083.75,1180.93,-31.96,52.5,0.01,4.19,4.11,-5.84,-20.42,7.41,-336.04,162.49,-78.79,0.67,0.14,-0.16,85.23,4.19,0,0,0,0,1,1,15,31.0378677,-103.5114915,2199,2026,6,20,23,47,7,1186,1750,115,47,0.8,0.5,0.7,38,41,35,0,0,0,0,0,0,26,0,40,0,0,0,0,0,0,0,0,0,0,31,0,30,34,0,41,0,0,41,42
6,16410,3,KR4MFM,30.94,6,  drogue,-15.59,78672,2083.75,1180.93,-31.96,52.5,0.01,4.19,4.11,-5.84,-20.42,7.41,-336.04,162.49,-78.79,0.67,0.14,-0.16,85.23,4.19,0,0,0,0,1,1,15,31.0378677,-103.5114915,2199,2026,6,20,23,47,7,1186,1750,115,47,0.8,0.5,0.7,38,41,35,0,0,0,0,0,0,26,0,40,0,0,0,0,0,0,0,0,0,0,31,0,30,34,0,41,0,0,41,42
6,16410,3,KR4MFM,30.94,6,  drogue,-15.59,78672,2083.75,1180.93,-31.96,52.5,0.01,4.19,4.11,-5.84,-20.42,7.41,-336.04,162.49,-78.79,0.67,0.14,-0.16,85.23,4.19,0,0,0,0,1,1,15,31.0378677,-103.5114915,2199,2026,6,20,23,47,7,1186,1750,115,47,0.8,0.5,0.7,38,41,35,0,0,0,0,0,0,26,0,40,0,0,0,0,0,0,0,0,0,0,31,0,30,34,0,41,0,0,41,42
6,16410,3,KR4MFM,31.02,6,  drogue,-15.09,78689,2082.02,1179.19,-31.81,52.5,0.01,4.19,4.11,-5.39,-17.82,8.31,-261.89,137.59,-96.62,0.59,0.25,-0.08,93.57,4.19,0,0,0,0,1,1,15,31.0379073,-103.5115182,2171,2026,6,20,23,47,8,1182,1726,115,47,1,0.5,0.8,41,38,31,0,0,0,0,0,0,44,0,36,0,0,0,0,0,0,0,0,0,0,38,0,37,35,0,41,0,0,38,40
6,16410,3,KR4MFM,31.06,6,  drogue,-15.09,78689,2082.02,1179.19,-31.81,52.5,0,4.2,4.1,-5.39,-17.82,8.31,-261.89,137.59,-96.62,0.59,0.25,-0.08,93.57,4.2,0,0,0,0,1,1,15,31.0379073,-103.5115182,2171,2026,6,20,23,47,8,1182,1726,115,47,1,0.5,0.8,41,38,31,0,0,0,0,0,0,44,0,36,0,0,0,0,0,0,0,0,0,0,38,0,37,35,0,41,0,0,38,40
6,16410,3,KR4MFM,31.12,6,  drogue,-14.58,78726,2078.24,1175.42,-31.45,52.5,0,4.2,4.1,-3.97,-16.39,11.55,-183.58,123.79,-94.24,0.53,0.29,0.01,95.27,4.2,0,0,0,0,1,1,15,31.0379073,-103.5115182,2171,2026,6,20,23,47,8,1182,1726,115,47,1,0.5,0.8,41,38,31,0,0,0,0,0,0,44,0,36,0,0,0,0,0,0,0,0,0,0,38,0,37,35,0,41,0,0,38,40
6,16410,3,KR4MFM,31.22,6,  drogue,-12.57,78758,2074.97,1172.15,-30.91,52.5,0,4.2,4.1,-1.88,-17.79,17.79,-102.03,126.84,-73.91,0.49,0.3,0.07,90.44,4.2,0,0,0,0,1,1,15,31.0379073,-103.5115182,2171,2026,6,20,23,47,8,1182,1726,115,47,1,0.5,0.8,41,38,31,0,0,0,0,0,0,44,0,36,0,0,0,0,0,0,0,0,0,0,38,0,37,35,0,41,0,0,38,40
6,16410,3,KR4MFM,31.32,6,  drogue,-13.08,78774,2073.34,1170.51,-30.29,52.5,0,4.2,4.1,-3.58,-13.47,6.19,-67.43,160.6,-51.45,0.46,0.31,0.06,79.37,4.2,0,0,0,0,1,1,15,31.0379073,-103.5115182,2171,2026,6,20,23,47,8,1182,1726,115,47,1,0.5,0.8,41,38,31,0,0,0,0,0,0,44,0,36,0,0,0,0,0,0,0,0,0,0,38,0,37,35,0,41,0,0,38,40
6,16410,3,KR4MFM,31.38,6,  drogue,-13.08,78774,2073.34,1170.51,-30.29,52.5,0.01,4.2,4.1,-3.58,-13.47,6.19,-67.43,160.6,-51.45,0.46,0.31,0.06,79.37,4.18,0,0,0,0,1,1,15,31.0379073,-103.5115182,2171,2026,6,20,23,47,8,1182,1726,115,47,1,0.5,0.8,41,38,31,0,0,0,0,0,0,44,0,36,0,0,0,0,0,0,0,0,0,0,38,0,37,35,0,41,0,0,38,40
6,16410,3,KR4MFM,31.42,6,  drogue,-14.08,78796,2071.09,1168.27,-29.63,52.5,0.01,4.2,4.1,-4.2,-6.64,-1.86,-190.84,139.78,-74.64,0.45,0.3,0.12,70.46,4.18,0,0,0,0,1,1,15,31.0379073,-103.5115182,2171,2026,6,20,23,47,8,1182,1726,115,47,1,0.5,0.8,41,38,31,0,0,0,0,0,0,44,0,36,0,0,0,0,0,0,0,0,0,0,38,0,37,35,0,41,0,0,38,40
6,16410,3,KR4MFM,31.52,6,  drogue,-11.57,78816,2069.05,1166.23,-28.95,52.5,0.01,4.2,4.1,0.04,-18.59,3.21,-365.71,116.04,-90.63,0.46,0.2,0.28,61.39,4.18,0,0,0,0,1,1,15,31.0379073,-103.5115182,2171,2026,6,20,23,47,8,1182,1726,115,47,1,0.5,0.8,41,38,31,0,0,0,0,0,0,44,0,36,0,0,0,0,0,0,0,0,0,0,38,0,37,35,0,41,0,0,38,40
6,16410,3,KR4MFM,31.62,6,  drogue,-7.04,78862,2064.36,1161.54,-28.28,52.5,0.01,4.2,4.1,1.35,-18.23,10.71,-435.84,53.24,-96.13,0.47,-0.08,0.41,53.52,4.18,0,0,0,0,1,1,15,31.0379073,-103.5115182,2171,2026,6,20,23,47,8,1182,1726,115,47,1,0.5,0.8,41,38,31,0,0,0,0,0,0,44,0,36,0,0,0,0,0,0,0,0,0,0,38,0,37,35,0,41,0,0,38,40
6,16410,3,KR4MFM,31.7,6,  drogue,-7.04,78862,2064.36,1161.54,-28.28,52.5,0,4.19,4.11,1.35,-18.23,10.71,-435.84,53.24,-96.13,0.47,-0.08,0.41,53.52,4.18,0,0,0,0,1,1,15,31.0379073,-103.5115182,2171,2026,6,20,23,47,8,1182,1726,115,47,1,0.5,0.8,41,38,31,0,0,0,0,0,0,44,0,36,0,0,0,0,0,0,0,0,0,0,38,0,37,35,0,41,0,0,38,40
6,16410,3,KR4MFM,31.72,6,  drogue,-9.05,78886,2061.91,1159.09,-27.67,52.5,0,4.19,4.11,1.99,-5.58,15.32,-254.2,30.65,-73.97,0.5,-0.3,0.36,45.65,4.18,0,0,0,0,1,1,15,31.0379073,-103.5115182,2171,2026,6,20,23,47,8,1182,1726,115,47,1,0.5,0.8,41,38,31,0,0,0,0,0,0,44,0,36,0,0,0,0,0,0,0,0,0,0,38,0,37,35,0,41,0,0,38,40
6,16410,3,KR4MFM,31.82,6,  drogue,-11.06,78902,2060.28,1157.46,-27.09,52.5,0,4.19,4.11,0.83,-9.78,14.69,21.62,57.69,-51.14,0.55,-0.33,0.31,39.98,4.18,0,0,0,0,1,1,15,31.0379073,-103.5115182,2171,2026,6,20,23,47,8,1182,1726,115,47,1,0.5,0.8,41,38,31,0,0,0,0,0,0,44,0,36,0,0,0,0,0,0,0,0,0,0,38,0,37,35,0,41,0,0,38,40
6,16410,3,KR4MFM,31.92,6,  drogue,-10.06,78974,2052.95,1150.12,-26.57,52.5,0,4.19,4.11,0.66,-7.74,7.92,175.07,93.27,-6.41,0.61,-0.24,0.31,39.41,4.18,0,0,0,0,1,1,15,31.0379073,-103.5115182,2171,2026,6,20,23,47,8,1182,1726,115,47,1,0.5,0.8,41,38,31,0,0,0,0,0,0,44,0,36,0,0,0,0,0,0,0,0,0,0,38,0,37,35,0,41,0,0,38,40
6,16410,3,KR4MFM,31.93,6,  drogue,-10.06,78974,2052.95,1150.12,-26.57,52.5,0,4.19,4.11,0.66,-7.74,7.92,175.07,93.27,-6.41,0.61,-0.24,0.31,39.41,4.18,0,0,0,0,1,1,15,31.0379073,-103.5115182,2171,2026,6,20,23,47,8,1182,1726,115,47,1,0.5,0.8,41,38,31,0,0,0,0,0,0,44,0,36,0,0,0,0,0,0,0,0,0,0,38,0,37,35,0,41,0,0,38,40
6,16410,3,KR4MFM,31.93,6,  drogue,-10.06,78974,2052.95,1150.12,-26.57,52.5,0,4.19,4.11,0.66,-7.74,7.92,175.07,93.27,-6.41,0.61,-0.24,0.31,39.41,4.18,0,0,0,0,1,1,15,31.0379073,-103.5115182,2171,2026,6,20,23,47,8,1182,1726,115,47,1,0.5,0.8,41,38,31,0,0,0,0,0,0,44,0,36,0,0,0,0,0,0,0,0,0,0,38,0,37,35,0,41,0,0,38,40
6,16410,3,KR4MFM,32.02,6,  drogue,-10.06,79033,2046.94,1144.12,-26.13,52.5,0,4.19,4.11,0.46,-9.08,4.05,143.27,98.16,45.84,0.66,-0.17,0.28,43.07,4.19,0,0,0,0.47,1,1,15,31.037933,-103.5115766,2143,2026,6,20,23,47,9,1176,1702,115,46,0.8,0.5,0.7,36,39,29,0,0,0,0,0,0,36,0,38,0,0,0,0,0,0,0,0,0,0,35,0,32,33,0,30,0,0,38,36
6,16410,3,KR4MFM,32.02,6,  drogue,-10.06,79033,2046.94,1144.12,-26.13,52.5,0,4.19,4.11,0.46,-9.08,4.05,143.27,98.16,45.84,0.66,-0.17,0.28,43.07,4.19,0,0,0,0.47,1,1,15,31.037933,-103.5115766,2143,2026,6,20,23,47,9,1176,1702,115,46,0.8,0.5,0.7,36,39,29,0,0,0,0,0,0,36,0,38,0,0,0,0,0,0,0,0,0,0,35,0,32,33,0,30,0,0,38,36
6,16410,3,KR4MFM,32.12,6,  drogue,-9.05,79089,2041.24,1138.42,-25.76,52.5,0,4.19,4.11,-0.58,-12.82,-2.4,33.59,77.28,95.89,0.7,-0.18,0.23,51.34,4.19,0,0,0,0.47,1,1,15,31.037933,-103.5115766,2143,2026,6,20,23,47,9,1176,1702,115,46,0.8,0.5,0.7,36,39,29,0,0,0,0,0,0,36,0,38,0,0,0,0,0,0,0,0,0,0,35,0,32,33,0,30,0,0,38,36
6,16410,3,KR4MFM,32.22,6,  drogue,-10.56,79132,2036.87,1134.04,-25.53,52.5,0,4.19,4.11,1.41,-0.22,1.6,-71.09,91.26,124.39,0.71,-0.28,0.15,63.11,4.19,0,0,0,0.47,1,1,15,31.037933,-103.5115766,2143,2026,6,20,23,47,9,1176,1702,115,46,0.8,0.5,0.7,36,39,29,0,0,0,0,0,0,36,0,38,0,0,0,0,0,0,0,0,0,0,35,0,32,33,0,30,0,0,38,36
6,16410,3,KR4MFM,32.32,6,  drogue,-11.57,79136,2036.46,1133.64,-25.37,52.5,0,4.19,4.11,-0.63,-7.81,-4.04,-220.5,120.37,120.55,0.67,-0.4,0,76.91,4.19,0,0,0,0.47,1,1,15,31.037933,-103.5115766,2143,2026,6,20,23,47,9,1176,1702,115,46,0.8,0.5,0.7,36,39,29,0,0,0,0,0,0,36,0,38,0,0,0,0,0,0,0,0,0,0,35,0,32,33,0,30,0,0,38,36
6,16410,3,KR4MFM,32.34,6,  drogue,-11.57,79136,2036.46,1133.64,-25.37,52.5,0,4.19,4.11,-0.63,-7.81,-4.04,-220.5,120.37,120.55,0.67,-0.4,0,76.91,4.19,0,0,0,0,1,1,15,31.037933,-103.5115766,2143,2026,6,20,23,47,9,1176,1702,115,46,0.8,0.5,0.7,36,39,29,0,0,0,0,0,0,36,0,38,0,0,0,0,0,0,0,0,0,0,35,0,32,33,0,30,0,0,38,36
6,16410,3,KR4MFM,32.42,6,  drogue,-11.06,79137,2036.36,1133.53,-25.25,52.5,0,4.19,4.11,-0.63,-1.51,-10.53,-390.3,163.46,78.92,0.59,-0.41,-0.25,92.66,4.19,0,0,0,0,1,1,15,31.037933,-103.5115766,2143,2026,6,20,23,47,9,1176,1702,115,46,0.8,0.5,0.7,36,39,29,0,0,0,0,0,0,36,0,38,0,0,0,0,0,0,0,0,0,0,35,0,32,33,0,30,0,0,38,36
6,16410,3,KR4MFM,32.52,6,  drogue,-10.56,79021,2048.16,1145.34,-25.24,52.5,0,4.19,4.11,0.27,-6.66,-9.48,-660.87,136.85,-56.21,0.49,-0.1,-0.44,104.23,4.19,0,0,0,0,1,1,15,31.037933,-103.5115766,2143,2026,6,20,23,47,9,1176,1702,115,46,0.8,0.5,0.7,36,39,29,0,0,0,0,0,0,36,0,38,0,0,0,0,0,0,0,0,0,0,35,0,32,33,0,30,0,0,38,36
6,16410,3,KR4MFM,32.62,6,  drogue,-8.55,78978,2052.54,1149.72,-25.31,52.5,0,4.19,4.11,2.05,-18.8,11.92,-639.39,36.88,-113.95,0.4,0.32,-0.13,115.12,4.19,0,0,0,0,1,1,15,31.037933,-103.5115766,2143,2026,6,20,23,47,9,1176,1702,115,46,0.8,0.5,0.7,36,39,29,0,0,0,0,0,0,36,0,38,0,0,0,0,0,0,0,0,0,0,35,0,32,33,0,30,0,0,38,36
6,16410,3,KR4MFM,32.66,6,  drogue,-8.55,78978,2052.54,1149.72,-25.31,52.5,0,4.19,4.11,2.05,-18.8,11.92,-639.39,36.88,-113.95,0.4,0.32,-0.13,115.12,4.2,0,0,0.01,0,1,1,15,31.037933,-103.5115766,2143,2026,6,20,23,47,9,1176,1702,115,46,0.8,0.5,0.7,36,39,29,0,0,0,0,0,0,36,0,38,0,0,0,0,0,0,0,0,0,0,35,0,32,33,0,30,0,0,38,36
6,16410,3,KR4MFM,32.72,6,  drogue,-8.05,78992,2051.11,1148.29,-25.44,52.5,0,4.19,4.11,1.25,-3.98,22.61,-552.78,-40.45,-75.99,0.33,0.19,0.32,123.65,4.2,0,0,0.01,0,1,1,15,31.037933,-103.5115766,2143,2026,6,20,23,47,9,1176,1702,115,46,0.8,0.5,0.7,36,39,29,0,0,0,0,0,0,36,0,38,0,0,0,0,0,0,0,0,0,0,35,0,32,33,0,30,0,0,38,36
6,16410,3,KR4MFM,32.82,6,  drogue,-7.54,79071,2043.07,1140.25,-25.65,52.5,0,4.19,4.11,2.3,6.11,19.89,-188.89,-27.27,-64.57,0.29,-0.03,0.43,127.71,4.2,0,0,0.01,0,1,1,15,31.037933,-103.5115766,2143,2026,6,20,23,47,9,1176,1702,115,46,0.8,0.5,0.7,36,39,29,0,0,0,0,0,0,36,0,38,0,0,0,0,0,0,0,0,0,0,35,0,32,33,0,30,0,0,38,36
6,16410,3,KR4MFM,32.92,6,  drogue,-7.54,79130,2037.07,1134.25,-25.96,52.5,0,4.19,4.11,2.49,5.75,19.41,80.7,16.86,-76.47,0.28,-0.05,0.43,124.59,4.2,0,0,0.01,0,1,1,15,31.037933,-103.5115766,2143,2026,6,20,23,47,9,1176,1702,115,46,0.8,0.5,0.7,36,39,29,0,0,0,0,0,0,36,0,38,0,0,0,0,0,0,0,0,0,0,35,0,32,33,0,30,0,0,38,36
6,16410,3,KR4MFM,32.94,6,  drogue,-7.54,79130,2037.07,1134.25,-25.96,52.5,0,4.19,4.11,2.49,5.75,19.41,80.7,16.86,-76.47,0.28,-0.05,0.43,124.59,4.2,0,0,0.01,0,1,1,15,31.037933,-103.5115766,2143,2026,6,20,23,47,9,1176,1702,115,46,0.8,0.5,0.7,36,39,29,0,0,0,0,0,0,36,0,38,0,0,0,0,0,0,0,0,0,0,35,0,32,33,0,30,0,0,38,36
6,16410,3,KR4MFM,32.94,6,  drogue,-7.54,79130,2037.07,1134.25,-25.96,52.5,0,4.19,4.11,2.49,5.75,19.41,80.7,16.86,-76.47,0.28,-0.05,0.43,124.59,4.2,0,0,0.01,0,1,1,15,31.037933,-103.5115766,2143,2026,6,20,23,47,9,1176,1702,115,46,0.8,0.5,0.7,36,39,29,0,0,0,0,0,0,36,0,38,0,0,0,0,0,0,0,0,0,0,35,0,32,33,0,30,0,0,38,36
6,16410,3,KR4MFM,32.98,6,  drogue,-7.54,79130,2037.07,1134.25,-25.96,52.5,0.01,4.19,4.11,2.49,5.75,19.41,80.7,16.86,-76.47,0.28,-0.05,0.43,124.59,4.2,0,0,0,0,1,1,15,31.0379644,-103.5116269,2115,2026,6,20,23,47,10,1170,1677,115,46,0.8,0.4,0.7,28,32,34,0,0,0,0,0,0,34,0,29,0,0,0,0,0,0,0,0,0,0,26,0,28,32,0,41,0,0,38,43
6,16410,3,KR4MFM,33.02,6,  drogue,-10.56,79147,2035.34,1132.52,-26.32,52.5,0.01,4.19,4.11,0.98,-0.14,18.72,255.63,85.89,-66.59,0.31,0.1,0.38,115.26,4.2,0,0,0,0,1,1,15,31.0379644,-103.5116269,2115,2026,6,20,23,47,10,1170,1677,115,46,0.8,0.4,0.7,28,32,34,0,0,0,0,0,0,34,0,29,0,0,0,0,0,0,0,0,0,0,26,0,28,32,0,41,0,0,38,43
6,16410,3,KR4MFM,33.12,6,  drogue,-11.57,79191,2030.87,1128.04,-26.72,52.5,0.01,4.19,4.11,-0.27,-8.38,11.76,451.68,140.45,2.51,0.35,0.29,0.19,101.73,4.2,0,0,0,0,1,1,15,31.0379644,-103.5116269,2115,2026,6,20,23,47,10,1170,1677,115,46,0.8,0.4,0.7,28,32,34,0,0,0,0,0,0,34,0,29,0,0,0,0,0,0,0,0,0,0,26,0,28,32,0,41,0,0,38,43
6,16410,3,KR4MFM,33.22,6,  drogue,-11.57,79211,2028.84,1126.01,-27.1,52.5,0.01,4.19,4.11,0.13,-8.02,0.99,352.25,96.57,134.95,0.41,0.3,-0.18,85.27,4.2,0,0,0,0,1,1,15,31.0379644,-103.5116269,2115,2026,6,20,23,47,10,1170,1677,115,46,0.8,0.4,0.7,28,32,34,0,0,0,0,0,0,34,0,29,0,0,0,0,0,0,0,0,0,0,26,0,28,32,0,41,0,0,38,43
6,16410,3,KR4MFM,33.3,6,  drogue,-11.57,79211,2028.84,1126.01,-27.1,52.5,0,4.19,4.11,0.13,-8.02,0.99,352.25,96.57,134.95,0.41,0.3,-0.18,85.27,4.2,0,0,0,0,1,1,15,31.0379644,-103.5116269,2115,2026,6,20,23,47,10,1170,1677,115,46,0.8,0.4,0.7,28,32,34,0,0,0,0,0,0,34,0,29,0,0,0,0,0,0,0,0,0,0,26,0,28,32,0,41,0,0,38,43
6,16410,3,KR4MFM,33.32,6,  drogue,-11.57,79269,2022.94,1120.12,-27.41,52.5,0,4.19,4.11,1.01,0.75,-6.47,260.09,28.88,152.71,0.47,0.14,-0.37,70.34,4.2,0,0,0,0,1,1,15,31.0379644,-103.5116269,2115,2026,6,20,23,47,10,1170,1677,115,46,0.8,0.4,0.7,28,32,34,0,0,0,0,0,0,34,0,29,0,0,0,0,0,0,0,0,0,0,26,0,28,32,0,41,0,0,38,43
6,16410,3,KR4MFM,33.42,6,  drogue,-9.05,79366,2013.1,1110.28,-27.68,52.5,0,4.19,4.11,2.11,6.76,-2.88,285.78,-50.16,123.97,0.52,-0.1,-0.43,57.2,4.2,0,0,0,0,1,1,15,31.0379644,-103.5116269,2115,2026,6,20,23,47,10,1170,1677,115,46,0.8,0.4,0.7,28,32,34,0,0,0,0,0,0,34,0,29,0,0,0,0,0,0,0,0,0,0,26,0,28,32,0,41,0,0,38,43
6,16410,3,KR4MFM,33.52,6,  drogue,-6.03,79439,2005.7,1102.87,-27.85,52.5,0,4.19,4.11,4.02,1.11,2.62,334.18,-83.54,71.29,0.56,-0.34,-0.34,46.55,4.2,0,0,0,0,1,1,15,31.0379644,-103.5116269,2115,2026,6,20,23,47,10,1170,1677,115,46,0.8,0.4,0.7,28,32,34,0,0,0,0,0,0,34,0,29,0,0,0,0,0,0,0,0,0,0,26,0,28,32,0,41,0,0,38,43
6,16410,3,KR4MFM,33.62,6,  drogue,-6.03,79463,2003.26,1100.44,-27.9,52.5,0,4.19,4.11,4.7,2.87,9.1,419.08,-90.14,17.09,0.57,-0.49,-0.1,37.96,4.2,0,0,0.01,0,1,1,15,31.0379644,-103.5116269,2115,2026,6,20,23,47,10,1170,1677,115,46,0.8,0.4,0.7,28,32,34,0,0,0,0,0,0,34,0,29,0,0,0,0,0,0,0,0,0,0,26,0,28,32,0,41,0,0,38,43
6,16410,3,KR4MFM,33.62,6,  drogue,-6.03,79463,2003.26,1100.44,-27.9,52.5,0,4.19,4.11,4.7,2.87,9.1,419.08,-90.14,17.09,0.57,-0.49,-0.1,37.96,4.2,0,0,0.01,0,1,1,15,31.0379644,-103.5116269,2115,2026,6,20,23,47,10,1170,1677,115,46,0.8,0.4,0.7,28,32,34,0,0,0,0,0,0,34,0,29,0,0,0,0,0,0,0,0,0,0,26,0,28,32,0,41,0,0,38,43
6,16410,3,KR4MFM,33.72,6,  drogue,-6.54,79466,2002.96,1100.14,-27.86,52.5,0,4.19,4.11,5.6,-7.27,9.33,474.99,-56.2,-25.63,0.58,-0.4,0.22,32.68,4.2,0,0,0.01,0,1,1,15,31.0379644,-103.5116269,2115,2026,6,20,23,47,10,1170,1677,115,46,0.8,0.4,0.7,28,32,34,0,0,0,0,0,0,34,0,29,0,0,0,0,0,0,0,0,0,0,26,0,28,32,0,41,0,0,38,43
6,16410,3,KR4MFM,33.82,6,  drogue,-4.02,79469,2002.66,1099.83,-27.69,52.5,0,4.19,4.11,5.9,-10.22,4.22,421.65,-32.27,-18.92,0.57,-0.13,0.36,31.9,4.2,0,0,0.01,0,1,1,15,31.0379644,-103.5116269,2115,2026,6,20,23,47,10,1170,1677,115,46,0.8,0.4,0.7,28,32,34,0,0,0,0,0,0,34,0,29,0,0,0,0,0,0,0,0,0,0,26,0,28,32,0,41,0,0,38,43
6,16410,3,KR4MFM,33.92,6,  drogue,-4.02,79494,2000.12,1097.3,-27.51,52.5,0,4.19,4.11,6.24,-8.1,-2.64,276.75,-31.85,-9.03,0.55,0.1,0.31,34.41,4.2,0,0,0.01,0,1,1,15,31.0379644,-103.5116269,2115,2026,6,20,23,47,10,1170,1677,115,46,0.8,0.4,0.7,28,32,34,0,0,0,0,0,0,34,0,29,0,0,0,0,0,0,0,0,0,0,26,0,28,32,0,41,0,0,38,43
6,16410,3,KR4MFM,33.94,6,  drogue,-4.02,79494,2000.12,1097.3,-27.51,52.5,0.01,4.2,4.11,6.24,-8.1,-2.64,276.75,-31.85,-9.03,0.55,0.1,0.31,34.41,4.2,0,0,0,0,1,1,15,31.0379644,-103.5116269,2115,2026,6,20,23,47,10,1170,1677,115,46,0.8,0.4,0.7,28,32,34,0,0,0,0,0,0,34,0,29,0,0,0,0,0,0,0,0,0,0,26,0,28,32,0,41,0,0,38,43
6,16410,3,KR4MFM,33.96,6,  drogue,-4.02,79494,2000.12,1097.3,-27.51,52.5,0.01,4.2,4.11,6.24,-8.1,-2.64,276.75,-31.85,-9.03,0.55,0.1,0.31,34.41,4.2,0,0,0,0,1,1,15,31.0379644,-103.5116269,2115,2026,6,20,23,47,10,1170,1677,115,46,0.8,0.4,0.7,28,32,34,0,0,0,0,0,0,34,0,29,0,0,0,0,0,0,0,0,0,0,26,0,28,32,0,41,0,0,38,43
6,16410,3,KR4MFM,33.96,6,  drogue,-4.02,79494,2000.12,1097.3,-27.51,52.5,0.01,4.2,4.11,6.24,-8.1,-2.64,276.75,-31.85,-9.03,0.55,0.1,0.31,34.41,4.2,0,0,0,0,1,1,15,31.0379644,-103.5116269,2115,2026,6,20,23,47,10,1170,1677,115,46,0.8,0.4,0.7,28,32,34,0,0,0,0,0,0,34,0,29,0,0,0,0,0,0,0,0,0,0,26,0,28,32,0,41,0,0,38,43
6,16410,3,KR4MFM,34.02,6,  drogue,-5.53,79489,2000.63,1097.81,-27.28,52.5,0.01,4.2,4.11,5.37,-9.11,-3.87,35.36,-53.58,-5.98,0.52,0.17,0.28,39.8,4.2,0,0,0,0,1,1,15,31.0380153,-103.5116819,2085,2026,6,20,23,47,11,1163,1651,115,45,0.8,0.4,0.7,38,41,30,0,0,0,0,0,0,39,0,41,0,0,0,0,0,0,0,0,0,0,37,0,37,36,0,31,0,0,39,40
6,16410,3,KR4MFM,34.12,6,  drogue,-7.04,79506,1998.91,1096.08,-27,52.5,0.01,4.2,4.11,4.18,-6.05,0.73,-160.63,-74.94,19.9,0.49,0.11,0.34,47.01,4.2,0,0,0,0,1,1,15,31.0380153,-103.5116819,2085,2026,6,20,23,47,11,1163,1651,115,45,0.8,0.4,0.7,38,41,30,0,0,0,0,0,0,39,0,41,0,0,0,0,0,0,0,0,0,0,37,0,37,36,0,31,0,0,39,40
6,16410,3,KR4MFM,34.22,6,  drogue,-3.52,79522,1997.29,1094.46,-26.7,52.5,0.01,4.2,4.11,4.32,-1.57,10.91,-182.36,-67.98,44.8,0.45,-0.03,0.41,54.58,4.2,0,0,0,0,1,1,15,31.0380153,-103.5116819,2085,2026,6,20,23,47,11,1163,1651,115,45,0.8,0.4,0.7,38,41,30,0,0,0,0,0,0,39,0,41,0,0,0,0,0,0,0,0,0,0,37,0,37,36,0,31,0,0,39,40
6,16410,3,KR4MFM,34.26,6,  drogue,-3.52,79522,1997.29,1094.46,-26.7,52.5,0,4.19,4.11,4.32,-1.57,10.91,-182.36,-67.98,44.8,0.45,-0.03,0.41,54.58,4.19,0,0,0,0,1,1,15,31.0380153,-103.5116819,2085,2026,6,20,23,47,11,1163,1651,115,45,0.8,0.4,0.7,38,41,30,0,0,0,0,0,0,39,0,41,0,0,0,0,0,0,0,0,0,0,37,0,37,36,0,31,0,0,39,40
6,16410,3,KR4MFM,34.32,6,  drogue,-4.53,79487,2000.83,1098.01,-26.38,52.5,0,4.19,4.11,4.48,2.83,12.64,27.48,-32.76,50.05,0.42,-0.1,0.43,60.01,4.19,0,0,0,0,1,1,15,31.0380153,-103.5116819,2085,2026,6,20,23,47,11,1163,1651,115,45,0.8,0.4,0.7,38,41,30,0,0,0,0,0,0,39,0,41,0,0,0,0,0,0,0,0,0,0,37,0,37,36,0,31,0,0,39,40
6,16410,3,KR4MFM,34.42,6,  drogue,-4.53,79473,2002.25,1099.43,-26.1,52.5,0,4.19,4.11,5.89,0.46,17.86,343.64,-13.29,17.4,0.4,0.07,0.39,62.04,4.19,0,0,0,0,1,1,15,31.0380153,-103.5116819,2085,2026,6,20,23,47,11,1163,1651,115,45,0.8,0.4,0.7,38,41,30,0,0,0,0,0,0,39,0,41,0,0,0,0,0,0,0,0,0,0,37,0,37,36,0,31,0,0,39,40
6,16410,3,KR4MFM,34.52,6,  drogue,-9.05,79553,1994.15,1091.32,-25.81,52.5,0,4.19,4.11,3.53,-9.47,5.19,379.41,-1.88,11.29,0.4,0.29,0.17,62.15,4.19,0,0,0,0,1,1,15,31.0380153,-103.5116819,2085,2026,6,20,23,47,11,1163,1651,115,45,0.8,0.4,0.7,38,41,30,0,0,0,0,0,0,39,0,41,0,0,0,0,0,0,0,0,0,0,37,0,37,36,0,31,0,0,39,40
6,16410,3,KR4MFM,34.58,6,  drogue,-9.05,79553,1994.15,1091.32,-25.81,52.5,0,4.2,4.11,3.53,-9.47,5.19,379.41,-1.88,11.29,0.4,0.29,0.17,62.15,4.19,0,0,0,0,1,1,15,31.0380153,-103.5116819,2085,2026,6,20,23,47,11,1163,1651,115,45,0.8,0.4,0.7,38,41,30,0,0,0,0,0,0,39,0,41,0,0,0,0,0,0,0,0,0,0,37,0,37,36,0,31,0,0,39,40
6,16410,3,KR4MFM,34.62,6,  drogue,-7.04,79619,1987.47,1084.64,-25.6,52.5,0,4.2,4.11,3.94,-13.05,-1.57,165.79,-3.77,47.31,0.41,0.33,-0.02,59.38,4.19,0,0,0,0,1,1,15,31.0380153,-103.5116819,2085,2026,6,20,23,47,11,1163,1651,115,45,0.8,0.4,0.7,38,41,30,0,0,0,0,0,0,39,0,41,0,0,0,0,0,0,0,0,0,0,37,0,37,36,0,31,0,0,39,40
6,16410,3,KR4MFM,34.72,6,  drogue,-7.04,79651,1984.23,1081.41,-25.5,52.5,0,4.2,4.11,1.77,-10.33,0.68,-19.27,-9.87,83.32,0.47,0.31,-0.05,53.22,4.19,0,0,0,0,1,1,15,31.0380153,-103.5116819,2085,2026,6,20,23,47,11,1163,1651,115,45,0.8,0.4,0.7,38,41,30,0,0,0,0,0,0,39,0,41,0,0,0,0,0,0,0,0,0,0,37,0,37,36,0,31,0,0,39,40
6,16410,3,KR4MFM,34.82,6,  drogue,-9.05,79729,1976.34,1073.52,-25.52,52.5,0,4.2,4.11,3.77,-11.7,-0.2,-193.77,10.02,118.41,0.54,0.27,0.05,43.88,4.19,0,0,0,0,1,1,15,31.0380153,-103.5116819,2085,2026,6,20,23,47,11,1163,1651,115,45,0.8,0.4,0.7,38,41,30,0,0,0,0,0,0,39,0,41,0,0,0,0,0,0,0,0,0,0,37,0,37,36,0,31,0,0,39,40
6,16410,3,KR4MFM,34.9,6,  drogue,-9.05,79729,1976.34,1073.52,-25.52,52.5,0,4.2,4.11,3.77,-11.7,-0.2,-193.77,10.02,118.41,0.54,0.27,0.05,43.88,4.19,0,0,0,0,1,1,15,31.0380153,-103.5116819,2085,2026,6,20,23,47,11,1163,1651,115,45,0.8,0.4,0.7,38,41,30,0,0,0,0,0,0,39,0,41,0,0,0,0,0,0,0,0,0,0,37,0,37,36,0,31,0,0,39,40
6,16410,3,KR4MFM,34.92,6,  drogue,-7.04,79824,1966.74,1063.92,-25.66,52.5,0,4.2,4.11,2.88,-9.83,0.78,-286.06,50.55,133.06,0.63,0.15,0.18,35.11,4.19,0,0,0,0,1,1,15,31.0380153,-103.5116819,2085,2026,6,20,23,47,11,1163,1651,115,45,0.8,0.4,0.7,38,41,30,0,0,0,0,0,0,39,0,41,0,0,0,0,0,0,0,0,0,0,37,0,37,36,0,31,0,0,39,40
6,16410,3,KR4MFM,34.95,6,  drogue,-7.04,79824,1966.74,1063.92,-25.66,52.5,0,4.2,4.11,2.88,-9.83,0.78,-286.06,50.55,133.06,0.63,0.15,0.18,35.11,4.19,0,0,0,0,1,1,15,31.0380153,-103.5116819,2085,2026,6,20,23,47,11,1163,1651,115,45,0.8,0.4,0.7,38,41,30,0,0,0,0,0,0,39,0,41,0,0,0,0,0,0,0,0,0,0,37,0,37,36,0,31,0,0,39,40
6,16410,3,KR4MFM,34.95,6,  drogue,-7.04,79824,1966.74,1063.92,-25.66,52.5,0,4.2,4.11,2.88,-9.83,0.78,-286.06,50.55,133.06,0.63,0.15,0.18,35.11,4.19,0,0,0,0,1,1,15,31.0380153,-103.5116819,2085,2026,6,20,23,47,11,1163,1651,115,45,0.8,0.4,0.7,38,41,30,0,0,0,0,0,0,39,0,41,0,0,0,0,0,0,0,0,0,0,37,0,37,36,0,31,0,0,39,40
6,16410,3,KR4MFM,35.02,6,  drogue,-8.55,79874,1961.7,1058.87,-25.86,52.5,0,4.2,4.11,3.23,1.89,-5.35,-377.61,128.25,107.55,0.71,-0.07,0.22,29.83,4.19,0,0,0,0,1,1,15,31.0380531,-103.5117556,2056,2026,6,20,23,47,12,1155,1625,115,45,0.8,0.5,0.7,42,43,38,0,0,0,0,0,0,41,0,34,0,0,0,0,0,0,0,0,0,0,39,0,34,31,0,40,0,0,42,37
6,16410,3,KR4MFM,35.12,6,  drogue,-6.03,79897,1959.38,1056.55,-26.11,52.5,0,4.2,4.11,2.97,-5.49,-0.96,-448.29,142.1,29.97,0.74,-0.24,0.08,34.06,4.19,0,0,0,0,1,1,15,31.0380531,-103.5117556,2056,2026,6,20,23,47,12,1155,1625,115,45,0.8,0.5,0.7,42,43,38,0,0,0,0,0,0,41,0,34,0,0,0,0,0,0,0,0,0,0,39,0,34,31,0,40,0,0,42,37
6,16410,3,KR4MFM,35.22,6,  drogue,-8.55,79866,1962.5,1059.68,-26.33,52.5,0,4.19,4.11,2.3,-11.93,-0.94,-559,125.13,-73.48,0.74,-0.19,-0.15,42.98,4.2,0,0,0,0,1,1,15,31.0380531,-103.5117556,2056,2026,6,20,23,47,12,1155,1625,115,45,0.8,0.5,0.7,42,43,38,0,0,0,0,0,0,41,0,34,0,0,0,0,0,0,0,0,0,0,39,0,34,31,0,40,0,0,42,37
6,16410,3,KR4MFM,35.22,6,  drogue,-8.55,79866,1962.5,1059.68,-26.33,52.5,0,4.19,4.11,2.3,-11.93,-0.94,-559,125.13,-73.48,0.74,-0.19,-0.15,42.98,4.2,0,0,0,0,1,1,15,31.0380531,-103.5117556,2056,2026,6,20,23,47,12,1155,1625,115,45,0.8,0.5,0.7,42,43,38,0,0,0,0,0,0,41,0,34,0,0,0,0,0,0,0,0,0,0,39,0,34,31,0,40,0,0,42,37
6,16410,3,KR4MFM,35.32,6,  drogue,-7.54,79804,1968.76,1065.94,-26.55,52.5,0,4.19,4.11,9.6,-17.22,19.48,-504.93,49.82,-102.72,0.72,0,-0.18,53.57,4.2,0,0,0,0,1,1,15,31.0380531,-103.5117556,2056,2026,6,20,23,47,12,1155,1625,115,45,0.8,0.5,0.7,42,43,38,0,0,0,0,0,0,41,0,34,0,0,0,0,0,0,0,0,0,0,39,0,34,31,0,40,0,0,42,37
6,16410,3,KR4MFM,35.42,6,  drogue,-6.54,79812,1967.96,1065.13,-26.77,52.5,0,4.19,4.11,4.38,-11.09,12.51,-399.34,30.71,-103.7,0.67,0.16,-0.04,63.76,4.2,0,0,0,0,1,1,15,31.0380531,-103.5117556,2056,2026,6,20,23,47,12,1155,1625,115,45,0.8,0.5,0.7,42,43,38,0,0,0,0,0,0,41,0,34,0,0,0,0,0,0,0,0,0,0,39,0,34,31,0,40,0,0,42,37
6,16410,3,KR4MFM,35.52,6,  drogue,-6.54,79781,1971.09,1068.26,-26.94,52.5,0,4.19,4.11,3.64,-6.63,10.84,-324.45,4.04,-94.42,0.64,0.18,0.12,70.68,4.2,0,0,0,0,1,1,15,31.0380531,-103.5117556,2056,2026,6,20,23,47,12,1155,1625,115,45,0.8,0.5,0.7,42,43,38,0,0,0,0,0,0,41,0,34,0,0,0,0,0,0,0,0,0,0,39,0,34,31,0,40,0,0,42,37
6,16410,3,KR4MFM,35.54,6,  drogue,-6.54,79781,1971.09,1068.26,-26.94,52.5,0,4.19,4.11,3.64,-6.63,10.84,-324.45,4.04,-94.42,0.64,0.18,0.12,70.68,4.18,0,0,0,0,1,1,15,31.0380531,-103.5117556,2056,2026,6,20,23,47,12,1155,1625,115,45,0.8,0.5,0.7,42,43,38,0,0,0,0,0,0,41,0,34,0,0,0,0,0,0,0,0,0,0,39,0,34,31,0,40,0,0,42,37
6,16410,3,KR4MFM,35.62,6,  drogue,-6.03,79727,1976.54,1073.72,-27.06,52.5,0,4.19,4.11,2.87,-5.32,24.96,-124.5,6.85,-92.34,0.59,0.15,0.24,73.19,4.18,0,0,0,0,1,1,15,31.0380531,-103.5117556,2056,2026,6,20,23,47,12,1155,1625,115,45,0.8,0.5,0.7,42,43,38,0,0,0,0,0,0,41,0,34,0,0,0,0,0,0,0,0,0,0,39,0,34,31,0,40,0,0,42,37
6,16410,3,KR4MFM,35.72,6,  drogue,-9.56,79779,1971.29,1068.47,-27.1,52.5,0,4.19,4.11,1.96,-6.71,15.6,65.02,39.26,-81.23,0.56,0.19,0.23,70.8,4.18,0,0,0,0,1,1,15,31.0380531,-103.5117556,2056,2026,6,20,23,47,12,1155,1625,115,45,0.8,0.5,0.7,42,43,38,0,0,0,0,0,0,41,0,34,0,0,0,0,0,0,0,0,0,0,39,0,34,31,0,40,0,0,42,37
6,16410,3,KR4MFM,35.82,6,  drogue,-10.56,79800,1969.17,1066.34,-27.06,52.5,0,4.19,4.11,1.33,-10.06,14.4,188.55,77.04,-56.39,0.53,0.26,0.11,65.53,4.18,0,0,0,0,1,1,15,31.0380531,-103.5117556,2056,2026,6,20,23,47,12,1155,1625,115,45,0.8,0.5,0.7,42,43,38,0,0,0,0,0,0,41,0,34,0,0,0,0,0,0,0,0,0,0,39,0,34,31,0,40,0,0,42,37
6,16410,3,KR4MFM,35.86,6,  drogue,-10.56,79800,1969.17,1066.34,-27.06,52.5,0,4.2,4.11,1.33,-10.06,14.4,188.55,77.04,-56.39,0.53,0.26,0.11,65.53,4.19,0,0,0,0,1,1,15,31.0380531,-103.5117556,2056,2026,6,20,23,47,12,1155,1625,115,45,0.8,0.5,0.7,42,43,38,0,0,0,0,0,0,41,0,34,0,0,0,0,0,0,0,0,0,0,39,0,34,31,0,40,0,0,42,37
6,16410,3,KR4MFM,35.92,6,  drogue,-9.56,79931,1955.95,1053.12,-26.97,52.5,0,4.2,4.11,1.11,-8.12,1.84,160.72,87.05,-11.9,0.52,0.29,-0.05,59.93,4.19,0,0,0,0,1,1,15,31.0380531,-103.5117556,2056,2026,6,20,23,47,12,1155,1625,115,45,0.8,0.5,0.7,42,43,38,0,0,0,0,0,0,41,0,34,0,0,0,0,0,0,0,0,0,0,39,0,34,31,0,40,0,0,42,37
6,16410,3,KR4MFM,35.94,6,  drogue,-9.56,79931,1955.95,1053.12,-26.97,52.5,0,4.2,4.11,1.11,-8.12,1.84,160.72,87.05,-11.9,0.52,0.29,-0.05,59.93,4.19,0,0,0,0,1,1,15,31.0380531,-103.5117556,2056,2026,6,20,23,47,12,1155,1625,115,45,0.8,0.5,0.7,42,43,38,0,0,0,0,0,0,41,0,34,0,0,0,0,0,0,0,0,0,0,39,0,34,31,0,40,0,0,42,37
6,16410,3,KR4MFM,35.94,6,  drogue,-9.56,79931,1955.95,1053.12,-26.97,52.5,0,4.2,4.11,1.11,-8.12,1.84,160.72,87.05,-11.9,0.52,0.29,-0.05,59.93,4.19,0,0,0,0,1,1,15,31.0380531,-103.5117556,2056,2026,6,20,23,47,12,1155,1625,115,45,0.8,0.5,0.7,42,43,38,0,0,0,0,0,0,41,0,34,0,0,0,0,0,0,0,0,0,0,39,0,34,31,0,40,0,0,42,37
6,16410,3,KR4MFM,36.02,6,  drogue,-9.56,80002,1948.79,1045.96,-26.8,52.5,0,4.2,4.11,3.33,-13.13,-2.27,-22.44,77.77,12.21,0.51,0.29,-0.12,55.27,4.19,0,0,0,0,1,1,15,31.0380911,-103.5118306,2027,2026,6,20,23,47,13,1147,1599,115,44,0.8,0.4,0.7,36,34,34,0,0,0,0,0,0,33,0,26,0,0,0,0,0,0,0,0,0,0,32,0,30,36,0,41,0,0,41,43
6,16410,3,KR4MFM,36.12,6,  drogue,-9.05,80044,1944.55,1041.73,-26.53,52.4,0,4.2,4.11,3.2,-6.03,-1.16,-199.63,59.28,32.78,0.53,0.29,-0.04,49.7,4.19,0,0,0,0,1,1,15,31.0380911,-103.5118306,2027,2026,6,20,23,47,13,1147,1599,115,44,0.8,0.4,0.7,36,34,34,0,0,0,0,0,0,33,0,26,0,0,0,0,0,0,0,0,0,0,32,0,30,36,0,41,0,0,41,43
6,16410,3,KR4MFM,36.18,6,  drogue,-9.05,80044,1944.55,1041.73,-26.53,52.4,0,4.2,4.1,3.2,-6.03,-1.16,-199.63,59.28,32.78,0.53,0.29,-0.04,49.7,4.19,0,0,0,0,1,1,15,31.0380911,-103.5118306,2027,2026,6,20,23,47,13,1147,1599,115,44,0.8,0.4,0.7,36,34,34,0,0,0,0,0,0,33,0,26,0,0,0,0,0,0,0,0,0,0,32,0,30,36,0,41,0,0,41,43
6,16410,3,KR4MFM,36.22,6,  drogue,-6.54,80095,1939.42,1036.59,-26.14,52.5,0,4.2,4.1,3.98,-5.18,6.09,-254.74,75.09,22.46,0.55,0.26,0.1,42.93,4.19,0,0,0,0,1,1,15,31.0380911,-103.5118306,2027,2026,6,20,23,47,13,1147,1599,115,44,0.8,0.4,0.7,36,34,34,0,0,0,0,0,0,33,0,26,0,0,0,0,0,0,0,0,0,0,32,0,30,36,0,41,0,0,41,43
6,16410,3,KR4MFM,36.32,6,  drogue,-7.54,80161,1932.77,1029.95,-25.67,52.4,0,4.2,4.1,3.66,-4.12,6.09,-171.86,91.02,2.14,0.59,0.19,0.19,34.63,4.19,0,0,0,0,1,1,15,31.0380911,-103.5118306,2027,2026,6,20,23,47,13,1147,1599,115,44,0.8,0.4,0.7,36,34,34,0,0,0,0,0,0,33,0,26,0,0,0,0,0,0,0,0,0,0,32,0,30,36,0,41,0,0,41,43
6,16410,3,KR4MFM,36.42,6,  drogue,-5.53,80234,1925.43,1022.61,-25.17,52.4,0,4.2,4.1,4.96,-0.16,5.89,-16.22,104.75,-10.92,0.62,0.16,0.19,24.71,4.19,0,0,0,0,1,1,15,31.0380911,-103.5118306,2027,2026,6,20,23,47,13,1147,1599,115,44,0.8,0.4,0.7,36,34,34,0,0,0,0,0,0,33,0,26,0,0,0,0,0,0,0,0,0,0,32,0,30,36,0,41,0,0,41,43
6,16410,3,KR4MFM,36.5,6,  drogue,-5.53,80234,1925.43,1022.61,-25.17,52.4,0,4.19,4.11,4.96,-0.16,5.89,-16.22,104.75,-10.92,0.62,0.16,0.19,24.71,4.19,0,0,0,0,1,1,15,31.0380911,-103.5118306,2027,2026,6,20,23,47,13,1147,1599,115,44,0.8,0.4,0.7,36,34,34,0,0,0,0,0,0,33,0,26,0,0,0,0,0,0,0,0,0,0,32,0,30,36,0,41,0,0,41,43
6,16410,3,KR4MFM,36.52,6,  drogue,-6.03,80267,1922.11,1019.29,-24.68,52.4,0,4.19,4.11,5.63,4.32,-0.65,84.61,113.17,-20.02,0.64,0.19,0.09,15.15,4.19,0,0,0,0,1,1,15,31.0380911,-103.5118306,2027,2026,6,20,23,47,13,1147,1599,115,44,0.8,0.4,0.7,36,34,34,0,0,0,0,0,0,33,0,26,0,0,0,0,0,0,0,0,0,0,32,0,30,36,0,41,0,0,41,43
6,16410,3,KR4MFM,36.62,6,  drogue,-5.53,80276,1921.21,1018.38,-24.27,52.4,0,4.19,4.11,6.11,1.72,-4.34,74.6,103.16,-25.39,0.64,0.21,-0.02,12.75,4.19,0,0,0,0,1,1,15,31.0380911,-103.5118306,2027,2026,6,20,23,47,13,1147,1599,115,44,0.8,0.4,0.7,36,34,34,0,0,0,0,0,0,33,0,26,0,0,0,0,0,0,0,0,0,0,32,0,30,36,0,41,0,0,41,43
6,16410,3,KR4MFM,36.72,6,  drogue,-1.51,80284,1920.4,1017.58,-23.89,52.4,0,4.19,4.11,7.93,3.59,-8.64,-37.15,78.44,-40.28,0.61,0.23,-0.07,18.79,4.19,0,0,0,0,1,1,15,31.0380911,-103.5118306,2027,2026,6,20,23,47,13,1147,1599,115,44,0.8,0.4,0.7,36,34,34,0,0,0,0,0,0,33,0,26,0,0,0,0,0,0,0,0,0,0,32,0,30,36,0,41,0,0,41,43
6,16410,3,KR4MFM,36.82,6,  drogue,3.02,80255,1923.32,1020.49,-23.55,52.4,0,4.2,4.11,11.57,-2.88,-10.65,-186.39,27.66,-72.87,0.57,0.27,-0.01,26.58,4.2,0,0,0,0,1,1,15,31.0380911,-103.5118306,2027,2026,6,20,23,47,13,1147,1599,115,44,0.8,0.4,0.7,36,34,34,0,0,0,0,0,0,33,0,26,0,0,0,0,0,0,0,0,0,0,32,0,30,36,0,41,0,0,41,43
6,16410,3,KR4MFM,36.82,6,  drogue,3.02,80255,1923.32,1020.49,-23.55,52.4,0,4.2,4.11,11.57,-2.88,-10.65,-186.39,27.66,-72.87,0.57,0.27,-0.01,26.58,4.2,0,0,0,0,1,1,15,31.0380911,-103.5118306,2027,2026,6,20,23,47,13,1147,1599,115,44,0.8,0.4,0.7,36,34,34,0,0,0,0,0,0,33,0,26,0,0,0,0,0,0,0,0,0,0,32,0,30,36,0,41,0,0,41,43
6,16410,3,KR4MFM,36.92,6,  drogue,-5.53,80261,1922.72,1019.89,-23.27,52.4,0,4.2,4.11,5.67,-13.3,-8.56,-345.81,-46.74,-65.3,0.52,0.24,0.19,33.15,4.2,0,0,0,0,1,1,15,31.0380911,-103.5118306,2027,2026,6,20,23,47,13,1147,1599,115,44,0.8,0.4,0.7,36,34,34,0,0,0,0,0,0,33,0,26,0,0,0,0,0,0,0,0,0,0,32,0,30,36,0,41,0,0,41,43
6,16410,3,KR4MFM,36.93,6,  drogue,-5.53,80261,1922.72,1019.89,-23.27,52.4,0,4.2,4.11,5.67,-13.3,-8.56,-345.81,-46.74,-65.3,0.52,0.24,0.19,33.15,4.2,0,0,0,0,1,1,15,31.0380911,-103.5118306,2027,2026,6,20,23,47,13,1147,1599,115,44,0.8,0.4,0.7,36,34,34,0,0,0,0,0,0,33,0,26,0,0,0,0,0,0,0,0,0,0,32,0,30,36,0,41,0,0,41,43
6,16410,3,KR4MFM,36.93,6,  drogue,-5.53,80261,1922.72,1019.89,-23.27,52.4,0,4.2,4.11,5.67,-13.3,-8.56,-345.81,-46.74,-65.3,0.52,0.24,0.19,33.15,4.2,0,0,0,0,1,1,15,31.0380911,-103.5118306,2027,2026,6,20,23,47,13,1147,1599,115,44,0.8,0.4,0.7,36,34,34,0,0,0,0,0,0,33,0,26,0,0,0,0,0,0,0,0,0,0,32,0,30,36,0,41,0,0,41,43
6,16410,3,KR4MFM,37.02,6,  drogue,-7.04,80276,1921.21,1018.38,-23.11,52.4,0,4.2,4.11,3.79,-18.23,8.24,-441.88,-83.67,17.95,0.47,0.02,0.39,37.7,4.2,0,0,0,0,1,1,15,31.0381434,-103.5118884,1998,2026,6,20,23,47,14,1139,1573,115,44,0.8,0.5,0.7,39,42,36,0,0,0,0,0,0,27,0,34,0,0,0,0,0,0,0,0,0,0,38,0,30,23,0,39,0,0,41,37
6,16410,3,KR4MFM,37.12,6,  drogue,-5.53,80253,1923.52,1020.7,-23.01,52.4,0,4.2,4.11,5.01,-8.48,23.42,-267.75,-18.97,64.58,0.42,-0.29,0.4,40.39,4.2,0,0,0,0,1,1,15,31.0381434,-103.5118884,1998,2026,6,20,23,47,14,1139,1573,115,44,0.8,0.5,0.7,39,42,36,0,0,0,0,0,0,27,0,34,0,0,0,0,0,0,0,0,0,0,38,0,30,23,0,39,0,0,41,37
6,16410,3,KR4MFM,37.14,6,  drogue,-5.53,80253,1923.52,1020.7,-23.01,52.4,0,4.2,4.11,5.01,-8.48,23.42,-267.75,-18.97,64.58,0.42,-0.29,0.4,40.39,4.19,0,0,0,0,1,1,15,31.0381434,-103.5118884,1998,2026,6,20,23,47,14,1139,1573,115,44,0.8,0.5,0.7,39,42,36,0,0,0,0,0,0,27,0,34,0,0,0,0,0,0,0,0,0,0,38,0,30,23,0,39,0,0,41,37
6,16410,3,KR4MFM,37.22,6,  drogue,-5.53,80191,1929.76,1026.93,-22.98,52.4,0,4.2,4.11,6.26,-0.1,17.25,-5.72,13.81,76.05,0.39,-0.37,0.36,44.38,4.19,0,0,0,0,1,1,15,31.0381434,-103.5118884,1998,2026,6,20,23,47,14,1139,1573,115,44,0.8,0.5,0.7,39,42,36,0,0,0,0,0,0,27,0,34,0,0,0,0,0,0,0,0,0,0,38,0,30,23,0,39,0,0,41,37
6,16410,3,KR4MFM,37.32,6,  drogue,-6.54,80202,1928.65,1025.82,-23.08,52.4,0,4.2,4.11,2.55,4.85,8.82,173.17,32.79,80.33,0.39,-0.29,0.4,48.36,4.19,0,0,0,0,1,1,15,31.0381434,-103.5118884,1998,2026,6,20,23,47,14,1139,1573,115,44,0.8,0.5,0.7,39,42,36,0,0,0,0,0,0,27,0,34,0,0,0,0,0,0,0,0,0,0,38,0,30,23,0,39,0,0,41,37
6,16410,3,KR4MFM,37.42,6,  drogue,-10.06,80255,1923.32,1020.49,-23.28,52.4,0,4.2,4.11,0.73,0.31,8.43,285.97,14.84,102.11,0.4,-0.12,0.43,53.73,4.19,0,0,0,0,1,1,15,31.0381434,-103.5118884,1998,2026,6,20,23,47,14,1139,1573,115,44,0.8,0.5,0.7,39,42,36,0,0,0,0,0,0,27,0,34,0,0,0,0,0,0,0,0,0,0,38,0,30,23,0,39,0,0,41,37
6,16410,3,KR4MFM,37.46,6,  drogue,-10.06,80255,1923.32,1020.49,-23.28,52.4,0,4.2,4.11,0.73,0.31,8.43,285.97,14.84,102.11,0.4,-0.12,0.43,53.73,4.2,0,0,0.01,0,1,1,15,31.0381434,-103.5118884,1998,2026,6,20,23,47,14,1139,1573,115,44,0.8,0.5,0.7,39,42,36,0,0,0,0,0,0,27,0,34,0,0,0,0,0,0,0,0,0,0,38,0,30,23,0,39,0,0,41,37
6,16410,3,KR4MFM,37.52,6,  drogue,-11.57,80262,1922.62,1019.79,-23.53,52.4,0,4.2,4.11,0.74,-2.47,9.17,423.11,-29.22,99,0.41,0.12,0.36,59.46,4.2,0,0,0.01,0,1,1,15,31.0381434,-103.5118884,1998,2026,6,20,23,47,14,1139,1573,115,44,0.8,0.5,0.7,39,42,36,0,0,0,0,0,0,27,0,34,0,0,0,0,0,0,0,0,0,0,38,0,30,23,0,39,0,0,41,37
6,16410,3,KR4MFM,37.62,6,  drogue,-9.56,80380,1910.76,1007.94,-23.82,52.4,0,4.2,4.11,1.9,-7.81,5.61,407.73,-75.3,58.05,0.42,0.32,0.08,64.51,4.2,0,0,0.01,0,1,1,15,31.0381434,-103.5118884,1998,2026,6,20,23,47,14,1139,1573,115,44,0.8,0.5,0.7,39,42,36,0,0,0,0,0,0,27,0,34,0,0,0,0,0,0,0,0,0,0,38,0,30,23,0,39,0,0,41,37
6,16410,3,KR4MFM,37.72,6,  drogue,-10.56,80420,1906.74,1003.92,-24.24,52.4,0,4.2,4.11,-1.02,-19.97,-0.25,180.44,-116.26,32.47,0.45,0.31,-0.11,68.17,4.2,0,0,0.01,0,1,1,15,31.0381434,-103.5118884,1998,2026,6,20,23,47,14,1139,1573,115,44,0.8,0.5,0.7,39,42,36,0,0,0,0,0,0,27,0,34,0,0,0,0,0,0,0,0,0,0,38,0,30,23,0,39,0,0,41,37
6,16410,3,KR4MFM,37.78,6,  drogue,-10.56,80420,1906.74,1003.92,-24.24,52.4,0,4.2,4.11,-1.02,-19.97,-0.25,180.44,-116.26,32.47,0.45,0.31,-0.11,68.17,4.2,0,0,0,0,1,1,15,31.0381434,-103.5118884,1998,2026,6,20,23,47,14,1139,1573,115,44,0.8,0.5,0.7,39,42,36,0,0,0,0,0,0,27,0,34,0,0,0,0,0,0,0,0,0,0,38,0,30,23,0,39,0,0,41,37
6,16410,3,KR4MFM,37.82,6,  drogue,-9.56,80474,1901.33,998.5,-24.69,52.4,0,4.2,4.11,0.35,-14.15,7.02,-10.05,-115.65,44.99,0.49,0.29,-0.11,67.86,4.2,0,0,0,0,1,1,15,31.0381434,-103.5118884,1998,2026,6,20,23,47,14,1139,1573,115,44,0.8,0.5,0.7,39,42,36,0,0,0,0,0,0,27,0,34,0,0,0,0,0,0,0,0,0,0,38,0,30,23,0,39,0,0,41,37
6,16410,3,KR4MFM,37.92,6,  drogue,-11.06,80518,1896.91,994.09,-25.21,52.4,0,4.2,4.11,-0.53,-13.49,4.86,-197.55,-110.52,100.89,0.56,0.26,0.03,63.57,4.2,0,0,0,0,1,1,15,31.0381434,-103.5118884,1998,2026,6,20,23,47,14,1139,1573,115,44,0.8,0.5,0.7,39,42,36,0,0,0,0,0,0,27,0,34,0,0,0,0,0,0,0,0,0,0,38,0,30,23,0,39,0,0,41,37
6,16410,3,KR4MFM,37.96,6,  drogue,-11.06,80518,1896.91,994.09,-25.21,52.4,0,4.2,4.11,-0.53,-13.49,4.86,-197.55,-110.52,100.89,0.56,0.26,0.03,63.57,4.2,0,0,0,0,1,1,15,31.0381434,-103.5118884,1998,2026,6,20,23,47,14,1139,1573,115,44,0.8,0.5,0.7,39,42,36,0,0,0,0,0,0,27,0,34,0,0,0,0,0,0,0,0,0,0,38,0,30,23,0,39,0,0,41,37
6,16410,3,KR4MFM,37.96,6,  drogue,-11.06,80518,1896.91,994.09,-25.21,52.4,0,4.2,4.11,-0.53,-13.49,4.86,-197.55,-110.52,100.89,0.56,0.26,0.03,63.57,4.2,0,0,0,0,1,1,15,31.0381434,-103.5118884,1998,2026,6,20,23,47,14,1139,1573,115,44,0.8,0.5,0.7,39,42,36,0,0,0,0,0,0,27,0,34,0,0,0,0,0,0,0,0,0,0,38,0,30,23,0,39,0,0,41,37
6,16410,3,KR4MFM,38.02,6,  drogue,-10.06,80537,1895.01,992.18,-25.75,52.4,0,4.2,4.11,-0.23,-7.03,15.08,-167.71,-44.24,155.76,0.63,0.15,0.17,57.47,4.2,0,0,0,0,1,1,15,31.0381782,-103.5119549,1969,2026,6,20,23,47,15,1132,1548,114,43,0.8,0.5,0.7,38,41,33,0,0,0,0,0,0,33,0,39,0,0,0,0,0,0,0,0,0,0,33,0,30,34,0,41,0,0,43,38
6,16410,3,KR4MFM,38.1,6,  drogue,-10.06,80537,1895.01,992.18,-25.75,52.4,0.01,4.2,4.11,-0.23,-7.03,15.08,-167.71,-44.24,155.76,0.63,0.15,0.17,57.47,4.2,0,0,0,0,1,1,15,31.0381782,-103.5119549,1969,2026,6,20,23,47,15,1132,1548,114,43,0.8,0.5,0.7,38,41,33,0,0,0,0,0,0,33,0,39,0,0,0,0,0,0,0,0,0,0,33,0,30,34,0,41,0,0,43,38
6,16410,3,KR4MFM,38.12,6,  drogue,-7.54,80483,1900.42,997.6,-26.29,52.4,0.01,4.2,4.11,0.7,0.29,15.33,90.23,0.62,164.13,0.69,0.05,0.19,54.12,4.2,0,0,0,0,1,1,15,31.0381782,-103.5119549,1969,2026,6,20,23,47,15,1132,1548,114,43,0.8,0.5,0.7,38,41,33,0,0,0,0,0,0,33,0,39,0,0,0,0,0,0,0,0,0,0,33,0,30,34,0,41,0,0,43,38
6,16410,3,KR4MFM,38.22,6,  drogue,-3.52,80446,1904.13,1001.31,-26.8,52.4,0.01,4.2,4.11,4.58,4.38,18.88,425.68,-37.77,146.06,0.73,0.04,0.12,55.33,4.2,0,0,0,0,1,1,15,31.0381782,-103.5119549,1969,2026,6,20,23,47,15,1132,1548,114,43,0.8,0.5,0.7,38,41,33,0,0,0,0,0,0,33,0,39,0,0,0,0,0,0,0,0,0,0,33,0,30,34,0,41,0,0,43,38
6,16410,3,KR4MFM,38.32,6,  drogue,-4.53,80499,1898.82,995.99,-27.26,52.4,0.01,4.2,4.11,5.84,-2.29,18.66,735.49,-87.76,42.85,0.74,0.06,-0.02,58.61,4.2,0,0,0,0,1,1,15,31.0381782,-103.5119549,1969,2026,6,20,23,47,15,1132,1548,114,43,0.8,0.5,0.7,38,41,33,0,0,0,0,0,0,33,0,39,0,0,0,0,0,0,0,0,0,0,33,0,30,34,0,41,0,0,43,38
6,16410,3,KR4MFM,38.42,6,  drogue,-4.53,80564,1892.3,989.48,-27.68,52.4,0,4.2,4.11,7.28,-7.46,1.49,700.39,-47.41,-45.77,0.73,-0.01,-0.16,60.94,4.2,0,0,0,0,1,1,15,31.0381782,-103.5119549,1969,2026,6,20,23,47,15,1132,1548,114,43,0.8,0.5,0.7,38,41,33,0,0,0,0,0,0,33,0,39,0,0,0,0,0,0,0,0,0,0,33,0,30,34,0,41,0,0,43,38
6,16410,3,KR4MFM,38.42,6,  drogue,-4.53,80564,1892.3,989.48,-27.68,52.4,0,4.2,4.11,7.28,-7.46,1.49,700.39,-47.41,-45.77,0.73,-0.01,-0.16,60.94,4.2,0,0,0,0,1,1,15,31.0381782,-103.5119549,1969,2026,6,20,23,47,15,1132,1548,114,43,0.8,0.5,0.7,38,41,33,0,0,0,0,0,0,33,0,39,0,0,0,0,0,0,0,0,0,0,33,0,30,34,0,41,0,0,43,38
6,16410,3,KR4MFM,38.52,6,  drogue,-1.51,80583,1890.4,987.57,-28.05,52.4,0,4.2,4.11,8.69,6.77,-14.97,602.13,12.95,-45.04,0.73,-0.15,-0.2,62.21,4.2,0,0,0,0,1,1,15,31.0381782,-103.5119549,1969,2026,6,20,23,47,15,1132,1548,114,43,0.8,0.5,0.7,38,41,33,0,0,0,0,0,0,33,0,39,0,0,0,0,0,0,0,0,0,0,33,0,30,34,0,41,0,0,43,38
6,16410,3,KR4MFM,38.62,6,  drogue,-4.02,80700,1878.68,975.86,-28.38,52.4,0,4.2,4.11,6.14,8.69,-9.66,444.78,32.79,-64.51,0.73,-0.23,-0.15,58.52,4.2,0,0,0,0,1,1,15,31.0381782,-103.5119549,1969,2026,6,20,23,47,15,1132,1548,114,43,0.8,0.5,0.7,38,41,33,0,0,0,0,0,0,33,0,39,0,0,0,0,0,0,0,0,0,0,33,0,30,34,0,41,0,0,43,38
6,16410,3,KR4MFM,38.72,6,  drogue,-4.53,80742,1874.48,971.65,-28.68,52.4,0,4.2,4.11,5.88,10.39,-2.3,564.84,48.84,-34.66,0.74,-0.26,-0.04,54.33,4.2,0,0,0,0,1,1,15,31.0381782,-103.5119549,1969,2026,6,20,23,47,15,1132,1548,114,43,0.8,0.5,0.7,38,41,33,0,0,0,0,0,0,33,0,39,0,0,0,0,0,0,0,0,0,0,33,0,30,34,0,41,0,0,43,38
6,16410,3,KR4MFM,38.74,6,  drogue,-4.53,80742,1874.48,971.65,-28.68,52.4,0,4.2,4.11,5.88,10.39,-2.3,564.84,48.84,-34.66,0.74,-0.26,-0.04,54.33,4.19,0,0,0.01,0,1,1,15,31.0381782,-103.5119549,1969,2026,6,20,23,47,15,1132,1548,114,43,0.8,0.5,0.7,38,41,33,0,0,0,0,0,0,33,0,39,0,0,0,0,0,0,0,0,0,0,33,0,30,34,0,41,0,0,43,38
6,16410,3,KR4MFM,38.82,6,  drogue,-4.02,80708,1877.88,975.06,-28.94,52.4,0,4.2,4.11,5.97,0.72,7.06,573.81,61.05,24.23,0.75,-0.24,0.05,50.06,4.19,0,0,0.01,0,1,1,15,31.0381782,-103.5119549,1969,2026,6,20,23,47,15,1132,1548,114,43,0.8,0.5,0.7,38,41,33,0,0,0,0,0,0,33,0,39,0,0,0,0,0,0,0,0,0,0,33,0,30,34,0,41,0,0,43,38
6,16410,3,KR4MFM,38.92,6,  drogue,-1.51,80716,1877.08,974.25,-29.19,52.4,0,4.2,4.11,5.83,3.66,5.97,614.46,-1.51,71.05,0.75,-0.17,0.12,47.22,4.19,0,0,0.01,0,1,1,15,31.0381782,-103.5119549,1969,2026,6,20,23,47,15,1132,1548,114,43,0.8,0.5,0.7,38,41,33,0,0,0,0,0,0,33,0,39,0,0,0,0,0,0,0,0,0,0,33,0,30,34,0,41,0,0,43,38
6,16410,3,KR4MFM,38.93,6,  drogue,-1.51,80716,1877.08,974.25,-29.19,52.4,0,4.2,4.11,5.83,3.66,5.97,614.46,-1.51,71.05,0.75,-0.17,0.12,47.22,4.19,0,0,0.01,0,1,1,15,31.0381782,-103.5119549,1969,2026,6,20,23,47,15,1132,1548,114,43,0.8,0.5,0.7,38,41,33,0,0,0,0,0,0,33,0,39,0,0,0,0,0,0,0,0,0,0,33,0,30,34,0,41,0,0,43,38
6,16410,3,KR4MFM,38.93,6,  drogue,-1.51,80716,1877.08,974.25,-29.19,52.4,0,4.2,4.11,5.83,3.66,5.97,614.46,-1.51,71.05,0.75,-0.17,0.12,47.22,4.19,0,0,0.01,0,1,1,15,31.0381782,-103.5119549,1969,2026,6,20,23,47,15,1132,1548,114,43,0.8,0.5,0.7,38,41,33,0,0,0,0,0,0,33,0,39,0,0,0,0,0,0,0,0,0,0,33,0,30,34,0,41,0,0,43,38
6,16410,3,KR4MFM,39.02,6,  drogue,-3.52,80824,1866.28,963.45,-29.45,52.4,0,4.2,4.11,6.22,-2.15,1.67,624.28,-33.74,21.85,0.74,-0.03,0.12,45.55,4.19,0,0,0.01,0,1,1,15,31.0381983,-103.5120188,1941,2026,6,20,23,47,16,1125,1524,114,42,0.9,0.5,0.7,38,38,32,0,0,0,0,0,0,38,0,0,0,0,0,0,0,0,0,0,0,0,38,0,38,35,0,35,0,0,39,42
6,16410,3,KR4MFM,39.06,6,  drogue,-3.52,80824,1866.28,963.45,-29.45,52.4,0,4.2,4.11,6.22,-2.15,1.67,624.28,-33.74,21.85,0.74,-0.03,0.12,45.55,4.19,0,0,0,0,1,1,15,31.0381983,-103.5120188,1941,2026,6,20,23,47,16,1125,1524,114,42,0.9,0.5,0.7,38,38,32,0,0,0,0,0,0,38,0,0,0,0,0,0,0,0,0,0,0,0,38,0,38,35,0,35,0,0,39,42
6,16410,3,KR4MFM,39.12,6,  drogue,-2.51,80819,1866.78,963.95,-29.68,52.4,0,4.2,4.11,7.68,-0.27,-0.76,589.25,-33.31,-23.01,0.73,0.07,0.01,44.46,4.19,0,0,0,0,1,1,15,31.0381983,-103.5120188,1941,2026,6,20,23,47,16,1125,1524,114,42,0.9,0.5,0.7,38,38,32,0,0,0,0,0,0,38,0,0,0,0,0,0,0,0,0,0,0,0,38,0,38,35,0,35,0,0,39,42
6,16410,3,KR4MFM,39.22,6,  drogue,-2.01,80842,1864.48,961.65,-29.89,52.4,0,4.2,4.11,6.93,0.3,-0.65,555.5,19.91,-21.48,0.71,0.02,-0.18,45.79,4.19,0,0,0,0,1,1,15,31.0381983,-103.5120188,1941,2026,6,20,23,47,16,1125,1524,114,42,0.9,0.5,0.7,38,38,32,0,0,0,0,0,0,38,0,0,0,0,0,0,0,0,0,0,0,0,38,0,38,35,0,35,0,0,39,42
6,16410,3,KR4MFM,39.32,6,  drogue,-4.53,80937,1854.99,952.16,-30.14,52.4,0,4.2,4.11,6.77,5.23,0.19,514.36,33.28,1.1,0.69,-0.16,-0.26,47.1,4.19,0,0,0,0,1,1,15,31.0381983,-103.5120188,1941,2026,6,20,23,47,16,1125,1524,114,42,0.9,0.5,0.7,38,38,32,0,0,0,0,0,0,38,0,0,0,0,0,0,0,0,0,0,0,0,38,0,38,35,0,35,0,0,39,42
6,16410,3,KR4MFM,39.38,6,  drogue,-4.53,80937,1854.99,952.16,-30.14,52.4,0.01,4.2,4.11,6.77,5.23,0.19,514.36,33.28,1.1,0.69,-0.16,-0.26,47.1,4.18,0,0.01,0,0,1,1,15,31.0381983,-103.5120188,1941,2026,6,20,23,47,16,1125,1524,114,42,0.9,0.5,0.7,38,38,32,0,0,0,0,0,0,38,0,0,0,0,0,0,0,0,0,0,0,0,38,0,38,35,0,35,0,0,39,42
6,16410,3,KR4MFM,39.42,6,  drogue,-5.53,80906,1858.08,955.26,-30.45,52.4,0.01,4.2,4.11,6.09,3.71,3.39,609.45,11.43,41.14,0.68,-0.36,-0.13,50.22,4.18,0,0.01,0,0,1,1,15,31.0381983,-103.5120188,1941,2026,6,20,23,47,16,1125,1524,114,42,0.9,0.5,0.7,38,38,32,0,0,0,0,0,0,38,0,0,0,0,0,0,0,0,0,0,0,0,38,0,38,35,0,35,0,0,39,42
6,16410,3,KR4MFM,39.52,6,  drogue,-4.02,80840,1864.68,961.85,-30.78,52.4,0.01,4.2,4.11,5.76,-2.22,9.58,597.49,-31.18,52.13,0.67,-0.35,0.16,53.77,4.18,0,0.01,0,0,1,1,15,31.0381983,-103.5120188,1941,2026,6,20,23,47,16,1125,1524,114,42,0.9,0.5,0.7,38,38,32,0,0,0,0,0,0,38,0,0,0,0,0,0,0,0,0,0,0,0,38,0,38,35,0,35,0,0,39,42
6,16410,3,KR4MFM,39.62,6,  drogue,-4.02,80833,1865.38,962.55,-31.17,52.3,0.01,4.2,4.11,6.95,-2.74,14.13,656.75,-51.62,-2.93,0.64,-0.05,0.3,57.19,4.18,0,0.01,0,0,1,1,15,31.0381983,-103.5120188,1941,2026,6,20,23,47,16,1125,1524,114,42,0.9,0.5,0.7,38,38,32,0,0,0,0,0,0,38,0,0,0,0,0,0,0,0,0,0,0,0,38,0,38,35,0,35,0,0,39,42
6,16410,3,KR4MFM,39.7,6,  drogue,-4.02,80833,1865.38,962.55,-31.17,52.3,0,4.19,4.11,6.95,-2.74,14.13,656.75,-51.62,-2.93,0.64,-0.05,0.3,57.19,4.18,0,0,0,0,1,1,15,31.0381983,-103.5120188,1941,2026,6,20,23,47,16,1125,1524,114,42,0.9,0.5,0.7,38,38,32,0,0,0,0,0,0,38,0,0,0,0,0,0,0,0,0,0,0,0,38,0,38,35,0,35,0,0,39,42
6,16410,3,KR4MFM,39.72,6,  drogue,-4.02,80898,1858.88,956.06,-31.55,52.3,0,4.19,4.11,6.82,-6.83,-7.59,495.99,-37.4,-39.18,0.61,0.2,0.14,59.21,4.18,0,0,0,0,1,1,15,31.0381983,-103.5120188,1941,2026,6,20,23,47,16,1125,1524,114,42,0.9,0.5,0.7,38,38,32,0,0,0,0,0,0,38,0,0,0,0,0,0,0,0,0,0,0,0,38,0,38,35,0,35,0,0,39,42
6,16410,3,KR4MFM,39.82,6,  drogue,-4.53,80913,1857.38,954.56,-31.92,52.4,0,4.19,4.11,4.58,-8.49,-2.03,449.3,-10,-41.32,0.57,0.23,-0.16,59.6,4.18,0,0,0,0,1,1,15,31.0381983,-103.5120188,1941,2026,6,20,23,47,16,1125,1524,114,42,0.9,0.5,0.7,38,38,32,0,0,0,0,0,0,38,0,0,0,0,0,0,0,0,0,0,0,0,38,0,38,35,0,35,0,0,39,42
6,16410,3,KR4MFM,39.92,6,  drogue,-7.04,80940,1854.69,951.86,-32.25,52.4,0,4.19,4.11,3.18,2.26,-10.12,350.91,16.07,-26.49,0.54,0.07,-0.36,59.99,4.18,0,0,0,0,1,1,15,31.0381983,-103.5120188,1941,2026,6,20,23,47,16,1125,1524,114,42,0.9,0.5,0.7,38,38,32,0,0,0,0,0,0,38,0,0,0,0,0,0,0,0,0,0,0,0,38,0,38,35,0,35,0,0,39,42
6,16410,3,KR4MFM,39.96,6,  drogue,-7.04,80940,1854.69,951.86,-32.25,52.4,0,4.19,4.11,3.18,2.26,-10.12,350.91,16.07,-26.49,0.54,0.07,-0.36,59.99,4.18,0,0,0,0,1,1,15,31.0381983,-103.5120188,1941,2026,6,20,23,47,16,1125,1524,114,42,0.9,0.5,0.7,38,38,32,0,0,0,0,0,0,38,0,0,0,0,0,0,0,0,0,0,0,0,38,0,38,35,0,35,0,0,39,42
6,16410,3,KR4MFM,39.96,6,  drogue,-7.04,80940,1854.69,951.86,-32.25,52.4,0,4.19,4.11,3.18,2.26,-10.12,350.91,16.07,-26.49,0.54,0.07,-0.36,59.99,4.18,0,0,0,0,1,1,15,31.0381983,-103.5120188,1941,2026,6,20,23,47,16,1125,1524,114,42,0.9,0.5,0.7,38,38,32,0,0,0,0,0,0,38,0,0,0,0,0,0,0,0,0,0,0,0,38,0,38,35,0,35,0,0,39,42
6,16410,3,KR4MFM,40.02,6,  drogue,-7.54,81046,1844.11,941.29,-32.51,52.3,0,4.19,4.11,3.38,3.69,-14.49,136.73,8.25,-30.94,0.52,-0.05,-0.42,57.83,4.19,0,0,0,0,1,1,15,31.0382234,-103.5120632,1914,2026,6,20,23,47,17,1120,1502,114,42,0.9,0.5,0.8,37,39,33,0,0,0,0,0,0,39,0,37,0,0,0,0,0,0,0,0,0,0,33,0,36,35,0,42,0,0,43,45
6,16410,3,KR4MFM,40.02,6,  drogue,-7.54,81046,1844.11,941.29,-32.51,52.3,0,4.19,4.11,3.38,3.69,-14.49,136.73,8.25,-30.94,0.52,-0.05,-0.42,57.83,4.19,0,0,0,0,1,1,15,31.0382234,-103.5120632,1914,2026,6,20,23,47,17,1120,1502,114,42,0.9,0.5,0.8,37,39,33,0,0,0,0,0,0,39,0,37,0,0,0,0,0,0,0,0,0,0,33,0,36,35,0,42,0,0,43,45
6,16410,3,KR4MFM,40.12,6,  drogue,-8.55,81126,1836.13,933.31,-32.63,52.3,0,4.19,4.11,2.59,6.39,-16.32,-21.9,-29.89,-39.61,0.53,-0.06,-0.42,53.11,4.19,0,0,0,0,1,1,15,31.0382234,-103.5120632,1914,2026,6,20,23,47,17,1120,1502,114,42,0.9,0.5,0.8,37,39,33,0,0,0,0,0,0,39,0,37,0,0,0,0,0,0,0,0,0,0,33,0,36,35,0,42,0,0,43,45
6,16410,3,KR4MFM,40.22,6,  drogue,-8.05,81163,1832.45,929.62,-32.67,52.3,0,4.19,4.11,0.91,-0.39,-15.48,-141.95,-83.73,-31.86,0.56,0.03,-0.37,47.48,4.19,0,0,0,0,1,1,15,31.0382234,-103.5120632,1914,2026,6,20,23,47,17,1120,1502,114,42,0.9,0.5,0.8,37,39,33,0,0,0,0,0,0,39,0,37,0,0,0,0,0,0,0,0,0,0,33,0,36,35,0,42,0,0,43,45
6,16410,3,KR4MFM,40.32,6,  drogue,-10.06,81203,1828.46,925.64,-32.63,52.4,0,4.19,4.11,0.67,-5,-9.07,-307.91,-115.95,9.59,0.62,0.15,-0.23,43.62,4.19,0,0,0,0,1,1,15,31.0382234,-103.5120632,1914,2026,6,20,23,47,17,1120,1502,114,42,0.9,0.5,0.8,37,39,33,0,0,0,0,0,0,39,0,37,0,0,0,0,0,0,0,0,0,0,33,0,36,35,0,42,0,0,43,45
6,16410,3,KR4MFM,40.34,6,  drogue,-10.06,81203,1828.46,925.64,-32.63,52.4,0,4.19,4.11,0.67,-5,-9.07,-307.91,-115.95,9.59,0.62,0.15,-0.23,43.62,4.19,0,0,0,0,1,1,15,31.0382234,-103.5120632,1914,2026,6,20,23,47,17,1120,1502,114,42,0.9,0.5,0.8,37,39,33,0,0,0,0,0,0,39,0,37,0,0,0,0,0,0,0,0,0,0,33,0,36,35,0,42,0,0,43,45
6,16410,3,KR4MFM,40.42,6,  drogue,-9.56,81226,1826.17,923.35,-32.49,52.4,0,4.19,4.11,2.62,-1.03,-1.63,-456.65,-72.8,81.48,0.67,0.17,0.04,44.55,4.19,0,0,0,0,1,1,15,31.0382234,-103.5120632,1914,2026,6,20,23,47,17,1120,1502,114,42,0.9,0.5,0.8,37,39,33,0,0,0,0,0,0,39,0,37,0,0,0,0,0,0,0,0,0,0,33,0,36,35,0,42,0,0,43,45
6,16410,3,KR4MFM,40.52,6,  drogue,-7.04,81294,1819.4,916.58,-32.21,52.4,0,4.19,4.11,3.89,0.37,0.38,-458.72,7.52,106.2,0.71,-0.04,0.21,47.47,4.19,0,0,0,0,1,1,15,31.0382234,-103.5120632,1914,2026,6,20,23,47,17,1120,1502,114,42,0.9,0.5,0.8,37,39,33,0,0,0,0,0,0,39,0,37,0,0,0,0,0,0,0,0,0,0,33,0,36,35,0,42,0,0,43,45
6,16410,3,KR4MFM,40.62,6,  drogue,-6.03,81336,1815.23,912.4,-31.87,52.4,0,4.19,4.11,4.25,3.06,4.38,-410.26,85.1,55.97,0.72,-0.26,0.14,52.73,4.19,0,0,0,0,1,1,15,31.0382234,-103.5120632,1914,2026,6,20,23,47,17,1120,1502,114,42,0.9,0.5,0.8,37,39,33,0,0,0,0,0,0,39,0,37,0,0,0,0,0,0,0,0,0,0,33,0,36,35,0,42,0,0,43,45
6,16410,3,KR4MFM,40.66,6,  drogue,-6.03,81336,1815.23,912.4,-31.87,52.4,0,4.19,4.11,4.25,3.06,4.38,-410.26,85.1,55.97,0.72,-0.26,0.14,52.73,4.2,0,0,0,0,1,1,15,31.0382234,-103.5120632,1914,2026,6,20,23,47,17,1120,1502,114,42,0.9,0.5,0.8,37,39,33,0,0,0,0,0,0,39,0,37,0,0,0,0,0,0,0,0,0,0,33,0,36,35,0,42,0,0,43,45
6,16410,3,KR4MFM,40.72,6,  drogue,-6.03,81375,1811.35,908.52,-31.41,52.3,0,4.19,4.11,4.99,-2.41,-1.88,-380.9,100.17,-19.04,0.72,-0.31,-0.05,59.32,4.2,0,0,0,0,1,1,15,31.0382234,-103.5120632,1914,2026,6,20,23,47,17,1120,1502,114,42,0.9,0.5,0.8,37,39,33,0,0,0,0,0,0,39,0,37,0,0,0,0,0,0,0,0,0,0,33,0,36,35,0,42,0,0,43,45
6,16410,3,KR4MFM,40.82,6,  drogue,-5.53,81383,1810.55,907.73,-30.75,52.3,0,4.19,4.11,5.44,0.21,-6.24,-424.73,48.17,-69.76,0.72,-0.21,-0.2,65.91,4.2,0,0,0,0,1,1,15,31.0382234,-103.5120632,1914,2026,6,20,23,47,17,1120,1502,114,42,0.9,0.5,0.8,37,39,33,0,0,0,0,0,0,39,0,37,0,0,0,0,0,0,0,0,0,0,33,0,36,35,0,42,0,0,43,45
6,16410,3,KR4MFM,40.92,6,  drogue,-4.53,81384,1810.45,907.63,-29.95,52.3,0,4.19,4.11,5.92,-9.89,1.9,-523.12,-34.9,-68.78,0.72,0.03,-0.18,73.24,4.2,0,0,0,0,1,1,15,31.0382234,-103.5120632,1914,2026,6,20,23,47,17,1120,1502,114,42,0.9,0.5,0.8,37,39,33,0,0,0,0,0,0,39,0,37,0,0,0,0,0,0,0,0,0,0,33,0,36,35,0,42,0,0,43,45
6,16410,3,KR4MFM,40.95,6,  drogue,-4.53,81384,1810.45,907.63,-29.95,52.3,0,4.19,4.11,5.92,-9.89,1.9,-523.12,-34.9,-68.78,0.72,0.03,-0.18,73.24,4.2,0,0,0,0,1,1,15,31.0382234,-103.5120632,1914,2026,6,20,23,47,17,1120,1502,114,42,0.9,0.5,0.8,37,39,33,0,0,0,0,0,0,39,0,37,0,0,0,0,0,0,0,0,0,0,33,0,36,35,0,42,0,0,43,45
6,16410,3,KR4MFM,40.95,6,  drogue,-4.53,81384,1810.45,907.63,-29.95,52.3,0,4.19,4.11,5.92,-9.89,1.9,-523.12,-34.9,-68.78,0.72,0.03,-0.18,73.24,4.2,0,0,0,0,1,1,15,31.0382234,-103.5120632,1914,2026,6,20,23,47,17,1120,1502,114,42,0.9,0.5,0.8,37,39,33,0,0,0,0,0,0,39,0,37,0,0,0,0,0,0,0,0,0,0,33,0,36,35,0,42,0,0,43,45
6,16410,3,KR4MFM,40.98,6,  drogue,-4.53,81384,1810.45,907.63,-29.95,52.3,0,4.21,4.1,5.92,-9.89,1.9,-523.12,-34.9,-68.78,0.72,0.03,-0.18,73.24,4.19,0,0,0,0,1,1,15,31.0382414,-103.5121188,1884,2026,6,20,23,47,18,1115,1478,114,41,0.9,0.4,0.7,37,31,34,0,0,0,0,0,0,45,0,37,0,0,0,0,0,0,0,0,0,0,37,0,39,38,0,39,0,0,39,44
6,16410,3,KR4MFM,41.02,6,  drogue,-2.51,81390,1809.86,907.03,-29.09,52.3,0,4.21,4.1,5.47,-4.83,10.42,-469.59,-56.26,11.54,0.73,0.08,0.04,78.96,4.19,0,0,0,0,1,1,15,31.0382414,-103.5121188,1884,2026,6,20,23,47,18,1115,1478,114,41,0.9,0.4,0.7,37,31,34,0,0,0,0,0,0,45,0,37,0,0,0,0,0,0,0,0,0,0,37,0,39,38,0,39,0,0,39,44
6,16410,3,KR4MFM,41.12,6,  drogue,-4.53,81383,1810.55,907.73,-28.18,52.3,0,4.21,4.1,7.28,8.2,17.36,-201.03,-4.44,33.27,0.74,0,0.14,81.92,4.19,0,0,0,0,1,1,15,31.0382414,-103.5121188,1884,2026,6,20,23,47,18,1115,1478,114,41,0.9,0.4,0.7,37,31,34,0,0,0,0,0,0,45,0,37,0,0,0,0,0,0,0,0,0,0,37,0,39,38,0,39,0,0,39,44
6,16410,3,KR4MFM,41.22,6,  drogue,-5.03,81405,1808.37,905.54,-27.23,52.3,0,4.21,4.1,5.2,9.45,9.35,51.65,42.43,0.25,0.75,-0.02,0.12,80.82,4.19,0,0,0,0,1,1,15,31.0382414,-103.5121188,1884,2026,6,20,23,47,18,1115,1478,114,41,0.9,0.4,0.7,37,31,34,0,0,0,0,0,0,45,0,37,0,0,0,0,0,0,0,0,0,0,37,0,39,38,0,39,0,0,39,44
6,16410,3,KR4MFM,41.3,6,  drogue,-5.03,81405,1808.37,905.54,-27.23,52.3,0,4.19,4.1,5.2,9.45,9.35,51.65,42.43,0.25,0.75,-0.02,0.12,80.82,4.2,0,0,0,0,1,1,15,31.0382414,-103.5121188,1884,2026,6,20,23,47,18,1115,1478,114,41,0.9,0.4,0.7,37,31,34,0,0,0,0,0,0,45,0,37,0,0,0,0,0,0,0,0,0,0,37,0,39,38,0,39,0,0,39,44
6,16410,3,KR4MFM,41.32,6,  drogue,-5.03,81457,1803.2,900.38,-26.28,52.3,0,4.19,4.1,5.58,9.56,6.52,243.3,65.81,-0.06,0.76,0.01,0.04,78.6,4.2,0,0,0,0,1,1,15,31.0382414,-103.5121188,1884,2026,6,20,23,47,18,1115,1478,114,41,0.9,0.4,0.7,37,31,34,0,0,0,0,0,0,45,0,37,0,0,0,0,0,0,0,0,0,0,37,0,39,38,0,39,0,0,39,44
6,16410,3,KR4MFM,41.42,6,  drogue,-2.01,81508,1798.14,895.31,-25.29,52.3,0,4.19,4.1,6.16,4.38,5.44,374.34,75.33,0,0.75,0.01,-0.09,73.49,4.2,0,0,0,0,1,1,15,31.0382414,-103.5121188,1884,2026,6,20,23,47,18,1115,1478,114,41,0.9,0.4,0.7,37,31,34,0,0,0,0,0,0,45,0,37,0,0,0,0,0,0,0,0,0,0,37,0,39,38,0,39,0,0,39,44
6,16410,3,KR4MFM,41.52,6,  drogue,-3.02,81566,1792.38,889.55,-24.25,52.3,0,4.19,4.1,7.21,6.4,-3.86,428.48,61.29,36.07,0.73,-0.09,-0.2,68.2,4.2,0,0,0,0,1,1,15,31.0382414,-103.5121188,1884,2026,6,20,23,47,18,1115,1478,114,41,0.9,0.4,0.7,37,31,34,0,0,0,0,0,0,45,0,37,0,0,0,0,0,0,0,0,0,0,37,0,39,38,0,39,0,0,39,44
6,16410,3,KR4MFM,41.62,6,  drogue,-2.01,81609,1788.11,885.29,-23.29,52.3,0,4.19,4.11,7.84,4.91,-6.72,404.86,11,22.77,0.72,-0.25,-0.18,66.1,4.2,0,0,0,0,1,1,15,31.0382414,-103.5121188,1884,2026,6,20,23,47,18,1115,1478,114,41,0.9,0.4,0.7,37,31,34,0,0,0,0,0,0,45,0,37,0,0,0,0,0,0,0,0,0,0,37,0,39,38,0,39,0,0,39,44
6,16410,3,KR4MFM,41.62,6,  drogue,-2.01,81609,1788.11,885.29,-23.29,52.3,0,4.19,4.11,7.84,4.91,-6.72,404.86,11,22.77,0.72,-0.25,-0.18,66.1,4.2,0,0,0,0,1,1,15,31.0382414,-103.5121188,1884,2026,6,20,23,47,18,1115,1478,114,41,0.9,0.4,0.7,37,31,34,0,0,0,0,0,0,45,0,37,0,0,0,0,0,0,0,0,0,0,37,0,39,38,0,39,0,0,39,44
6,16410,3,KR4MFM,41.72,6,  drogue,-2.01,81650,1784.05,881.22,-22.43,52.3,0,4.19,4.11,8.5,2.18,-7.95,368.49,-34.84,0.86,0.72,-0.32,-0.04,67.24,4.2,0,0,0,0,1,1,15,31.0382414,-103.5121188,1884,2026,6,20,23,47,18,1115,1478,114,41,0.9,0.4,0.7,37,31,34,0,0,0,0,0,0,45,0,37,0,0,0,0,0,0,0,0,0,0,37,0,39,38,0,39,0,0,39,44
6,16410,3,KR4MFM,41.82,6,  drogue,-0.5,81679,1781.17,878.35,-21.68,52.3,0,4.19,4.11,7.04,2.71,1.89,372.33,-44.6,-29.48,0.73,-0.27,0.11,68.96,4.2,0,0,0,0,1,1,15,31.0382414,-103.5121188,1884,2026,6,20,23,47,18,1115,1478,114,41,0.9,0.4,0.7,37,31,34,0,0,0,0,0,0,45,0,37,0,0,0,0,0,0,0,0,0,0,37,0,39,38,0,39,0,0,39,44
6,16410,3,KR4MFM,41.92,6,  drogue,-2.01,81710,1778.1,875.28,-21.07,52.3,0,4.19,4.11,8.1,3.98,-1.77,408.22,-4.14,-61.76,0.73,-0.13,0.18,72.62,4.2,0,0,0,0,1,1,15,31.0382414,-103.5121188,1884,2026,6,20,23,47,18,1115,1478,114,41,0.9,0.4,0.7,37,31,34,0,0,0,0,0,0,45,0,37,0,0,0,0,0,0,0,0,0,0,37,0,39,38,0,39,0,0,39,44
6,16410,3,KR4MFM,41.94,6,  drogue,-2.01,81710,1778.1,875.28,-21.07,52.3,0.01,4.19,4.11,8.1,3.98,-1.77,408.22,-4.14,-61.76,0.73,-0.13,0.18,72.62,4.2,0,0,0.01,0,1,1,15,31.0382414,-103.5121188,1884,2026,6,20,23,47,18,1115,1478,114,41,0.9,0.4,0.7,37,31,34,0,0,0,0,0,0,45,0,37,0,0,0,0,0,0,0,0,0,0,37,0,39,38,0,39,0,0,39,44
6,16410,3,KR4MFM,41.94,6,  drogue,-2.01,81710,1778.1,875.28,-21.07,52.3,0.01,4.19,4.11,8.1,3.98,-1.77,408.22,-4.14,-61.76,0.73,-0.13,0.18,72.62,4.2,0,0,0.01,0,1,1,15,31.0382414,-103.5121188,1884,2026,6,20,23,47,18,1115,1478,114,41,0.9,0.4,0.7,37,31,34,0,0,0,0,0,0,45,0,37,0,0,0,0,0,0,0,0,0,0,37,0,39,38,0,39,0,0,39,44
6,16410,3,KR4MFM,41.94,6,  drogue,-2.01,81710,1778.1,875.28,-21.07,52.3,0.01,4.19,4.11,8.1,3.98,-1.77,408.22,-4.14,-61.76,0.73,-0.13,0.18,72.62,4.2,0,0,0.01,0,1,1,15,31.0382414,-103.5121188,1884,2026,6,20,23,47,18,1115,1478,114,41,0.9,0.4,0.7,37,31,34,0,0,0,0,0,0,45,0,37,0,0,0,0,0,0,0,0,0,0,37,0,39,38,0,39,0,0,39,44
6,16410,3,KR4MFM,42.02,6,  drogue,-3.52,81714,1777.7,874.88,-20.63,52.3,0.01,4.19,4.11,7.06,4.03,-7.81,386.37,27.48,-82.58,0.72,0.07,0.1,75.54,4.2,0,0,0.01,0,1,1,15,31.0382589,-103.5121694,1854,2026,6,20,23,47,19,1109,1455,114,40,0.9,0.5,0.7,38,30,31,0,0,0,0,0,0,40,0,31,0,0,0,0,0,0,0,0,0,0,37,0,37,34,0,32,0,0,32,43
6,16410,3,KR4MFM,42.12,6,  drogue,-4.53,81691,1779.98,877.16,-20.38,52.3,0.01,4.19,4.11,0.6,6.56,-14.74,281.45,52.14,-73.61,0.68,0.15,-0.06,75.52,4.2,0,0,0.01,0,1,1,15,31.0382589,-103.5121694,1854,2026,6,20,23,47,19,1109,1455,114,40,0.9,0.5,0.7,38,30,31,0,0,0,0,0,0,40,0,31,0,0,0,0,0,0,0,0,0,0,37,0,37,34,0,32,0,0,32,43
6,16410,3,KR4MFM,42.22,6,  drogue,-4.53,81728,1776.32,873.49,-20.27,52.3,0.01,4.19,4.11,3.66,6.26,-21.55,119.28,38.77,-97.35,0.63,0.17,-0.18,68.82,4.2,0,0,0.01,0,1,1,15,31.0382589,-103.5121694,1854,2026,6,20,23,47,19,1109,1455,114,40,0.9,0.5,0.7,38,30,31,0,0,0,0,0,0,40,0,31,0,0,0,0,0,0,0,0,0,0,37,0,37,34,0,32,0,0,32,43
6,16410,3,KR4MFM,42.26,6,  drogue,-4.53,81728,1776.32,873.49,-20.27,52.3,0.01,4.19,4.11,3.66,6.26,-21.55,119.28,38.77,-97.35,0.63,0.17,-0.18,68.82,4.18,0,0,0,0,1,1,15,31.0382589,-103.5121694,1854,2026,6,20,23,47,19,1109,1455,114,40,0.9,0.5,0.7,38,30,31,0,0,0,0,0,0,40,0,31,0,0,0,0,0,0,0,0,0,0,37,0,37,34,0,32,0,0,32,43
6,16410,3,KR4MFM,42.32,6,  drogue,-10.56,81712,1777.9,875.08,-20.31,52.3,0.01,4.19,4.11,0.5,5.1,-8.4,-86.84,-21.96,-126.58,0.56,0.24,-0.17,56.12,4.18,0,0,0,0,1,1,15,31.0382589,-103.5121694,1854,2026,6,20,23,47,19,1109,1455,114,40,0.9,0.5,0.7,38,30,31,0,0,0,0,0,0,40,0,31,0,0,0,0,0,0,0,0,0,0,37,0,37,34,0,32,0,0,32,43
6,16410,3,KR4MFM,42.42,6,  drogue,-8.55,81693,1779.78,876.96,-20.52,52.3,0.01,4.19,4.11,0.2,-8.18,-5.05,-203.23,-86.47,-96.19,0.49,0.3,-0.02,43.66,4.18,0,0,0,0,1,1,15,31.0382589,-103.5121694,1854,2026,6,20,23,47,19,1109,1455,114,40,0.9,0.5,0.7,38,30,31,0,0,0,0,0,0,40,0,31,0,0,0,0,0,0,0,0,0,0,37,0,37,34,0,32,0,0,32,43
6,16410,3,KR4MFM,42.52,6,  drogue,-12.07,81671,1781.96,879.14,-20.88,52.3,0.01,4.19,4.11,-1.77,-16.46,-9.14,-186.93,-109.48,-44.74,0.43,0.29,0.15,32.91,4.18,0,0,0,0,1,1,15,31.0382589,-103.5121694,1854,2026,6,20,23,47,19,1109,1455,114,40,0.9,0.5,0.7,38,30,31,0,0,0,0,0,0,40,0,31,0,0,0,0,0,0,0,0,0,0,37,0,37,34,0,32,0,0,32,43
6,16410,3,KR4MFM,42.58,6,  drogue,-12.07,81671,1781.96,879.14,-20.88,52.3,0,4.2,4.11,-1.77,-16.46,-9.14,-186.93,-109.48,-44.74,0.43,0.29,0.15,32.91,4.19,0,0,0,0.45,1,1,15,31.0382589,-103.5121694,1854,2026,6,20,23,47,19,1109,1455,114,40,0.9,0.5,0.7,38,30,31,0,0,0,0,0,0,40,0,31,0,0,0,0,0,0,0,0,0,0,37,0,37,34,0,32,0,0,32,43
6,16410,3,KR4MFM,42.62,6,  drogue,-11.06,81734,1775.72,872.9,-21.4,52.3,0,4.2,4.11,-0.01,-24.26,10.37,-197.13,-122.24,56.22,0.4,0.22,0.28,27.53,4.19,0,0,0,0.45,1,1,15,31.0382589,-103.5121694,1854,2026,6,20,23,47,19,1109,1455,114,40,0.9,0.5,0.7,38,30,31,0,0,0,0,0,0,40,0,31,0,0,0,0,0,0,0,0,0,0,37,0,37,34,0,32,0,0,32,43
6,16410,3,KR4MFM,42.72,6,  drogue,-12.57,81759,1773.25,870.42,-22.08,52.3,0,4.2,4.11,-1.49,-10.4,12.87,-124.07,-72.31,127.44,0.38,0.09,0.39,31.91,4.19,0,0,0,0.45,1,1,15,31.0382589,-103.5121694,1854,2026,6,20,23,47,19,1109,1455,114,40,0.9,0.5,0.7,38,30,31,0,0,0,0,0,0,40,0,31,0,0,0,0,0,0,0,0,0,0,37,0,37,34,0,32,0,0,32,43
6,16410,3,KR4MFM,42.82,6,  drogue,-10.56,81730,1776.12,873.29,-22.89,52.3,0,4.2,4.11,-0.32,-4.16,13.12,100.24,-36.12,137.64,0.4,0.08,0.39,41.13,4.19,0,0,0,0.45,1,1,15,31.0382589,-103.5121694,1854,2026,6,20,23,47,19,1109,1455,114,40,0.9,0.5,0.7,38,30,31,0,0,0,0,0,0,40,0,31,0,0,0,0,0,0,0,0,0,0,37,0,37,34,0,32,0,0,32,43
6,16410,3,KR4MFM,42.9,6,  drogue,-10.56,81730,1776.12,873.29,-22.89,52.3,0,4.19,4.11,-0.32,-4.16,13.12,100.24,-36.12,137.64,0.4,0.08,0.39,41.13,4.2,0,0,0,0,1,1,15,31.0382589,-103.5121694,1854,2026,6,20,23,47,19,1109,1455,114,40,0.9,0.5,0.7,38,30,31,0,0,0,0,0,0,40,0,31,0,0,0,0,0,0,0,0,0,0,37,0,37,34,0,32,0,0,32,43
6,16410,3,KR4MFM,42.92,6,  drogue,-11.57,81737,1775.43,872.6,-23.81,52.3,0,4.19,4.11,-0.96,-9.29,14.77,284.5,-55.9,135.32,0.43,0.2,0.29,53.03,4.2,0,0,0,0,1,1,15,31.0382589,-103.5121694,1854,2026,6,20,23,47,19,1109,1455,114,40,0.9,0.5,0.7,38,30,31,0,0,0,0,0,0,40,0,31,0,0,0,0,0,0,0,0,0,0,37,0,37,34,0,32,0,0,32,43
6,16410,3,KR4MFM,42.93,6,  drogue,-11.57,81737,1775.43,872.6,-23.81,52.3,0,4.19,4.11,-0.96,-9.29,14.77,284.5,-55.9,135.32,0.43,0.2,0.29,53.03,4.2,0,0,0,0,1,1,15,31.0382589,-103.5121694,1854,2026,6,20,23,47,19,1109,1455,114,40,0.9,0.5,0.7,38,30,31,0,0,0,0,0,0,40,0,31,0,0,0,0,0,0,0,0,0,0,37,0,37,34,0,32,0,0,32,43
6,16410,3,KR4MFM,42.93,6,  drogue,-11.57,81737,1775.43,872.6,-23.81,52.3,0,4.19,4.11,-0.96,-9.29,14.77,284.5,-55.9,135.32,0.43,0.2,0.29,53.03,4.2,0,0,0,0,1,1,15,31.0382589,-103.5121694,1854,2026,6,20,23,47,19,1109,1455,114,40,0.9,0.5,0.7,38,30,31,0,0,0,0,0,0,40,0,31,0,0,0,0,0,0,0,0,0,0,37,0,37,34,0,32,0,0,32,43
6,16410,3,KR4MFM,43.02,6,  drogue,-12.57,81775,1771.66,868.84,-24.82,52.3,0,4.19,4.11,-1.61,-10.47,11.43,322.77,-91.36,120,0.47,0.29,0.12,67.48,4.2,0,0,0,0,1,1,15,31.0382778,-103.5122289,1824,2026,6,20,23,47,20,1103,1431,114,40,0.8,0.5,0.7,42,42,41,0,0,0,0,0,0,41,0,35,0,0,0,0,0,0,0,0,0,0,37,0,36,17,0,37,0,0,38,34
6,16410,3,KR4MFM,43.12,6,  drogue,-12.57,81888,1760.48,857.65,-25.91,52.3,0,4.19,4.11,-4.55,-17.99,4.71,223.1,-135.06,102.85,0.54,0.28,-0.05,84.38,4.2,0,0,0,0,1,1,15,31.0382778,-103.5122289,1824,2026,6,20,23,47,20,1103,1431,114,40,0.8,0.5,0.7,42,42,41,0,0,0,0,0,0,41,0,35,0,0,0,0,0,0,0,0,0,0,37,0,36,17,0,37,0,0,38,34
6,16410,3,KR4MFM,43.22,6,  drogue,-16.09,81929,1756.42,853.6,-27.05,52.3,0.01,4.2,4.11,-5.5,-16.2,7.28,62.03,-156.48,108.65,0.62,0.22,-0.06,101.75,4.2,0,0,0.01,0,1,1,15,31.0382778,-103.5122289,1824,2026,6,20,23,47,20,1103,1431,114,40,0.8,0.5,0.7,42,42,41,0,0,0,0,0,0,41,0,35,0,0,0,0,0,0,0,0,0,0,37,0,36,17,0,37,0,0,38,34
6,16410,3,KR4MFM,43.22,6,  drogue,-16.09,81929,1756.42,853.6,-27.05,52.3,0.01,4.2,4.11,-5.5,-16.2,7.28,62.03,-156.48,108.65,0.62,0.22,-0.06,101.75,4.2,0,0,0.01,0,1,1,15,31.0382778,-103.5122289,1824,2026,6,20,23,47,20,1103,1431,114,40,0.8,0.5,0.7,42,42,41,0,0,0,0,0,0,41,0,35,0,0,0,0,0,0,0,0,0,0,37,0,36,17,0,37,0,0,38,34
6,16410,3,KR4MFM,43.32,6,  drogue,-15.59,81938,1755.53,852.71,-28.21,52.3,0.01,4.2,4.11,-6.7,-14.81,12.59,67.28,-145.25,135.13,0.69,0.15,0.01,116.38,4.2,0,0,0.01,0,1,1,15,31.0382778,-103.5122289,1824,2026,6,20,23,47,20,1103,1431,114,40,0.8,0.5,0.7,42,42,41,0,0,0,0,0,0,41,0,35,0,0,0,0,0,0,0,0,0,0,37,0,36,17,0,37,0,0,38,34
6,16410,3,KR4MFM,43.42,6,  drogue,-15.59,81949,1754.45,851.62,-29.34,52.3,0.01,4.2,4.11,-5.57,-7.86,18.89,194.41,-142.26,127.57,0.73,0.06,0.06,126.81,4.2,0,0,0.01,0,1,1,15,31.0382778,-103.5122289,1824,2026,6,20,23,47,20,1103,1431,114,40,0.8,0.5,0.7,42,42,41,0,0,0,0,0,0,41,0,35,0,0,0,0,0,0,0,0,0,0,37,0,36,17,0,37,0,0,38,34
6,16410,3,KR4MFM,43.52,6,  drogue,-13.58,81927,1756.62,853.8,-30.4,52.3,0.01,4.2,4.11,-2.85,-10.25,11.69,338.09,-150.56,69.64,0.73,0.04,0.08,131.94,4.2,0,0,0.01,0,1,1,15,31.0382778,-103.5122289,1824,2026,6,20,23,47,20,1103,1431,114,40,0.8,0.5,0.7,42,42,41,0,0,0,0,0,0,41,0,35,0,0,0,0,0,0,0,0,0,0,37,0,36,17,0,37,0,0,38,34
6,16410,3,KR4MFM,43.54,6,  drogue,-13.58,81927,1756.62,853.8,-30.4,52.3,0,4.19,4.11,-2.85,-10.25,11.69,338.09,-150.56,69.64,0.73,0.04,0.08,131.94,4.18,0,0,0,0,1,1,15,31.0382778,-103.5122289,1824,2026,6,20,23,47,20,1103,1431,114,40,0.8,0.5,0.7,42,42,41,0,0,0,0,0,0,41,0,35,0,0,0,0,0,0,0,0,0,0,37,0,36,17,0,37,0,0,38,34
6,16410,3,KR4MFM,43.62,6,  drogue,-12.57,81986,1750.79,847.97,-31.29,52.3,0,4.19,4.11,-2.33,-15.47,0.84,275.35,-152.21,8,0.72,0.08,0.1,129.82,4.18,0,0,0,0,1,1,15,31.0382778,-103.5122289,1824,2026,6,20,23,47,20,1103,1431,114,40,0.8,0.5,0.7,42,42,41,0,0,0,0,0,0,41,0,35,0,0,0,0,0,0,0,0,0,0,37,0,36,17,0,37,0,0,38,34
6,16410,3,KR4MFM,43.72,6,  drogue,-11.57,82003,1749.11,846.29,-31.97,52.3,0,4.19,4.11,-1.8,-18.08,6.76,113.6,-145.74,-1.1,0.68,0.12,0.14,119.94,4.18,0,0,0,0,1,1,15,31.0382778,-103.5122289,1824,2026,6,20,23,47,20,1103,1431,114,40,0.8,0.5,0.7,42,42,41,0,0,0,0,0,0,41,0,35,0,0,0,0,0,0,0,0,0,0,37,0,36,17,0,37,0,0,38,34
6,16410,3,KR4MFM,43.82,6,  drogue,-12.57,82052,1744.27,841.45,-32.49,52.3,0,4.19,4.11,-2.57,-16.69,4.68,-0.17,-135.3,40.04,0.65,0.12,0.2,106.29,4.18,0,0,0,0,1,1,15,31.0382778,-103.5122289,1824,2026,6,20,23,47,20,1103,1431,114,40,0.8,0.5,0.7,42,42,41,0,0,0,0,0,0,41,0,35,0,0,0,0,0,0,0,0,0,0,37,0,36,17,0,37,0,0,38,34
6,16410,3,KR4MFM,43.86,6,  drogue,-12.57,82052,1744.27,841.45,-32.49,52.3,0.01,4.2,4.11,-2.57,-16.69,4.68,-0.17,-135.3,40.04,0.65,0.12,0.2,106.29,4.2,0,0,0,0,1,1,15,31.0382778,-103.5122289,1824,2026,6,20,23,47,20,1103,1431,114,40,0.8,0.5,0.7,42,42,41,0,0,0,0,0,0,41,0,35,0,0,0,0,0,0,0,0,0,0,37,0,36,17,0,37,0,0,38,34
6,16410,3,KR4MFM,43.92,6,  drogue,-14.58,82105,1739.04,836.21,-32.74,52.3,0.01,4.2,4.11,-2.16,-15.07,10.06,-33.13,-122.79,88.81,0.62,0.07,0.28,91.26,4.2,0,0,0,0,1,1,15,31.0382778,-103.5122289,1824,2026,6,20,23,47,20,1103,1431,114,40,0.8,0.5,0.7,42,42,41,0,0,0,0,0,0,41,0,35,0,0,0,0,0,0,0,0,0,0,37,0,36,17,0,37,0,0,38,34
6,16410,3,KR4MFM,43.93,6,  drogue,-14.58,82105,1739.04,836.21,-32.74,52.3,0.01,4.2,4.11,-2.16,-15.07,10.06,-33.13,-122.79,88.81,0.62,0.07,0.28,91.26,4.2,0,0,0,0,1,1,15,31.0382778,-103.5122289,1824,2026,6,20,23,47,20,1103,1431,114,40,0.8,0.5,0.7,42,42,41,0,0,0,0,0,0,41,0,35,0,0,0,0,0,0,0,0,0,0,37,0,36,17,0,37,0,0,38,34
6,16410,3,KR4MFM,43.93,6,  drogue,-14.58,82105,1739.04,836.21,-32.74,52.3,0.01,4.2,4.11,-2.16,-15.07,10.06,-33.13,-122.79,88.81,0.62,0.07,0.28,91.26,4.2,0,0,0,0,1,1,15,31.0382778,-103.5122289,1824,2026,6,20,23,47,20,1103,1431,114,40,0.8,0.5,0.7,42,42,41,0,0,0,0,0,0,41,0,35,0,0,0,0,0,0,0,0,0,0,37,0,36,17,0,37,0,0,38,34
6,16410,3,KR4MFM,44.02,6,  drogue,-13.08,82129,1736.67,833.85,-32.76,52.3,0.01,4.2,4.11,-1.5,-7.87,11.27,-72.43,-90.81,114.38,0.58,-0.02,0.35,77.53,4.2,0,0,0,0,1,1,15,31.0383038,-103.5122856,1794,2026,6,20,23,47,21,1097,1407,114,39,0.9,0.5,0.7,34,33,30,0,0,0,0,0,0,43,0,38,0,0,0,0,0,0,0,0,0,0,40,0,40,32,0,40,0,0,39,42
6,16410,3,KR4MFM,44.12,6,  drogue,-11.06,82203,1729.37,826.55,-32.56,52.3,0.01,4.2,4.11,-1.02,-2.35,11.68,-40.27,-58.76,129.34,0.55,-0.11,0.38,65.06,4.2,0,0,0,0,1,1,15,31.0383038,-103.5122856,1794,2026,6,20,23,47,21,1097,1407,114,39,0.9,0.5,0.7,34,33,30,0,0,0,0,0,0,43,0,38,0,0,0,0,0,0,0,0,0,0,40,0,40,32,0,40,0,0,39,42
6,16410,3,KR4MFM,44.18,6,  drogue,-11.06,82203,1729.37,826.55,-32.56,52.3,0,4.2,4.11,-1.02,-2.35,11.68,-40.27,-58.76,129.34,0.55,-0.11,0.38,65.06,4.18,0,0,0,0,1,1,15,31.0383038,-103.5122856,1794,2026,6,20,23,47,21,1097,1407,114,39,0.9,0.5,0.7,34,33,30,0,0,0,0,0,0,43,0,38,0,0,0,0,0,0,0,0,0,0,40,0,40,32,0,40,0,0,39,42
6,16410,3,KR4MFM,44.22,6,  drogue,-8.55,82219,1727.79,824.97,-32.23,52.3,0,4.2,4.11,1.07,0.31,12.27,111.83,-39.11,110.84,0.51,-0.13,0.4,55.21,4.18,0,0,0,0,1,1,15,31.0383038,-103.5122856,1794,2026,6,20,23,47,21,1097,1407,114,39,0.9,0.5,0.7,34,33,30,0,0,0,0,0,0,43,0,38,0,0,0,0,0,0,0,0,0,0,40,0,40,32,0,40,0,0,39,42
6,16410,3,KR4MFM,44.32,6,  drogue,-6.54,82267,1723.06,820.24,-31.75,52.3,0,4.2,4.11,3.11,-0.27,15.76,314.04,-37.83,84.05,0.49,0.02,0.39,48.59,4.18,0,0,0,0,1,1,15,31.0383038,-103.5122856,1794,2026,6,20,23,47,21,1097,1407,114,39,0.9,0.5,0.7,34,33,30,0,0,0,0,0,0,43,0,38,0,0,0,0,0,0,0,0,0,0,40,0,40,32,0,40,0,0,39,42
6,16410,3,KR4MFM,44.42,6,  drogue,-6.03,82310,1718.83,816,-31.17,52.3,0,4.2,4.11,4.84,-5.14,13.34,375.08,-33.56,55.67,0.49,0.22,0.24,46.83,4.18,0,0,0,0,1,1,15,31.0383038,-103.5122856,1794,2026,6,20,23,47,21,1097,1407,114,39,0.9,0.5,0.7,34,33,30,0,0,0,0,0,0,43,0,38,0,0,0,0,0,0,0,0,0,0,40,0,40,32,0,40,0,0,39,42
6,16410,3,KR4MFM,44.5,6,  drogue,-6.03,82310,1718.83,816,-31.17,52.3,0,4.19,4.11,4.84,-5.14,13.34,375.08,-33.56,55.67,0.49,0.22,0.24,46.83,4.2,0,0,0.01,0,1,1,15,31.0383038,-103.5122856,1794,2026,6,20,23,47,21,1097,1407,114,39,0.9,0.5,0.7,34,33,30,0,0,0,0,0,0,43,0,38,0,0,0,0,0,0,0,0,0,0,40,0,40,32,0,40,0,0,39,42
6,16410,3,KR4MFM,44.52,6,  drogue,-6.03,82321,1717.74,814.92,-30.5,52.3,0,4.19,4.11,3.64,-7.13,6.27,311.3,-35.81,40.96,0.51,0.3,0.01,48.43,4.2,0,0,0.01,0,1,1,15,31.0383038,-103.5122856,1794,2026,6,20,23,47,21,1097,1407,114,39,0.9,0.5,0.7,34,33,30,0,0,0,0,0,0,43,0,38,0,0,0,0,0,0,0,0,0,0,40,0,40,32,0,40,0,0,39,42
6,16410,3,KR4MFM,44.62,6,  drogue,-6.03,82376,1712.33,809.5,-29.82,52.3,0,4.19,4.11,3.65,-4.2,1.62,279.25,-23.97,48.46,0.54,0.25,-0.18,53.38,4.2,0,0,0.01,0,1,1,15,31.0383038,-103.5122856,1794,2026,6,20,23,47,21,1097,1407,114,39,0.9,0.5,0.7,34,33,30,0,0,0,0,0,0,43,0,38,0,0,0,0,0,0,0,0,0,0,40,0,40,32,0,40,0,0,39,42
6,16410,3,KR4MFM,44.72,6,  drogue,-5.53,82437,1706.32,803.5,-29.1,52.3,0,4.19,4.11,5.45,-3.84,-4.4,241.78,-38.01,44.74,0.57,0.12,-0.31,59.19,4.2,0,0,0.01,0,1,1,15,31.0383038,-103.5122856,1794,2026,6,20,23,47,21,1097,1407,114,39,0.9,0.5,0.7,34,33,30,0,0,0,0,0,0,43,0,38,0,0,0,0,0,0,0,0,0,0,40,0,40,32,0,40,0,0,39,42
6,16410,3,KR4MFM,44.82,6,  drogue,0,82496,1700.52,797.7,-28.36,52.3,0.01,4.2,4.11,6.47,4.27,-1.37,144.36,-56.32,27.29,0.61,0.01,-0.34,65.39,4.18,0,0,0,0,1,1,15,31.0383038,-103.5122856,1794,2026,6,20,23,47,21,1097,1407,114,39,0.9,0.5,0.7,34,33,30,0,0,0,0,0,0,43,0,38,0,0,0,0,0,0,0,0,0,0,40,0,40,32,0,40,0,0,39,42
6,16410,3,KR4MFM,44.82,6,  drogue,0,82496,1700.52,797.7,-28.36,52.3,0.01,4.2,4.11,6.47,4.27,-1.37,144.36,-56.32,27.29,0.61,0.01,-0.34,65.39,4.18,0,0,0,0,1,1,15,31.0383038,-103.5122856,1794,2026,6,20,23,47,21,1097,1407,114,39,0.9,0.5,0.7,34,33,30,0,0,0,0,0,0,43,0,38,0,0,0,0,0,0,0,0,0,0,40,0,40,32,0,40,0,0,39,42
6,16410,3,KR4MFM,44.92,6,  drogue,-3.02,82525,1697.67,794.85,-27.61,52.3,0.01,4.2,4.11,7.62,9.84,-6.35,123.25,-62.43,-18.43,0.64,-0.06,-0.33,70.77,4.18,0,0,0,0,1,1,15,31.0383038,-103.5122856,1794,2026,6,20,23,47,21,1097,1407,114,39,0.9,0.5,0.7,34,33,30,0,0,0,0,0,0,43,0,38,0,0,0,0,0,0,0,0,0,0,40,0,40,32,0,40,0,0,39,42
6,16410,3,KR4MFM,44.95,6,  drogue,-3.02,82525,1697.67,794.85,-27.61,52.3,0.01,4.2,4.11,7.62,9.84,-6.35,123.25,-62.43,-18.43,0.64,-0.06,-0.33,70.77,4.18,0,0,0,0,1,1,15,31.0383038,-103.5122856,1794,2026,6,20,23,47,21,1097,1407,114,39,0.9,0.5,0.7,34,33,30,0,0,0,0,0,0,43,0,38,0,0,0,0,0,0,0,0,0,0,40,0,40,32,0,40,0,0,39,42
6,16410,3,KR4MFM,44.95,6,  drogue,-3.02,82525,1697.67,794.85,-27.61,52.3,0.01,4.2,4.11,7.62,9.84,-6.35,123.25,-62.43,-18.43,0.64,-0.06,-0.33,70.77,4.18,0,0,0,0,1,1,15,31.0383038,-103.5122856,1794,2026,6,20,23,47,21,1097,1407,114,39,0.9,0.5,0.7,34,33,30,0,0,0,0,0,0,43,0,38,0,0,0,0,0,0,0,0,0,0,40,0,40,32,0,40,0,0,39,42
6,16410,3,KR4MFM,45.02,6,  drogue,-4.02,82552,1695.02,792.19,-26.89,52.3,0.01,4.2,4.11,5.98,5.45,4.54,183.67,-60.23,-55.23,0.67,-0.11,-0.3,76.39,4.18,0,0,0,0,1,1,15,31.0383228,-103.5123271,1765,2026,6,20,23,47,22,1093,1386,114,38,0.8,0.4,0.7,39,39,38,0,0,0,0,0,0,42,0,37,0,0,0,0,0,0,0,0,0,0,37,0,38,32,0,38,0,0,44,36
6,16410,3,KR4MFM,45.12,6,  drogue,-6.54,82598,1690.5,787.67,-26.24,52.3,0.01,4.2,4.11,4.38,6.28,6.62,297.87,4.9,-93.62,0.68,-0.17,-0.28,78.51,4.18,0,0,0,0,1,1,15,31.0383228,-103.5123271,1765,2026,6,20,23,47,22,1093,1386,114,38,0.8,0.4,0.7,39,39,38,0,0,0,0,0,0,42,0,37,0,0,0,0,0,0,0,0,0,0,37,0,38,32,0,38,0,0,44,36
6,16410,3,KR4MFM,45.14,6,  drogue,-6.54,82598,1690.5,787.67,-26.24,52.3,0,4.2,4.11,4.38,6.28,6.62,297.87,4.9,-93.62,0.68,-0.17,-0.28,78.51,4.18,0,0,0,0,1,1,15,31.0383228,-103.5123271,1765,2026,6,20,23,47,22,1093,1386,114,38,0.8,0.4,0.7,39,39,38,0,0,0,0,0,0,42,0,37,0,0,0,0,0,0,0,0,0,0,37,0,38,32,0,38,0,0,44,36
6,16410,3,KR4MFM,45.22,6,  drogue,-5.53,82606,1689.71,786.89,-25.63,52.3,0,4.2,4.11,3.13,-1.44,4.21,376.73,85.34,-88.74,0.68,-0.25,-0.26,79.49,4.18,0,0,0,0,1,1,15,31.0383228,-103.5123271,1765,2026,6,20,23,47,22,1093,1386,114,38,0.8,0.4,0.7,39,39,38,0,0,0,0,0,0,42,0,37,0,0,0,0,0,0,0,0,0,0,37,0,38,32,0,38,0,0,44,36
6,16410,3,KR4MFM,45.32,6,  drogue,-1.51,82598,1690.5,787.67,-25.06,52.3,0,4.2,4.11,5.07,-3.89,-3.54,277.3,128.43,-6.04,0.64,-0.36,-0.23,79.83,4.18,0,0,0,0,1,1,15,31.0383228,-103.5123271,1765,2026,6,20,23,47,22,1093,1386,114,38,0.8,0.4,0.7,39,39,38,0,0,0,0,0,0,42,0,37,0,0,0,0,0,0,0,0,0,0,37,0,38,32,0,38,0,0,44,36
6,16410,3,KR4MFM,45.42,6,  drogue,-7.54,82604,1689.91,787.08,-24.55,52.3,0,4.2,4.11,6.42,-9.54,-10.56,-29.52,104.81,69.77,0.58,-0.42,-0.25,78.73,4.18,0,0,0,0,1,1,15,31.0383228,-103.5123271,1765,2026,6,20,23,47,22,1093,1386,114,38,0.8,0.4,0.7,39,39,38,0,0,0,0,0,0,42,0,37,0,0,0,0,0,0,0,0,0,0,37,0,38,32,0,38,0,0,44,36
6,16410,3,KR4MFM,45.46,6,  drogue,-7.54,82604,1689.91,787.08,-24.55,52.3,0,4.19,4.11,6.42,-9.54,-10.56,-29.52,104.81,69.77,0.58,-0.42,-0.25,78.73,4.21,0,0,0,0,1,1,15,31.0383228,-103.5123271,1765,2026,6,20,23,47,22,1093,1386,114,38,0.8,0.4,0.7,39,39,38,0,0,0,0,0,0,42,0,37,0,0,0,0,0,0,0,0,0,0,37,0,38,32,0,38,0,0,44,36
6,16410,3,KR4MFM,45.52,6,  drogue,-4.53,82592,1691.09,788.26,-24.15,52.3,0,4.19,4.11,6.85,4.98,-13.7,-294.66,88.94,54.45,0.5,-0.34,-0.38,78,4.21,0,0,0,0,1,1,15,31.0383228,-103.5123271,1765,2026,6,20,23,47,22,1093,1386,114,38,0.8,0.4,0.7,39,39,38,0,0,0,0,0,0,42,0,37,0,0,0,0,0,0,0,0,0,0,37,0,38,32,0,38,0,0,44,36
6,16410,3,KR4MFM,45.62,6,  drogue,-13.58,82533,1696.88,794.06,-23.86,52.3,0,4.19,4.11,1.8,-40.22,4.14,-513.96,60.93,-40.59,0.45,-0.06,-0.46,82,4.21,0,0,0,0,1,1,15,31.0383228,-103.5123271,1765,2026,6,20,23,47,22,1093,1386,114,38,0.8,0.4,0.7,39,39,38,0,0,0,0,0,0,42,0,37,0,0,0,0,0,0,0,0,0,0,37,0,38,32,0,38,0,0,44,36
6,16410,3,KR4MFM,45.72,6,  drogue,-14.58,82510,1699.14,796.32,-23.66,52.3,0,4.19,4.11,0.47,-14.17,-0.91,-452.93,52.69,-22.15,0.4,0.27,-0.24,79.31,4.21,0,0,0,0,1,1,15,31.0383228,-103.5123271,1765,2026,6,20,23,47,22,1093,1386,114,38,0.8,0.4,0.7,39,39,38,0,0,0,0,0,0,42,0,37,0,0,0,0,0,0,0,0,0,0,37,0,38,32,0,38,0,0,44,36
6,16410,3,KR4MFM,45.78,6,  drogue,-14.58,82510,1699.14,796.32,-23.66,52.3,0,4.19,4.11,0.47,-14.17,-0.91,-452.93,52.69,-22.15,0.4,0.27,-0.24,79.31,4.2,0,0,0,0,1,1,15,31.0383228,-103.5123271,1765,2026,6,20,23,47,22,1093,1386,114,38,0.8,0.4,0.7,39,39,38,0,0,0,0,0,0,42,0,37,0,0,0,0,0,0,0,0,0,0,37,0,38,32,0,38,0,0,44,36
6,16410,3,KR4MFM,45.82,6,  drogue,-8.05,82590,1691.28,788.46,-23.6,52.3,0,4.19,4.11,2.97,-21.92,14.88,-436.02,47.07,-10.62,0.39,0.32,0.09,74.52,4.2,0,0,0,0,1,1,15,31.0383228,-103.5123271,1765,2026,6,20,23,47,22,1093,1386,114,38,0.8,0.4,0.7,39,39,38,0,0,0,0,0,0,42,0,37,0,0,0,0,0,0,0,0,0,0,37,0,38,32,0,38,0,0,44,36
6,16410,3,KR4MFM,45.92,6,  drogue,-10.56,82545,1695.7,792.88,-23.67,52.3,0,4.19,4.11,0.94,-10.91,18.31,-293.14,67.46,8.06,0.43,0.18,0.32,70.8,4.2,0,0,0,0,1,1,15,31.0383228,-103.5123271,1765,2026,6,20,23,47,22,1093,1386,114,38,0.8,0.4,0.7,39,39,38,0,0,0,0,0,0,42,0,37,0,0,0,0,0,0,0,0,0,0,37,0,38,32,0,38,0,0,44,36
6,16410,3,KR4MFM,45.93,6,  drogue,-10.56,82545,1695.7,792.88,-23.67,52.3,0,4.19,4.11,0.94,-10.91,18.31,-293.14,67.46,8.06,0.43,0.18,0.32,70.8,4.2,0,0,0,0,1,1,15,31.0383228,-103.5123271,1765,2026,6,20,23,47,22,1093,1386,114,38,0.8,0.4,0.7,39,39,38,0,0,0,0,0,0,42,0,37,0,0,0,0,0,0,0,0,0,0,37,0,38,32,0,38,0,0,44,36
6,16410,3,KR4MFM,45.93,6,  drogue,-10.56,82545,1695.7,792.88,-23.67,52.3,0,4.19,4.11,0.94,-10.91,18.31,-293.14,67.46,8.06,0.43,0.18,0.32,70.8,4.2,0,0,0,0,1,1,15,31.0383228,-103.5123271,1765,2026,6,20,23,47,22,1093,1386,114,38,0.8,0.4,0.7,39,39,38,0,0,0,0,0,0,42,0,37,0,0,0,0,0,0,0,0,0,0,37,0,38,32,0,38,0,0,44,36
6,16410,3,KR4MFM,46.02,6,  drogue,-11.57,82603,1690.01,787.18,-23.84,52.3,0,4.19,4.11,-1.13,-3.24,7.77,-25.37,102.55,-7.38,0.49,0.1,0.35,68.64,4.2,0,0,0,0,1,1,15,31.0383381,-103.5123753,1735,2026,6,20,23,47,23,1088,1364,114,37,0.8,0.4,0.7,35,39,31,0,0,0,0,0,0,28,0,35,0,0,0,0,0,0,0,0,0,0,30,0,29,36,0,42,0,0,43,44
6,16410,3,KR4MFM,46.1,6,  drogue,-11.57,82603,1690.01,787.18,-23.84,52.3,0,4.2,4.11,-1.13,-3.24,7.77,-25.37,102.55,-7.38,0.49,0.1,0.35,68.64,4.21,0,0,0,0.56,1,1,15,31.0383381,-103.5123753,1735,2026,6,20,23,47,23,1088,1364,114,37,0.8,0.4,0.7,35,39,31,0,0,0,0,0,0,28,0,35,0,0,0,0,0,0,0,0,0,0,30,0,29,36,0,42,0,0,43,44
6,16410,3,KR4MFM,46.12,6,  drogue,-11.06,82691,1681.37,778.54,-24.13,52.3,0,4.2,4.11,0.01,3.39,0.74,156.27,113.66,26,0.56,0.15,0.27,70.97,4.21,0,0,0,0.56,1,1,15,31.0383381,-103.5123753,1735,2026,6,20,23,47,23,1088,1364,114,37,0.8,0.4,0.7,35,39,31,0,0,0,0,0,0,28,0,35,0,0,0,0,0,0,0,0,0,0,30,0,29,36,0,42,0,0,43,44
6,16410,3,KR4MFM,46.22,6,  drogue,-10.56,82808,1669.89,767.07,-24.49,52.3,0,4.2,4.11,-0.98,-4.31,2.37,230.3,82.59,44.44,0.6,0.22,0.12,73.42,4.21,0,0,0,0.56,1,1,15,31.0383381,-103.5123753,1735,2026,6,20,23,47,23,1088,1364,114,37,0.8,0.4,0.7,35,39,31,0,0,0,0,0,0,28,0,35,0,0,0,0,0,0,0,0,0,0,30,0,29,36,0,42,0,0,43,44
6,16410,3,KR4MFM,46.32,6,  drogue,-8.55,82882,1662.64,759.82,-24.95,52.3,0,4.2,4.11,1.84,-1.7,-2.83,208.51,47.8,79.65,0.64,0.21,-0.04,77.47,4.21,0,0,0,0.56,1,1,15,31.0383381,-103.5123753,1735,2026,6,20,23,47,23,1088,1364,114,37,0.8,0.4,0.7,35,39,31,0,0,0,0,0,0,28,0,35,0,0,0,0,0,0,0,0,0,0,30,0,29,36,0,42,0,0,43,44
6,16410,3,KR4MFM,46.42,6,  drogue,-5.53,82947,1656.28,753.45,-25.46,52.3,0,4.19,4.1,5.93,-2.13,-8.36,55.86,-0.05,89.48,0.68,0.14,-0.12,82.95,4.2,0,0,0,0,1,1,15,31.0383381,-103.5123753,1735,2026,6,20,23,47,23,1088,1364,114,37,0.8,0.4,0.7,35,39,31,0,0,0,0,0,0,28,0,35,0,0,0,0,0,0,0,0,0,0,30,0,29,36,0,42,0,0,43,44
6,16410,3,KR4MFM,46.42,6,  drogue,-5.53,82947,1656.28,753.45,-25.46,52.3,0,4.19,4.1,5.93,-2.13,-8.36,55.86,-0.05,89.48,0.68,0.14,-0.12,82.95,4.2,0,0,0,0,1,1,15,31.0383381,-103.5123753,1735,2026,6,20,23,47,23,1088,1364,114,37,0.8,0.4,0.7,35,39,31,0,0,0,0,0,0,28,0,35,0,0,0,0,0,0,0,0,0,0,30,0,29,36,0,42,0,0,43,44
6,16410,3,KR4MFM,46.52,6,  drogue,-5.03,82966,1654.42,751.59,-25.97,52.2,0,4.19,4.1,6.05,3.25,-3.14,-67.18,-39.17,90.34,0.72,0.08,-0.09,91.13,4.2,0,0,0,0,1,1,15,31.0383381,-103.5123753,1735,2026,6,20,23,47,23,1088,1364,114,37,0.8,0.4,0.7,35,39,31,0,0,0,0,0,0,28,0,35,0,0,0,0,0,0,0,0,0,0,30,0,29,36,0,42,0,0,43,44
6,16410,3,KR4MFM,46.62,6,  drogue,-4.02,82987,1652.36,749.54,-26.48,52.2,0,4.19,4.1,5.95,3.31,-3.64,-94.34,-39.23,89.11,0.75,0.02,-0.03,99.79,4.2,0,0,0,0,1,1,15,31.0383381,-103.5123753,1735,2026,6,20,23,47,23,1088,1364,114,37,0.8,0.4,0.7,35,39,31,0,0,0,0,0,0,28,0,35,0,0,0,0,0,0,0,0,0,0,30,0,29,36,0,42,0,0,43,44
6,16410,3,KR4MFM,46.72,6,  drogue,-1.51,82960,1655,752.18,-27.03,52.2,0,4.19,4.1,7.03,6.34,-6.11,-120.47,-60.11,96.13,0.77,-0.06,0.03,110.93,4.2,0,0,0,0,1,1,15,31.0383381,-103.5123753,1735,2026,6,20,23,47,23,1088,1364,114,37,0.8,0.4,0.7,35,39,31,0,0,0,0,0,0,28,0,35,0,0,0,0,0,0,0,0,0,0,30,0,29,36,0,42,0,0,43,44
6,16410,3,KR4MFM,46.74,6,  drogue,-1.51,82960,1655,752.18,-27.03,52.2,0.01,4.2,4.11,7.03,6.34,-6.11,-120.47,-60.11,96.13,0.77,-0.06,0.03,110.93,4.19,0,0,0,0,1,1,15,31.0383381,-103.5123753,1735,2026,6,20,23,47,23,1088,1364,114,37,0.8,0.4,0.7,35,39,31,0,0,0,0,0,0,28,0,35,0,0,0,0,0,0,0,0,0,0,30,0,29,36,0,42,0,0,43,44
6,16410,3,KR4MFM,46.82,6,  drogue,2.01,82954,1655.59,752.77,-27.59,52.2,0.01,4.2,4.11,10.37,14.25,9.01,-61.93,-45.34,88.2,0.77,-0.15,0.07,120.81,4.19,0,0,0,0,1,1,15,31.0383381,-103.5123753,1735,2026,6,20,23,47,23,1088,1364,114,37,0.8,0.4,0.7,35,39,31,0,0,0,0,0,0,28,0,35,0,0,0,0,0,0,0,0,0,0,30,0,29,36,0,42,0,0,43,44
6,16410,3,KR4MFM,46.92,6,  drogue,-5.03,82912,1659.7,756.88,-28.15,52.2,0.01,4.2,4.11,7.74,11.56,10.72,69.47,-10.24,62.2,0.76,-0.2,0.09,126.85,4.19,0,0,0,0,1,1,15,31.0383381,-103.5123753,1735,2026,6,20,23,47,23,1088,1364,114,37,0.8,0.4,0.7,35,39,31,0,0,0,0,0,0,28,0,35,0,0,0,0,0,0,0,0,0,0,30,0,29,36,0,42,0,0,43,44
6,16410,3,KR4MFM,46.92,6,  drogue,-5.03,82912,1659.7,756.88,-28.15,52.2,0.01,4.2,4.11,7.74,11.56,10.72,69.47,-10.24,62.2,0.76,-0.2,0.09,126.85,4.19,0,0,0,0,1,1,15,31.0383381,-103.5123753,1735,2026,6,20,23,47,23,1088,1364,114,37,0.8,0.4,0.7,35,39,31,0,0,0,0,0,0,28,0,35,0,0,0,0,0,0,0,0,0,0,30,0,29,36,0,42,0,0,43,44
6,16410,3,KR4MFM,46.92,6,  drogue,-5.03,82912,1659.7,756.88,-28.15,52.2,0.01,4.2,4.11,7.74,11.56,10.72,69.47,-10.24,62.2,0.76,-0.2,0.09,126.85,4.19,0,0,0,0,1,1,15,31.0383381,-103.5123753,1735,2026,6,20,23,47,23,1088,1364,114,37,0.8,0.4,0.7,35,39,31,0,0,0,0,0,0,28,0,35,0,0,0,0,0,0,0,0,0,0,30,0,29,36,0,42,0,0,43,44
6,16410,3,KR4MFM,47.02,6,  drogue,-5.03,82873,1663.52,760.7,-28.72,52.2,0.01,4.2,4.11,6.93,8.27,16.06,163.47,12.46,51.03,0.75,-0.21,0.11,130.31,4.19,0,0,0,0,1,1,15,31.0383488,-103.5124327,1704,2026,6,20,23,47,24,1082,1341,115,36,0.8,0.5,0.7,34,36,34,0,0,0,0,0,0,38,0,28,0,0,0,0,0,0,0,0,0,0,35,0,36,36,0,31,0,0,34,39
6,16410,3,KR4MFM,47.06,6,  drogue,-5.03,82873,1663.52,760.7,-28.72,52.2,0,4.2,4.1,6.93,8.27,16.06,163.47,12.46,51.03,0.75,-0.21,0.11,130.31,4.2,0,0,0,0,1,1,15,31.0383488,-103.5124327,1704,2026,6,20,23,47,24,1082,1341,115,36,0.8,0.5,0.7,34,36,34,0,0,0,0,0,0,38,0,28,0,0,0,0,0,0,0,0,0,0,35,0,36,36,0,31,0,0,34,39
6,16410,3,KR4MFM,47.12,6,  drogue,-6.03,82887,1662.15,759.33,-29.29,52.2,0,4.2,4.1,6,6.98,13.59,174.7,34.68,60.67,0.75,-0.21,0.11,130.84,4.2,0,0,0,0,1,1,15,31.0383488,-103.5124327,1704,2026,6,20,23,47,24,1082,1341,115,36,0.8,0.5,0.7,34,36,34,0,0,0,0,0,0,38,0,28,0,0,0,0,0,0,0,0,0,0,35,0,36,36,0,31,0,0,34,39
6,16410,3,KR4MFM,47.22,6,  drogue,-6.54,82897,1661.17,758.35,-29.83,52.2,0,4.2,4.1,4.42,8.79,13.71,244.52,34.68,58.6,0.75,-0.2,0.12,128.57,4.2,0,0,0,0,1,1,15,31.0383488,-103.5124327,1704,2026,6,20,23,47,24,1082,1341,115,36,0.8,0.5,0.7,34,36,34,0,0,0,0,0,0,38,0,28,0,0,0,0,0,0,0,0,0,0,35,0,36,36,0,31,0,0,34,39
6,16410,3,KR4MFM,47.32,6,  drogue,-5.53,82939,1657.06,754.24,-30.31,52.2,0,4.2,4.1,4.07,0.56,10.4,361.22,37.18,56.16,0.75,-0.16,0.13,123.34,4.2,0,0,0,0,1,1,15,31.0383488,-103.5124327,1704,2026,6,20,23,47,24,1082,1341,115,36,0.8,0.5,0.7,34,36,34,0,0,0,0,0,0,38,0,28,0,0,0,0,0,0,0,0,0,0,35,0,36,36,0,31,0,0,34,39
6,16410,3,KR4MFM,47.38,6,  drogue,-5.53,82939,1657.06,754.24,-30.31,52.2,0,4.19,4.11,4.07,0.56,10.4,361.22,37.18,56.16,0.75,-0.16,0.13,123.34,4.2,0,0,0.01,0,1,1,15,31.0383488,-103.5124327,1704,2026,6,20,23,47,24,1082,1341,115,36,0.8,0.5,0.7,34,36,34,0,0,0,0,0,0,38,0,28,0,0,0,0,0,0,0,0,0,0,35,0,36,36,0,31,0,0,34,39
6,16410,3,KR4MFM,47.42,6,  drogue,-5.03,83003,1650.8,747.97,-30.68,52.2,0,4.19,4.11,4.84,-5.4,11.47,518.2,2.39,66.59,0.75,-0.09,0.13,117.69,4.2,0,0,0.01,0,1,1,15,31.0383488,-103.5124327,1704,2026,6,20,23,47,24,1082,1341,115,36,0.8,0.5,0.7,34,36,34,0,0,0,0,0,0,38,0,28,0,0,0,0,0,0,0,0,0,0,35,0,36,36,0,31,0,0,34,39
6,16410,3,KR4MFM,47.52,6,  drogue,-4.02,83121,1639.26,736.44,-30.95,52.2,0,4.19,4.11,5.37,-7.08,-1.4,450.64,-44.85,50.48,0.75,-0.02,0.09,111.43,4.2,0,0,0.01,0,1,1,15,31.0383488,-103.5124327,1704,2026,6,20,23,47,24,1082,1341,115,36,0.8,0.5,0.7,34,36,34,0,0,0,0,0,0,38,0,28,0,0,0,0,0,0,0,0,0,0,35,0,36,36,0,31,0,0,34,39
6,16410,3,KR4MFM,47.62,6,  drogue,-2.01,83142,1637.21,734.38,-31.12,52.2,0,4.19,4.11,6.08,-6.71,4.62,392.72,-32.89,29.61,0.75,0.03,0.03,107.2,4.2,0,0,0.01,0,1,1,15,31.0383488,-103.5124327,1704,2026,6,20,23,47,24,1082,1341,115,36,0.8,0.5,0.7,34,36,34,0,0,0,0,0,0,38,0,28,0,0,0,0,0,0,0,0,0,0,35,0,36,36,0,31,0,0,34,39
6,16410,3,KR4MFM,47.7,6,  drogue,-2.01,83142,1637.21,734.38,-31.12,52.2,0,4.19,4.11,6.08,-6.71,4.62,392.72,-32.89,29.61,0.75,0.03,0.03,107.2,4.2,0,0,0,0,1,1,15,31.0383488,-103.5124327,1704,2026,6,20,23,47,24,1082,1341,115,36,0.8,0.5,0.7,34,36,34,0,0,0,0,0,0,38,0,28,0,0,0,0,0,0,0,0,0,0,35,0,36,36,0,31,0,0,34,39
6,16410,3,KR4MFM,47.72,6,  drogue,-4.02,83178,1633.69,730.87,-31.19,52.2,0,4.19,4.11,3.42,-8.97,-1.32,405.84,-32.4,21.98,0.75,0.03,-0.04,104.58,4.2,0,0,0,0,1,1,15,31.0383488,-103.5124327,1704,2026,6,20,23,47,24,1082,1341,115,36,0.8,0.5,0.7,34,36,34,0,0,0,0,0,0,38,0,28,0,0,0,0,0,0,0,0,0,0,35,0,36,36,0,31,0,0,34,39
6,16410,3,KR4MFM,47.82,6,  drogue,-8.05,83278,1623.93,721.1,-31.18,52.2,0,4.19,4.11,1.93,-2.87,-5.64,255.75,-25.93,18.31,0.75,-0.02,-0.08,104.51,4.2,0,0,0,0,1,1,15,31.0383488,-103.5124327,1704,2026,6,20,23,47,24,1082,1341,115,36,0.8,0.5,0.7,34,36,34,0,0,0,0,0,0,38,0,28,0,0,0,0,0,0,0,0,0,0,35,0,36,36,0,31,0,0,34,39
6,16410,3,KR4MFM,47.92,6,  drogue,-9.56,83347,1617.2,714.37,-31.06,52.2,0,4.19,4.11,2.41,1.03,-4.64,37.74,-62.12,22.65,0.76,-0.04,-0.06,105.43,4.2,0,0,0,0,1,1,15,31.0383488,-103.5124327,1704,2026,6,20,23,47,24,1082,1341,115,36,0.8,0.5,0.7,34,36,34,0,0,0,0,0,0,38,0,28,0,0,0,0,0,0,0,0,0,0,35,0,36,36,0,31,0,0,34,39
6,16410,3,KR4MFM,47.95,6,  drogue,-9.56,83347,1617.2,714.37,-31.06,52.2,0,4.19,4.11,2.41,1.03,-4.64,37.74,-62.12,22.65,0.76,-0.04,-0.06,105.43,4.2,0,0,0,0,1,1,15,31.0383488,-103.5124327,1704,2026,6,20,23,47,24,1082,1341,115,36,0.8,0.5,0.7,34,36,34,0,0,0,0,0,0,38,0,28,0,0,0,0,0,0,0,0,0,0,35,0,36,36,0,31,0,0,34,39
6,16410,3,KR4MFM,47.95,6,  drogue,-9.56,83347,1617.2,714.37,-31.06,52.2,0,4.19,4.11,2.41,1.03,-4.64,37.74,-62.12,22.65,0.76,-0.04,-0.06,105.43,4.2,0,0,0,0,1,1,15,31.0383488,-103.5124327,1704,2026,6,20,23,47,24,1082,1341,115,36,0.8,0.5,0.7,34,36,34,0,0,0,0,0,0,38,0,28,0,0,0,0,0,0,0,0,0,0,35,0,36,36,0,31,0,0,34,39
6,16410,3,KR4MFM,48.02,6,  drogue,-6.03,83372,1614.76,711.94,-30.89,52.2,0,4.2,4.11,5.09,2.74,0.76,-64.86,-38.5,24.11,0.77,-0.06,-0.02,107.16,4.2,0,0,0,0,1,1,15,31.0383511,-103.5124927,1674,2026,6,20,23,47,25,1077,1319,115,35,0.8,0.5,0.7,37,43,38,0,0,0,0,0,0,39,0,37,0,0,0,0,0,0,0,0,0,0,36,0,38,35,0,39,0,0,40,40
6,16410,3,KR4MFM,48.02,6,  drogue,-6.03,83372,1614.76,711.94,-30.89,52.2,0,4.2,4.11,5.09,2.74,0.76,-64.86,-38.5,24.11,0.77,-0.06,-0.02,107.16,4.2,0,0,0,0,1,1,15,31.0383511,-103.5124927,1674,2026,6,20,23,47,25,1077,1319,115,35,0.8,0.5,0.7,37,43,38,0,0,0,0,0,0,39,0,37,0,0,0,0,0,0,0,0,0,0,36,0,38,35,0,39,0,0,40,40
6,16410,3,KR4MFM,48.12,6,  drogue,-4.53,83406,1611.45,708.62,-30.63,52.2,0,4.2,4.11,7.03,-1.5,-3.29,-130.97,-26.48,44.92,0.77,-0.1,0.02,110.66,4.2,0,0,0,0,1,1,15,31.0383511,-103.5124927,1674,2026,6,20,23,47,25,1077,1319,115,35,0.8,0.5,0.7,37,43,38,0,0,0,0,0,0,39,0,37,0,0,0,0,0,0,0,0,0,0,36,0,38,35,0,39,0,0,40,40
6,16410,3,KR4MFM,48.22,6,  drogue,-2.01,83438,1608.33,705.51,-30.32,52.2,0,4.2,4.11,7.77,3.15,1.21,-136.76,-3.53,44.86,0.77,-0.15,0.03,114.3,4.2,0,0,0,0,1,1,15,31.0383511,-103.5124927,1674,2026,6,20,23,47,25,1077,1319,115,35,0.8,0.5,0.7,37,43,38,0,0,0,0,0,0,39,0,37,0,0,0,0,0,0,0,0,0,0,36,0,38,35,0,39,0,0,40,40
6,16410,3,KR4MFM,48.32,6,  drogue,-2.51,83461,1606.09,703.26,-29.9,52.2,0,4.2,4.11,7.71,1.39,-0.8,-174.06,26.93,43.22,0.76,-0.19,0,119.23,4.2,0,0,0,0,1,1,15,31.0383511,-103.5124927,1674,2026,6,20,23,47,25,1077,1319,115,35,0.8,0.5,0.7,37,43,38,0,0,0,0,0,0,39,0,37,0,0,0,0,0,0,0,0,0,0,36,0,38,35,0,39,0,0,40,40
6,16410,3,KR4MFM,48.34,6,  drogue,-2.51,83461,1606.09,703.26,-29.9,52.2,0,4.19,4.11,7.71,1.39,-0.8,-174.06,26.93,43.22,0.76,-0.19,0,119.23,4.19,0,0,0,0,1,1,15,31.0383511,-103.5124927,1674,2026,6,20,23,47,25,1077,1319,115,35,0.8,0.5,0.7,37,43,38,0,0,0,0,0,0,39,0,37,0,0,0,0,0,0,0,0,0,0,36,0,38,35,0,39,0,0,40,40
6,16410,3,KR4MFM,48.42,6,  drogue,-1.51,83467,1605.5,702.68,-29.38,52.2,0,4.19,4.11,7.92,4.71,-6.83,-276.41,41.46,18.86,0.76,-0.21,-0.07,123.78,4.19,0,0,0,0,1,1,15,31.0383511,-103.5124927,1674,2026,6,20,23,47,25,1077,1319,115,35,0.8,0.5,0.7,37,43,38,0,0,0,0,0,0,39,0,37,0,0,0,0,0,0,0,0,0,0,36,0,38,35,0,39,0,0,40,40
6,16410,3,KR4MFM,48.52,6,  drogue,-5.03,83423,1609.79,706.97,-28.79,52.2,0,4.19,4.11,4.86,-7.9,-3.88,-479.9,43.96,-21.66,0.75,-0.16,-0.15,128.21,4.19,0,0,0,0,1,1,15,31.0383511,-103.5124927,1674,2026,6,20,23,47,25,1077,1319,115,35,0.8,0.5,0.7,37,43,38,0,0,0,0,0,0,39,0,37,0,0,0,0,0,0,0,0,0,0,36,0,38,35,0,39,0,0,40,40
6,16410,3,KR4MFM,48.62,6,  drogue,-4.02,83386,1613.4,710.57,-28.18,52.2,0,4.19,4.11,8.89,-13.02,0.86,-530.68,28.15,-16.9,0.74,-0.02,-0.15,131.34,4.19,0,0,0,0,1,1,15,31.0383511,-103.5124927,1674,2026,6,20,23,47,25,1077,1319,115,35,0.8,0.5,0.7,37,43,38,0,0,0,0,0,0,39,0,37,0,0,0,0,0,0,0,0,0,0,36,0,38,35,0,39,0,0,40,40
6,16410,3,KR4MFM,48.66,6,  drogue,-4.02,83386,1613.4,710.57,-28.18,52.2,0,4.2,4.11,8.89,-13.02,0.86,-530.68,28.15,-16.9,0.74,-0.02,-0.15,131.34,4.2,0,0,0,0,1,1,15,31.0383511,-103.5124927,1674,2026,6,20,23,47,25,1077,1319,115,35,0.8,0.5,0.7,37,43,38,0,0,0,0,0,0,39,0,37,0,0,0,0,0,0,0,0,0,0,36,0,38,35,0,39,0,0,40,40
6,16410,3,KR4MFM,48.72,6,  drogue,-6.03,83464,1605.8,702.97,-27.58,52.2,0,4.2,4.11,5.05,-10.3,15.26,-524.15,45.48,-5.55,0.74,0.05,-0.03,130.8,4.2,0,0,0,0,1,1,15,31.0383511,-103.5124927,1674,2026,6,20,23,47,25,1077,1319,115,35,0.8,0.5,0.7,37,43,38,0,0,0,0,0,0,39,0,37,0,0,0,0,0,0,0,0,0,0,36,0,38,35,0,39,0,0,40,40
6,16410,3,KR4MFM,48.82,6,  drogue,-5.03,83514,1600.93,698.1,-27.05,52.2,0,4.2,4.11,4.53,1.97,20.48,-275.37,67.82,-39.73,0.74,0.05,0.04,125.73,4.2,0,0,0,0,1,1,15,31.0383511,-103.5124927,1674,2026,6,20,23,47,25,1077,1319,115,35,0.8,0.5,0.7,37,43,38,0,0,0,0,0,0,39,0,37,0,0,0,0,0,0,0,0,0,0,36,0,38,35,0,39,0,0,40,40
6,16410,3,KR4MFM,48.92,6,  drogue,-12.57,83572,1595.28,692.46,-26.58,52.2,0,4.2,4.11,-0.65,-2.85,13.66,73.75,116.83,-67.81,0.72,0.09,-0.02,112.97,4.2,0,0,0,0,1,1,15,31.0383511,-103.5124927,1674,2026,6,20,23,47,25,1077,1319,115,35,0.8,0.5,0.7,37,43,38,0,0,0,0,0,0,39,0,37,0,0,0,0,0,0,0,0,0,0,36,0,38,35,0,39,0,0,40,40
6,16410,3,KR4MFM,48.95,6,  drogue,-12.57,83572,1595.28,692.46,-26.58,52.2,0,4.2,4.11,-0.65,-2.85,13.66,73.75,116.83,-67.81,0.72,0.09,-0.02,112.97,4.2,0,0,0,0,1,1,15,31.0383511,-103.5124927,1674,2026,6,20,23,47,25,1077,1319,115,35,0.8,0.5,0.7,37,43,38,0,0,0,0,0,0,39,0,37,0,0,0,0,0,0,0,0,0,0,36,0,38,35,0,39,0,0,40,40
6,16410,3,KR4MFM,48.95,6,  drogue,-12.57,83572,1595.28,692.46,-26.58,52.2,0,4.2,4.11,-0.65,-2.85,13.66,73.75,116.83,-67.81,0.72,0.09,-0.02,112.97,4.2,0,0,0,0,1,1,15,31.0383511,-103.5124927,1674,2026,6,20,23,47,25,1077,1319,115,35,0.8,0.5,0.7,37,43,38,0,0,0,0,0,0,39,0,37,0,0,0,0,0,0,0,0,0,0,36,0,38,35,0,39,0,0,40,40
6,16410,3,KR4MFM,48.98,6,  drogue,-12.57,83572,1595.28,692.46,-26.58,52.2,0,4.19,4.11,-0.65,-2.85,13.66,73.75,116.83,-67.81,0.72,0.09,-0.02,112.97,4.19,0,0,0,0,1,1,15,31.0383729,-103.5125496,1643,2026,6,20,23,47,26,1071,1296,115,34,0.8,0.4,0.7,38,36,38,0,0,0,0,0,0,43,0,33,0,0,0,0,0,0,0,0,0,0,37,0,27,41,0,38,0,0,38,44
6,16410,3,KR4MFM,49.02,6,  drogue,-12.07,83668,1585.95,683.12,-26.22,52.2,0,4.19,4.11,-0.01,-5.09,5.55,182.08,149.12,-29.84,0.68,0.1,-0.18,97.87,4.19,0,0,0,0,1,1,15,31.0383729,-103.5125496,1643,2026,6,20,23,47,26,1071,1296,115,34,0.8,0.4,0.7,38,36,38,0,0,0,0,0,0,43,0,33,0,0,0,0,0,0,0,0,0,0,37,0,27,41,0,38,0,0,38,44
6,16410,3,KR4MFM,49.12,6,  drogue,-11.57,83698,1583.03,680.21,-26,52.2,0,4.19,4.11,0.42,-10.32,-0.35,54.03,161.63,28.93,0.61,0.05,-0.32,81.48,4.19,0,0,0,0,1,1,15,31.0383729,-103.5125496,1643,2026,6,20,23,47,26,1071,1296,115,34,0.8,0.4,0.7,38,36,38,0,0,0,0,0,0,43,0,33,0,0,0,0,0,0,0,0,0,0,37,0,27,41,0,38,0,0,38,44
6,16410,3,KR4MFM,49.22,6,  drogue,-9.56,83728,1580.12,677.29,-25.89,52.2,0,4.19,4.11,0.68,-9.25,-9.04,-154.71,153.76,40.1,0.53,0.08,-0.37,65.64,4.19,0,0,0,0,1,1,15,31.0383729,-103.5125496,1643,2026,6,20,23,47,26,1071,1296,115,34,0.8,0.4,0.7,38,36,38,0,0,0,0,0,0,43,0,33,0,0,0,0,0,0,0,0,0,0,37,0,27,41,0,38,0,0,38,44
6,16410,3,KR4MFM,49.3,6,  drogue,-9.56,83728,1580.12,677.29,-25.89,52.2,0.01,4.2,4.11,0.68,-9.25,-9.04,-154.71,153.76,40.1,0.53,0.08,-0.37,65.64,4.19,0.01,0,0,0,1,1,15,31.0383729,-103.5125496,1643,2026,6,20,23,47,26,1071,1296,115,34,0.8,0.4,0.7,38,36,38,0,0,0,0,0,0,43,0,33,0,0,0,0,0,0,0,0,0,0,37,0,27,41,0,38,0,0,38,44
6,16410,3,KR4MFM,49.32,6,  drogue,-7.54,83735,1579.44,676.61,-25.91,52.2,0.01,4.2,4.11,2.2,-9.07,-7.39,-344.53,127.27,5.07,0.47,0.22,-0.29,52.9,4.19,0.01,0,0,0,1,1,15,31.0383729,-103.5125496,1643,2026,6,20,23,47,26,1071,1296,115,34,0.8,0.4,0.7,38,36,38,0,0,0,0,0,0,43,0,33,0,0,0,0,0,0,0,0,0,0,37,0,27,41,0,38,0,0,38,44
6,16410,3,KR4MFM,49.42,6,  drogue,-4.02,83654,1587.31,684.48,-25.95,52.2,0.01,4.2,4.11,1.43,-23.93,1.83,-427.35,104.87,-42.97,0.42,0.33,-0.03,41.75,4.19,0.01,0,0,0,1,1,15,31.0383729,-103.5125496,1643,2026,6,20,23,47,26,1071,1296,115,34,0.8,0.4,0.7,38,36,38,0,0,0,0,0,0,43,0,33,0,0,0,0,0,0,0,0,0,0,37,0,27,41,0,38,0,0,38,44
6,16410,3,KR4MFM,49.52,6,  drogue,-7.04,83666,1586.14,683.32,-26.07,52.2,0.01,4.2,4.11,3.97,-17.14,11.8,-427.11,69.96,-61.09,0.41,0.22,0.28,34.44,4.19,0.01,0,0,0,1,1,15,31.0383729,-103.5125496,1643,2026,6,20,23,47,26,1071,1296,115,34,0.8,0.4,0.7,38,36,38,0,0,0,0,0,0,43,0,33,0,0,0,0,0,0,0,0,0,0,37,0,27,41,0,38,0,0,38,44
6,16410,3,KR4MFM,49.62,6,  drogue,-6.03,83721,1580.8,677.97,-26.21,52.2,0,4.19,4.11,3.01,-9.89,17,-414.29,47.32,-77.51,0.43,-0.03,0.42,31.82,4.2,0,0,0,0.39,1,1,15,31.0383729,-103.5125496,1643,2026,6,20,23,47,26,1071,1296,115,34,0.8,0.4,0.7,38,36,38,0,0,0,0,0,0,43,0,33,0,0,0,0,0,0,0,0,0,0,37,0,27,41,0,38,0,0,38,44
6,16410,3,KR4MFM,49.62,6,  drogue,-6.03,83721,1580.8,677.97,-26.21,52.2,0,4.19,4.11,3.01,-9.89,17,-414.29,47.32,-77.51,0.43,-0.03,0.42,31.82,4.2,0,0,0,0.39,1,1,15,31.0383729,-103.5125496,1643,2026,6,20,23,47,26,1071,1296,115,34,0.8,0.4,0.7,38,36,38,0,0,0,0,0,0,43,0,33,0,0,0,0,0,0,0,0,0,0,37,0,27,41,0,38,0,0,38,44
6,16410,3,KR4MFM,49.72,6,  drogue,-7.04,83725,1580.41,677.58,-26.35,52.2,0,4.19,4.11,3.71,4.68,18.86,-162.03,43.35,-90.45,0.47,-0.24,0.4,37.12,4.2,0,0,0,0.39,1,1,15,31.0383729,-103.5125496,1643,2026,6,20,23,47,26,1071,1296,115,34,0.8,0.4,0.7,38,36,38,0,0,0,0,0,0,43,0,33,0,0,0,0,0,0,0,0,0,0,37,0,27,41,0,38,0,0,38,44
6,16410,3,KR4MFM,49.82,6,  drogue,-9.05,83722,1580.7,677.88,-26.51,52.2,0,4.19,4.11,0.55,-1.62,11.84,108.66,72.16,-104.25,0.53,-0.19,0.38,48.66,4.2,0,0,0,0.39,1,1,15,31.0383729,-103.5125496,1643,2026,6,20,23,47,26,1071,1296,115,34,0.8,0.4,0.7,38,36,38,0,0,0,0,0,0,43,0,33,0,0,0,0,0,0,0,0,0,0,37,0,27,41,0,38,0,0,38,44
6,16410,3,KR4MFM,49.92,6,  drogue,-9.56,83817,1571.47,668.65,-26.64,52.2,0,4.19,4.11,1.31,-10.67,6.06,192.95,116.22,-73.12,0.6,-0.03,0.34,62.19,4.2,0,0,0,0.39,1,1,15,31.0383729,-103.5125496,1643,2026,6,20,23,47,26,1071,1296,115,34,0.8,0.4,0.7,38,36,38,0,0,0,0,0,0,43,0,33,0,0,0,0,0,0,0,0,0,0,37,0,27,41,0,38,0,0,38,44
6,16410,3,KR4MFM,49.93,6,  drogue,-9.56,83817,1571.47,668.65,-26.64,52.2,0,4.19,4.11,1.31,-10.67,6.06,192.95,116.22,-73.12,0.6,-0.03,0.34,62.19,4.2,0,0,0,0.39,1,1,15,31.0383729,-103.5125496,1643,2026,6,20,23,47,26,1071,1296,115,34,0.8,0.4,0.7,38,36,38,0,0,0,0,0,0,43,0,33,0,0,0,0,0,0,0,0,0,0,37,0,27,41,0,38,0,0,38,44
6,16410,3,KR4MFM,49.93,6,  drogue,-9.56,83817,1571.47,668.65,-26.64,52.2,0,4.19,4.11,1.31,-10.67,6.06,192.95,116.22,-73.12,0.6,-0.03,0.34,62.19,4.2,0,0,0,0.39,1,1,15,31.0383729,-103.5125496,1643,2026,6,20,23,47,26,1071,1296,115,34,0.8,0.4,0.7,38,36,38,0,0,0,0,0,0,43,0,33,0,0,0,0,0,0,0,0,0,0,37,0,27,41,0,38,0,0,38,44
6,16410,3,KR4MFM,49.94,6,  drogue,-9.56,83817,1571.47,668.65,-26.64,52.2,0.01,4.2,4.11,1.31,-10.67,6.06,192.95,116.22,-73.12,0.6,-0.03,0.34,62.19,4.2,0,0,0,0,1,1,15,31.0383884,-103.5125941,1613,2026,6,20,23,47,27,1067,1276,115,33,0.8,0.4,0.7,31,36,35,0,0,0,0,0,0,37,0,41,0,0,0,0,0,0,0,0,0,0,37,0,35,36,0,33,0,0,42,40
6,16410,3,KR4MFM,50.02,6,  drogue,-7.04,83859,1567.4,664.58,-26.67,52.2,0.01,4.2,4.11,3.64,-9.74,-3.71,-6.64,114.09,-22.03,0.65,0.04,0.25,73.72,4.2,0,0,0,0,1,1,15,31.0383884,-103.5125941,1613,2026,6,20,23,47,27,1067,1276,115,33,0.8,0.4,0.7,31,36,35,0,0,0,0,0,0,37,0,41,0,0,0,0,0,0,0,0,0,0,37,0,35,36,0,33,0,0,42,40
6,16410,3,KR4MFM,50.12,6,  drogue,-4.53,83859,1567.4,664.58,-26.58,52.2,0.01,4.2,4.11,4.55,-11.94,-4.32,-272.63,89.92,-42.97,0.69,-0.02,0.24,83.06,4.2,0,0,0,0,1,1,15,31.0383884,-103.5125941,1613,2026,6,20,23,47,27,1067,1276,115,33,0.8,0.4,0.7,31,36,35,0,0,0,0,0,0,37,0,41,0,0,0,0,0,0,0,0,0,0,37,0,35,36,0,33,0,0,42,40
6,16410,3,KR4MFM,50.22,6,  drogue,-4.02,83901,1563.32,660.5,-26.41,52.2,0.01,4.2,4.11,4.97,-10.71,2.56,-505.17,28.82,-35.58,0.71,-0.19,0.21,87.41,4.2,0,0,0,0,1,1,15,31.0383884,-103.5125941,1613,2026,6,20,23,47,27,1067,1276,115,33,0.8,0.4,0.7,31,36,35,0,0,0,0,0,0,37,0,41,0,0,0,0,0,0,0,0,0,0,37,0,35,36,0,33,0,0,42,40
6,16410,3,KR4MFM,50.26,6,  drogue,-4.02,83901,1563.32,660.5,-26.41,52.2,0,4.2,4.11,4.97,-10.71,2.56,-505.17,28.82,-35.58,0.71,-0.19,0.21,87.41,4.21,0,0,0,0,1,1,15,31.0383884,-103.5125941,1613,2026,6,20,23,47,27,1067,1276,115,33,0.8,0.4,0.7,31,36,35,0,0,0,0,0,0,37,0,41,0,0,0,0,0,0,0,0,0,0,37,0,35,36,0,33,0,0,42,40
6,16410,3,KR4MFM,50.32,6,  drogue,-2.51,83903,1563.13,660.31,-26.14,52.2,0,4.2,4.11,6.17,-4.33,14.49,-449.32,5.69,-25.57,0.71,-0.33,0.07,90.01,4.21,0,0,0,0,1,1,15,31.0383884,-103.5125941,1613,2026,6,20,23,47,27,1067,1276,115,33,0.8,0.4,0.7,31,36,35,0,0,0,0,0,0,37,0,41,0,0,0,0,0,0,0,0,0,0,37,0,35,36,0,33,0,0,42,40
6,16410,3,KR4MFM,50.42,6,  drogue,-3.52,83927,1560.8,657.98,-25.77,52.2,0,4.2,4.11,5.65,3,6.44,-337.26,9.66,-18.19,0.71,-0.33,-0.07,90.85,4.21,0,0,0,0,1,1,15,31.0383884,-103.5125941,1613,2026,6,20,23,47,27,1067,1276,115,33,0.8,0.4,0.7,31,36,35,0,0,0,0,0,0,37,0,41,0,0,0,0,0,0,0,0,0,0,37,0,35,36,0,33,0,0,42,40
6,16410,3,KR4MFM,50.52,6,  drogue,-3.02,83968,1556.83,654.01,-25.28,52.2,0,4.2,4.11,7.23,9.1,1.74,-327.5,14.17,-21.12,0.71,-0.26,-0.19,90.16,4.21,0,0,0,0,1,1,15,31.0383884,-103.5125941,1613,2026,6,20,23,47,27,1067,1276,115,33,0.8,0.4,0.7,31,36,35,0,0,0,0,0,0,37,0,41,0,0,0,0,0,0,0,0,0,0,37,0,35,36,0,33,0,0,42,40
6,16410,3,KR4MFM,50.58,6,  drogue,-3.02,83968,1556.83,654.01,-25.28,52.2,0,4.2,4.11,7.23,9.1,1.74,-327.5,14.17,-21.12,0.71,-0.26,-0.19,90.16,4.2,0,0,0.01,0,1,1,15,31.0383884,-103.5125941,1613,2026,6,20,23,47,27,1067,1276,115,33,0.8,0.4,0.7,31,36,35,0,0,0,0,0,0,37,0,41,0,0,0,0,0,0,0,0,0,0,37,0,35,36,0,33,0,0,42,40
6,16410,3,KR4MFM,50.62,6,  drogue,-3.02,84051,1548.79,645.96,-24.73,52.2,0,4.2,4.11,6.98,5.48,-6.2,-326.46,-8.72,-28.26,0.72,-0.13,-0.23,90.3,4.2,0,0,0.01,0,1,1,15,31.0383884,-103.5125941,1613,2026,6,20,23,47,27,1067,1276,115,33,0.8,0.4,0.7,31,36,35,0,0,0,0,0,0,37,0,41,0,0,0,0,0,0,0,0,0,0,37,0,35,36,0,33,0,0,42,40
6,16410,3,KR4MFM,50.72,6,  drogue,-2.51,84141,1540.08,637.25,-24.17,52.2,0,4.2,4.11,7.3,1.86,-7.87,-353.87,-50.46,0.25,0.73,-0.01,-0.19,93.74,4.2,0,0,0.01,0,1,1,15,31.0383884,-103.5125941,1613,2026,6,20,23,47,27,1067,1276,115,33,0.8,0.4,0.7,31,36,35,0,0,0,0,0,0,37,0,41,0,0,0,0,0,0,0,0,0,0,37,0,35,36,0,33,0,0,42,40
6,16410,3,KR4MFM,50.82,6,  drogue,-3.02,84195,1534.85,632.03,-23.62,52.2,0,4.2,4.11,7.12,-7.95,-4.44,-528.12,-46.68,52.55,0.75,0.03,-0.02,99.53,4.2,0,0,0.01,0,1,1,15,31.0383884,-103.5125941,1613,2026,6,20,23,47,27,1067,1276,115,33,0.8,0.4,0.7,31,36,35,0,0,0,0,0,0,37,0,41,0,0,0,0,0,0,0,0,0,0,37,0,35,36,0,33,0,0,42,40
6,16410,3,KR4MFM,50.9,6,  drogue,-3.02,84195,1534.85,632.03,-23.62,52.2,0,4.19,4.11,7.12,-7.95,-4.44,-528.12,-46.68,52.55,0.75,0.03,-0.02,99.53,4.18,0,0,0,0,1,1,15,31.0383884,-103.5125941,1613,2026,6,20,23,47,27,1067,1276,115,33,0.8,0.4,0.7,31,36,35,0,0,0,0,0,0,37,0,41,0,0,0,0,0,0,0,0,0,0,37,0,35,36,0,33,0,0,42,40
6,16410,3,KR4MFM,50.92,6,  drogue,-3.52,84219,1532.53,629.71,-23.09,52.2,0,4.19,4.11,6.77,-7.83,5.15,-601.24,62.51,101.57,0.77,-0.1,0.06,111.04,4.18,0,0,0,0,1,1,15,31.0383884,-103.5125941,1613,2026,6,20,23,47,27,1067,1276,115,33,0.8,0.4,0.7,31,36,35,0,0,0,0,0,0,37,0,41,0,0,0,0,0,0,0,0,0,0,37,0,35,36,0,33,0,0,42,40
6,16410,3,KR4MFM,50.94,6,  drogue,-3.52,84219,1532.53,629.71,-23.09,52.2,0,4.19,4.11,6.77,-7.83,5.15,-601.24,62.51,101.57,0.77,-0.1,0.06,111.04,4.18,0,0,0,0,1,1,15,31.0383884,-103.5125941,1613,2026,6,20,23,47,27,1067,1276,115,33,0.8,0.4,0.7,31,36,35,0,0,0,0,0,0,37,0,41,0,0,0,0,0,0,0,0,0,0,37,0,35,36,0,33,0,0,42,40
6,16410,3,KR4MFM,50.94,6,  drogue,-3.52,84219,1532.53,629.71,-23.09,52.2,0,4.19,4.11,6.77,-7.83,5.15,-601.24,62.51,101.57,0.77,-0.1,0.06,111.04,4.18,0,0,0,0,1,1,15,31.0383884,-103.5125941,1613,2026,6,20,23,47,27,1067,1276,115,33,0.8,0.4,0.7,31,36,35,0,0,0,0,0,0,37,0,41,0,0,0,0,0,0,0,0,0,0,37,0,35,36,0,33,0,0,42,40
6,16410,3,KR4MFM,51.02,6,  drogue,-6.03,84233,1531.18,628.35,-22.67,52.2,0,4.19,4.11,5.03,-7.98,11.61,-535.2,133.07,-0.3,0.77,-0.17,-0.07,123.69,4.18,0,0,0,0,1,1,15,31.0383967,-103.5126417,1582,2026,6,20,23,47,28,1062,1255,115,32,0.8,0.4,0.7,40,44,35,0,0,0,0,0,0,36,0,39,0,0,0,0,0,0,0,0,0,0,35,0,36,38,0,38,0,0,42,39
6,16410,3,KR4MFM,51.12,6,  drogue,-8.55,84260,1528.57,625.74,-22.31,52.2,0,4.19,4.11,2.54,-5.25,11.44,-457.56,116.35,-106.14,0.74,-0.03,-0.17,136.78,4.18,0,0,0,0,1,1,15,31.0383967,-103.5126417,1582,2026,6,20,23,47,28,1062,1255,115,32,0.8,0.4,0.7,40,44,35,0,0,0,0,0,0,36,0,39,0,0,0,0,0,0,0,0,0,0,35,0,36,38,0,38,0,0,42,39
6,16410,3,KR4MFM,51.22,6,  drogue,-10.56,84210,1533.4,630.58,-22.06,52.2,0,4.2,4.11,0.88,-7.16,12.75,-398.48,48.72,-162.47,0.68,0.16,-0.08,145.26,4.18,0,0,0,0,1,1,15,31.0383967,-103.5126417,1582,2026,6,20,23,47,28,1062,1255,115,32,0.8,0.4,0.7,40,44,35,0,0,0,0,0,0,36,0,39,0,0,0,0,0,0,0,0,0,0,35,0,36,38,0,38,0,0,42,39
6,16410,3,KR4MFM,51.22,6,  drogue,-10.56,84210,1533.4,630.58,-22.06,52.2,0,4.2,4.11,0.88,-7.16,12.75,-398.48,48.72,-162.47,0.68,0.16,-0.08,145.26,4.18,0,0,0,0,1,1,15,31.0383967,-103.5126417,1582,2026,6,20,23,47,28,1062,1255,115,32,0.8,0.4,0.7,40,44,35,0,0,0,0,0,0,36,0,39,0,0,0,0,0,0,0,0,0,0,35,0,36,38,0,38,0,0,42,39
6,16410,3,KR4MFM,51.32,6,  drogue,-11.06,84220,1532.43,629.61,-21.97,52.2,0,4.2,4.11,-0.04,-8.32,15.5,-268.54,-15.25,-159.54,0.59,0.24,0.1,142.83,4.18,0,0,0,0,1,1,15,31.0383967,-103.5126417,1582,2026,6,20,23,47,28,1062,1255,115,32,0.8,0.4,0.7,40,44,35,0,0,0,0,0,0,36,0,39,0,0,0,0,0,0,0,0,0,0,35,0,36,38,0,38,0,0,42,39
6,16410,3,KR4MFM,51.42,6,  drogue,-10.56,84101,1543.95,641.12,-21.99,52.2,0,4.2,4.11,0.88,-1.59,22.49,-68.22,-12.8,-140.68,0.49,0.26,0.19,131.7,4.18,0,0,0,0,1,1,15,31.0383967,-103.5126417,1582,2026,6,20,23,47,28,1062,1255,115,32,0.8,0.4,0.7,40,44,35,0,0,0,0,0,0,36,0,39,0,0,0,0,0,0,0,0,0,0,35,0,36,38,0,38,0,0,42,39
6,16410,3,KR4MFM,51.52,6,  drogue,-8.05,84108,1543.27,640.45,-22.18,52.2,0,4.2,4.11,3.07,-11.78,16.83,56.23,55.37,-135.62,0.4,0.3,0.16,117.07,4.18,0,0,0,0,1,1,15,31.0383967,-103.5126417,1582,2026,6,20,23,47,28,1062,1255,115,32,0.8,0.4,0.7,40,44,35,0,0,0,0,0,0,36,0,39,0,0,0,0,0,0,0,0,0,0,35,0,36,38,0,38,0,0,42,39
6,16410,3,KR4MFM,51.54,6,  drogue,-8.05,84108,1543.27,640.45,-22.18,52.2,0.01,4.19,4.11,3.07,-11.78,16.83,56.23,55.37,-135.62,0.4,0.3,0.16,117.07,4.18,0,0,0,0,1,1,15,31.0383967,-103.5126417,1582,2026,6,20,23,47,28,1062,1255,115,32,0.8,0.4,0.7,40,44,35,0,0,0,0,0,0,36,0,39,0,0,0,0,0,0,0,0,0,0,35,0,36,38,0,38,0,0,42,39
6,16410,3,KR4MFM,51.62,6,  drogue,-9.56,84191,1535.24,632.41,-22.5,52.2,0.01,4.19,4.11,1.65,-10.99,12.12,109.15,111.4,-98.39,0.34,0.33,0.09,103.08,4.18,0,0,0,0,1,1,15,31.0383967,-103.5126417,1582,2026,6,20,23,47,28,1062,1255,115,32,0.8,0.4,0.7,40,44,35,0,0,0,0,0,0,36,0,39,0,0,0,0,0,0,0,0,0,0,35,0,36,38,0,38,0,0,42,39
6,16410,3,KR4MFM,51.72,6,  drogue,-11.06,84246,1529.92,627.1,-22.86,52.2,0.01,4.19,4.11,-0.09,-12.1,7.39,86.44,137.16,-52.91,0.29,0.34,0,89.95,4.18,0,0,0,0,1,1,15,31.0383967,-103.5126417,1582,2026,6,20,23,47,28,1062,1255,115,32,0.8,0.4,0.7,40,44,35,0,0,0,0,0,0,36,0,39,0,0,0,0,0,0,0,0,0,0,35,0,36,38,0,38,0,0,42,39
6,16410,3,KR4MFM,51.82,6,  drogue,-9.56,84288,1525.86,623.04,-23.34,52.1,0.01,4.19,4.11,0.01,-10.89,3.94,-10.85,145.03,-16.96,0.27,0.34,-0.02,77.56,4.18,0,0,0,0,1,1,15,31.0383967,-103.5126417,1582,2026,6,20,23,47,28,1062,1255,115,32,0.8,0.4,0.7,40,44,35,0,0,0,0,0,0,36,0,39,0,0,0,0,0,0,0,0,0,0,35,0,36,38,0,38,0,0,42,39
6,16410,3,KR4MFM,51.86,6,  drogue,-9.56,84288,1525.86,623.04,-23.34,52.1,0.01,4.2,4.11,0.01,-10.89,3.94,-10.85,145.03,-16.96,0.27,0.34,-0.02,77.56,4.2,0,0,0.01,0,1,1,15,31.0383967,-103.5126417,1582,2026,6,20,23,47,28,1062,1255,115,32,0.8,0.4,0.7,40,44,35,0,0,0,0,0,0,36,0,39,0,0,0,0,0,0,0,0,0,0,35,0,36,38,0,38,0,0,42,39
6,16410,3,KR4MFM,51.92,6,  drogue,-10.06,84337,1521.13,618.3,-23.96,52.2,0.01,4.2,4.11,-0.6,-11.78,3.88,-237.41,140.33,-20.81,0.27,0.32,0.11,65.63,4.2,0,0,0.01,0,1,1,15,31.0383967,-103.5126417,1582,2026,6,20,23,47,28,1062,1255,115,32,0.8,0.4,0.7,40,44,35,0,0,0,0,0,0,36,0,39,0,0,0,0,0,0,0,0,0,0,35,0,36,38,0,38,0,0,42,39
6,16410,3,KR4MFM,51.92,6,  drogue,-10.06,84337,1521.13,618.3,-23.96,52.2,0.01,4.2,4.11,-0.6,-11.78,3.88,-237.41,140.33,-20.81,0.27,0.32,0.11,65.63,4.2,0,0,0.01,0,1,1,15,31.0383967,-103.5126417,1582,2026,6,20,23,47,28,1062,1255,115,32,0.8,0.4,0.7,40,44,35,0,0,0,0,0,0,36,0,39,0,0,0,0,0,0,0,0,0,0,35,0,36,38,0,38,0,0,42,39
6,16410,3,KR4MFM,51.92,6,  drogue,-10.06,84337,1521.13,618.3,-23.96,52.2,0.01,4.2,4.11,-0.6,-11.78,3.88,-237.41,140.33,-20.81,0.27,0.32,0.11,65.63,4.2,0,0,0.01,0,1,1,15,31.0383967,-103.5126417,1582,2026,6,20,23,47,28,1062,1255,115,32,0.8,0.4,0.7,40,44,35,0,0,0,0,0,0,36,0,39,0,0,0,0,0,0,0,0,0,0,35,0,36,38,0,38,0,0,42,39
6,16410,3,KR4MFM,52.02,6,  drogue,-10.06,84338,1521.03,618.21,-24.65,52.1,0.01,4.2,4.11,0.11,-9.49,9.15,-392.2,112.26,-65.3,0.3,0.16,0.35,55.39,4.2,0,0,0.01,0,1,1,15,31.0384284,-103.5126888,1553,2026,6,20,23,47,29,1057,1235,115,31,0.9,0.5,0.7,38,41,34,0,0,0,0,0,0,26,0,36,0,0,0,0,0,0,0,0,0,0,29,0,35,31,0,37,0,0,37,39
6,16410,3,KR4MFM,52.12,6,  drogue,-10.06,84321,1522.67,619.85,-25.35,52.1,0.01,4.2,4.11,0.97,-6.64,9.46,-306.62,66.85,-111.63,0.35,-0.11,0.44,47.73,4.2,0,0,0.01,0,1,1,15,31.0384284,-103.5126888,1553,2026,6,20,23,47,29,1057,1235,115,31,0.9,0.5,0.7,38,41,34,0,0,0,0,0,0,26,0,36,0,0,0,0,0,0,0,0,0,0,29,0,35,31,0,37,0,0,37,39
6,16410,3,KR4MFM,52.18,6,  drogue,-10.06,84321,1522.67,619.85,-25.35,52.1,0,4.19,4.11,0.97,-6.64,9.46,-306.62,66.85,-111.63,0.35,-0.11,0.44,47.73,4.19,0,0,0,0,1,1,15,31.0384284,-103.5126888,1553,2026,6,20,23,47,29,1057,1235,115,31,0.9,0.5,0.7,38,41,34,0,0,0,0,0,0,26,0,36,0,0,0,0,0,0,0,0,0,0,29,0,35,31,0,37,0,0,37,39
6,16410,3,KR4MFM,52.22,6,  drogue,-9.56,84371,1517.85,615.02,-26.05,52.2,0,4.19,4.11,1.39,-1.49,7.87,-172.84,28.21,-119.99,0.39,-0.27,0.41,44.83,4.19,0,0,0,0,1,1,15,31.0384284,-103.5126888,1553,2026,6,20,23,47,29,1057,1235,115,31,0.9,0.5,0.7,38,41,34,0,0,0,0,0,0,26,0,36,0,0,0,0,0,0,0,0,0,0,29,0,35,31,0,37,0,0,37,39
6,16410,3,KR4MFM,52.32,6,  drogue,-8.55,84401,1514.95,612.13,-26.7,52.1,0,4.19,4.11,1.77,-1.48,6.29,-123.82,-2,-124.33,0.43,-0.35,0.37,45.17,4.19,0,0,0,0,1,1,15,31.0384284,-103.5126888,1553,2026,6,20,23,47,29,1057,1235,115,31,0.9,0.5,0.7,38,41,34,0,0,0,0,0,0,26,0,36,0,0,0,0,0,0,0,0,0,0,29,0,35,31,0,37,0,0,37,39
6,16410,3,KR4MFM,52.42,6,  drogue,-9.56,84421,1513.02,610.2,-27.3,52.1,0,4.19,4.11,1.97,1.52,5.8,-123.76,-25.81,-108.64,0.47,-0.4,0.32,47.72,4.19,0,0,0,0,1,1,15,31.0384284,-103.5126888,1553,2026,6,20,23,47,29,1057,1235,115,31,0.9,0.5,0.7,38,41,34,0,0,0,0,0,0,26,0,36,0,0,0,0,0,0,0,0,0,0,29,0,35,31,0,37,0,0,37,39
6,16410,3,KR4MFM,52.5,6,  drogue,-9.56,84421,1513.02,610.2,-27.3,52.1,0,4.2,4.11,1.97,1.52,5.8,-123.76,-25.81,-108.64,0.47,-0.4,0.32,47.72,4.19,0,0,0,0,1,1,15,31.0384284,-103.5126888,1553,2026,6,20,23,47,29,1057,1235,115,31,0.9,0.5,0.7,38,41,34,0,0,0,0,0,0,26,0,36,0,0,0,0,0,0,0,0,0,0,29,0,35,31,0,37,0,0,37,39
6,16410,3,KR4MFM,52.52,6,  drogue,-6.54,84434,1511.76,608.94,-27.78,52.1,0,4.2,4.11,3.03,-3.28,8.93,-105.88,-43.69,-87.4,0.5,-0.43,0.27,51.34,4.19,0,0,0,0,1,1,15,31.0384284,-103.5126888,1553,2026,6,20,23,47,29,1057,1235,115,31,0.9,0.5,0.7,38,41,34,0,0,0,0,0,0,26,0,36,0,0,0,0,0,0,0,0,0,0,29,0,35,31,0,37,0,0,37,39
6,16410,3,KR4MFM,52.62,6,  drogue,-6.54,84480,1507.33,604.5,-28.18,52.1,0,4.2,4.11,3.99,-3.38,11.04,-43.62,-29.89,-58.04,0.52,-0.44,0.24,55.33,4.19,0,0,0,0,1,1,15,31.0384284,-103.5126888,1553,2026,6,20,23,47,29,1057,1235,115,31,0.9,0.5,0.7,38,41,34,0,0,0,0,0,0,26,0,36,0,0,0,0,0,0,0,0,0,0,29,0,35,31,0,37,0,0,37,39
6,16410,3,KR4MFM,52.72,6,  drogue,-5.03,84494,1505.98,603.15,-28.48,52.1,0,4.2,4.11,5.17,0.94,11.6,53.61,-11.03,-38.63,0.53,-0.42,0.25,58.66,4.19,0,0,0,0,1,1,15,31.0384284,-103.5126888,1553,2026,6,20,23,47,29,1057,1235,115,31,0.9,0.5,0.7,38,41,34,0,0,0,0,0,0,26,0,36,0,0,0,0,0,0,0,0,0,0,29,0,35,31,0,37,0,0,37,39
6,16410,3,KR4MFM,52.82,6,  drogue,-5.03,84535,1502.02,599.2,-28.68,52.1,0,4.2,4.11,5.65,-2.03,13.51,212.36,23.69,-38.14,0.56,-0.32,0.32,63.1,4.2,0,0,0,0,1,1,15,31.0384284,-103.5126888,1553,2026,6,20,23,47,29,1057,1235,115,31,0.9,0.5,0.7,38,41,34,0,0,0,0,0,0,26,0,36,0,0,0,0,0,0,0,0,0,0,29,0,35,31,0,37,0,0,37,39
6,16410,3,KR4MFM,52.82,6,  drogue,-5.03,84535,1502.02,599.2,-28.68,52.1,0,4.2,4.11,5.65,-2.03,13.51,212.36,23.69,-38.14,0.56,-0.32,0.32,63.1,4.2,0,0,0,0,1,1,15,31.0384284,-103.5126888,1553,2026,6,20,23,47,29,1057,1235,115,31,0.9,0.5,0.7,38,41,34,0,0,0,0,0,0,26,0,36,0,0,0,0,0,0,0,0,0,0,29,0,35,31,0,37,0,0,37,39
6,16410,3,KR4MFM,52.92,6,  drogue,-4.53,84576,1498.07,595.25,-28.77,52.1,0,4.2,4.11,5.37,-4.07,12.85,417.68,61.84,-10.43,0.59,-0.12,0.35,68.22,4.2,0,0,0,0,1,1,15,31.0384284,-103.5126888,1553,2026,6,20,23,47,29,1057,1235,115,31,0.9,0.5,0.7,38,41,34,0,0,0,0,0,0,26,0,36,0,0,0,0,0,0,0,0,0,0,29,0,35,31,0,37,0,0,37,39
6,16410,3,KR4MFM,52.94,6,  drogue,-4.53,84576,1498.07,595.25,-28.77,52.1,0,4.2,4.11,5.37,-4.07,12.85,417.68,61.84,-10.43,0.59,-0.12,0.35,68.22,4.2,0,0,0,0,1,1,15,31.0384284,-103.5126888,1553,2026,6,20,23,47,29,1057,1235,115,31,0.9,0.5,0.7,38,41,34,0,0,0,0,0,0,26,0,36,0,0,0,0,0,0,0,0,0,0,29,0,35,31,0,37,0,0,37,39
6,16410,3,KR4MFM,52.94,6,  drogue,-4.53,84576,1498.07,595.25,-28.77,52.1,0,4.2,4.11,5.37,-4.07,12.85,417.68,61.84,-10.43,0.59,-0.12,0.35,68.22,4.2,0,0,0,0,1,1,15,31.0384284,-103.5126888,1553,2026,6,20,23,47,29,1057,1235,115,31,0.9,0.5,0.7,38,41,34,0,0,0,0,0,0,26,0,36,0,0,0,0,0,0,0,0,0,0,29,0,35,31,0,37,0,0,37,39
6,16410,3,KR4MFM,53.02,6,  drogue,-4.53,84672,1488.83,586,-28.74,52.1,0,4.2,4.11,5.45,-11.47,5.41,397.66,67.09,58.23,0.64,0.13,0.2,74.8,4.2,0,0,0,0,1,1,15,31.0384664,-103.5127309,1525,2026,6,20,23,47,30,1051,1216,115,30,0.8,0.5,0.7,30,39,29,0,0,0,0,0,0,35,0,43,0,0,0,0,0,0,0,0,0,0,36,0,36,37,0,33,0,0,39,43
6,16410,3,KR4MFM,53.12,6,  drogue,-6.54,84724,1483.82,581,-28.58,52.1,0,4.2,4.11,4.32,-10.53,0.28,275.77,32.67,112.61,0.69,0.14,0.03,84.5,4.2,0,0,0,0,1,1,15,31.0384664,-103.5127309,1525,2026,6,20,23,47,30,1051,1216,115,30,0.8,0.5,0.7,30,39,29,0,0,0,0,0,0,35,0,43,0,0,0,0,0,0,0,0,0,0,36,0,36,37,0,33,0,0,39,43
6,16410,3,KR4MFM,53.14,6,  drogue,-6.54,84724,1483.82,581,-28.58,52.1,0,4.19,4.11,4.32,-10.53,0.28,275.77,32.67,112.61,0.69,0.14,0.03,84.5,4.2,0,0,0,0,1,1,15,31.0384664,-103.5127309,1525,2026,6,20,23,47,30,1051,1216,115,30,0.8,0.5,0.7,30,39,29,0,0,0,0,0,0,35,0,43,0,0,0,0,0,0,0,0,0,0,36,0,36,37,0,33,0,0,39,43
6,16410,3,KR4MFM,53.22,6,  drogue,-6.54,84795,1476.99,574.17,-28.29,52.1,0,4.19,4.11,4.96,-5.01,-2.48,256.67,-12.68,143.31,0.74,0.04,-0.08,97.3,4.2,0,0,0,0,1,1,15,31.0384664,-103.5127309,1525,2026,6,20,23,47,30,1051,1216,115,30,0.8,0.5,0.7,30,39,29,0,0,0,0,0,0,35,0,43,0,0,0,0,0,0,0,0,0,0,36,0,36,37,0,33,0,0,39,43
6,16410,3,KR4MFM,53.32,6,  drogue,-8.55,84867,1470.07,567.25,-27.95,52.1,0,4.19,4.11,3.69,0.92,-0.94,154.56,-48.27,139.83,0.77,-0.09,-0.08,111.53,4.2,0,0,0,0,1,1,15,31.0384664,-103.5127309,1525,2026,6,20,23,47,30,1051,1216,115,30,0.8,0.5,0.7,30,39,29,0,0,0,0,0,0,35,0,43,0,0,0,0,0,0,0,0,0,0,36,0,36,37,0,33,0,0,39,43
6,16410,3,KR4MFM,53.42,6,  drogue,-7.04,84912,1465.75,562.92,-27.54,52.1,0,4.19,4.11,3.02,4.09,-3.57,72.04,-77.01,129.46,0.76,-0.21,-0.02,126.2,4.2,0,0,0,0,1,1,15,31.0384664,-103.5127309,1525,2026,6,20,23,47,30,1051,1216,115,30,0.8,0.5,0.7,30,39,29,0,0,0,0,0,0,35,0,43,0,0,0,0,0,0,0,0,0,0,36,0,36,37,0,33,0,0,39,43
6,16410,3,KR4MFM,53.46,6,  drogue,-7.04,84912,1465.75,562.92,-27.54,52.1,0,4.2,4.11,3.02,4.09,-3.57,72.04,-77.01,129.46,0.76,-0.21,-0.02,126.2,4.19,0,0,0,0,1,1,15,31.0384664,-103.5127309,1525,2026,6,20,23,47,30,1051,1216,115,30,0.8,0.5,0.7,30,39,29,0,0,0,0,0,0,35,0,43,0,0,0,0,0,0,0,0,0,0,36,0,36,37,0,33,0,0,39,43
6,16410,3,KR4MFM,53.52,6,  drogue,-6.03,84887,1468.15,565.33,-27.21,52.1,0,4.2,4.11,3.57,11.57,-0.31,176.59,-115.34,103.95,0.73,-0.29,0.09,140.16,4.19,0,0,0,0,1,1,15,31.0384664,-103.5127309,1525,2026,6,20,23,47,30,1051,1216,115,30,0.8,0.5,0.7,30,39,29,0,0,0,0,0,0,35,0,43,0,0,0,0,0,0,0,0,0,0,36,0,36,37,0,33,0,0,39,43
6,16410,3,KR4MFM,53.62,6,  drogue,-6.54,84796,1476.9,574.07,-26.97,52.1,0,4.2,4.11,5.39,9.2,11.44,343.71,-122.24,21.91,0.68,-0.23,0.24,148.32,4.19,0,0,0,0,1,1,15,31.0384664,-103.5127309,1525,2026,6,20,23,47,30,1051,1216,115,30,0.8,0.5,0.7,30,39,29,0,0,0,0,0,0,35,0,43,0,0,0,0,0,0,0,0,0,0,36,0,36,37,0,33,0,0,39,43
6,16410,3,KR4MFM,53.72,6,  drogue,-6.03,84708,1485.36,582.54,-26.81,52.1,0,4.2,4.11,4.1,6.74,9.53,395.89,-93.43,-49.5,0.63,0,0.31,152.28,4.19,0,0,0,0,1,1,15,31.0384664,-103.5127309,1525,2026,6,20,23,47,30,1051,1216,115,30,0.8,0.5,0.7,30,39,29,0,0,0,0,0,0,35,0,43,0,0,0,0,0,0,0,0,0,0,36,0,36,37,0,33,0,0,39,43
6,16410,3,KR4MFM,53.78,6,  drogue,-6.03,84708,1485.36,582.54,-26.81,52.1,0,4.19,4.11,4.1,6.74,9.53,395.89,-93.43,-49.5,0.63,0,0.31,152.28,4.2,0,0,0.01,0,1,1,15,31.0384664,-103.5127309,1525,2026,6,20,23,47,30,1051,1216,115,30,0.8,0.5,0.7,30,39,29,0,0,0,0,0,0,35,0,43,0,0,0,0,0,0,0,0,0,0,36,0,36,37,0,33,0,0,39,43
6,16410,3,KR4MFM,53.82,6,  drogue,-6.03,84771,1479.3,576.48,-26.7,52.1,0,4.19,4.11,4.46,-6.86,13.89,541.09,-0.35,-91.98,0.56,0.25,0.12,149.51,4.2,0,0,0.01,0,1,1,15,31.0384664,-103.5127309,1525,2026,6,20,23,47,30,1051,1216,115,30,0.8,0.5,0.7,30,39,29,0,0,0,0,0,0,35,0,43,0,0,0,0,0,0,0,0,0,0,36,0,36,37,0,33,0,0,39,43
6,16410,3,KR4MFM,53.92,6,  drogue,-7.54,84850,1471.71,568.88,-26.62,52.1,0,4.19,4.11,2.87,-11.82,3.04,414.02,73.5,-28.44,0.5,0.23,-0.24,143.96,4.2,0,0,0.01,0,1,1,15,31.0384664,-103.5127309,1525,2026,6,20,23,47,30,1051,1216,115,30,0.8,0.5,0.7,30,39,29,0,0,0,0,0,0,35,0,43,0,0,0,0,0,0,0,0,0,0,36,0,36,37,0,33,0,0,39,43
6,16410,3,KR4MFM,53.92,6,  drogue,-7.54,84850,1471.71,568.88,-26.62,52.1,0,4.19,4.11,2.87,-11.82,3.04,414.02,73.5,-28.44,0.5,0.23,-0.24,143.96,4.2,0,0,0.01,0,1,1,15,31.0384664,-103.5127309,1525,2026,6,20,23,47,30,1051,1216,115,30,0.8,0.5,0.7,30,39,29,0,0,0,0,0,0,35,0,43,0,0,0,0,0,0,0,0,0,0,36,0,36,37,0,33,0,0,39,43
6,16410,3,KR4MFM,53.92,6,  drogue,-7.54,84850,1471.71,568.88,-26.62,52.1,0,4.19,4.11,2.87,-11.82,3.04,414.02,73.5,-28.44,0.5,0.23,-0.24,143.96,4.2,0,0,0.01,0,1,1,15,31.0384664,-103.5127309,1525,2026,6,20,23,47,30,1051,1216,115,30,0.8,0.5,0.7,30,39,29,0,0,0,0,0,0,35,0,43,0,0,0,0,0,0,0,0,0,0,36,0,36,37,0,33,0,0,39,43
6,16410,3,KR4MFM,54.02,6,  drogue,-9.05,84916,1465.36,562.54,-26.58,52.1,0,4.19,4.11,2.83,-11.21,-6.34,160.66,65.87,33.63,0.46,0.12,-0.38,137.69,4.2,0,0,0.01,0,1,1,15,31.0384946,-103.5127908,1496,2026,6,20,23,47,31,1045,1196,115,29,0.8,0.5,0.7,37,33,38,0,0,0,0,0,0,31,0,28,0,0,0,0,0,0,0,0,0,0,28,0,30,39,0,41,0,0,42,41
6,16410,3,KR4MFM,54.1,6,  drogue,-9.05,84916,1465.36,562.54,-26.58,52.1,0,4.2,4.11,2.83,-11.21,-6.34,160.66,65.87,33.63,0.46,0.12,-0.38,137.69,4.18,0,0,0,0,1,1,15,31.0384946,-103.5127908,1496,2026,6,20,23,47,31,1045,1196,115,29,0.8,0.5,0.7,37,33,38,0,0,0,0,0,0,31,0,28,0,0,0,0,0,0,0,0,0,0,28,0,30,39,0,41,0,0,42,41
6,16410,3,KR4MFM,54.12,6,  drogue,-7.54,84929,1464.12,561.29,-26.56,52.1,0,4.2,4.11,2.32,-15.45,-6.09,32.67,51.83,72.51,0.44,0.05,-0.43,129.16,4.18,0,0,0,0,1,1,15,31.0384946,-103.5127908,1496,2026,6,20,23,47,31,1045,1196,115,29,0.8,0.5,0.7,37,33,38,0,0,0,0,0,0,31,0,28,0,0,0,0,0,0,0,0,0,0,28,0,30,39,0,41,0,0,42,41
6,16410,3,KR4MFM,54.22,6,  drogue,-7.04,84976,1459.6,556.78,-26.55,52.1,0,4.2,4.11,2.32,-8.38,-7.28,7.65,42.25,102.91,0.43,0.01,-0.45,118.08,4.18,0,0,0,0,1,1,15,31.0384946,-103.5127908,1496,2026,6,20,23,47,31,1045,1196,115,29,0.8,0.5,0.7,37,33,38,0,0,0,0,0,0,31,0,28,0,0,0,0,0,0,0,0,0,0,28,0,30,39,0,41,0,0,42,41
6,16410,3,KR4MFM,54.32,6,  drogue,-8.05,84991,1458.16,555.34,-26.5,52.1,0,4.2,4.11,1.82,-7.6,-7.1,9.17,33.46,116.7,0.43,-0.02,-0.46,105.95,4.18,0,0,0,0,1,1,15,31.0384946,-103.5127908,1496,2026,6,20,23,47,31,1045,1196,115,29,0.8,0.5,0.7,37,33,38,0,0,0,0,0,0,31,0,28,0,0,0,0,0,0,0,0,0,0,28,0,30,39,0,41,0,0,42,41
6,16410,3,KR4MFM,54.42,6,  drogue,-8.05,85046,1452.89,550.06,-26.44,52.1,0,4.19,4.11,2.62,-0.96,-3.66,58.37,27.66,122.62,0.42,-0.08,-0.47,93.42,4.19,0,0,0,0,1,1,15,31.0384946,-103.5127908,1496,2026,6,20,23,47,31,1045,1196,115,29,0.8,0.5,0.7,37,33,38,0,0,0,0,0,0,31,0,28,0,0,0,0,0,0,0,0,0,0,28,0,30,39,0,41,0,0,42,41
6,16410,3,KR4MFM,54.42,6,  drogue,-8.05,85046,1452.89,550.06,-26.44,52.1,0,4.19,4.11,2.62,-0.96,-3.66,58.37,27.66,122.62,0.42,-0.08,-0.47,93.42,4.19,0,0,0,0,1,1,15,31.0384946,-103.5127908,1496,2026,6,20,23,47,31,1045,1196,115,29,0.8,0.5,0.7,37,33,38,0,0,0,0,0,0,31,0,28,0,0,0,0,0,0,0,0,0,0,28,0,30,39,0,41,0,0,42,41
6,16410,3,KR4MFM,54.52,6,  drogue,-7.54,85017,1455.67,552.84,-26.34,52.1,0,4.19,4.11,2.76,1.89,-3.84,112.93,18.45,112.49,0.4,-0.18,-0.47,82.02,4.19,0,0,0,0,1,1,15,31.0384946,-103.5127908,1496,2026,6,20,23,47,31,1045,1196,115,29,0.8,0.5,0.7,37,33,38,0,0,0,0,0,0,31,0,28,0,0,0,0,0,0,0,0,0,0,28,0,30,39,0,41,0,0,42,41
6,16410,3,KR4MFM,54.62,6,  drogue,-4.53,85057,1451.83,549.01,-26.2,52.1,0,4.19,4.11,4.71,4.7,-4.23,139.91,3.8,100.77,0.37,-0.3,-0.45,71.95,4.19,0,0,0,0,1,1,15,31.0384946,-103.5127908,1496,2026,6,20,23,47,31,1045,1196,115,29,0.8,0.5,0.7,37,33,38,0,0,0,0,0,0,31,0,28,0,0,0,0,0,0,0,0,0,0,28,0,30,39,0,41,0,0,42,41
6,16410,3,KR4MFM,54.72,6,  drogue,-5.53,85091,1448.57,545.75,-26.01,52.1,0,4.19,4.11,5.36,3.19,-4.91,91.87,-3.47,79.04,0.35,-0.39,-0.41,64.22,4.19,0,0,0,0,1,1,15,31.0384946,-103.5127908,1496,2026,6,20,23,47,31,1045,1196,115,29,0.8,0.5,0.7,37,33,38,0,0,0,0,0,0,31,0,28,0,0,0,0,0,0,0,0,0,0,28,0,30,39,0,41,0,0,42,41
6,16410,3,KR4MFM,54.74,6,  drogue,-5.53,85091,1448.57,545.75,-26.01,52.1,0,4.19,4.1,5.36,3.19,-4.91,91.87,-3.47,79.04,0.35,-0.39,-0.41,64.22,4.19,0,0,0,0,1,1,15,31.0384946,-103.5127908,1496,2026,6,20,23,47,31,1045,1196,115,29,0.8,0.5,0.7,37,33,38,0,0,0,0,0,0,31,0,28,0,0,0,0,0,0,0,0,0,0,28,0,30,39,0,41,0,0,42,41
6,16410,3,KR4MFM,54.82,6,  drogue,-5.53,85184,1439.66,536.83,-25.81,52.1,0,4.19,4.1,5.01,7.89,-3.7,-3.58,-14.27,49.81,0.32,-0.42,-0.39,59.09,4.19,0,0,0,0,1,1,15,31.0384946,-103.5127908,1496,2026,6,20,23,47,31,1045,1196,115,29,0.8,0.5,0.7,37,33,38,0,0,0,0,0,0,31,0,28,0,0,0,0,0,0,0,0,0,0,28,0,30,39,0,41,0,0,42,41
6,16410,3,KR4MFM,54.92,6,  drogue,-4.53,85234,1434.87,532.04,-25.54,52.1,0,4.19,4.1,4.94,4.98,-3.6,-88.91,-0.11,40.47,0.3,-0.39,-0.41,55.42,4.19,0,0,0,0,1,1,15,31.0384946,-103.5127908,1496,2026,6,20,23,47,31,1045,1196,115,29,0.8,0.5,0.7,37,33,38,0,0,0,0,0,0,31,0,28,0,0,0,0,0,0,0,0,0,0,28,0,30,39,0,41,0,0,42,41
6,16410,3,KR4MFM,54.95,6,  drogue,-4.53,85234,1434.87,532.04,-25.54,52.1,0,4.19,4.1,4.94,4.98,-3.6,-88.91,-0.11,40.47,0.3,-0.39,-0.41,55.42,4.19,0,0,0,0,1,1,15,31.0384946,-103.5127908,1496,2026,6,20,23,47,31,1045,1196,115,29,0.8,0.5,0.7,37,33,38,0,0,0,0,0,0,31,0,28,0,0,0,0,0,0,0,0,0,0,28,0,30,39,0,41,0,0,42,41
6,16410,3,KR4MFM,54.95,6,  drogue,-4.53,85234,1434.87,532.04,-25.54,52.1,0,4.19,4.1,4.94,4.98,-3.6,-88.91,-0.11,40.47,0.3,-0.39,-0.41,55.42,4.19,0,0,0,0,1,1,15,31.0384946,-103.5127908,1496,2026,6,20,23,47,31,1045,1196,115,29,0.8,0.5,0.7,37,33,38,0,0,0,0,0,0,31,0,28,0,0,0,0,0,0,0,0,0,0,28,0,30,39,0,41,0,0,42,41
6,16410,3,KR4MFM,55.02,6,  drogue,-5.53,85257,1432.67,529.84,-25.23,52.1,0,4.19,4.1,5.93,6.32,-8.96,-220.08,-2.55,20.39,0.29,-0.27,-0.47,53.39,4.19,0,0,0,0,1,1,15,31.0385199,-103.5128523,1468,2026,6,20,23,47,32,1038,1177,115,28,0.8,0.4,0.7,35,35,29,0,0,0,0,0,0,43,0,43,0,0,0,0,0,0,0,0,0,0,38,0,39,31,0,39,0,0,41,44
6,16410,3,KR4MFM,55.06,6,  drogue,-5.53,85257,1432.67,529.84,-25.23,52.1,0,4.2,4.11,5.93,6.32,-8.96,-220.08,-2.55,20.39,0.29,-0.27,-0.47,53.39,4.2,0,0,0,0,1,1,15,31.0385199,-103.5128523,1468,2026,6,20,23,47,32,1038,1177,115,28,0.8,0.4,0.7,35,35,29,0,0,0,0,0,0,43,0,43,0,0,0,0,0,0,0,0,0,0,38,0,39,31,0,39,0,0,41,44
6,16410,3,KR4MFM,55.12,6,  drogue,-4.53,85223,1435.92,533.1,-24.87,52.1,0,4.2,4.11,5.97,-6.8,-7.44,-436.32,-7.01,4.89,0.29,-0.03,-0.48,52.97,4.2,0,0,0,0,1,1,15,31.0385199,-103.5128523,1468,2026,6,20,23,47,32,1038,1177,115,28,0.8,0.4,0.7,35,35,29,0,0,0,0,0,0,43,0,43,0,0,0,0,0,0,0,0,0,0,38,0,39,31,0,39,0,0,41,44
6,16410,3,KR4MFM,55.22,6,  drogue,-4.53,85202,1437.93,535.11,-24.48,52.1,0,4.2,4.11,5.46,-9.54,-0.5,-492.54,19.06,36.38,0.32,0.3,-0.21,49.17,4.2,0,0,0,0,1,1,15,31.0385199,-103.5128523,1468,2026,6,20,23,47,32,1038,1177,115,28,0.8,0.4,0.7,35,35,29,0,0,0,0,0,0,43,0,43,0,0,0,0,0,0,0,0,0,0,38,0,39,31,0,39,0,0,41,44
6,16410,3,KR4MFM,55.32,6,  drogue,-5.53,85248,1433.53,530.7,-24.09,52.1,0,4.2,4.11,5.11,-9.06,6.47,-381.15,43.59,28.57,0.36,0.31,0.13,45.48,4.2,0,0,0,0,1,1,15,31.0385199,-103.5128523,1468,2026,6,20,23,47,32,1038,1177,115,28,0.8,0.4,0.7,35,35,29,0,0,0,0,0,0,43,0,43,0,0,0,0,0,0,0,0,0,0,38,0,39,31,0,39,0,0,41,44
6,16410,3,KR4MFM,55.38,6,  drogue,-5.53,85248,1433.53,530.7,-24.09,52.1,0.02,4.2,4.11,5.11,-9.06,6.47,-381.15,43.59,28.57,0.36,0.31,0.13,45.48,4.2,0,0,0,0,1,1,15,31.0385199,-103.5128523,1468,2026,6,20,23,47,32,1038,1177,115,28,0.8,0.4,0.7,35,35,29,0,0,0,0,0,0,43,0,43,0,0,0,0,0,0,0,0,0,0,38,0,39,31,0,39,0,0,41,44
6,16410,3,KR4MFM,55.42,6,  drogue,-6.03,85309,1427.69,524.87,-23.72,52.1,0.02,4.2,4.11,4.94,-2.78,9.09,-305.83,76.37,-8.48,0.41,0.16,0.33,40.35,4.2,0,0,0,0,1,1,15,31.0385199,-103.5128523,1468,2026,6,20,23,47,32,1038,1177,115,28,0.8,0.4,0.7,35,35,29,0,0,0,0,0,0,43,0,43,0,0,0,0,0,0,0,0,0,0,38,0,39,31,0,39,0,0,41,44
6,16410,3,KR4MFM,55.52,6,  drogue,-6.03,85396,1419.37,516.54,-23.37,52.1,0.02,4.2,4.11,5.7,2.87,11.11,-146.16,77.59,-49.92,0.45,0.02,0.4,35.78,4.2,0,0,0,0,1,1,15,31.0385199,-103.5128523,1468,2026,6,20,23,47,32,1038,1177,115,28,0.8,0.4,0.7,35,35,29,0,0,0,0,0,0,43,0,43,0,0,0,0,0,0,0,0,0,0,38,0,39,31,0,39,0,0,41,44
6,16410,3,KR4MFM,55.62,6,  drogue,-7.04,85443,1414.88,512.05,-23.08,52.1,0.02,4.2,4.11,3.14,1.41,10.19,33.22,90.22,-74.28,0.5,0.03,0.38,34,4.2,0,0,0,0,1,1,15,31.0385199,-103.5128523,1468,2026,6,20,23,47,32,1038,1177,115,28,0.8,0.4,0.7,35,35,29,0,0,0,0,0,0,43,0,43,0,0,0,0,0,0,0,0,0,0,38,0,39,31,0,39,0,0,41,44
6,16410,3,KR4MFM,55.7,6,  drogue,-7.04,85443,1414.88,512.05,-23.08,52.1,0.01,4.2,4.11,3.14,1.41,10.19,33.22,90.22,-74.28,0.5,0.03,0.38,34,4.2,0,0,0,0,1,1,15,31.0385199,-103.5128523,1468,2026,6,20,23,47,32,1038,1177,115,28,0.8,0.4,0.7,35,35,29,0,0,0,0,0,0,43,0,43,0,0,0,0,0,0,0,0,0,0,38,0,39,31,0,39,0,0,41,44
6,16410,3,KR4MFM,55.72,6,  drogue,-9.05,85466,1412.68,509.85,-22.88,52.1,0.01,4.2,4.11,2.2,-6.93,6.76,108.54,124.59,-68.36,0.54,0.11,0.32,37.97,4.2,0,0,0,0,1,1,15,31.0385199,-103.5128523,1468,2026,6,20,23,47,32,1038,1177,115,28,0.8,0.4,0.7,35,35,29,0,0,0,0,0,0,43,0,43,0,0,0,0,0,0,0,0,0,0,38,0,39,31,0,39,0,0,41,44
6,16410,3,KR4MFM,55.82,6,  drogue,-8.05,85449,1414.3,511.48,-22.87,52.1,0.01,4.2,4.11,1.19,-8.58,2,-14.51,138.93,-39.91,0.59,0.16,0.23,46.02,4.2,0,0,0,0,1,1,15,31.0385199,-103.5128523,1468,2026,6,20,23,47,32,1038,1177,115,28,0.8,0.4,0.7,35,35,29,0,0,0,0,0,0,43,0,43,0,0,0,0,0,0,0,0,0,0,38,0,39,31,0,39,0,0,41,44
6,16410,3,KR4MFM,55.92,6,  drogue,-9.05,85434,1415.74,512.91,-23.06,52.1,0.01,4.2,4.11,1.53,-6.8,-1.73,-216.78,122.69,-40.1,0.63,0.13,0.23,54.85,4.2,0,0,0,0,1,1,15,31.0385199,-103.5128523,1468,2026,6,20,23,47,32,1038,1177,115,28,0.8,0.4,0.7,35,35,29,0,0,0,0,0,0,43,0,43,0,0,0,0,0,0,0,0,0,0,38,0,39,31,0,39,0,0,41,44
6,16410,3,KR4MFM,55.96,6,  drogue,-9.05,85434,1415.74,512.91,-23.06,52.1,0.01,4.2,4.11,1.53,-6.8,-1.73,-216.78,122.69,-40.1,0.63,0.13,0.23,54.85,4.2,0,0,0,0,1,1,15,31.0385199,-103.5128523,1468,2026,6,20,23,47,32,1038,1177,115,28,0.8,0.4,0.7,35,35,29,0,0,0,0,0,0,43,0,43,0,0,0,0,0,0,0,0,0,0,38,0,39,31,0,39,0,0,41,44
6,16410,3,KR4MFM,55.96,6,  drogue,-9.05,85434,1415.74,512.91,-23.06,52.1,0.01,4.2,4.11,1.53,-6.8,-1.73,-216.78,122.69,-40.1,0.63,0.13,0.23,54.85,4.2,0,0,0,0,1,1,15,31.0385199,-103.5128523,1468,2026,6,20,23,47,32,1038,1177,115,28,0.8,0.4,0.7,35,35,29,0,0,0,0,0,0,43,0,43,0,0,0,0,0,0,0,0,0,0,38,0,39,31,0,39,0,0,41,44
6,16410,3,KR4MFM,56.02,6,  drogue,-8.55,85461,1413.16,510.33,-23.41,52.1,0,4.19,4.1,3.02,-10.76,8.24,-347.33,101.21,-89.17,0.66,0.02,0.26,64.78,4.19,0,0,0,0,1,1,15,31.0385352,-103.5129112,1440,2026,6,20,23,47,33,1032,1159,115,27,0.8,0.4,0.7,39,40,37,0,0,0,0,0,0,34,0,35,0,0,0,0,0,0,0,0,0,0,36,0,34,39,0,37,0,0,43,42
6,16410,3,KR4MFM,56.02,6,  drogue,-8.55,85461,1413.16,510.33,-23.41,52.1,0,4.19,4.1,3.02,-10.76,8.24,-347.33,101.21,-89.17,0.66,0.02,0.26,64.78,4.19,0,0,0,0,1,1,15,31.0385352,-103.5129112,1440,2026,6,20,23,47,33,1032,1159,115,27,0.8,0.4,0.7,39,40,37,0,0,0,0,0,0,34,0,35,0,0,0,0,0,0,0,0,0,0,36,0,34,39,0,37,0,0,43,42
6,16410,3,KR4MFM,56.12,6,  drogue,-7.54,85485,1410.86,508.04,-23.87,52,0,4.19,4.1,2.79,-8.42,11.27,-398.36,43.71,-116.45,0.68,-0.12,0.27,75.24,4.19,0,0,0,0,1,1,15,31.0385352,-103.5129112,1440,2026,6,20,23,47,33,1032,1159,115,27,0.8,0.4,0.7,39,40,37,0,0,0,0,0,0,34,0,35,0,0,0,0,0,0,0,0,0,0,36,0,34,39,0,37,0,0,43,42
6,16410,3,KR4MFM,56.22,6,  drogue,-8.05,85432,1415.93,513.1,-24.45,52,0,4.19,4.1,1.88,0.98,18.86,-251.39,3.8,-110.35,0.7,-0.2,0.24,86.11,4.19,0,0,0,0,1,1,15,31.0385352,-103.5129112,1440,2026,6,20,23,47,33,1032,1159,115,27,0.8,0.4,0.7,39,40,37,0,0,0,0,0,0,34,0,35,0,0,0,0,0,0,0,0,0,0,36,0,34,39,0,37,0,0,43,42
6,16410,3,KR4MFM,56.32,6,  drogue,-8.55,85408,1418.22,515.4,-25.11,52,0,4.19,4.1,1.26,-1.04,19.01,60.26,30.16,-128.29,0.72,-0.14,0.21,97.95,4.19,0,0,0,0,1,1,15,31.0385352,-103.5129112,1440,2026,6,20,23,47,33,1032,1159,115,27,0.8,0.4,0.7,39,40,37,0,0,0,0,0,0,34,0,35,0,0,0,0,0,0,0,0,0,0,36,0,34,39,0,37,0,0,43,42
6,16410,3,KR4MFM,56.34,6,  drogue,-8.55,85408,1418.22,515.4,-25.11,52,0,4.2,4.1,1.26,-1.04,19.01,60.26,30.16,-128.29,0.72,-0.14,0.21,97.95,4.19,0,0,0,0,1,1,15,31.0385352,-103.5129112,1440,2026,6,20,23,47,33,1032,1159,115,27,0.8,0.4,0.7,39,40,37,0,0,0,0,0,0,34,0,35,0,0,0,0,0,0,0,0,0,0,36,0,34,39,0,37,0,0,43,42
6,16410,3,KR4MFM,56.42,6,  drogue,-12.07,85463,1412.96,510.14,-25.85,52,0,4.2,4.1,-0.7,-7.35,11,252.88,99.5,-109.49,0.73,0.01,0.14,107.49,4.19,0,0,0,0,1,1,15,31.0385352,-103.5129112,1440,2026,6,20,23,47,33,1032,1159,115,27,0.8,0.4,0.7,39,40,37,0,0,0,0,0,0,34,0,35,0,0,0,0,0,0,0,0,0,0,36,0,34,39,0,37,0,0,43,42
6,16410,3,KR4MFM,56.52,6,  drogue,-13.58,85478,1411.53,508.71,-26.55,52,0,4.2,4.1,-1.72,-10.75,5.32,188.19,131.67,-31.55,0.72,0.09,-0.01,113.92,4.19,0,0,0,0,1,1,15,31.0385352,-103.5129112,1440,2026,6,20,23,47,33,1032,1159,115,27,0.8,0.4,0.7,39,40,37,0,0,0,0,0,0,34,0,35,0,0,0,0,0,0,0,0,0,0,36,0,34,39,0,37,0,0,43,42
6,16410,3,KR4MFM,56.62,6,  drogue,-13.58,85521,1407.42,504.6,-27.21,52,0,4.2,4.1,-1.76,-9.74,1.12,-23.79,133.37,10.75,0.7,0.09,-0.14,119.34,4.19,0,0,0,0,1,1,15,31.0385352,-103.5129112,1440,2026,6,20,23,47,33,1032,1159,115,27,0.8,0.4,0.7,39,40,37,0,0,0,0,0,0,34,0,35,0,0,0,0,0,0,0,0,0,0,36,0,34,39,0,37,0,0,43,42
6,16410,3,KR4MFM,56.66,6,  drogue,-13.58,85521,1407.42,504.6,-27.21,52,0,4.2,4.11,-1.76,-9.74,1.12,-23.79,133.37,10.75,0.7,0.09,-0.14,119.34,4.2,0,0,0,0,1,1,15,31.0385352,-103.5129112,1440,2026,6,20,23,47,33,1032,1159,115,27,0.8,0.4,0.7,39,40,37,0,0,0,0,0,0,34,0,35,0,0,0,0,0,0,0,0,0,0,36,0,34,39,0,37,0,0,43,42
6,16410,3,KR4MFM,56.72,6,  drogue,-11.06,85582,1401.6,498.78,-27.82,52,0,4.2,4.11,-0.42,-9.33,-3.02,-222.52,113.05,-2.8,0.68,0.13,-0.17,123.42,4.2,0,0,0,0,1,1,15,31.0385352,-103.5129112,1440,2026,6,20,23,47,33,1032,1159,115,27,0.8,0.4,0.7,39,40,37,0,0,0,0,0,0,34,0,35,0,0,0,0,0,0,0,0,0,0,36,0,34,39,0,37,0,0,43,42
6,16410,3,KR4MFM,56.82,6,  drogue,-8.55,85653,1394.83,492,-28.37,52.1,0,4.2,4.11,2.08,-7.62,3.42,-417.83,71.18,-28.44,0.65,0.19,-0.05,125.21,4.2,0,0,0,0,1,1,15,31.0385352,-103.5129112,1440,2026,6,20,23,47,33,1032,1159,115,27,0.8,0.4,0.7,39,40,37,0,0,0,0,0,0,34,0,35,0,0,0,0,0,0,0,0,0,0,36,0,34,39,0,37,0,0,43,42
6,16410,3,KR4MFM,56.92,6,  drogue,-9.56,85668,1393.4,490.57,-28.82,52,0,4.2,4.11,1.92,-4.63,9.36,-472.76,39.69,-68.91,0.63,0.15,0.18,125.88,4.2,0,0,0,0,1,1,15,31.0385352,-103.5129112,1440,2026,6,20,23,47,33,1032,1159,115,27,0.8,0.4,0.7,39,40,37,0,0,0,0,0,0,34,0,35,0,0,0,0,0,0,0,0,0,0,36,0,34,39,0,37,0,0,43,42
6,16410,3,KR4MFM,56.92,6,  drogue,-9.56,85668,1393.4,490.57,-28.82,52,0,4.2,4.11,1.92,-4.63,9.36,-472.76,39.69,-68.91,0.63,0.15,0.18,125.88,4.2,0,0,0,0,1,1,15,31.0385352,-103.5129112,1440,2026,6,20,23,47,33,1032,1159,115,27,0.8,0.4,0.7,39,40,37,0,0,0,0,0,0,34,0,35,0,0,0,0,0,0,0,0,0,0,36,0,34,39,0,37,0,0,43,42
6,16410,3,KR4MFM,56.92,6,  drogue,-9.56,85668,1393.4,490.57,-28.82,52,0,4.2,4.11,1.92,-4.63,9.36,-472.76,39.69,-68.91,0.63,0.15,0.18,125.88,4.2,0,0,0,0,1,1,15,31.0385352,-103.5129112,1440,2026,6,20,23,47,33,1032,1159,115,27,0.8,0.4,0.7,39,40,37,0,0,0,0,0,0,34,0,35,0,0,0,0,0,0,0,0,0,0,36,0,34,39,0,37,0,0,43,42
6,16410,3,KR4MFM,56.98,6,  drogue,-9.56,85668,1393.4,490.57,-28.82,52,0,4.19,4.11,1.92,-4.63,9.36,-472.76,39.69,-68.91,0.63,0.15,0.18,125.88,4.2,0,0,0,0,1,1,15,31.0385542,-103.5129688,1413,2026,6,20,23,47,34,1026,1142,115,26,0.9,0.5,0.7,37,29,34,0,0,0,0,0,0,37,0,27,0,0,0,0,0,0,0,0,0,0,36,0,34,37,0,40,0,0,38,32
6,16410,3,KR4MFM,57.02,6,  drogue,-9.56,85667,1393.49,490.67,-29.13,52,0,4.19,4.11,1.04,3.53,9.48,-312.79,9.47,-81.85,0.62,0.02,0.31,122.48,4.2,0,0,0,0,1,1,15,31.0385542,-103.5129688,1413,2026,6,20,23,47,34,1026,1142,115,26,0.9,0.5,0.7,37,29,34,0,0,0,0,0,0,37,0,27,0,0,0,0,0,0,0,0,0,0,36,0,34,37,0,40,0,0,38,32
6,16410,3,KR4MFM,57.12,6,  drogue,-9.56,85698,1390.54,487.71,-29.26,52,0,4.19,4.11,1.21,3.22,10.01,-164.66,-11.1,-89.29,0.6,-0.06,0.35,115.96,4.2,0,0,0,0,1,1,15,31.0385542,-103.5129688,1413,2026,6,20,23,47,34,1026,1142,115,26,0.9,0.5,0.7,37,29,34,0,0,0,0,0,0,37,0,27,0,0,0,0,0,0,0,0,0,0,36,0,34,37,0,40,0,0,38,32
6,16410,3,KR4MFM,57.22,6,  drogue,-9.56,85741,1386.44,483.61,-29.23,52,0,4.19,4.11,1.64,4.54,8.69,-78.54,-4.56,-82.88,0.59,-0.09,0.36,108.21,4.2,0,0,0,0,1,1,15,31.0385542,-103.5129688,1413,2026,6,20,23,47,34,1026,1142,115,26,0.9,0.5,0.7,37,29,34,0,0,0,0,0,0,37,0,27,0,0,0,0,0,0,0,0,0,0,36,0,34,37,0,40,0,0,38,32
6,16410,3,KR4MFM,57.3,6,  drogue,-9.56,85741,1386.44,483.61,-29.23,52,0.01,4.19,4.11,1.64,4.54,8.69,-78.54,-4.56,-82.88,0.59,-0.09,0.36,108.21,4.19,0,0,0,0,1,1,15,31.0385542,-103.5129688,1413,2026,6,20,23,47,34,1026,1142,115,26,0.9,0.5,0.7,37,29,34,0,0,0,0,0,0,37,0,27,0,0,0,0,0,0,0,0,0,0,36,0,34,37,0,40,0,0,38,32
6,16410,3,KR4MFM,57.32,6,  drogue,-7.54,85788,1381.96,479.14,-29.1,52,0.01,4.19,4.11,2.06,3.26,7.11,-12.98,7.83,-89.72,0.58,-0.08,0.36,99.23,4.19,0,0,0,0,1,1,15,31.0385542,-103.5129688,1413,2026,6,20,23,47,34,1026,1142,115,26,0.9,0.5,0.7,37,29,34,0,0,0,0,0,0,37,0,27,0,0,0,0,0,0,0,0,0,0,36,0,34,37,0,40,0,0,38,32
6,16410,3,KR4MFM,57.42,6,  drogue,-6.03,85873,1373.87,471.04,-28.86,52,0.01,4.19,4.11,2.92,-1.43,10.09,22.9,26.07,-86.06,0.58,-0.02,0.35,90.34,4.19,0,0,0,0,1,1,15,31.0385542,-103.5129688,1413,2026,6,20,23,47,34,1026,1142,115,26,0.9,0.5,0.7,37,29,34,0,0,0,0,0,0,37,0,27,0,0,0,0,0,0,0,0,0,0,36,0,34,37,0,40,0,0,38,32
6,16410,3,KR4MFM,57.52,6,  drogue,-8.55,85925,1368.92,466.09,-28.54,52,0.01,4.19,4.11,2.79,0.27,8.39,75.03,55.74,-78.12,0.59,0.05,0.32,81.65,4.19,0,0,0,0,1,1,15,31.0385542,-103.5129688,1413,2026,6,20,23,47,34,1026,1142,115,26,0.9,0.5,0.7,37,29,34,0,0,0,0,0,0,37,0,27,0,0,0,0,0,0,0,0,0,0,36,0,34,37,0,40,0,0,38,32
6,16410,3,KR4MFM,57.62,6,  drogue,-9.05,86012,1360.65,457.82,-28.17,52,0,4.19,4.11,3.05,-5.22,9.05,152.48,85.89,-62.92,0.6,0.15,0.23,73.05,4.19,0,0,0,0,1,1,15,31.0385542,-103.5129688,1413,2026,6,20,23,47,34,1026,1142,115,26,0.9,0.5,0.7,37,29,34,0,0,0,0,0,0,37,0,27,0,0,0,0,0,0,0,0,0,0,36,0,34,37,0,40,0,0,38,32
6,16410,3,KR4MFM,57.62,6,  drogue,-9.05,86012,1360.65,457.82,-28.17,52,0,4.19,4.11,3.05,-5.22,9.05,152.48,85.89,-62.92,0.6,0.15,0.23,73.05,4.19,0,0,0,0,1,1,15,31.0385542,-103.5129688,1413,2026,6,20,23,47,34,1026,1142,115,26,0.9,0.5,0.7,37,29,34,0,0,0,0,0,0,37,0,27,0,0,0,0,0,0,0,0,0,0,36,0,34,37,0,40,0,0,38,32
6,16410,3,KR4MFM,57.72,6,  drogue,-8.05,86037,1358.27,455.45,-27.77,52,0,4.19,4.11,3.33,-5.5,3.83,168.84,119.28,-12.02,0.62,0.22,0.08,65.92,4.19,0,0,0,0,1,1,15,31.0385542,-103.5129688,1413,2026,6,20,23,47,34,1026,1142,115,26,0.9,0.5,0.7,37,29,34,0,0,0,0,0,0,37,0,27,0,0,0,0,0,0,0,0,0,0,36,0,34,37,0,40,0,0,38,32
6,16410,3,KR4MFM,57.82,6,  drogue,-5.53,86074,1354.75,451.93,-27.36,52,0,4.19,4.11,2.67,-6.87,-3.43,35.23,118.79,26,0.63,0.22,-0.03,59.69,4.19,0,0,0,0,1,1,15,31.0385542,-103.5129688,1413,2026,6,20,23,47,34,1026,1142,115,26,0.9,0.5,0.7,37,29,34,0,0,0,0,0,0,37,0,27,0,0,0,0,0,0,0,0,0,0,36,0,34,37,0,40,0,0,38,32
6,16410,3,KR4MFM,57.92,6,  drogue,-6.54,86082,1353.99,451.17,-27.01,52,0,4.19,4.11,3.46,-4.74,-6.49,-127.79,108.41,33.15,0.64,0.2,-0.06,55.21,4.19,0,0,0,0,1,1,15,31.0385542,-103.5129688,1413,2026,6,20,23,47,34,1026,1142,115,26,0.9,0.5,0.7,37,29,34,0,0,0,0,0,0,37,0,27,0,0,0,0,0,0,0,0,0,0,36,0,34,37,0,40,0,0,38,32
6,16410,3,KR4MFM,57.94,6,  drogue,-6.54,86082,1353.99,451.17,-27.01,52,0,4.2,4.11,3.46,-4.74,-6.49,-127.79,108.41,33.15,0.64,0.2,-0.06,55.21,4.18,0,0,0,0,1,1,15,31.0385542,-103.5129688,1413,2026,6,20,23,47,34,1026,1142,115,26,0.9,0.5,0.7,37,29,34,0,0,0,0,0,0,37,0,27,0,0,0,0,0,0,0,0,0,0,36,0,34,37,0,40,0,0,38,32
6,16410,3,KR4MFM,57.94,6,  drogue,-6.54,86082,1353.99,451.17,-27.01,52,0,4.2,4.11,3.46,-4.74,-6.49,-127.79,108.41,33.15,0.64,0.2,-0.06,55.21,4.18,0,0,0,0,1,1,15,31.0385542,-103.5129688,1413,2026,6,20,23,47,34,1026,1142,115,26,0.9,0.5,0.7,37,29,34,0,0,0,0,0,0,37,0,27,0,0,0,0,0,0,0,0,0,0,36,0,34,37,0,40,0,0,38,32
6,16410,3,KR4MFM,57.94,6,  drogue,-6.54,86082,1353.99,451.17,-27.01,52,0,4.2,4.11,3.46,-4.74,-6.49,-127.79,108.41,33.15,0.64,0.2,-0.06,55.21,4.18,0,0,0,0,1,1,15,31.0385542,-103.5129688,1413,2026,6,20,23,47,34,1026,1142,115,26,0.9,0.5,0.7,37,29,34,0,0,0,0,0,0,37,0,27,0,0,0,0,0,0,0,0,0,0,36,0,34,37,0,40,0,0,38,32
6,16410,3,KR4MFM,58.02,6,  drogue,-5.53,86086,1353.61,450.79,-26.75,52,0,4.2,4.11,4.61,-5.81,-6.42,-279.34,99.38,5.98,0.65,0.2,0.01,52.3,4.18,0,0,0,0,1,1,15,31.0385789,-103.5130195,1384,2026,6,20,23,47,35,1021,1124,115,25,0.8,0.5,0.7,41,43,37,0,0,0,0,0,0,38,0,37,0,0,0,0,0,0,0,0,0,0,40,0,35,19,0,26,0,0,43,39
6,16410,3,KR4MFM,58.12,6,  drogue,-5.03,86082,1353.99,451.17,-26.62,52,0,4.2,4.11,5.48,-11.69,0.12,-378.89,90.71,-21.54,0.66,0.15,0.13,52.51,4.18,0,0,0,0,1,1,15,31.0385789,-103.5130195,1384,2026,6,20,23,47,35,1021,1124,115,25,0.8,0.5,0.7,41,43,37,0,0,0,0,0,0,38,0,37,0,0,0,0,0,0,0,0,0,0,40,0,35,19,0,26,0,0,43,39
6,16410,3,KR4MFM,58.22,6,  drogue,-6.03,86086,1353.61,450.79,-26.59,52,0,4.2,4.11,5.1,-11.16,6.27,-370.22,77.83,-41.5,0.68,0.03,0.23,56.99,4.18,0,0,0,0,1,1,15,31.0385789,-103.5130195,1384,2026,6,20,23,47,35,1021,1124,115,25,0.8,0.5,0.7,41,43,37,0,0,0,0,0,0,38,0,37,0,0,0,0,0,0,0,0,0,0,40,0,35,19,0,26,0,0,43,39
6,16410,3,KR4MFM,58.26,6,  drogue,-6.03,86086,1353.61,450.79,-26.59,52,0,4.19,4.11,5.1,-11.16,6.27,-370.22,77.83,-41.5,0.68,0.03,0.23,56.99,4.18,0,0,0,0,1,1,15,31.0385789,-103.5130195,1384,2026,6,20,23,47,35,1021,1124,115,25,0.8,0.5,0.7,41,43,37,0,0,0,0,0,0,38,0,37,0,0,0,0,0,0,0,0,0,0,40,0,35,19,0,26,0,0,43,39
6,16410,3,KR4MFM,58.32,6,  drogue,-5.03,86097,1352.57,449.75,-26.72,52,0,4.19,4.11,4.74,-9.64,4.51,-406.17,58.97,-72.2,0.7,-0.1,0.23,64.02,4.18,0,0,0,0,1,1,15,31.0385789,-103.5130195,1384,2026,6,20,23,47,35,1021,1124,115,25,0.8,0.5,0.7,41,43,37,0,0,0,0,0,0,38,0,37,0,0,0,0,0,0,0,0,0,0,40,0,35,19,0,26,0,0,43,39
6,16410,3,KR4MFM,58.42,6,  drogue,-5.53,86122,1350.2,447.37,-27.05,52,0,4.19,4.11,4.97,-3.68,11.67,-404.04,5.02,-80.38,0.72,-0.21,0.19,70.73,4.18,0,0,0,0,1,1,15,31.0385789,-103.5130195,1384,2026,6,20,23,47,35,1021,1124,115,25,0.8,0.5,0.7,41,43,37,0,0,0,0,0,0,38,0,37,0,0,0,0,0,0,0,0,0,0,40,0,35,19,0,26,0,0,43,39
6,16410,3,KR4MFM,58.52,6,  drogue,-4.02,86086,1353.61,450.79,-27.53,52,0,4.19,4.11,5.45,0.76,9.32,-209.4,-3.95,-94.72,0.73,-0.25,0.13,80.2,4.18,0,0,0,0,1,1,15,31.0385789,-103.5130195,1384,2026,6,20,23,47,35,1021,1124,115,25,0.8,0.5,0.7,41,43,37,0,0,0,0,0,0,38,0,37,0,0,0,0,0,0,0,0,0,0,40,0,35,19,0,26,0,0,43,39
6,16410,3,KR4MFM,58.58,6,  drogue,-4.02,86086,1353.61,450.79,-27.53,52,0.01,4.2,4.11,5.45,0.76,9.32,-209.4,-3.95,-94.72,0.73,-0.25,0.13,80.2,4.19,0,0,0,0,1,1,15,31.0385789,-103.5130195,1384,2026,6,20,23,47,35,1021,1124,115,25,0.8,0.5,0.7,41,43,37,0,0,0,0,0,0,38,0,37,0,0,0,0,0,0,0,0,0,0,40,0,35,19,0,26,0,0,43,39
6,16410,3,KR4MFM,58.62,6,  drogue,-1.51,86053,1356.75,453.93,-28.18,52,0.01,4.2,4.11,5.31,-2.08,11.17,-4.87,-3.22,-82.88,0.74,-0.21,0.12,87.86,4.19,0,0,0,0,1,1,15,31.0385789,-103.5130195,1384,2026,6,20,23,47,35,1021,1124,115,25,0.8,0.5,0.7,41,43,37,0,0,0,0,0,0,38,0,37,0,0,0,0,0,0,0,0,0,0,40,0,35,19,0,26,0,0,43,39
6,16410,3,KR4MFM,58.72,6,  drogue,-7.54,86104,1351.9,449.08,-28.96,52,0.01,4.2,4.11,3.61,-4.48,8.03,142.84,21.01,-67.62,0.76,-0.13,0.12,93.1,4.19,0,0,0,0,1,1,15,31.0385789,-103.5130195,1384,2026,6,20,23,47,35,1021,1124,115,25,0.8,0.5,0.7,41,43,37,0,0,0,0,0,0,38,0,37,0,0,0,0,0,0,0,0,0,0,40,0,35,19,0,26,0,0,43,39
6,16410,3,KR4MFM,58.82,6,  drogue,-8.05,86152,1347.35,444.52,-29.84,52,0.01,4.2,4.11,2.33,-5.42,7.18,244.46,50.61,-60.3,0.76,-0.03,0.08,98.06,4.19,0,0,0,0,1,1,15,31.0385789,-103.5130195,1384,2026,6,20,23,47,35,1021,1124,115,25,0.8,0.5,0.7,41,43,37,0,0,0,0,0,0,38,0,37,0,0,0,0,0,0,0,0,0,0,40,0,35,19,0,26,0,0,43,39
6,16410,3,KR4MFM,58.9,6,  drogue,-8.05,86152,1347.35,444.52,-29.84,52,0,4.2,4.11,2.33,-5.42,7.18,244.46,50.61,-60.3,0.76,-0.03,0.08,98.06,4.2,0,0,0,0,1,1,15,31.0385789,-103.5130195,1384,2026,6,20,23,47,35,1021,1124,115,25,0.8,0.5,0.7,41,43,37,0,0,0,0,0,0,38,0,37,0,0,0,0,0,0,0,0,0,0,40,0,35,19,0,26,0,0,43,39
6,16410,3,KR4MFM,58.92,6,  drogue,-11.06,86218,1341.08,438.26,-30.73,52,0,4.2,4.11,1.95,-8.66,-0.6,188.49,69.84,-36.31,0.75,0.03,-0.02,103.16,4.2,0,0,0,0,1,1,15,31.0385789,-103.5130195,1384,2026,6,20,23,47,35,1021,1124,115,25,0.8,0.5,0.7,41,43,37,0,0,0,0,0,0,38,0,37,0,0,0,0,0,0,0,0,0,0,40,0,35,19,0,26,0,0,43,39
6,16410,3,KR4MFM,58.96,6,  drogue,-11.06,86218,1341.08,438.26,-30.73,52,0,4.2,4.11,1.95,-8.66,-0.6,188.49,69.84,-36.31,0.75,0.03,-0.02,103.16,4.2,0,0,0,0,1,1,15,31.0385789,-103.5130195,1384,2026,6,20,23,47,35,1021,1124,115,25,0.8,0.5,0.7,41,43,37,0,0,0,0,0,0,38,0,37,0,0,0,0,0,0,0,0,0,0,40,0,35,19,0,26,0,0,43,39
6,16410,3,KR4MFM,58.96,6,  drogue,-11.06,86218,1341.08,438.26,-30.73,52,0,4.2,4.11,1.95,-8.66,-0.6,188.49,69.84,-36.31,0.75,0.03,-0.02,103.16,4.2,0,0,0,0,1,1,15,31.0385789,-103.5130195,1384,2026,6,20,23,47,35,1021,1124,115,25,0.8,0.5,0.7,41,43,37,0,0,0,0,0,0,38,0,37,0,0,0,0,0,0,0,0,0,0,40,0,35,19,0,26,0,0,43,39
6,16410,3,KR4MFM,59.02,6,  drogue,-10.06,86259,1337.2,434.37,-31.59,52,0,4.2,4.11,1.75,-7.11,-2.4,-10.85,48.47,-4.33,0.74,0.04,-0.08,106.01,4.2,0,0,0,0,1,1,15,31.0385943,-103.5130658,1355,2026,6,20,23,47,36,1016,1108,115,24,0.8,0.5,0.7,40,38,25,0,0,0,0,0,0,43,0,35,0,0,0,0,0,0,0,0,0,0,41,0,36,37,0,36,0,0,33,37
6,16410,3,KR4MFM,59.12,6,  drogue,-5.53,86300,1333.31,430.48,-32.4,52,0,4.2,4.11,3.15,-7.05,3.97,-158.43,47.07,-8.48,0.73,0.06,-0.08,109.01,4.2,0,0,0,0,1,1,15,31.0385943,-103.5130658,1355,2026,6,20,23,47,36,1016,1108,115,24,0.8,0.5,0.7,40,38,25,0,0,0,0,0,0,43,0,35,0,0,0,0,0,0,0,0,0,0,41,0,36,37,0,36,0,0,33,37
6,16410,3,KR4MFM,59.22,6,  drogue,-8.55,86333,1330.18,427.36,-33.14,52,0,4.19,4.11,2.97,-13.36,1.25,-292.65,40.54,-0.18,0.73,0.07,-0.02,109.83,4.2,0,0,0,0,1,1,15,31.0385943,-103.5130658,1355,2026,6,20,23,47,36,1016,1108,115,24,0.8,0.5,0.7,40,38,25,0,0,0,0,0,0,43,0,35,0,0,0,0,0,0,0,0,0,0,41,0,36,37,0,36,0,0,33,37
6,16410,3,KR4MFM,59.22,6,  drogue,-8.55,86333,1330.18,427.36,-33.14,52,0,4.19,4.11,2.97,-13.36,1.25,-292.65,40.54,-0.18,0.73,0.07,-0.02,109.83,4.2,0,0,0,0,1,1,15,31.0385943,-103.5130658,1355,2026,6,20,23,47,36,1016,1108,115,24,0.8,0.5,0.7,40,38,25,0,0,0,0,0,0,43,0,35,0,0,0,0,0,0,0,0,0,0,41,0,36,37,0,36,0,0,33,37
6,16410,3,KR4MFM,59.32,6,  drogue,-8.05,86402,1323.64,420.82,-33.73,52,0,4.19,4.11,3.56,-6.97,10.27,-300.58,32.61,8.06,0.74,0.05,0.05,108.01,4.2,0,0,0,0,1,1,15,31.0385943,-103.5130658,1355,2026,6,20,23,47,36,1016,1108,115,24,0.8,0.5,0.7,40,38,25,0,0,0,0,0,0,43,0,35,0,0,0,0,0,0,0,0,0,0,41,0,36,37,0,36,0,0,33,37
6,16410,3,KR4MFM,59.42,6,  drogue,-8.55,86421,1321.84,419.02,-34.19,52,0,4.19,4.11,2.86,0.48,10.14,-121.32,52.01,-6.22,0.74,0.02,0.07,104.42,4.2,0,0,0,0,1,1,15,31.0385943,-103.5130658,1355,2026,6,20,23,47,36,1016,1108,115,24,0.8,0.5,0.7,40,38,25,0,0,0,0,0,0,43,0,35,0,0,0,0,0,0,0,0,0,0,41,0,36,37,0,36,0,0,33,37
6,16410,3,KR4MFM,59.52,6,  drogue,-5.53,86447,1319.38,416.56,-34.47,52,0,4.19,4.11,3.38,-1.84,4.88,107.87,65.56,-16.05,0.75,0.03,0.03,99.29,4.2,0,0,0,0,1,1,15,31.0385943,-103.5130658,1355,2026,6,20,23,47,36,1016,1108,115,24,0.8,0.5,0.7,40,38,25,0,0,0,0,0,0,43,0,35,0,0,0,0,0,0,0,0,0,0,41,0,36,37,0,36,0,0,33,37
6,16410,3,KR4MFM,59.54,6,  drogue,-5.53,86447,1319.38,416.56,-34.47,52,0,4.19,4.11,3.38,-1.84,4.88,107.87,65.56,-16.05,0.75,0.03,0.03,99.29,4.2,0,0,0,0,1,1,15,31.0385943,-103.5130658,1355,2026,6,20,23,47,36,1016,1108,115,24,0.8,0.5,0.7,40,38,25,0,0,0,0,0,0,43,0,35,0,0,0,0,0,0,0,0,0,0,41,0,36,37,0,36,0,0,33,37
6,16410,3,KR4MFM,59.62,6,  drogue,-4.53,86531,1311.43,408.61,-34.58,52,0,4.19,4.11,5.65,0.32,8.64,275.28,67.58,8.49,0.74,0.03,-0.09,93.39,4.2,0,0,0,0,1,1,15,31.0385943,-103.5130658,1355,2026,6,20,23,47,36,1016,1108,115,24,0.8,0.5,0.7,40,38,25,0,0,0,0,0,0,43,0,35,0,0,0,0,0,0,0,0,0,0,41,0,36,37,0,36,0,0,33,37
6,16410,3,KR4MFM,59.72,6,  drogue,-5.03,86605,1304.44,401.61,-34.49,52,0,4.19,4.11,5.99,-3.68,-1.28,259.23,77.77,45.47,0.73,-0.06,-0.21,85.91,4.2,0,0,0,0,1,1,15,31.0385943,-103.5130658,1355,2026,6,20,23,47,36,1016,1108,115,24,0.8,0.5,0.7,40,38,25,0,0,0,0,0,0,43,0,35,0,0,0,0,0,0,0,0,0,0,41,0,36,37,0,36,0,0,33,37
6,16410,3,KR4MFM,59.82,6,  drogue,-3.52,86647,1300.47,397.64,-34.22,52,0,4.19,4.11,5.9,-3.76,-3.99,129.17,38.1,76.42,0.7,-0.18,-0.25,78.27,4.2,0,0,0,0,1,1,15,31.0385943,-103.5130658,1355,2026,6,20,23,47,36,1016,1108,115,24,0.8,0.5,0.7,40,38,25,0,0,0,0,0,0,43,0,35,0,0,0,0,0,0,0,0,0,0,41,0,36,37,0,36,0,0,33,37
6,16410,3,KR4MFM,59.86,6,  drogue,-3.52,86647,1300.47,397.64,-34.22,52,0,4.19,4.11,5.9,-3.76,-3.99,129.17,38.1,76.42,0.7,-0.18,-0.25,78.27,4.18,0,0,0.01,0,1,1,15,31.0385943,-103.5130658,1355,2026,6,20,23,47,36,1016,1108,115,24,0.8,0.5,0.7,40,38,25,0,0,0,0,0,0,43,0,35,0,0,0,0,0,0,0,0,0,0,41,0,36,37,0,36,0,0,33,37
6,16410,3,KR4MFM,59.92,6,  drogue,-3.52,86698,1295.65,392.83,-33.77,52,0,4.19,4.11,6.83,2.53,-2.67,-1.45,17.16,79.29,0.68,-0.25,-0.26,70.97,4.18,0,0,0.01,0,1,1,15,31.0385943,-103.5130658,1355,2026,6,20,23,47,36,1016,1108,115,24,0.8,0.5,0.7,40,38,25,0,0,0,0,0,0,43,0,35,0,0,0,0,0,0,0,0,0,0,41,0,36,37,0,36,0,0,33,37
6,16410,3,KR4MFM,59.97,6,  drogue,-3.52,86698,1295.65,392.83,-33.77,52,0,4.19,4.11,6.83,2.53,-2.67,-1.45,17.16,79.29,0.68,-0.25,-0.26,70.97,4.18,0,0,0.01,0,1,1,15,31.0385943,-103.5130658,1355,2026,6,20,23,47,36,1016,1108,115,24,0.8,0.5,0.7,40,38,25,0,0,0,0,0,0,43,0,35,0,0,0,0,0,0,0,0,0,0,41,0,36,37,0,36,0,0,33,37
6,16410,3,KR4MFM,59.97,6,  drogue,-3.52,86698,1295.65,392.83,-33.77,52,0,4.19,4.11,6.83,2.53,-2.67,-1.45,17.16,79.29,0.68,-0.25,-0.26,70.97,4.18,0,0,0.01,0,1,1,15,31.0385943,-103.5130658,1355,2026,6,20,23,47,36,1016,1108,115,24,0.8,0.5,0.7,40,38,25,0,0,0,0,0,0,43,0,35,0,0,0,0,0,0,0,0,0,0,41,0,36,37,0,36,0,0,33,37
6,16410,3,KR4MFM,60.02,6,  drogue,-3.02,86732,1292.44,389.62,-33.15,52,0,4.19,4.11,6.43,3.53,-7.02,-68.22,3.98,62.5,0.66,-0.27,-0.28,65.01,4.18,0,0,0.01,0,1,1,15,31.0386295,-103.5131145,1325,2026,6,20,23,47,37,1010,1091,114,22,0.8,0.4,0.7,35,36,39,0,0,0,0,0,0,45,0,27,0,0,0,0,0,0,0,0,0,0,36,0,34,37,0,38,0,0,39,43
6,16410,3,KR4MFM,60.12,6,  drogue,-3.52,86752,1290.55,387.73,-32.4,52,0,4.19,4.11,6.52,7.87,-5.6,-97.09,-12.13,40.35,0.65,-0.26,-0.3,60.85,4.18,0,0,0.01,0,1,1,15,31.0386295,-103.5131145,1325,2026,6,20,23,47,37,1010,1091,114,22,0.8,0.4,0.7,35,36,39,0,0,0,0,0,0,45,0,27,0,0,0,0,0,0,0,0,0,0,36,0,34,37,0,38,0,0,39,43
6,16410,3,KR4MFM,60.18,6,  drogue,-3.52,86752,1290.55,387.73,-32.4,52,0.01,4.2,4.11,6.52,7.87,-5.6,-97.09,-12.13,40.35,0.65,-0.26,-0.3,60.85,4.18,0,0,0,0.01,1,1,15,31.0386295,-103.5131145,1325,2026,6,20,23,47,37,1010,1091,114,22,0.8,0.4,0.7,35,36,39,0,0,0,0,0,0,45,0,27,0,0,0,0,0,0,0,0,0,0,36,0,34,37,0,38,0,0,39,43
6,16410,3,KR4MFM,60.22,6,  drogue,-5.03,86772,1288.66,385.84,-31.58,52,0.01,4.2,4.11,6.65,4.87,-5.39,-116.74,-25.81,18.01,0.65,-0.23,-0.31,59.18,4.18,0,0,0,0.01,1,1,15,31.0386295,-103.5131145,1325,2026,6,20,23,47,37,1010,1091,114,22,0.8,0.4,0.7,35,36,39,0,0,0,0,0,0,45,0,27,0,0,0,0,0,0,0,0,0,0,36,0,34,37,0,38,0,0,39,43
6,16410,3,KR4MFM,60.32,6,  drogue,-4.02,86809,1285.17,382.35,-30.74,52,0.01,4.2,4.11,6.29,6.54,-3.45,-125.29,-33.25,8.49,0.67,-0.17,-0.3,59.31,4.18,0,0,0,0.01,1,1,15,31.0386295,-103.5131145,1325,2026,6,20,23,47,37,1010,1091,114,22,0.8,0.4,0.7,35,36,39,0,0,0,0,0,0,45,0,27,0,0,0,0,0,0,0,0,0,0,36,0,34,37,0,38,0,0,39,43
6,16410,3,KR4MFM,60.42,6,  drogue,-3.02,86837,1282.53,379.71,-29.9,52,0.01,4.2,4.11,7.23,1.84,1.26,-109.48,-34.47,4.95,0.68,-0.12,-0.28,60.65,4.18,0,0,0,0.01,1,1,15,31.0386295,-103.5131145,1325,2026,6,20,23,47,37,1010,1091,114,22,0.8,0.4,0.7,35,36,39,0,0,0,0,0,0,45,0,27,0,0,0,0,0,0,0,0,0,0,36,0,34,37,0,38,0,0,39,43
6,16410,3,KR4MFM,60.5,6,  drogue,-3.02,86837,1282.53,379.71,-29.9,52,0,4.2,4.11,7.23,1.84,1.26,-109.48,-34.47,4.95,0.68,-0.12,-0.28,60.65,4.2,0,0,0,0,1,1,15,31.0386295,-103.5131145,1325,2026,6,20,23,47,37,1010,1091,114,22,0.8,0.4,0.7,35,36,39,0,0,0,0,0,0,45,0,27,0,0,0,0,0,0,0,0,0,0,36,0,34,37,0,38,0,0,39,43
6,16410,3,KR4MFM,60.52,6,  drogue,0,86867,1279.7,376.88,-29.06,52,0,4.2,4.11,8.02,1.41,1.21,-88.12,-33.8,7.08,0.7,-0.08,-0.26,62.46,4.2,0,0,0,0,1,1,15,31.0386295,-103.5131145,1325,2026,6,20,23,47,37,1010,1091,114,22,0.8,0.4,0.7,35,36,39,0,0,0,0,0,0,45,0,27,0,0,0,0,0,0,0,0,0,0,36,0,34,37,0,38,0,0,39,43
6,16410,3,KR4MFM,60.62,6,  drogue,-2.51,86902,1276.4,373.58,-28.24,52,0,4.2,4.11,8.23,-1.88,4.79,-34.22,-13.41,13.25,0.71,-0.07,-0.24,62.75,4.2,0,0,0,0,1,1,15,31.0386295,-103.5131145,1325,2026,6,20,23,47,37,1010,1091,114,22,0.8,0.4,0.7,35,36,39,0,0,0,0,0,0,45,0,27,0,0,0,0,0,0,0,0,0,0,36,0,34,37,0,38,0,0,39,43
6,16410,3,KR4MFM,60.72,6,  drogue,-5.53,86933,1273.48,370.66,-27.52,52,0,4.2,4.11,7.11,-0.91,2.31,-8.22,7.46,29.06,0.71,-0.07,-0.24,60.58,4.2,0,0,0,0,1,1,15,31.0386295,-103.5131145,1325,2026,6,20,23,47,37,1010,1091,114,22,0.8,0.4,0.7,35,36,39,0,0,0,0,0,0,45,0,27,0,0,0,0,0,0,0,0,0,0,36,0,34,37,0,38,0,0,39,43
6,16410,3,KR4MFM,60.82,6,  drogue,-8.55,86963,1270.65,367.83,-26.93,52,0.01,0,4.11,5.29,-2.89,1.98,-22.69,9.66,43.52,0.71,-0.1,-0.24,57.6,4.19,0,0,0,0,1,1,15,31.0386295,-103.5131145,1325,2026,6,20,23,47,37,1010,1091,114,22,0.8,0.4,0.7,35,36,39,0,0,0,0,0,0,45,0,27,0,0,0,0,0,0,0,0,0,0,36,0,34,37,0,38,0,0,39,43
6,16410,3,KR4MFM,60.82,6,  drogue,-8.55,86963,1270.65,367.83,-26.93,52,0.01,0,4.11,5.29,-2.89,1.98,-22.69,9.66,43.52,0.71,-0.1,-0.24,57.6,4.19,0,0,0,0,1,1,15,31.0386295,-103.5131145,1325,2026,6,20,23,47,37,1010,1091,114,22,0.8,0.4,0.7,35,36,39,0,0,0,0,0,0,45,0,27,0,0,0,0,0,0,0,0,0,0,36,0,34,37,0,38,0,0,39,43
6,16410,3,KR4MFM,60.84,7,    main,-8.55,86963,1270.65,367.83,-26.93,52,0.01,0,4.11,5.29,-2.89,1.98,-22.69,9.66,43.52,0.71,-0.1,-0.24,57.6,4.19,0,0,0,0,1,1,15,31.0386295,-103.5131145,1325,2026,6,20,23,47,37,1010,1091,114,22,0.8,0.4,0.7,35,36,39,0,0,0,0,0,0,45,0,27,0,0,0,0,0,0,0,0,0,0,36,0,34,37,0,38,0,0,39,43
6,16410,3,KR4MFM,60.92,7,    main,-4.02,86964,1270.56,367.73,-26.48,52,0.01,0,4.11,7.75,3.23,-3.93,-26.53,5.2,51.09,0.71,-0.12,-0.25,54.98,4.19,0,0,0,0,1,1,15,31.0386295,-103.5131145,1325,2026,6,20,23,47,37,1010,1091,114,22,0.8,0.4,0.7,35,36,39,0,0,0,0,0,0,45,0,27,0,0,0,0,0,0,0,0,0,0,36,0,34,37,0,38,0,0,39,43
6,16410,3,KR4MFM,60.96,7,    main,-4.02,86964,1270.56,367.73,-26.48,52,0.01,0,4.11,7.75,3.23,-3.93,-26.53,5.2,51.09,0.71,-0.12,-0.25,54.98,4.19,0,0,0,0,1,1,15,31.0386295,-103.5131145,1325,2026,6,20,23,47,37,1010,1091,114,22,0.8,0.4,0.7,35,36,39,0,0,0,0,0,0,45,0,27,0,0,0,0,0,0,0,0,0,0,36,0,34,37,0,38,0,0,39,43
6,16410,3,KR4MFM,60.96,7,    main,-4.02,86964,1270.56,367.73,-26.48,52,0.01,0,4.11,7.75,3.23,-3.93,-26.53,5.2,51.09,0.71,-0.12,-0.25,54.98,4.19,0,0,0,0,1,1,15,31.0386295,-103.5131145,1325,2026,6,20,23,47,37,1010,1091,114,22,0.8,0.4,0.7,35,36,39,0,0,0,0,0,0,45,0,27,0,0,0,0,0,0,0,0,0,0,36,0,34,37,0,38,0,0,39,43
6,16410,3,KR4MFM,61.02,7,    main,-3.02,86984,1268.67,365.85,-26.13,52,0.01,0,4.11,6.95,2.06,-0.7,-16.95,11.3,49.93,0.7,-0.15,-0.26,52.28,4.19,0,0,0,0,1,1,15,31.038665,-103.5131484,1293,2026,6,20,23,47,38,1006,1075,114,21,0.8,0.4,0.7,38,35,35,0,0,0,0,0,0,42,0,38,0,0,0,0,0,0,0,0,0,0,40,0,40,39,0,37,0,0,40,33
6,16410,3,KR4MFM,61.12,7,    main,-1.01,86997,1267.45,364.63,-25.9,52,0.01,0,4.11,8.28,9.77,-6.47,36.82,-1.64,58.23,0.69,-0.19,-0.26,51.08,4.19,0,0,0,0,1,1,15,31.038665,-103.5131484,1293,2026,6,20,23,47,38,1006,1075,114,21,0.8,0.4,0.7,38,35,35,0,0,0,0,0,0,42,0,38,0,0,0,0,0,0,0,0,0,0,40,0,40,39,0,37,0,0,40,33
6,16410,3,KR4MFM,61.14,7,    main,-1.01,86997,1267.45,364.63,-25.9,52,0,0.08,4.11,8.28,9.77,-6.47,36.82,-1.64,58.23,0.69,-0.19,-0.26,51.08,4.2,0,0,0,0,1,1,15,31.038665,-103.5131484,1293,2026,6,20,23,47,38,1006,1075,114,21,0.8,0.4,0.7,38,35,35,0,0,0,0,0,0,42,0,38,0,0,0,0,0,0,0,0,0,0,40,0,40,39,0,37,0,0,40,33
6,16410,3,KR4MFM,61.22,7,    main,-3.02,87024,1264.91,362.08,-25.75,52,0,0.08,4.11,7.32,6.42,-5.42,76.31,-25.44,34.55,0.69,-0.25,-0.24,52.76,4.2,0,0,0,0,1,1,15,31.038665,-103.5131484,1293,2026,6,20,23,47,38,1006,1075,114,21,0.8,0.4,0.7,38,35,35,0,0,0,0,0,0,42,0,38,0,0,0,0,0,0,0,0,0,0,40,0,40,39,0,37,0,0,40,33
6,16410,3,KR4MFM,61.32,7,    main,-3.02,87007,1266.51,363.68,-25.73,52,0,0.08,4.11,7.64,20.2,-4.9,69.84,-50.22,13.74,0.71,-0.29,-0.19,57.09,4.2,0,0,0,0,1,1,15,31.038665,-103.5131484,1293,2026,6,20,23,47,38,1006,1075,114,21,0.8,0.4,0.7,38,35,35,0,0,0,0,0,0,42,0,38,0,0,0,0,0,0,0,0,0,0,40,0,40,39,0,37,0,0,40,33
6,16410,3,KR4MFM,61.42,7,    main,-4.53,87046,1262.84,360.01,-25.79,52,0,0.08,4.11,4.42,14.63,1.73,-118.58,-64.68,-48.21,0.73,-0.26,-0.15,64.98,4.2,0,0,0,0,1,1,15,31.038665,-103.5131484,1293,2026,6,20,23,47,38,1006,1075,114,21,0.8,0.4,0.7,38,35,35,0,0,0,0,0,0,42,0,38,0,0,0,0,0,0,0,0,0,0,40,0,40,39,0,37,0,0,40,33
6,16410,3,KR4MFM,61.46,7,    main,-4.53,87046,1262.84,360.01,-25.79,52,0,0.04,4.11,4.42,14.63,1.73,-118.58,-64.68,-48.21,0.73,-0.26,-0.15,64.98,4.19,0,0,0,0,1,1,15,31.038665,-103.5131484,1293,2026,6,20,23,47,38,1006,1075,114,21,0.8,0.4,0.7,38,35,35,0,0,0,0,0,0,42,0,38,0,0,0,0,0,0,0,0,0,0,40,0,40,39,0,37,0,0,40,33
6,16410,3,KR4MFM,61.52,7,    main,-9.56,87089,1258.79,355.97,-25.95,52,0,0.04,4.11,2.39,18.36,-3.17,-307.85,-92.21,-47.79,0.75,-0.18,-0.13,75.05,4.19,0,0,0,0,1,1,15,31.038665,-103.5131484,1293,2026,6,20,23,47,38,1006,1075,114,21,0.8,0.4,0.7,38,35,35,0,0,0,0,0,0,42,0,38,0,0,0,0,0,0,0,0,0,0,40,0,40,39,0,37,0,0,40,33
6,16410,3,KR4MFM,61.62,7,    main,-7.04,87127,1255.21,352.39,-26.22,52,0,0.04,4.11,2.51,11.32,-0.37,-352.58,-125.23,-29.97,0.77,-0.11,-0.05,86.21,4.19,0,0,0,0,1,1,15,31.038665,-103.5131484,1293,2026,6,20,23,47,38,1006,1075,114,21,0.8,0.4,0.7,38,35,35,0,0,0,0,0,0,42,0,38,0,0,0,0,0,0,0,0,0,0,40,0,40,39,0,37,0,0,40,33
6,16410,3,KR4MFM,61.72,7,    main,-7.04,87186,1249.67,346.84,-26.56,52,0,0.04,4.11,3.53,7.73,-4.72,-285.38,-125.17,30.34,0.77,-0.12,0.05,96.4,4.19,0,0,0,0,1,1,15,31.038665,-103.5131484,1293,2026,6,20,23,47,38,1006,1075,114,21,0.8,0.4,0.7,38,35,35,0,0,0,0,0,0,42,0,38,0,0,0,0,0,0,0,0,0,0,40,0,40,39,0,37,0,0,40,33
6,16410,3,KR4MFM,61.78,7,    main,-7.04,87186,1249.67,346.84,-26.56,52,0,0.05,4.11,3.53,7.73,-4.72,-285.38,-125.17,30.34,0.77,-0.12,0.05,96.4,4.19,0,0,0,0,1,1,15,31.038665,-103.5131484,1293,2026,6,20,23,47,38,1006,1075,114,21,0.8,0.4,0.7,38,35,35,0,0,0,0,0,0,42,0,38,0,0,0,0,0,0,0,0,0,0,40,0,40,39,0,37,0,0,40,33
6,16410,3,KR4MFM,61.82,7,    main,-5.53,87218,1246.66,343.83,-26.95,52,0,0.05,4.11,3.25,10.87,-3.18,-214.34,-132.62,63.48,0.74,-0.22,0.13,104.82,4.19,0,0,0,0,1,1,15,31.038665,-103.5131484,1293,2026,6,20,23,47,38,1006,1075,114,21,0.8,0.4,0.7,38,35,35,0,0,0,0,0,0,42,0,38,0,0,0,0,0,0,0,0,0,0,40,0,40,39,0,37,0,0,40,33
6,16410,3,KR4MFM,61.92,7,    main,-5.03,87238,1244.78,341.95,-27.38,52,0,0.05,4.11,4.85,11.51,3.71,-199.45,-95.39,79.71,0.68,-0.33,0.16,110.2,4.19,0,0,0,0,1,1,15,31.038665,-103.5131484,1293,2026,6,20,23,47,38,1006,1075,114,21,0.8,0.4,0.7,38,35,35,0,0,0,0,0,0,42,0,38,0,0,0,0,0,0,0,0,0,0,40,0,40,39,0,37,0,0,40,33
6,16410,3,KR4MFM,61.95,7,    main,-5.03,87238,1244.78,341.95,-27.38,52,0,0.05,4.11,4.85,11.51,3.71,-199.45,-95.39,79.71,0.68,-0.33,0.16,110.2,4.19,0,0,0,0,1,1,15,31.038665,-103.5131484,1293,2026,6,20,23,47,38,1006,1075,114,21,0.8,0.4,0.7,38,35,35,0,0,0,0,0,0,42,0,38,0,0,0,0,0,0,0,0,0,0,40,0,40,39,0,37,0,0,40,33
6,16410,3,KR4MFM,61.95,7,    main,-5.03,87238,1244.78,341.95,-27.38,52,0,0.05,4.11,4.85,11.51,3.71,-199.45,-95.39,79.71,0.68,-0.33,0.16,110.2,4.19,0,0,0,0,1,1,15,31.038665,-103.5131484,1293,2026,6,20,23,47,38,1006,1075,114,21,0.8,0.4,0.7,38,35,35,0,0,0,0,0,0,42,0,38,0,0,0,0,0,0,0,0,0,0,40,0,40,39,0,37,0,0,40,33
6,16410,3,KR4MFM,62.02,7,    main,-3.52,87241,1244.5,341.67,-27.83,52,0,0.05,4.11,6.1,16.1,2.73,-202.8,-55.1,73.12,0.62,-0.44,0.1,112.69,4.19,0,0,0,0,1,1,15,31.0386996,-103.5132066,1260,2026,6,20,23,47,39,999,1058,114,19,0.8,0.5,0.7,38,39,35,0,0,0,0,0,0,32,0,33,0,0,0,0,0,0,0,0,0,0,37,0,32,37,0,33,0,0,33,37
6,16410,3,KR4MFM,62.1,7,    main,-3.52,87241,1244.5,341.67,-27.83,52,0,0.02,4.11,6.1,16.1,2.73,-202.8,-55.1,73.12,0.62,-0.44,0.1,112.69,4.2,0,0,0.01,0,1,1,15,31.0386996,-103.5132066,1260,2026,6,20,23,47,39,999,1058,114,19,0.8,0.5,0.7,38,39,35,0,0,0,0,0,0,32,0,33,0,0,0,0,0,0,0,0,0,0,37,0,32,37,0,33,0,0,33,37
6,16410,3,KR4MFM,62.12,7,    main,-1.51,87274,1241.4,338.57,-28.27,52,0,0.02,4.11,7.3,15.87,-3.82,-185.47,-18.05,63.72,0.57,-0.51,-0.01,114.27,4.2,0,0,0.01,0,1,1,15,31.0386996,-103.5132066,1260,2026,6,20,23,47,39,999,1058,114,19,0.8,0.5,0.7,38,39,35,0,0,0,0,0,0,32,0,33,0,0,0,0,0,0,0,0,0,0,37,0,32,37,0,33,0,0,33,37
6,16410,3,KR4MFM,62.22,7,    main,-3.02,87319,1237.17,334.35,-28.72,52,0,0.02,4.11,7.1,14.59,-4.46,-135.42,-16.65,22.52,0.54,-0.51,-0.1,112.99,4.2,0,0,0.01,0,1,1,15,31.0386996,-103.5132066,1260,2026,6,20,23,47,39,999,1058,114,19,0.8,0.5,0.7,38,39,35,0,0,0,0,0,0,32,0,33,0,0,0,0,0,0,0,0,0,0,37,0,32,37,0,33,0,0,33,37
6,16410,3,KR4MFM,62.32,7,    main,-3.02,87365,1232.85,330.03,-29.16,52,0,0.02,4.11,6.83,11.61,-4.68,-109.54,-2.73,-10.74,0.53,-0.5,-0.18,112.8,4.2,0,0,0.01,0,1,1,15,31.0386996,-103.5132066,1260,2026,6,20,23,47,39,999,1058,114,19,0.8,0.5,0.7,38,39,35,0,0,0,0,0,0,32,0,33,0,0,0,0,0,0,0,0,0,0,37,0,32,37,0,33,0,0,33,37
6,16410,3,KR4MFM,62.42,7,    main,-2.51,87385,1230.97,328.15,-29.59,52,0,0.03,4.11,7.39,8.13,-12.13,-77.8,-18.36,-22.82,0.55,-0.46,-0.23,111.61,4.2,0,0,0,0,1,1,15,31.0386996,-103.5132066,1260,2026,6,20,23,47,39,999,1058,114,19,0.8,0.5,0.7,38,39,35,0,0,0,0,0,0,32,0,33,0,0,0,0,0,0,0,0,0,0,37,0,32,37,0,33,0,0,33,37
6,16410,3,KR4MFM,62.42,7,    main,-2.51,87385,1230.97,328.15,-29.59,52,0,0.03,4.11,7.39,8.13,-12.13,-77.8,-18.36,-22.82,0.55,-0.46,-0.23,111.61,4.2,0,0,0,0,1,1,15,31.0386996,-103.5132066,1260,2026,6,20,23,47,39,999,1058,114,19,0.8,0.5,0.7,38,39,35,0,0,0,0,0,0,32,0,33,0,0,0,0,0,0,0,0,0,0,37,0,32,37,0,33,0,0,33,37
6,16410,3,KR4MFM,62.52,7,    main,-2.01,87405,1229.1,326.27,-29.98,52,0,0.03,4.11,6.15,4.55,-9.73,-128.71,-41.86,-40.71,0.58,-0.41,-0.27,109.18,4.2,0,0,0,0,1,1,15,31.0386996,-103.5132066,1260,2026,6,20,23,47,39,999,1058,114,19,0.8,0.5,0.7,38,39,35,0,0,0,0,0,0,32,0,33,0,0,0,0,0,0,0,0,0,0,37,0,32,37,0,33,0,0,33,37
6,16410,3,KR4MFM,62.62,7,    main,-6.03,87400,1229.57,326.74,-30.3,52,0,0.03,4.11,4.35,-0.29,-7.69,-261.64,-45.09,-34.05,0.61,-0.29,-0.32,107.2,4.2,0,0,0,0,1,1,15,31.0386996,-103.5132066,1260,2026,6,20,23,47,39,999,1058,114,19,0.8,0.5,0.7,38,39,35,0,0,0,0,0,0,32,0,33,0,0,0,0,0,0,0,0,0,0,37,0,32,37,0,33,0,0,33,37
6,16410,3,KR4MFM,62.72,7,    main,-4.53,87426,1227.13,324.3,-30.53,52,0,0.03,4.11,4.76,-2.35,-2,-350.45,-83.61,-13.97,0.66,-0.1,-0.32,103.76,4.2,0,0,0,0,1,1,15,31.0386996,-103.5132066,1260,2026,6,20,23,47,39,999,1058,114,19,0.8,0.5,0.7,38,39,35,0,0,0,0,0,0,32,0,33,0,0,0,0,0,0,0,0,0,0,37,0,32,37,0,33,0,0,33,37
6,16410,3,KR4MFM,62.74,7,    main,-4.53,87426,1227.13,324.3,-30.53,52,0,0.04,4.11,4.76,-2.35,-2,-350.45,-83.61,-13.97,0.66,-0.1,-0.32,103.76,4.19,0,0,0,0,1,1,15,31.0386996,-103.5132066,1260,2026,6,20,23,47,39,999,1058,114,19,0.8,0.5,0.7,38,39,35,0,0,0,0,0,0,32,0,33,0,0,0,0,0,0,0,0,0,0,37,0,32,37,0,33,0,0,33,37
6,16410,3,KR4MFM,62.82,7,    main,-3.02,87485,1221.59,318.77,-30.66,52,0,0.04,4.11,8.18,-7.03,1.77,-322.07,-64.26,24.72,0.69,0.03,-0.22,101.28,4.19,0,0,0,0,1,1,15,31.0386996,-103.5132066,1260,2026,6,20,23,47,39,999,1058,114,19,0.8,0.5,0.7,38,39,35,0,0,0,0,0,0,32,0,33,0,0,0,0,0,0,0,0,0,0,37,0,32,37,0,33,0,0,33,37
6,16410,3,KR4MFM,62.92,7,    main,-6.03,87557,1214.85,312.02,-30.65,52,0,0.04,4.11,4.9,-1.36,1.14,-313.4,-35.75,65.86,0.73,0.07,-0.08,97.45,4.19,0,0,0,0,1,1,15,31.0386996,-103.5132066,1260,2026,6,20,23,47,39,999,1058,114,19,0.8,0.5,0.7,38,39,35,0,0,0,0,0,0,32,0,33,0,0,0,0,0,0,0,0,0,0,37,0,32,37,0,33,0,0,33,37
6,16410,3,KR4MFM,62.95,7,    main,-6.03,87557,1214.85,312.02,-30.65,52,0,0.04,4.11,4.9,-1.36,1.14,-313.4,-35.75,65.86,0.73,0.07,-0.08,97.45,4.19,0,0,0,0,1,1,15,31.0386996,-103.5132066,1260,2026,6,20,23,47,39,999,1058,114,19,0.8,0.5,0.7,38,39,35,0,0,0,0,0,0,32,0,33,0,0,0,0,0,0,0,0,0,0,37,0,32,37,0,33,0,0,33,37
6,16410,3,KR4MFM,62.95,7,    main,-6.03,87557,1214.85,312.02,-30.65,52,0,0.04,4.11,4.9,-1.36,1.14,-313.4,-35.75,65.86,0.73,0.07,-0.08,97.45,4.19,0,0,0,0,1,1,15,31.0386996,-103.5132066,1260,2026,6,20,23,47,39,999,1058,114,19,0.8,0.5,0.7,38,39,35,0,0,0,0,0,0,32,0,33,0,0,0,0,0,0,0,0,0,0,37,0,32,37,0,33,0,0,33,37
6,16410,3,KR4MFM,63.02,7,    main,-4.02,87559,1214.66,311.84,-30.48,52,0,0.04,4.11,6.17,5.55,2.28,-302.6,-22.88,62.26,0.75,0.02,0.03,96.42,4.19,0,0,0,0,1,1,15,31.0387289,-103.5132691,1227,2026,6,20,23,47,40,992,1041,114,18,0.8,0.4,0.7,34,38,36,0,0,0,0,0,0,43,0,35,0,0,0,0,0,0,0,0,0,0,38,0,34,38,0,41,0,0,40,44
6,16410,3,KR4MFM,63.06,7,    main,-4.02,87559,1214.66,311.84,-30.48,52,0,0.03,4.11,6.17,5.55,2.28,-302.6,-22.88,62.26,0.75,0.02,0.03,96.42,4.2,0,0,0,0,1,1,15,31.0387289,-103.5132691,1227,2026,6,20,23,47,40,992,1041,114,18,0.8,0.4,0.7,34,38,36,0,0,0,0,0,0,43,0,35,0,0,0,0,0,0,0,0,0,0,38,0,34,38,0,41,0,0,40,44
6,16410,3,KR4MFM,63.12,7,    main,-3.52,87592,1211.57,308.74,-30.16,52,0,0.03,4.11,6.33,8.64,3.79,-237.23,10.33,49.5,0.76,-0.06,0.08,95.43,4.2,0,0,0,0,1,1,15,31.0387289,-103.5132691,1227,2026,6,20,23,47,40,992,1041,114,18,0.8,0.4,0.7,34,38,36,0,0,0,0,0,0,43,0,35,0,0,0,0,0,0,0,0,0,0,38,0,34,38,0,41,0,0,40,44
6,16410,3,KR4MFM,63.22,7,    main,-4.53,87608,1210.07,307.25,-29.76,52,0,0.03,4.11,5.69,8.2,-3.19,-307.97,3.31,17.58,0.77,-0.13,0.08,95.84,4.2,0,0,0,0,1,1,15,31.0387289,-103.5132691,1227,2026,6,20,23,47,40,992,1041,114,18,0.8,0.4,0.7,34,38,36,0,0,0,0,0,0,43,0,35,0,0,0,0,0,0,0,0,0,0,38,0,34,38,0,41,0,0,40,44
6,16410,3,KR4MFM,63.32,7,    main,-6.54,87657,1205.48,302.66,-29.25,52,0,0.03,4.11,4.63,6.49,-7.47,-391.22,13.75,17.52,0.76,-0.2,0.04,96.47,4.2,0,0,0,0,1,1,15,31.0387289,-103.5132691,1227,2026,6,20,23,47,40,992,1041,114,18,0.8,0.4,0.7,34,38,36,0,0,0,0,0,0,43,0,35,0,0,0,0,0,0,0,0,0,0,38,0,34,38,0,41,0,0,40,44
6,16410,3,KR4MFM,63.38,7,    main,-6.54,87657,1205.48,302.66,-29.25,52,0,0.04,4.11,4.63,6.49,-7.47,-391.22,13.75,17.52,0.76,-0.2,0.04,96.47,4.2,0,0,0,0,1,1,15,31.0387289,-103.5132691,1227,2026,6,20,23,47,40,992,1041,114,18,0.8,0.4,0.7,34,38,36,0,0,0,0,0,0,43,0,35,0,0,0,0,0,0,0,0,0,0,38,0,34,38,0,41,0,0,40,44
6,16410,3,KR4MFM,63.42,7,    main,-3.52,87712,1200.33,297.51,-28.67,52,0,0.04,4.11,5.78,7.82,-10.97,-268.42,-29.59,17.76,0.76,-0.24,-0.01,98.05,4.2,0,0,0,0,1,1,15,31.0387289,-103.5132691,1227,2026,6,20,23,47,40,992,1041,114,18,0.8,0.4,0.7,34,38,36,0,0,0,0,0,0,43,0,35,0,0,0,0,0,0,0,0,0,0,38,0,34,38,0,41,0,0,40,44
6,16410,3,KR4MFM,63.52,7,    main,-6.03,87775,1194.44,291.62,-28.06,52,0,0.04,4.11,4.83,1.06,-12.13,-148.97,-39.05,18.44,0.75,-0.25,-0.02,97.62,4.2,0,0,0,0,1,1,15,31.0387289,-103.5132691,1227,2026,6,20,23,47,40,992,1041,114,18,0.8,0.4,0.7,34,38,36,0,0,0,0,0,0,43,0,35,0,0,0,0,0,0,0,0,0,0,38,0,34,38,0,41,0,0,40,44
6,16410,3,KR4MFM,63.62,7,    main,-6.54,87807,1191.45,288.63,-27.43,52,0,0.04,4.11,4.35,4.35,-13.67,-148.12,-70.6,44.92,0.74,-0.28,-0.01,95.59,4.2,0,0,0,0,1,1,15,31.0387289,-103.5132691,1227,2026,6,20,23,47,40,992,1041,114,18,0.8,0.4,0.7,34,38,36,0,0,0,0,0,0,43,0,35,0,0,0,0,0,0,0,0,0,0,38,0,34,38,0,41,0,0,40,44
6,16410,3,KR4MFM,63.7,7,    main,-6.54,87807,1191.45,288.63,-27.43,52,0.01,0.03,4.11,4.35,4.35,-13.67,-148.12,-70.6,44.92,0.74,-0.28,-0.01,95.59,4.2,0,0,0,0,1,1,15,31.0387289,-103.5132691,1227,2026,6,20,23,47,40,992,1041,114,18,0.8,0.4,0.7,34,38,36,0,0,0,0,0,0,43,0,35,0,0,0,0,0,0,0,0,0,0,38,0,34,38,0,41,0,0,40,44
6,16410,3,KR4MFM,63.72,7,    main,-4.02,87845,1187.9,285.08,-26.78,52,0.01,0.03,4.11,5.81,4.46,-4.04,-287.28,-84.28,58.29,0.72,-0.33,-0.03,90.92,4.2,0,0,0,0,1,1,15,31.0387289,-103.5132691,1227,2026,6,20,23,47,40,992,1041,114,18,0.8,0.4,0.7,34,38,36,0,0,0,0,0,0,43,0,35,0,0,0,0,0,0,0,0,0,0,38,0,34,38,0,41,0,0,40,44
6,16410,3,KR4MFM,63.82,7,    main,-4.53,87876,1185,282.18,-26.14,52,0.01,0.03,4.11,5.38,2.44,-0.6,-353.74,-33.07,77.58,0.69,-0.35,-0.13,87.58,4.2,0,0,0,0,1,1,15,31.0387289,-103.5132691,1227,2026,6,20,23,47,40,992,1041,114,18,0.8,0.4,0.7,34,38,36,0,0,0,0,0,0,43,0,35,0,0,0,0,0,0,0,0,0,0,38,0,34,38,0,41,0,0,40,44
6,16410,3,KR4MFM,63.92,7,    main,-5.53,87907,1182.11,279.28,-25.51,52,0.01,0.03,4.11,4.87,7.53,-4.91,-344.53,23.69,62.2,0.66,-0.31,-0.25,85.9,4.2,0,0,0,0,1,1,15,31.0387289,-103.5132691,1227,2026,6,20,23,47,40,992,1041,114,18,0.8,0.4,0.7,34,38,36,0,0,0,0,0,0,43,0,35,0,0,0,0,0,0,0,0,0,0,38,0,34,38,0,41,0,0,40,44
6,16410,3,KR4MFM,64,7,    main,-5.53,87907,1182.11,279.28,-25.51,52,0.01,0.03,4.11,4.87,7.53,-4.91,-344.53,23.69,62.2,0.66,-0.31,-0.25,85.9,4.2,0,0,0,0,1,1,15,31.0387289,-103.5132691,1227,2026,6,20,23,47,40,992,1041,114,18,0.8,0.4,0.7,34,38,36,0,0,0,0,0,0,43,0,35,0,0,0,0,0,0,0,0,0,0,38,0,34,38,0,41,0,0,40,44
6,16410,3,KR4MFM,64,7,    main,-5.53,87907,1182.11,279.28,-25.51,52,0.01,0.03,4.11,4.87,7.53,-4.91,-344.53,23.69,62.2,0.66,-0.31,-0.25,85.9,4.2,0,0,0,0,1,1,15,31.0387289,-103.5132691,1227,2026,6,20,23,47,40,992,1041,114,18,0.8,0.4,0.7,34,38,36,0,0,0,0,0,0,43,0,35,0,0,0,0,0,0,0,0,0,0,38,0,34,38,0,41,0,0,40,44
6,16410,3,KR4MFM,64.02,7,    main,1.51,87924,1180.52,277.7,-24.93,52,0,0.02,4.11,10.24,5.81,-15.99,-243.45,-7.49,23.26,0.64,-0.18,-0.33,83.46,4.2,0,0,0,0,1,1,15,31.0387598,-103.5133141,1195,2026,6,20,23,47,41,987,1027,114,16,0.8,0.4,0.7,40,37,38,0,0,0,0,0,0,38,0,38,0,0,0,0,0,0,0,0,0,0,40,0,38,37,0,36,0,0,37,45
6,16410,3,KR4MFM,64.02,7,    main,1.51,87924,1180.52,277.7,-24.93,52,0,0.02,4.11,10.24,5.81,-15.99,-243.45,-7.49,23.26,0.64,-0.18,-0.33,83.46,4.2,0,0,0,0,1,1,15,31.0387598,-103.5133141,1195,2026,6,20,23,47,41,987,1027,114,16,0.8,0.4,0.7,40,37,38,0,0,0,0,0,0,38,0,38,0,0,0,0,0,0,0,0,0,0,40,0,38,37,0,36,0,0,37,45
6,16410,3,KR4MFM,64.12,7,    main,-3.02,87952,1177.91,275.08,-24.46,52,0,0.02,4.11,6.62,1.85,-15.92,-125.47,-26.11,-6.96,0.65,-0.1,-0.33,84.35,4.2,0,0,0,0,1,1,15,31.0387598,-103.5133141,1195,2026,6,20,23,47,41,987,1027,114,16,0.8,0.4,0.7,40,37,38,0,0,0,0,0,0,38,0,38,0,0,0,0,0,0,0,0,0,0,40,0,38,37,0,36,0,0,37,45
6,16410,3,KR4MFM,64.22,7,    main,-1.01,87991,1174.27,271.44,-24.12,52,0,0.02,4.11,7.33,-0.12,-2.25,-23.48,-67.31,-1.03,0.67,-0.06,-0.3,86.43,4.2,0,0,0,0,1,1,15,31.0387598,-103.5133141,1195,2026,6,20,23,47,41,987,1027,114,16,0.8,0.4,0.7,40,37,38,0,0,0,0,0,0,38,0,38,0,0,0,0,0,0,0,0,0,0,40,0,38,37,0,36,0,0,37,45
6,16410,3,KR4MFM,64.32,7,    main,-3.02,88010,1172.49,269.67,-23.92,52,0,0.02,4.11,7.61,3.48,-6.58,54.34,-55.22,-35.58,0.7,-0.06,-0.26,91.65,4.2,0,0,0,0,1,1,15,31.0387598,-103.5133141,1195,2026,6,20,23,47,41,987,1027,114,16,0.8,0.4,0.7,40,37,38,0,0,0,0,0,0,38,0,38,0,0,0,0,0,0,0,0,0,0,40,0,38,37,0,36,0,0,37,45
6,16410,3,KR4MFM,64.34,7,    main,-3.02,88010,1172.49,269.67,-23.92,52,0,0.02,4.11,7.61,3.48,-6.58,54.34,-55.22,-35.58,0.7,-0.06,-0.26,91.65,4.2,0,0,0,0,1,1,15,31.0387598,-103.5133141,1195,2026,6,20,23,47,41,987,1027,114,16,0.8,0.4,0.7,40,37,38,0,0,0,0,0,0,38,0,38,0,0,0,0,0,0,0,0,0,0,40,0,38,37,0,36,0,0,37,45
6,16410,3,KR4MFM,64.42,7,    main,-5.03,88050,1168.76,265.94,-23.86,52,0,0.02,4.11,5.29,-1.28,-4.02,85.89,-93.92,-55.48,0.72,-0.05,-0.21,99.36,4.2,0,0,0,0,1,1,15,31.0387598,-103.5133141,1195,2026,6,20,23,47,41,987,1027,114,16,0.8,0.4,0.7,40,37,38,0,0,0,0,0,0,38,0,38,0,0,0,0,0,0,0,0,0,0,40,0,38,37,0,36,0,0,37,45
6,16410,3,KR4MFM,64.52,7,    main,-5.03,88045,1169.23,266.4,-23.94,52,0,0.02,4.11,6.38,-3.81,4.32,80.09,-68.83,-78.55,0.74,-0.02,-0.16,107.8,4.2,0,0,0,0,1,1,15,31.0387598,-103.5133141,1195,2026,6,20,23,47,41,987,1027,114,16,0.8,0.4,0.7,40,37,38,0,0,0,0,0,0,38,0,38,0,0,0,0,0,0,0,0,0,0,40,0,38,37,0,36,0,0,37,45
6,16410,3,KR4MFM,64.62,7,    main,-2.51,88025,1171.09,268.27,-24.16,52,0,0.02,4.11,8.33,-12.05,5.02,71.18,-55.1,-84.77,0.73,0.02,-0.13,115.84,4.2,0,0,0,0,1,1,15,31.0387598,-103.5133141,1195,2026,6,20,23,47,41,987,1027,114,16,0.8,0.4,0.7,40,37,38,0,0,0,0,0,0,38,0,38,0,0,0,0,0,0,0,0,0,0,40,0,38,37,0,36,0,0,37,45
6,16410,3,KR4MFM,64.66,7,    main,-2.51,88025,1171.09,268.27,-24.16,52,0,0.02,4.11,8.33,-12.05,5.02,71.18,-55.1,-84.77,0.73,0.02,-0.13,115.84,4.2,0,0,0,0,1,1,15,31.0387598,-103.5133141,1195,2026,6,20,23,47,41,987,1027,114,16,0.8,0.4,0.7,40,37,38,0,0,0,0,0,0,38,0,38,0,0,0,0,0,0,0,0,0,0,40,0,38,37,0,36,0,0,37,45
6,16410,3,KR4MFM,64.72,7,    main,-2.01,88016,1171.93,269.11,-24.51,52,0,0.02,4.11,6.49,-17.19,7.13,76.62,-30.44,-61.52,0.72,0.06,-0.12,121.11,4.2,0,0,0,0,1,1,15,31.0387598,-103.5133141,1195,2026,6,20,23,47,41,987,1027,114,16,0.8,0.4,0.7,40,37,38,0,0,0,0,0,0,38,0,38,0,0,0,0,0,0,0,0,0,0,40,0,38,37,0,36,0,0,37,45
6,16410,3,KR4MFM,64.82,7,    main,-4.53,88032,1170.44,267.62,-25.01,52,0,0.02,4.11,6.48,-17.11,5.5,114.03,6.6,-30.39,0.71,0.07,-0.15,124.17,4.2,0,0,0,0,1,1,15,31.0387598,-103.5133141,1195,2026,6,20,23,47,41,987,1027,114,16,0.8,0.4,0.7,40,37,38,0,0,0,0,0,0,38,0,38,0,0,0,0,0,0,0,0,0,0,40,0,38,37,0,36,0,0,37,45
6,16410,3,KR4MFM,64.92,7,    main,-5.53,88004,1173.05,270.23,-25.63,51.9,0,0.02,4.11,6.19,-18.37,2.13,93.03,31.2,11.78,0.7,0.04,-0.2,124.88,4.2,0,0,0,0,1,1,15,31.0387598,-103.5133141,1195,2026,6,20,23,47,41,987,1027,114,16,0.8,0.4,0.7,40,37,38,0,0,0,0,0,0,38,0,38,0,0,0,0,0,0,0,0,0,0,40,0,38,37,0,36,0,0,37,45
6,16410,3,KR4MFM,64.95,7,    main,-5.53,88004,1173.05,270.23,-25.63,51.9,0,0.02,4.11,6.19,-18.37,2.13,93.03,31.2,11.78,0.7,0.04,-0.2,124.88,4.2,0,0,0,0,1,1,15,31.0387598,-103.5133141,1195,2026,6,20,23,47,41,987,1027,114,16,0.8,0.4,0.7,40,37,38,0,0,0,0,0,0,38,0,38,0,0,0,0,0,0,0,0,0,0,40,0,38,37,0,36,0,0,37,45
6,16410,3,KR4MFM,64.95,7,    main,-5.53,88004,1173.05,270.23,-25.63,51.9,0,0.02,4.11,6.19,-18.37,2.13,93.03,31.2,11.78,0.7,0.04,-0.2,124.88,4.2,0,0,0,0,1,1,15,31.0387598,-103.5133141,1195,2026,6,20,23,47,41,987,1027,114,16,0.8,0.4,0.7,40,37,38,0,0,0,0,0,0,38,0,38,0,0,0,0,0,0,0,0,0,0,40,0,38,37,0,36,0,0,37,45
6,16410,3,KR4MFM,64.98,7,    main,-5.53,88004,1173.05,270.23,-25.63,51.9,0,0.03,4.11,6.19,-18.37,2.13,93.03,31.2,11.78,0.7,0.04,-0.2,124.88,4.18,0,0,0,0,1,1,15,31.0387924,-103.5133634,1162,2026,6,20,23,47,42,981,1012,114,14,0.8,0.4,0.7,40,35,40,0,0,0,0,0,0,43,0,33,0,0,0,0,0,0,0,0,0,0,35,0,36,38,0,41,0,0,39,40
6,16410,3,KR4MFM,65.02,7,    main,-6.03,87981,1175.2,272.38,-26.33,52,0,0.03,4.11,4.81,-12.69,-1.6,24.43,41.82,47.61,0.69,0.01,-0.23,123.81,4.18,0,0,0,0,1,1,15,31.0387924,-103.5133634,1162,2026,6,20,23,47,42,981,1012,114,14,0.8,0.4,0.7,40,35,40,0,0,0,0,0,0,43,0,33,0,0,0,0,0,0,0,0,0,0,35,0,36,38,0,41,0,0,39,40
6,16410,3,KR4MFM,65.12,7,    main,-6.54,88016,1171.93,269.11,-27.1,51.9,0,0.03,4.11,4.34,-13.41,-1.59,21.93,52.5,70.56,0.68,-0.05,-0.27,121.23,4.18,0,0,0,0,1,1,15,31.0387924,-103.5133634,1162,2026,6,20,23,47,42,981,1012,114,14,0.8,0.4,0.7,40,35,40,0,0,0,0,0,0,43,0,33,0,0,0,0,0,0,0,0,0,0,35,0,36,38,0,41,0,0,39,40
6,16410,3,KR4MFM,65.22,7,    main,-5.03,88116,1162.61,259.78,-27.92,51.9,0,0.03,4.11,3.89,-4.38,-4.72,103.78,54.94,82.34,0.66,-0.13,-0.31,117.3,4.18,0,0,0,0,1,1,15,31.0387924,-103.5133634,1162,2026,6,20,23,47,42,981,1012,114,14,0.8,0.4,0.7,40,35,40,0,0,0,0,0,0,43,0,33,0,0,0,0,0,0,0,0,0,0,35,0,36,38,0,41,0,0,39,40
6,16410,3,KR4MFM,65.3,7,    main,-5.03,88116,1162.61,259.78,-27.92,51.9,0.01,0.02,4.11,3.89,-4.38,-4.72,103.78,54.94,82.34,0.66,-0.13,-0.31,117.3,4.18,0,0,0.01,0,1,1,15,31.0387924,-103.5133634,1162,2026,6,20,23,47,42,981,1012,114,14,0.8,0.4,0.7,40,35,40,0,0,0,0,0,0,43,0,33,0,0,0,0,0,0,0,0,0,0,35,0,36,38,0,41,0,0,39,40
6,16410,3,KR4MFM,65.32,7,    main,-5.53,88187,1155.99,253.17,-28.76,51.9,0.01,0.02,4.11,4.13,1.67,-8.59,246.72,24.67,99.25,0.62,-0.29,-0.31,111.07,4.18,0,0,0.01,0,1,1,15,31.0387924,-103.5133634,1162,2026,6,20,23,47,42,981,1012,114,14,0.8,0.4,0.7,40,35,40,0,0,0,0,0,0,43,0,33,0,0,0,0,0,0,0,0,0,0,35,0,36,38,0,41,0,0,39,40
6,16410,3,KR4MFM,65.42,7,    main,-7.04,88237,1151.34,248.51,-29.58,51.9,0.01,0.02,4.11,5.15,7.64,-1.98,272.11,-16.89,73.86,0.59,-0.45,-0.19,105.96,4.18,0,0,0.01,0,1,1,15,31.0387924,-103.5133634,1162,2026,6,20,23,47,42,981,1012,114,14,0.8,0.4,0.7,40,35,40,0,0,0,0,0,0,43,0,33,0,0,0,0,0,0,0,0,0,0,35,0,36,38,0,41,0,0,39,40
6,16410,3,KR4MFM,65.52,7,    main,-5.03,88326,1143.05,240.23,-30.33,51.9,0.01,0.02,4.11,5.27,12.69,-3.77,152.42,-28.19,61.77,0.56,-0.51,-0.05,102.74,4.18,0,0,0.01,0,1,1,15,31.0387924,-103.5133634,1162,2026,6,20,23,47,42,981,1012,114,14,0.8,0.4,0.7,40,35,40,0,0,0,0,0,0,43,0,33,0,0,0,0,0,0,0,0,0,0,35,0,36,38,0,41,0,0,39,40
6,16410,3,KR4MFM,65.62,7,    main,-5.03,88380,1138.03,235.21,-30.92,51.9,0,0.02,4.11,6.14,14.03,1.79,78.08,-30.5,17.34,0.54,-0.52,0.03,100.05,4.18,0,0,0,0,1,1,15,31.0387924,-103.5133634,1162,2026,6,20,23,47,42,981,1012,114,14,0.8,0.4,0.7,40,35,40,0,0,0,0,0,0,43,0,33,0,0,0,0,0,0,0,0,0,0,35,0,36,38,0,41,0,0,39,40
6,16410,3,KR4MFM,65.62,7,    main,-5.03,88380,1138.03,235.21,-30.92,51.9,0,0.02,4.11,6.14,14.03,1.79,78.08,-30.5,17.34,0.54,-0.52,0.03,100.05,4.18,0,0,0,0,1,1,15,31.0387924,-103.5133634,1162,2026,6,20,23,47,42,981,1012,114,14,0.8,0.4,0.7,40,35,40,0,0,0,0,0,0,43,0,33,0,0,0,0,0,0,0,0,0,0,35,0,36,38,0,41,0,0,39,40
6,16410,3,KR4MFM,65.72,7,    main,-5.53,88380,1138.03,235.21,-31.34,51.9,0,0.02,4.11,5.91,10.02,-0.09,83.94,-13.6,-7.2,0.53,-0.51,0.09,98.54,4.18,0,0,0,0,1,1,15,31.0387924,-103.5133634,1162,2026,6,20,23,47,42,981,1012,114,14,0.8,0.4,0.7,40,35,40,0,0,0,0,0,0,43,0,33,0,0,0,0,0,0,0,0,0,0,35,0,36,38,0,41,0,0,39,40
6,16410,3,KR4MFM,65.82,7,    main,-2.51,88401,1136.08,233.25,-31.56,51.9,0,0.02,4.11,6.27,13.97,5.62,115.74,-7.43,-18.55,0.54,-0.48,0.16,97.04,4.18,0,0,0,0,1,1,15,31.0387924,-103.5133634,1162,2026,6,20,23,47,42,981,1012,114,14,0.8,0.4,0.7,40,35,40,0,0,0,0,0,0,43,0,33,0,0,0,0,0,0,0,0,0,0,35,0,36,38,0,41,0,0,39,40
6,16410,3,KR4MFM,65.92,7,    main,-5.53,88416,1134.68,231.86,-31.62,51.9,0,0.02,4.11,6.03,10.49,6.33,108.41,25.59,-35.46,0.57,-0.42,0.22,96.83,4.18,0,0,0,0,1,1,15,31.0387924,-103.5133634,1162,2026,6,20,23,47,42,981,1012,114,14,0.8,0.4,0.7,40,35,40,0,0,0,0,0,0,43,0,33,0,0,0,0,0,0,0,0,0,0,35,0,36,38,0,41,0,0,39,40
6,16410,3,KR4MFM,65.94,7,    main,-5.53,88416,1134.68,231.86,-31.62,51.9,0,0.02,4.11,6.03,10.49,6.33,108.41,25.59,-35.46,0.57,-0.42,0.22,96.83,4.2,0,0.01,0,0,1,1,15,31.0387924,-103.5133634,1162,2026,6,20,23,47,42,981,1012,114,14,0.8,0.4,0.7,40,35,40,0,0,0,0,0,0,43,0,33,0,0,0,0,0,0,0,0,0,0,35,0,36,38,0,41,0,0,39,40
6,16410,3,KR4MFM,65.95,7,    main,-5.53,88416,1134.68,231.86,-31.62,51.9,0,0.02,4.11,6.03,10.49,6.33,108.41,25.59,-35.46,0.57,-0.42,0.22,96.83,4.2,0,0.01,0,0,1,1,15,31.0387924,-103.5133634,1162,2026,6,20,23,47,42,981,1012,114,14,0.8,0.4,0.7,40,35,40,0,0,0,0,0,0,43,0,33,0,0,0,0,0,0,0,0,0,0,35,0,36,38,0,41,0,0,39,40
6,16410,3,KR4MFM,65.95,7,    main,-5.53,88416,1134.68,231.86,-31.62,51.9,0,0.02,4.11,6.03,10.49,6.33,108.41,25.59,-35.46,0.57,-0.42,0.22,96.83,4.2,0,0.01,0,0,1,1,15,31.0387924,-103.5133634,1162,2026,6,20,23,47,42,981,1012,114,14,0.8,0.4,0.7,40,35,40,0,0,0,0,0,0,43,0,33,0,0,0,0,0,0,0,0,0,0,35,0,36,38,0,41,0,0,39,40
6,16410,3,KR4MFM,66.02,7,    main,0,88456,1130.97,228.14,-31.51,51.9,0,0.02,4.11,8.35,3.75,-1.04,107.68,45.36,-37.11,0.61,-0.35,0.25,96.89,4.2,0,0.01,0,0,1,1,15,31.0388087,-103.5134161,1131,2026,6,20,23,47,43,976,1000,114,13,0.8,0.4,0.7,40,37,40,0,0,0,0,0,0,42,0,38,0,0,0,0,0,0,0,0,0,0,31,0,37,36,0,36,0,0,40,40
6,16410,3,KR4MFM,66.12,7,    main,-2.51,88503,1126.6,223.78,-31.24,51.9,0,0.02,4.11,7.93,8.46,-4.96,158.77,15.94,-14.71,0.63,-0.28,0.28,96.36,4.2,0,0.01,0,0,1,1,15,31.0388087,-103.5134161,1131,2026,6,20,23,47,43,976,1000,114,13,0.8,0.4,0.7,40,37,40,0,0,0,0,0,0,42,0,38,0,0,0,0,0,0,0,0,0,0,31,0,37,36,0,36,0,0,40,40
6,16410,3,KR4MFM,66.22,7,    main,-4.02,88546,1122.61,219.78,-30.85,51.9,0,0.02,4.11,7.31,3.8,-2.9,177.45,-0.48,-22.82,0.64,-0.16,0.31,94.12,4.2,0,0.01,0,0,1,1,15,31.0388087,-103.5134161,1131,2026,6,20,23,47,43,976,1000,114,13,0.8,0.4,0.7,40,37,40,0,0,0,0,0,0,42,0,38,0,0,0,0,0,0,0,0,0,0,31,0,37,36,0,36,0,0,40,40
6,16410,3,KR4MFM,66.26,7,    main,-4.02,88546,1122.61,219.78,-30.85,51.9,0.02,0.02,4.11,7.31,3.8,-2.9,177.45,-0.48,-22.82,0.64,-0.16,0.31,94.12,4.2,0,0,0,0,1,1,15,31.0388087,-103.5134161,1131,2026,6,20,23,47,43,976,1000,114,13,0.8,0.4,0.7,40,37,40,0,0,0,0,0,0,42,0,38,0,0,0,0,0,0,0,0,0,0,31,0,37,36,0,36,0,0,40,40
6,16410,3,KR4MFM,66.32,7,    main,-3.52,88583,1119.17,216.35,-30.38,51.9,0.02,0.02,4.11,7.13,7.49,-1.3,82.6,-20.01,-19.53,0.64,-0.07,0.32,92.36,4.2,0,0,0,0,1,1,15,31.0388087,-103.5134161,1131,2026,6,20,23,47,43,976,1000,114,13,0.8,0.4,0.7,40,37,40,0,0,0,0,0,0,42,0,38,0,0,0,0,0,0,0,0,0,0,31,0,37,36,0,36,0,0,40,40
6,16410,3,KR4MFM,66.42,7,    main,-2.01,88613,1116.39,213.56,-29.87,51.9,0.02,0.02,4.11,7.64,4.83,2.82,-30.26,-32.27,-41.81,0.62,-0.05,0.33,89.03,4.2,0,0,0,0,1,1,15,31.0388087,-103.5134161,1131,2026,6,20,23,47,43,976,1000,114,13,0.8,0.4,0.7,40,37,40,0,0,0,0,0,0,42,0,38,0,0,0,0,0,0,0,0,0,0,31,0,37,36,0,36,0,0,40,40
6,16410,3,KR4MFM,66.52,7,    main,-0.5,88623,1115.46,212.64,-29.3,51.9,0.02,0.02,4.11,8.92,2.8,6.24,-110.09,-39.29,-38.94,0.58,-0.08,0.36,85.89,4.2,0,0,0,0,1,1,15,31.0388087,-103.5134161,1131,2026,6,20,23,47,43,976,1000,114,13,0.8,0.4,0.7,40,37,40,0,0,0,0,0,0,42,0,38,0,0,0,0,0,0,0,0,0,0,31,0,37,36,0,36,0,0,40,40
6,16410,3,KR4MFM,66.58,7,    main,-0.5,88623,1115.46,212.64,-29.3,51.9,0,0.01,4.11,8.92,2.8,6.24,-110.09,-39.29,-38.94,0.58,-0.08,0.36,85.89,4.19,0,0,0,0,1,1,15,31.0388087,-103.5134161,1131,2026,6,20,23,47,43,976,1000,114,13,0.8,0.4,0.7,40,37,40,0,0,0,0,0,0,42,0,38,0,0,0,0,0,0,0,0,0,0,31,0,37,36,0,36,0,0,40,40
6,16410,3,KR4MFM,66.62,7,    main,-4.53,88659,1112.12,209.3,-28.71,51.9,0,0.01,4.11,6.09,-2.36,8.59,-135.36,-22.51,-24.78,0.56,-0.16,0.38,83.39,4.19,0,0,0,0,1,1,15,31.0388087,-103.5134161,1131,2026,6,20,23,47,43,976,1000,114,13,0.8,0.4,0.7,40,37,40,0,0,0,0,0,0,42,0,38,0,0,0,0,0,0,0,0,0,0,31,0,37,36,0,36,0,0,40,40
6,16410,3,KR4MFM,66.72,7,    main,-4.53,88679,1110.27,207.44,-28.11,51.9,0,0.01,4.11,5.98,0.68,11.99,-131.51,1.78,8.79,0.56,-0.25,0.36,84.28,4.19,0,0,0,0,1,1,15,31.0388087,-103.5134161,1131,2026,6,20,23,47,43,976,1000,114,13,0.8,0.4,0.7,40,37,40,0,0,0,0,0,0,42,0,38,0,0,0,0,0,0,0,0,0,0,31,0,37,36,0,36,0,0,40,40
6,16410,3,KR4MFM,66.82,7,    main,-3.52,88727,1105.82,202.99,-27.53,51.9,0,0.01,4.11,6.14,4.84,5.12,-201.22,42.55,8.91,0.57,-0.35,0.29,87.04,4.19,0,0,0,0,1,1,15,31.0388087,-103.5134161,1131,2026,6,20,23,47,43,976,1000,114,13,0.8,0.4,0.7,40,37,40,0,0,0,0,0,0,42,0,38,0,0,0,0,0,0,0,0,0,0,31,0,37,36,0,36,0,0,40,40
6,16410,3,KR4MFM,66.9,7,    main,-3.52,88727,1105.82,202.99,-27.53,51.9,0,0.02,4.1,6.14,4.84,5.12,-201.22,42.55,8.91,0.57,-0.35,0.29,87.04,4.2,0,0,0,0,1,1,15,31.0388087,-103.5134161,1131,2026,6,20,23,47,43,976,1000,114,13,0.8,0.4,0.7,40,37,40,0,0,0,0,0,0,42,0,38,0,0,0,0,0,0,0,0,0,0,31,0,37,36,0,36,0,0,40,40
6,16410,3,KR4MFM,66.92,7,    main,-3.52,88749,1103.78,200.95,-26.94,51.9,0,0.02,4.1,6.7,9.82,1.88,-328.11,49.63,-2.5,0.58,-0.48,0.11,90.54,4.2,0,0,0,0,1,1,15,31.0388087,-103.5134161,1131,2026,6,20,23,47,43,976,1000,114,13,0.8,0.4,0.7,40,37,40,0,0,0,0,0,0,42,0,38,0,0,0,0,0,0,0,0,0,0,31,0,37,36,0,36,0,0,40,40
6,16410,3,KR4MFM,66.92,7,    main,-3.52,88749,1103.78,200.95,-26.94,51.9,0,0.02,4.1,6.7,9.82,1.88,-328.11,49.63,-2.5,0.58,-0.48,0.11,90.54,4.2,0,0,0,0,1,1,15,31.0388087,-103.5134161,1131,2026,6,20,23,47,43,976,1000,114,13,0.8,0.4,0.7,40,37,40,0,0,0,0,0,0,42,0,38,0,0,0,0,0,0,0,0,0,0,31,0,37,36,0,36,0,0,40,40
6,16410,3,KR4MFM,66.92,7,    main,-3.52,88749,1103.78,200.95,-26.94,51.9,0,0.02,4.1,6.7,9.82,1.88,-328.11,49.63,-2.5,0.58,-0.48,0.11,90.54,4.2,0,0,0,0,1,1,15,31.0388087,-103.5134161,1131,2026,6,20,23,47,43,976,1000,114,13,0.8,0.4,0.7,40,37,40,0,0,0,0,0,0,42,0,38,0,0,0,0,0,0,0,0,0,0,31,0,37,36,0,36,0,0,40,40
6,16410,3,KR4MFM,67.02,7,    main,-3.02,88833,1096,193.17,-26.4,51.9,0,0.02,4.1,6.63,11.45,-8.59,-188.52,25.28,-49.5,0.6,-0.48,-0.08,92.21,4.2,0,0,0,0,1,1,15,31.0388187,-103.5134667,1100,2026,6,20,23,47,44,971,989,114,11,0.8,0.4,0.7,37,28,38,0,0,0,0,0,0,39,0,37,0,0,0,0,0,0,0,0,0,0,30,0,33,30,0,31,0,0,36,36
6,16410,3,KR4MFM,67.12,7,    main,-5.53,88873,1092.29,189.47,-25.98,51.9,0,0.02,4.1,5.06,13.22,-8.39,56.11,-0.54,-86.06,0.64,-0.44,-0.1,93.51,4.2,0,0,0,0,1,1,15,31.0388187,-103.5134667,1100,2026,6,20,23,47,44,971,989,114,11,0.8,0.4,0.7,37,28,38,0,0,0,0,0,0,39,0,37,0,0,0,0,0,0,0,0,0,0,30,0,33,30,0,31,0,0,36,36
6,16410,3,KR4MFM,67.22,7,    main,-8.05,88924,1087.57,184.75,-25.74,51.9,0.01,0.02,4.1,2.79,9.39,-5.14,116.23,5.81,-130.19,0.69,-0.38,-0.05,94.69,4.19,0,0,0,0.45,1,1,15,31.0388187,-103.5134667,1100,2026,6,20,23,47,44,971,989,114,11,0.8,0.4,0.7,37,28,38,0,0,0,0,0,0,39,0,37,0,0,0,0,0,0,0,0,0,0,30,0,33,30,0,31,0,0,36,36
6,16410,3,KR4MFM,67.22,7,    main,-8.05,88924,1087.57,184.75,-25.74,51.9,0.01,0.02,4.1,2.79,9.39,-5.14,116.23,5.81,-130.19,0.69,-0.38,-0.05,94.69,4.19,0,0,0,0.45,1,1,15,31.0388187,-103.5134667,1100,2026,6,20,23,47,44,971,989,114,11,0.8,0.4,0.7,37,28,38,0,0,0,0,0,0,39,0,37,0,0,0,0,0,0,0,0,0,0,30,0,33,30,0,31,0,0,36,36
6,16410,3,KR4MFM,67.32,7,    main,-8.55,88959,1084.33,181.51,-25.65,51.9,0.01,0.02,4.1,3.05,1.8,-6.69,168.9,30.65,-137.33,0.75,-0.27,-0.01,95.25,4.19,0,0,0,0.45,1,1,15,31.0388187,-103.5134667,1100,2026,6,20,23,47,44,971,989,114,11,0.8,0.4,0.7,37,28,38,0,0,0,0,0,0,39,0,37,0,0,0,0,0,0,0,0,0,0,30,0,33,30,0,31,0,0,36,36
6,16410,3,KR4MFM,67.42,7,    main,-7.04,88968,1083.5,180.68,-25.68,51.9,0.01,0.02,4.1,3.18,6.19,-7.61,184.89,60.38,-137.51,0.77,-0.15,-0.02,93.86,4.19,0,0,0,0.45,1,1,15,31.0388187,-103.5134667,1100,2026,6,20,23,47,44,971,989,114,11,0.8,0.4,0.7,37,28,38,0,0,0,0,0,0,39,0,37,0,0,0,0,0,0,0,0,0,0,30,0,33,30,0,31,0,0,36,36
6,16410,3,KR4MFM,67.52,7,    main,-3.52,88940,1086.09,183.27,-25.84,51.9,0.01,0.02,4.1,6.32,-7.6,-10.9,100.42,94.92,-126.22,0.76,-0.05,-0.09,90.49,4.19,0,0,0,0.45,1,1,15,31.0388187,-103.5134667,1100,2026,6,20,23,47,44,971,989,114,11,0.8,0.4,0.7,37,28,38,0,0,0,0,0,0,39,0,37,0,0,0,0,0,0,0,0,0,0,30,0,33,30,0,31,0,0,36,36
6,16410,3,KR4MFM,67.54,7,    main,-3.52,88940,1086.09,183.27,-25.84,51.9,0,0.02,4.11,6.32,-7.6,-10.9,100.42,94.92,-126.22,0.76,-0.05,-0.09,90.49,4.2,0,0,0,0,1,1,15,31.0388187,-103.5134667,1100,2026,6,20,23,47,44,971,989,114,11,0.8,0.4,0.7,37,28,38,0,0,0,0,0,0,39,0,37,0,0,0,0,0,0,0,0,0,0,30,0,33,30,0,31,0,0,36,36
6,16410,3,KR4MFM,67.62,7,    main,-16.6,88853,1094.14,191.32,-26.11,51.9,0,0.02,4.11,-4.39,-13.49,-30.37,-67.43,80.46,-91.92,0.73,0.03,-0.15,86.5,4.2,0,0,0,0,1,1,15,31.0388187,-103.5134667,1100,2026,6,20,23,47,44,971,989,114,11,0.8,0.4,0.7,37,28,38,0,0,0,0,0,0,39,0,37,0,0,0,0,0,0,0,0,0,0,30,0,33,30,0,31,0,0,36,36
6,16410,3,KR4MFM,67.72,7,    main,16.09,88847,1094.7,191.87,-26.44,51.9,0,0.02,4.11,-1.11,3.57,-12.36,-151.6,-18.36,-119.26,0.68,0.13,-0.14,75.85,4.2,0,0,0,0,1,1,15,31.0388187,-103.5134667,1100,2026,6,20,23,47,44,971,989,114,11,0.8,0.4,0.7,37,28,38,0,0,0,0,0,0,39,0,37,0,0,0,0,0,0,0,0,0,0,30,0,33,30,0,31,0,0,36,36
6,16410,3,KR4MFM,67.82,7,    main,0.5,88830,1096.27,193.45,-26.83,51.9,0,0.02,4.11,9.26,-31.52,-28.42,-97.82,36.08,15.63,0.66,0.18,-0.1,79.67,4.2,0,0,0,0,1,1,15,31.0388187,-103.5134667,1100,2026,6,20,23,47,44,971,989,114,11,0.8,0.4,0.7,37,28,38,0,0,0,0,0,0,39,0,37,0,0,0,0,0,0,0,0,0,0,30,0,33,30,0,31,0,0,36,36
6,16410,3,KR4MFM,67.86,7,    main,0.5,88830,1096.27,193.45,-26.83,51.9,0,0.02,4.11,9.26,-31.52,-28.42,-97.82,36.08,15.63,0.66,0.18,-0.1,79.67,4.19,0,0,0.01,0,1,1,15,31.0388187,-103.5134667,1100,2026,6,20,23,47,44,971,989,114,11,0.8,0.4,0.7,37,28,38,0,0,0,0,0,0,39,0,37,0,0,0,0,0,0,0,0,0,0,30,0,33,30,0,31,0,0,36,36
6,16410,3,KR4MFM,67.92,7,    main,-13.58,88914,1088.5,185.67,-27.25,51.9,0,0.02,4.11,-2.05,-6.46,-8.41,28.89,-39.48,81.79,0.68,0.16,-0.07,80.08,4.19,0,0,0.01,0,1,1,15,31.0388187,-103.5134667,1100,2026,6,20,23,47,44,971,989,114,11,0.8,0.4,0.7,37,28,38,0,0,0,0,0,0,39,0,37,0,0,0,0,0,0,0,0,0,0,30,0,33,30,0,31,0,0,36,36
6,16410,3,KR4MFM,67.94,7,    main,-13.58,88914,1088.5,185.67,-27.25,51.9,0,0.02,4.11,-2.05,-6.46,-8.41,28.89,-39.48,81.79,0.68,0.16,-0.07,80.08,4.19,0,0,0.01,0,1,1,15,31.0388187,-103.5134667,1100,2026,6,20,23,47,44,971,989,114,11,0.8,0.4,0.7,37,28,38,0,0,0,0,0,0,39,0,37,0,0,0,0,0,0,0,0,0,0,30,0,33,30,0,31,0,0,36,36
6,16410,3,KR4MFM,67.94,7,    main,-13.58,88914,1088.5,185.67,-27.25,51.9,0,0.02,4.11,-2.05,-6.46,-8.41,28.89,-39.48,81.79,0.68,0.16,-0.07,80.08,4.19,0,0,0.01,0,1,1,15,31.0388187,-103.5134667,1100,2026,6,20,23,47,44,971,989,114,11,0.8,0.4,0.7,37,28,38,0,0,0,0,0,0,39,0,37,0,0,0,0,0,0,0,0,0,0,30,0,33,30,0,31,0,0,36,36
6,16410,3,KR4MFM,68.02,7,    main,-10.06,88969,1083.41,180.59,-27.69,51.9,0,0.02,4.11,4.53,-6.97,-0.23,123.98,-6.03,46.39,0.7,0.11,-0.11,82.07,4.19,0,0,0.01,0,1,1,15,31.0388297,-103.5135165,1069,2026,6,20,23,47,45,966,979,114,9,0.8,0.4,0.7,40,40,36,0,0,0,0,0,0,42,0,40,0,0,0,0,0,0,0,0,0,0,37,0,38,25,0,44,0,0,43,43
6,16410,3,KR4MFM,68.12,7,    main,-8.55,89037,1077.12,174.3,-28.15,51.9,0,0.02,4.11,-0.14,-2.69,-18.69,138.38,-37.58,112.06,0.74,0.02,-0.14,87.53,4.19,0,0,0.01,0,1,1,15,31.0388297,-103.5135165,1069,2026,6,20,23,47,45,966,979,114,9,0.8,0.4,0.7,40,40,36,0,0,0,0,0,0,42,0,40,0,0,0,0,0,0,0,0,0,0,37,0,38,25,0,44,0,0,43,43
6,16410,3,KR4MFM,68.18,7,    main,-8.55,89037,1077.12,174.3,-28.15,51.9,0,0.02,4.11,-0.14,-2.69,-18.69,138.38,-37.58,112.06,0.74,0.02,-0.14,87.53,4.2,0,0,0,0,1,1,15,31.0388297,-103.5135165,1069,2026,6,20,23,47,45,966,979,114,9,0.8,0.4,0.7,40,40,36,0,0,0,0,0,0,42,0,40,0,0,0,0,0,0,0,0,0,0,37,0,38,25,0,44,0,0,43,43
6,16410,3,KR4MFM,68.22,7,    main,-6.54,89096,1071.67,168.85,-28.58,51.9,0,0.02,4.11,2.37,3.24,-1.97,133.01,-85.5,77.21,0.76,-0.08,-0.11,90.1,4.2,0,0,0,0,1,1,15,31.0388297,-103.5135165,1069,2026,6,20,23,47,45,966,979,114,9,0.8,0.4,0.7,40,40,36,0,0,0,0,0,0,42,0,40,0,0,0,0,0,0,0,0,0,0,37,0,38,25,0,44,0,0,43,43
6,16410,3,KR4MFM,68.32,7,    main,-4.53,89203,1061.79,158.97,-28.94,51.9,0,0.02,4.11,4.3,2.27,-3.06,67.64,-65.23,63.11,0.77,-0.14,-0.07,94.45,4.2,0,0,0,0,1,1,15,31.0388297,-103.5135165,1069,2026,6,20,23,47,45,966,979,114,9,0.8,0.4,0.7,40,40,36,0,0,0,0,0,0,42,0,40,0,0,0,0,0,0,0,0,0,0,37,0,38,25,0,44,0,0,43,43
6,16410,3,KR4MFM,68.42,7,    main,-4.53,89276,1055.06,152.23,-29.26,51.9,0,0.02,4.11,2.62,6.9,-8.91,7.83,-84.34,54.51,0.77,-0.19,0.01,98.52,4.2,0,0,0,0,1,1,15,31.0388297,-103.5135165,1069,2026,6,20,23,47,45,966,979,114,9,0.8,0.4,0.7,40,40,36,0,0,0,0,0,0,42,0,40,0,0,0,0,0,0,0,0,0,0,37,0,38,25,0,44,0,0,43,43
6,16410,3,KR4MFM,68.5,7,    main,-4.53,89276,1055.06,152.23,-29.26,51.9,0,0.02,4.11,2.62,6.9,-8.91,7.83,-84.34,54.51,0.77,-0.19,0.01,98.52,4.2,0,0,0,0.01,1,1,15,31.0388297,-103.5135165,1069,2026,6,20,23,47,45,966,979,114,9,0.8,0.4,0.7,40,40,36,0,0,0,0,0,0,42,0,40,0,0,0,0,0,0,0,0,0,0,37,0,38,25,0,44,0,0,43,43
6,16410,3,KR4MFM,68.52,7,    main,-3.52,89304,1052.47,149.65,-29.47,51.9,0,0.02,4.11,5.58,-0.33,-2.79,-12.8,-99.72,40.84,0.75,-0.23,0.08,100.94,4.2,0,0,0,0.01,1,1,15,31.0388297,-103.5135165,1069,2026,6,20,23,47,45,966,979,114,9,0.8,0.4,0.7,40,40,36,0,0,0,0,0,0,42,0,40,0,0,0,0,0,0,0,0,0,0,37,0,38,25,0,44,0,0,43,43
6,16410,3,KR4MFM,68.62,7,    main,-4.53,89333,1049.8,146.98,-29.61,51.9,0,0.02,4.11,4.91,5.53,-4.81,36.09,-93.62,61.34,0.72,-0.27,0.16,104.96,4.2,0,0,0,0.01,1,1,15,31.0388297,-103.5135165,1069,2026,6,20,23,47,45,966,979,114,9,0.8,0.4,0.7,40,40,36,0,0,0,0,0,0,42,0,40,0,0,0,0,0,0,0,0,0,0,37,0,38,25,0,44,0,0,43,43
6,16410,3,KR4MFM,68.72,7,    main,-7.54,89312,1051.74,148.91,-29.67,51.9,0,0.02,4.11,4.16,2.33,4.41,83.57,-121.02,38.64,0.66,-0.27,0.25,106.41,4.2,0,0,0,0.01,1,1,15,31.0388297,-103.5135165,1069,2026,6,20,23,47,45,966,979,114,9,0.8,0.4,0.7,40,40,36,0,0,0,0,0,0,42,0,40,0,0,0,0,0,0,0,0,0,0,37,0,38,25,0,44,0,0,43,43
6,16410,3,KR4MFM,68.82,7,    main,-6.03,89258,1056.72,153.89,-29.67,51.9,0.01,0.02,4.11,4.14,12.08,10.62,44.39,-108.63,41.32,0.61,-0.26,0.32,109.39,4.2,0,0,0,0,1,1,15,31.0388297,-103.5135165,1069,2026,6,20,23,47,45,966,979,114,9,0.8,0.4,0.7,40,40,36,0,0,0,0,0,0,42,0,40,0,0,0,0,0,0,0,0,0,0,37,0,38,25,0,44,0,0,43,43
6,16410,3,KR4MFM,68.82,7,    main,-6.03,89258,1056.72,153.89,-29.67,51.9,0.01,0.02,4.11,4.14,12.08,10.62,44.39,-108.63,41.32,0.61,-0.26,0.32,109.39,4.2,0,0,0,0,1,1,15,31.0388297,-103.5135165,1069,2026,6,20,23,47,45,966,979,114,9,0.8,0.4,0.7,40,40,36,0,0,0,0,0,0,42,0,40,0,0,0,0,0,0,0,0,0,0,37,0,38,25,0,44,0,0,43,43
6,16410,3,KR4MFM,68.92,7,    main,-6.03,89229,1059.39,156.57,-29.58,51.9,0.01,0.02,4.11,5.89,9.55,7.49,-115.28,-40.27,12.27,0.54,-0.3,0.35,110.35,4.2,0,0,0,0,1,1,15,31.0388297,-103.5135165,1069,2026,6,20,23,47,45,966,979,114,9,0.8,0.4,0.7,40,40,36,0,0,0,0,0,0,42,0,40,0,0,0,0,0,0,0,0,0,0,37,0,38,25,0,44,0,0,43,43
6,16410,3,KR4MFM,68.95,7,    main,-6.03,89229,1059.39,156.57,-29.58,51.9,0.01,0.02,4.11,5.89,9.55,7.49,-115.28,-40.27,12.27,0.54,-0.3,0.35,110.35,4.2,0,0,0,0,1,1,15,31.0388297,-103.5135165,1069,2026,6,20,23,47,45,966,979,114,9,0.8,0.4,0.7,40,40,36,0,0,0,0,0,0,42,0,40,0,0,0,0,0,0,0,0,0,0,37,0,38,25,0,44,0,0,43,43
6,16410,3,KR4MFM,68.95,7,    main,-6.03,89229,1059.39,156.57,-29.58,51.9,0.01,0.02,4.11,5.89,9.55,7.49,-115.28,-40.27,12.27,0.54,-0.3,0.35,110.35,4.2,0,0,0,0,1,1,15,31.0388297,-103.5135165,1069,2026,6,20,23,47,45,966,979,114,9,0.8,0.4,0.7,40,40,36,0,0,0,0,0,0,42,0,40,0,0,0,0,0,0,0,0,0,0,37,0,38,25,0,44,0,0,43,43
6,16410,3,KR4MFM,69.02,7,    main,-1.51,89257,1056.81,153.98,-29.45,51.9,0.01,0.02,4.11,5.61,15.91,6.09,-315.23,-31.91,33.21,0.5,-0.46,0.24,112.6,4.2,0,0,0,0,1,1,15,31.0388554,-103.513569,1038,2026,6,20,23,47,46,961,969,114,7,0.8,0.4,0.7,41,40,41,0,0,0,0,0,0,41,0,36,0,0,0,0,0,0,0,0,0,0,34,0,32,26,0,38,0,0,30,42
6,16410,3,KR4MFM,69.12,7,    main,-4.53,89335,1049.62,146.79,-29.26,51.9,0.01,0.02,4.11,6.04,17.57,-5.9,-338.55,2.76,-23.62,0.49,-0.55,0,111.25,4.2,0,0,0,0,1,1,15,31.0388554,-103.513569,1038,2026,6,20,23,47,46,961,969,114,7,0.8,0.4,0.7,41,40,41,0,0,0,0,0,0,41,0,36,0,0,0,0,0,0,0,0,0,0,34,0,32,26,0,38,0,0,30,42
6,16410,3,KR4MFM,69.14,7,    main,-4.53,89335,1049.62,146.79,-29.26,51.9,0,0.02,4.11,6.04,17.57,-5.9,-338.55,2.76,-23.62,0.49,-0.55,0,111.25,4.19,0,0,0,0,1,1,15,31.0388554,-103.513569,1038,2026,6,20,23,47,46,961,969,114,7,0.8,0.4,0.7,41,40,41,0,0,0,0,0,0,41,0,36,0,0,0,0,0,0,0,0,0,0,34,0,32,26,0,38,0,0,30,42
6,16410,3,KR4MFM,69.22,7,    main,-4.02,89458,1038.28,135.46,-29.01,51.9,0,0.02,4.11,5.68,7.81,-6.37,-93.12,-44.3,-51.57,0.51,-0.53,-0.12,106.11,4.19,0,0,0,0,1,1,15,31.0388554,-103.513569,1038,2026,6,20,23,47,46,961,969,114,7,0.8,0.4,0.7,41,40,41,0,0,0,0,0,0,41,0,36,0,0,0,0,0,0,0,0,0,0,34,0,32,26,0,38,0,0,30,42
6,16410,3,KR4MFM,69.32,7,    main,-4.02,89514,1033.13,130.31,-28.71,51.9,0,0.02,4.11,6.4,5.09,-5.27,44.82,-52.72,-34.79,0.55,-0.51,-0.1,100.83,4.19,0,0,0,0,1,1,15,31.0388554,-103.513569,1038,2026,6,20,23,47,46,961,969,114,7,0.8,0.4,0.7,41,40,41,0,0,0,0,0,0,41,0,36,0,0,0,0,0,0,0,0,0,0,34,0,32,26,0,38,0,0,30,42
6,16410,3,KR4MFM,69.42,7,    main,-2.51,89575,1027.52,124.69,-28.37,51.9,0,0.02,4.11,6.28,1.83,-5.6,98.53,-47.72,-58.04,0.59,-0.49,-0.03,95.55,4.19,0,0,0,0,1,1,15,31.0388554,-103.513569,1038,2026,6,20,23,47,46,961,969,114,7,0.8,0.4,0.7,41,40,41,0,0,0,0,0,0,41,0,36,0,0,0,0,0,0,0,0,0,0,34,0,32,26,0,38,0,0,30,42
6,16410,3,KR4MFM,69.46,7,    main,-2.51,89575,1027.52,124.69,-28.37,51.9,0.01,0.02,4.11,6.28,1.83,-5.6,98.53,-47.72,-58.04,0.59,-0.49,-0.03,95.55,4.18,0,0,0,0,1,1,15,31.0388554,-103.513569,1038,2026,6,20,23,47,46,961,969,114,7,0.8,0.4,0.7,41,40,41,0,0,0,0,0,0,41,0,36,0,0,0,0,0,0,0,0,0,0,34,0,32,26,0,38,0,0,30,42
6,16410,3,KR4MFM,69.52,7,    main,-2.51,89615,1023.84,121.01,-27.94,51.9,0.01,0.02,4.11,7.14,-1.8,-3.95,164.51,-55.29,-38.51,0.62,-0.45,0.09,89.2,4.18,0,0,0,0,1,1,15,31.0388554,-103.513569,1038,2026,6,20,23,47,46,961,969,114,7,0.8,0.4,0.7,41,40,41,0,0,0,0,0,0,41,0,36,0,0,0,0,0,0,0,0,0,0,34,0,32,26,0,38,0,0,30,42
6,16410,3,KR4MFM,69.62,7,    main,-2.51,89647,1020.9,118.07,-27.44,51.9,0.01,0.02,4.11,7.74,-0.22,-3.44,234.76,-54.74,-40.89,0.63,-0.36,0.22,82.4,4.18,0,0,0,0,1,1,15,31.0388554,-103.513569,1038,2026,6,20,23,47,46,961,969,114,7,0.8,0.4,0.7,41,40,41,0,0,0,0,0,0,41,0,36,0,0,0,0,0,0,0,0,0,0,34,0,32,26,0,38,0,0,30,42
6,16410,3,KR4MFM,69.72,7,    main,-3.52,89655,1020.16,117.34,-26.98,51.9,0.01,0.02,4.11,7.3,-3.46,-0.98,223.34,-57.54,-42.97,0.62,-0.22,0.32,75.59,4.18,0,0,0,0,1,1,15,31.0388554,-103.513569,1038,2026,6,20,23,47,46,961,969,114,7,0.8,0.4,0.7,41,40,41,0,0,0,0,0,0,41,0,36,0,0,0,0,0,0,0,0,0,0,34,0,32,26,0,38,0,0,30,42
6,16410,3,KR4MFM,69.78,7,    main,-3.52,89655,1020.16,117.34,-26.98,51.9,0.02,0.03,4.11,7.3,-3.46,-0.98,223.34,-57.54,-42.97,0.62,-0.22,0.32,75.59,4.19,0,0,0,0,1,1,15,31.0388554,-103.513569,1038,2026,6,20,23,47,46,961,969,114,7,0.8,0.4,0.7,41,40,41,0,0,0,0,0,0,41,0,36,0,0,0,0,0,0,0,0,0,0,34,0,32,26,0,38,0,0,30,42
6,16410,3,KR4MFM,69.82,7,    main,-4.53,89667,1019.06,116.23,-26.57,51.9,0.02,0.03,4.11,6.32,-0.33,0.05,168.41,-60.23,-45.9,0.58,-0.07,0.36,69.86,4.19,0,0,0,0,1,1,15,31.0388554,-103.513569,1038,2026,6,20,23,47,46,961,969,114,7,0.8,0.4,0.7,41,40,41,0,0,0,0,0,0,41,0,36,0,0,0,0,0,0,0,0,0,0,34,0,32,26,0,38,0,0,30,42
6,16410,3,KR4MFM,69.92,7,    main,-4.53,89664,1019.33,116.51,-26.25,51.9,0.02,0.03,4.11,6.21,-3.76,3.75,152.36,-57.12,-54.01,0.53,0.05,0.36,65.17,4.19,0,0,0,0,1,1,15,31.0388554,-103.513569,1038,2026,6,20,23,47,46,961,969,114,7,0.8,0.4,0.7,41,40,41,0,0,0,0,0,0,41,0,36,0,0,0,0,0,0,0,0,0,0,34,0,32,26,0,38,0,0,30,42
6,16410,3,KR4MFM,69.94,7,    main,-4.53,89664,1019.33,116.51,-26.25,51.9,0.02,0.03,4.11,6.21,-3.76,3.75,152.36,-57.12,-54.01,0.53,0.05,0.36,65.17,4.19,0,0,0,0,1,1,15,31.0388554,-103.513569,1038,2026,6,20,23,47,46,961,969,114,7,0.8,0.4,0.7,41,40,41,0,0,0,0,0,0,41,0,36,0,0,0,0,0,0,0,0,0,0,34,0,32,26,0,38,0,0,30,42
6,16410,3,KR4MFM,69.94,7,    main,-4.53,89664,1019.33,116.51,-26.25,51.9,0.02,0.03,4.11,6.21,-3.76,3.75,152.36,-57.12,-54.01,0.53,0.05,0.36,65.17,4.19,0,0,0,0,1,1,15,31.0388554,-103.513569,1038,2026,6,20,23,47,46,961,969,114,7,0.8,0.4,0.7,41,40,41,0,0,0,0,0,0,41,0,36,0,0,0,0,0,0,0,0,0,0,34,0,32,26,0,38,0,0,30,42
6,16410,3,KR4MFM,70.02,7,    main,-4.53,89657,1019.98,117.15,-26.02,51.9,0.02,0.03,4.11,6.09,-4.05,3.15,222.79,-42.28,-60.85,0.48,0.18,0.29,61.41,4.19,0,0,0,0,1,1,15,31.0388908,-103.5136215,1007,2026,6,20,23,47,47,954,959,114,6,0.9,0.5,0.7,41,40,42,0,0,0,0,0,0,42,0,38,0,0,0,0,0,0,0,0,0,0,35,0,38,37,0,31,0,0,38,38
6,16410,3,KR4MFM,70.1,7,    main,-4.53,89657,1019.98,117.15,-26.02,51.9,0,0.02,4.11,6.09,-4.05,3.15,222.79,-42.28,-60.85,0.48,0.18,0.29,61.41,4.18,0,0,0,0,1,1,15,31.0388908,-103.5136215,1007,2026,6,20,23,47,47,954,959,114,6,0.9,0.5,0.7,41,40,42,0,0,0,0,0,0,42,0,38,0,0,0,0,0,0,0,0,0,0,35,0,38,37,0,31,0,0,38,38
6,16410,3,KR4MFM,70.12,7,    main,-4.53,89677,1018.14,115.32,-25.9,51.9,0,0.02,4.11,5.89,-10.43,1.92,235.25,-15.55,-71.71,0.42,0.3,0.14,58.02,4.18,0,0,0,0,1,1,15,31.0388908,-103.5136215,1007,2026,6,20,23,47,47,954,959,114,6,0.9,0.5,0.7,41,40,42,0,0,0,0,0,0,42,0,38,0,0,0,0,0,0,0,0,0,0,35,0,38,37,0,31,0,0,38,38
6,16410,3,KR4MFM,70.22,7,    main,-4.02,89692,1016.76,113.94,-25.87,51.9,0,0.02,4.11,6.85,-13.63,-0.94,42.37,-14.33,-40.59,0.37,0.33,0.05,58.5,4.18,0,0,0,0,1,1,15,31.0388908,-103.5136215,1007,2026,6,20,23,47,47,954,959,114,6,0.9,0.5,0.7,41,40,42,0,0,0,0,0,0,42,0,38,0,0,0,0,0,0,0,0,0,0,35,0,38,37,0,31,0,0,38,38
6,16410,3,KR4MFM,70.32,7,    main,-3.52,89683,1017.59,114.76,-25.94,51.8,0,0.02,4.11,6.72,-14.11,5.9,-95.63,-13.9,-13.91,0.35,0.33,0.09,59.71,4.18,0,0,0,0,1,1,15,31.0388908,-103.5136215,1007,2026,6,20,23,47,47,954,959,114,6,0.9,0.5,0.7,41,40,42,0,0,0,0,0,0,42,0,38,0,0,0,0,0,0,0,0,0,0,35,0,38,37,0,31,0,0,38,38
6,16410,3,KR4MFM,70.42,7,    main,-3.02,89753,1011.16,108.33,-26.09,51.8,0,0.02,4.11,7.08,-11.92,9.07,-113.33,-4.2,15.75,0.35,0.3,0.18,60.56,4.2,0,0,0,0,1,1,15,31.0388908,-103.5136215,1007,2026,6,20,23,47,47,954,959,114,6,0.9,0.5,0.7,41,40,42,0,0,0,0,0,0,42,0,38,0,0,0,0,0,0,0,0,0,0,35,0,38,37,0,31,0,0,38,38
6,16410,3,KR4MFM,70.42,7,    main,-3.02,89753,1011.16,108.33,-26.09,51.8,0,0.02,4.11,7.08,-11.92,9.07,-113.33,-4.2,15.75,0.35,0.3,0.18,60.56,4.2,0,0,0,0,1,1,15,31.0388908,-103.5136215,1007,2026,6,20,23,47,47,954,959,114,6,0.9,0.5,0.7,41,40,42,0,0,0,0,0,0,42,0,38,0,0,0,0,0,0,0,0,0,0,35,0,38,37,0,31,0,0,38,38
6,16410,3,KR4MFM,70.52,7,    main,-3.52,89754,1011.07,108.24,-26.29,51.8,0,0.02,4.11,7.38,-6.88,11.21,-97.09,16.86,25.15,0.37,0.26,0.24,60.31,4.2,0,0,0,0,1,1,15,31.0388908,-103.5136215,1007,2026,6,20,23,47,47,954,959,114,6,0.9,0.5,0.7,41,40,42,0,0,0,0,0,0,42,0,38,0,0,0,0,0,0,0,0,0,0,35,0,38,37,0,31,0,0,38,38
6,16410,3,KR4MFM,70.62,7,    main,-4.53,89832,1003.91,101.08,-26.56,51.8,0,0.02,4.11,5.9,-2.29,10.53,-45.82,37.37,23.99,0.41,0.22,0.29,59.06,4.2,0,0,0,0,1,1,15,31.0388908,-103.5136215,1007,2026,6,20,23,47,47,954,959,114,6,0.9,0.5,0.7,41,40,42,0,0,0,0,0,0,42,0,38,0,0,0,0,0,0,0,0,0,0,35,0,38,37,0,31,0,0,38,38
6,16410,3,KR4MFM,70.72,7,    main,-6.03,89885,999.04,96.22,-26.87,51.8,0,0.02,4.11,4.79,-2.27,6.44,-44.42,52.81,8.79,0.44,0.19,0.3,56.2,4.2,0,0,0,0,1,1,15,31.0388908,-103.5136215,1007,2026,6,20,23,47,47,954,959,114,6,0.9,0.5,0.7,41,40,42,0,0,0,0,0,0,42,0,38,0,0,0,0,0,0,0,0,0,0,35,0,38,37,0,31,0,0,38,38
6,16410,3,KR4MFM,70.74,7,    main,-6.03,89885,999.04,96.22,-26.87,51.8,0,0.02,4.11,4.79,-2.27,6.44,-44.42,52.81,8.79,0.44,0.19,0.3,56.2,4.19,0,0,0,0,1,1,15,31.0388908,-103.5136215,1007,2026,6,20,23,47,47,954,959,114,6,0.9,0.5,0.7,41,40,42,0,0,0,0,0,0,42,0,38,0,0,0,0,0,0,0,0,0,0,35,0,38,37,0,31,0,0,38,38
6,16410,3,KR4MFM,70.82,7,    main,-4.53,89938,994.18,91.36,-27.2,51.8,0,0.02,4.11,5.37,3.6,7.76,-46.19,49.02,2.2,0.48,0.17,0.31,53.62,4.19,0,0,0,0,1,1,15,31.0388908,-103.5136215,1007,2026,6,20,23,47,47,954,959,114,6,0.9,0.5,0.7,41,40,42,0,0,0,0,0,0,42,0,38,0,0,0,0,0,0,0,0,0,0,35,0,38,37,0,31,0,0,38,38
6,16410,3,KR4MFM,70.92,7,    main,-4.53,89967,991.52,88.7,-27.58,51.8,0,0.02,4.11,5.45,0.72,9.01,-52.29,65.69,-30.03,0.51,0.14,0.31,48,4.19,0,0,0,0,1,1,15,31.0388908,-103.5136215,1007,2026,6,20,23,47,47,954,959,114,6,0.9,0.5,0.7,41,40,42,0,0,0,0,0,0,42,0,38,0,0,0,0,0,0,0,0,0,0,35,0,38,37,0,31,0,0,38,38
6,16410,3,KR4MFM,70.95,7,    main,-4.53,89967,991.52,88.7,-27.58,51.8,0,0.02,4.11,5.45,0.72,9.01,-52.29,65.69,-30.03,0.51,0.14,0.31,48,4.19,0,0,0,0,1,1,15,31.0388908,-103.5136215,1007,2026,6,20,23,47,47,954,959,114,6,0.9,0.5,0.7,41,40,42,0,0,0,0,0,0,42,0,38,0,0,0,0,0,0,0,0,0,0,35,0,38,37,0,31,0,0,38,38
6,16410,3,KR4MFM,70.95,7,    main,-4.53,89967,991.52,88.7,-27.58,51.8,0,0.02,4.11,5.45,0.72,9.01,-52.29,65.69,-30.03,0.51,0.14,0.31,48,4.19,0,0,0,0,1,1,15,31.0388908,-103.5136215,1007,2026,6,20,23,47,47,954,959,114,6,0.9,0.5,0.7,41,40,42,0,0,0,0,0,0,42,0,38,0,0,0,0,0,0,0,0,0,0,35,0,38,37,0,31,0,0,38,38
6,16410,3,KR4MFM,71.02,7,    main,-3.02,90008,987.77,84.94,-28.04,51.8,0,0.02,4.11,6.03,-0.16,3.58,-66.39,79.18,-47.42,0.54,0.12,0.31,41.2,4.19,0,0,0,0,1,1,15,31.0389158,-103.513666,978,2026,6,20,23,47,48,949,952,114,4,0.8,0.4,0.7,41,43,42,0,0,0,0,0,0,42,0,39,0,0,0,0,0,0,0,0,0,0,38,0,38,31,0,38,0,0,40,36
6,16410,3,KR4MFM,71.06,7,    main,-3.02,90008,987.77,84.94,-28.04,51.8,0,0.02,4.1,6.03,-0.16,3.58,-66.39,79.18,-47.42,0.54,0.12,0.31,41.2,4.2,0,0,0,0,1,1,15,31.0389158,-103.513666,978,2026,6,20,23,47,48,949,952,114,4,0.8,0.4,0.7,41,43,42,0,0,0,0,0,0,42,0,39,0,0,0,0,0,0,0,0,0,0,38,0,38,31,0,38,0,0,40,36
6,16410,3,KR4MFM,71.12,7,    main,-4.02,90030,985.75,82.93,-28.58,51.8,0,0.02,4.1,6.6,-1.24,3.52,-96.85,57.81,-66.28,0.55,0.1,0.32,34.21,4.2,0,0,0,0,1,1,15,31.0389158,-103.513666,978,2026,6,20,23,47,48,949,952,114,4,0.8,0.4,0.7,41,43,42,0,0,0,0,0,0,42,0,39,0,0,0,0,0,0,0,0,0,0,38,0,38,31,0,38,0,0,40,36
6,16410,3,KR4MFM,71.22,7,    main,-5.03,90044,984.47,81.65,-29.2,51.8,0,0.02,4.1,3.75,-3.07,-0.11,-150.62,43.77,-79.04,0.56,0.05,0.34,27.63,4.2,0,0,0,0,1,1,15,31.0389158,-103.513666,978,2026,6,20,23,47,48,949,952,114,4,0.8,0.4,0.7,41,43,42,0,0,0,0,0,0,42,0,39,0,0,0,0,0,0,0,0,0,0,38,0,38,31,0,38,0,0,40,36
6,16410,3,KR4MFM,71.32,7,    main,-6.54,90061,982.91,80.09,-29.81,51.8,0,0.02,4.1,4.18,-6.52,1.65,-202.19,-3.65,-81.05,0.55,-0.05,0.38,21.16,4.2,0,0,0,0,1,1,15,31.0389158,-103.513666,978,2026,6,20,23,47,48,949,952,114,4,0.8,0.4,0.7,41,43,42,0,0,0,0,0,0,42,0,39,0,0,0,0,0,0,0,0,0,0,38,0,38,31,0,38,0,0,40,36
6,16410,3,KR4MFM,71.38,7,    main,-6.54,90061,982.91,80.09,-29.81,51.8,0,0.02,4.1,4.18,-6.52,1.65,-202.19,-3.65,-81.05,0.55,-0.05,0.38,21.16,4.2,0,0,0,0,1,1,15,31.0389158,-103.513666,978,2026,6,20,23,47,48,949,952,114,4,0.8,0.4,0.7,41,43,42,0,0,0,0,0,0,42,0,39,0,0,0,0,0,0,0,0,0,0,38,0,38,31,0,38,0,0,40,36
6,16410,3,KR4MFM,71.42,7,    main,-6.03,90075,981.63,78.81,-30.39,51.8,0,0.02,4.1,3.79,-3.97,7.42,-161.42,-23.67,-54.2,0.53,-0.16,0.39,17.23,4.2,0,0,0,0,1,1,15,31.0389158,-103.513666,978,2026,6,20,23,47,48,949,952,114,4,0.8,0.4,0.7,41,43,42,0,0,0,0,0,0,42,0,39,0,0,0,0,0,0,0,0,0,0,38,0,38,31,0,38,0,0,40,36
6,16410,3,KR4MFM,71.52,7,    main,-8.05,90013,987.31,84.49,-30.89,51.8,0,0.02,4.1,3.15,-2.4,12.84,19.91,-12.74,-63.78,0.52,-0.18,0.39,17.69,4.2,0,0,0,0,1,1,15,31.0389158,-103.513666,978,2026,6,20,23,47,48,949,952,114,4,0.8,0.4,0.7,41,43,42,0,0,0,0,0,0,42,0,39,0,0,0,0,0,0,0,0,0,0,38,0,38,31,0,38,0,0,40,36
6,16410,3,KR4MFM,71.62,7,    main,-8.05,90033,985.48,82.65,-31.31,51.8,0,0.02,4.1,2.84,-9.1,13.26,187.7,26.75,-56.39,0.52,-0.07,0.39,22.76,4.2,0,0,0,0,1,1,15,31.0389158,-103.513666,978,2026,6,20,23,47,48,949,952,114,4,0.8,0.4,0.7,41,43,42,0,0,0,0,0,0,42,0,39,0,0,0,0,0,0,0,0,0,0,38,0,38,31,0,38,0,0,40,36
6,16410,3,KR4MFM,71.7,7,    main,-8.05,90033,985.48,82.65,-31.31,51.8,0,0.03,4.11,2.84,-9.1,13.26,187.7,26.75,-56.39,0.52,-0.07,0.39,22.76,4.19,0,0,0.01,0,1,1,15,31.0389158,-103.513666,978,2026,6,20,23,47,48,949,952,114,4,0.8,0.4,0.7,41,43,42,0,0,0,0,0,0,42,0,39,0,0,0,0,0,0,0,0,0,0,38,0,38,31,0,38,0,0,40,36
6,16410,3,KR4MFM,71.72,7,    main,-6.54,90104,978.98,76.15,-31.63,51.8,0,0.03,4.11,2.95,-16.06,5.33,125.44,44.57,-10.62,0.55,0.07,0.34,27.34,4.19,0,0,0.01,0,1,1,15,31.0389158,-103.513666,978,2026,6,20,23,47,48,949,952,114,4,0.8,0.4,0.7,41,43,42,0,0,0,0,0,0,42,0,39,0,0,0,0,0,0,0,0,0,0,38,0,38,31,0,38,0,0,40,36
6,16410,3,KR4MFM,71.82,7,    main,-8.05,90171,972.84,70.02,-30.98,51.8,0,0.03,4.11,3.03,-15.64,3.48,-133.59,48.11,32.35,0.58,0.05,0.32,32.2,4.19,0,0,0.01,0,1,1,15,31.0389158,-103.513666,978,2026,6,20,23,47,48,949,952,114,4,0.8,0.4,0.7,41,43,42,0,0,0,0,0,0,42,0,39,0,0,0,0,0,0,0,0,0,0,38,0,38,31,0,38,0,0,40,36
6,16410,3,KR4MFM,71.92,7,    main,-8.55,90217,968.64,65.81,-30.67,51.8,0,0.03,4.11,2.33,-11.73,6.29,-239.12,65.99,47.43,0.63,-0.12,0.32,38.26,4.19,0,0,0.01,0,1,1,15,31.0389158,-103.513666,978,2026,6,20,23,47,48,949,952,114,4,0.8,0.4,0.7,41,43,42,0,0,0,0,0,0,42,0,39,0,0,0,0,0,0,0,0,0,0,38,0,38,31,0,38,0,0,40,36
6,16410,3,KR4MFM,71.96,7,    main,-8.55,90217,968.64,65.81,-30.67,51.8,0,0.03,4.11,2.33,-11.73,6.29,-239.12,65.99,47.43,0.63,-0.12,0.32,38.26,4.19,0,0,0.01,0,1,1,15,31.0389158,-103.513666,978,2026,6,20,23,47,48,949,952,114,4,0.8,0.4,0.7,41,43,42,0,0,0,0,0,0,42,0,39,0,0,0,0,0,0,0,0,0,0,38,0,38,31,0,38,0,0,40,36
6,16410,3,KR4MFM,71.96,7,    main,-8.55,90217,968.64,65.81,-30.67,51.8,0,0.03,4.11,2.33,-11.73,6.29,-239.12,65.99,47.43,0.63,-0.12,0.32,38.26,4.19,0,0,0.01,0,1,1,15,31.0389158,-103.513666,978,2026,6,20,23,47,48,949,952,114,4,0.8,0.4,0.7,41,43,42,0,0,0,0,0,0,42,0,39,0,0,0,0,0,0,0,0,0,0,38,0,38,31,0,38,0,0,40,36
6,16410,3,KR4MFM,72.02,7,    main,-9.05,90279,962.97,60.14,-30.22,51.8,0,0.02,4.11,3.21,-4.52,7.38,-152.08,82.96,41.63,0.66,-0.25,0.26,44.35,4.18,0,0,0,0,1,1,15,31.0389329,-103.513716,950,2026,6,20,23,47,49,944,945,114,2,0.8,0.4,0.7,37,30,34,0,0,0,0,0,0,32,0,38,0,0,0,0,0,0,0,0,0,0,35,0,32,35,0,35,0,0,41,42
6,16410,3,KR4MFM,72.02,7,    main,-9.05,90279,962.97,60.14,-30.22,51.8,0,0.02,4.11,3.21,-4.52,7.38,-152.08,82.96,41.63,0.66,-0.25,0.26,44.35,4.18,0,0,0,0,1,1,15,31.0389329,-103.513716,950,2026,6,20,23,47,49,944,945,114,2,0.8,0.4,0.7,37,30,34,0,0,0,0,0,0,32,0,38,0,0,0,0,0,0,0,0,0,0,35,0,32,35,0,35,0,0,41,42
6,16410,3,KR4MFM,72.12,7,    main,-7.04,90370,954.65,51.83,-29.66,51.8,0,0.02,4.11,3.6,-1.05,6.99,-35.57,96.88,32.41,0.69,-0.31,0.18,51.07,4.18,0,0,0,0,1,1,15,31.0389329,-103.513716,950,2026,6,20,23,47,49,944,945,114,2,0.8,0.4,0.7,37,30,34,0,0,0,0,0,0,32,0,38,0,0,0,0,0,0,0,0,0,0,35,0,32,35,0,35,0,0,41,42
6,16410,3,KR4MFM,72.22,7,    main,-7.54,90420,950.09,47.27,-28.97,51.8,0,0.02,4.11,2.79,1.44,-1.12,21.13,100.05,26.8,0.71,-0.33,0.12,58.62,4.18,0,0,0,0,1,1,15,31.0389329,-103.513716,950,2026,6,20,23,47,49,944,945,114,2,0.8,0.4,0.7,37,30,34,0,0,0,0,0,0,32,0,38,0,0,0,0,0,0,0,0,0,0,35,0,32,35,0,35,0,0,41,42
6,16410,3,KR4MFM,72.32,7,    main,-5.03,90453,947.08,44.25,-28.13,51.8,0,0.02,4.11,4.76,0.56,-0.04,22.42,81.43,30.76,0.71,-0.34,0.06,65,4.18,0,0,0,0,1,1,15,31.0389329,-103.513716,950,2026,6,20,23,47,49,944,945,114,2,0.8,0.4,0.7,37,30,34,0,0,0,0,0,0,32,0,38,0,0,0,0,0,0,0,0,0,0,35,0,32,35,0,35,0,0,41,42
6,16410,3,KR4MFM,72.34,7,    main,-5.03,90453,947.08,44.25,-28.13,51.8,0.01,0.04,4.11,4.76,0.56,-0.04,22.42,81.43,30.76,0.71,-0.34,0.06,65,4.18,0,0,0,0,1,1,15,31.0389329,-103.513716,950,2026,6,20,23,47,49,944,945,114,2,0.8,0.4,0.7,37,30,34,0,0,0,0,0,0,32,0,38,0,0,0,0,0,0,0,0,0,0,35,0,32,35,0,35,0,0,41,42
6,16410,3,KR4MFM,72.42,7,    main,-3.52,90497,943.06,40.24,-27.18,51.8,0.01,0.04,4.11,6.88,0.93,-3.32,23.33,84.12,30.76,0.7,-0.36,0.01,72.09,4.18,0,0,0,0,1,1,15,31.0389329,-103.513716,950,2026,6,20,23,47,49,944,945,114,2,0.8,0.4,0.7,37,30,34,0,0,0,0,0,0,32,0,38,0,0,0,0,0,0,0,0,0,0,35,0,32,35,0,35,0,0,41,42
6,16410,3,KR4MFM,72.52,7,    main,-4.02,90513,941.6,38.78,-26.06,51.8,0.01,0.04,4.11,6.06,0.17,-7.42,44.39,62.21,40.04,0.69,-0.39,-0.02,77.18,4.18,0,0,0,0,1,1,15,31.0389329,-103.513716,950,2026,6,20,23,47,49,944,945,114,2,0.8,0.4,0.7,37,30,34,0,0,0,0,0,0,32,0,38,0,0,0,0,0,0,0,0,0,0,35,0,32,35,0,35,0,0,41,42
6,16410,3,KR4MFM,72.62,7,    main,-4.02,90542,938.96,36.14,-24.81,51.8,0.01,0.04,4.11,6.34,7.7,-12.36,108.48,40.97,46.88,0.67,-0.41,-0.01,80.57,4.18,0,0,0,0,1,1,15,31.0389329,-103.513716,950,2026,6,20,23,47,49,944,945,114,2,0.8,0.4,0.7,37,30,34,0,0,0,0,0,0,32,0,38,0,0,0,0,0,0,0,0,0,0,35,0,32,35,0,35,0,0,41,42
6,16410,3,KR4MFM,72.66,7,    main,-4.02,90542,938.96,36.14,-24.81,51.8,0,0.03,4.11,6.34,7.7,-12.36,108.48,40.97,46.88,0.67,-0.41,-0.01,80.57,4.2,0,0,0,0,1,1,15,31.0389329,-103.513716,950,2026,6,20,23,47,49,944,945,114,2,0.8,0.4,0.7,37,30,34,0,0,0,0,0,0,32,0,38,0,0,0,0,0,0,0,0,0,0,35,0,32,35,0,35,0,0,41,42
6,16410,3,KR4MFM,72.72,7,    main,-3.02,90574,936.04,33.22,-23.42,51.8,0,0.03,4.11,6.53,12.37,-9.14,189.96,-14.21,12.64,0.66,-0.42,0.06,79.22,4.2,0,0,0,0,1,1,15,31.0389329,-103.513716,950,2026,6,20,23,47,49,944,945,114,2,0.8,0.4,0.7,37,30,34,0,0,0,0,0,0,32,0,38,0,0,0,0,0,0,0,0,0,0,35,0,32,35,0,35,0,0,41,42
6,16410,3,KR4MFM,72.82,7,    main,-5.53,90585,935.04,32.22,-21.91,51.8,0,0.03,4.11,5.58,9.43,0.1,169.51,-16.65,-28.87,0.66,-0.36,0.17,76.59,4.2,0,0,0,0,1,1,15,31.0389329,-103.513716,950,2026,6,20,23,47,49,944,945,114,2,0.8,0.4,0.7,37,30,34,0,0,0,0,0,0,32,0,38,0,0,0,0,0,0,0,0,0,0,35,0,32,35,0,35,0,0,41,42
6,16410,3,KR4MFM,72.92,7,    main,-3.52,90613,932.49,29.66,-20.29,51.8,0,0.03,4.11,5.52,9.86,-0.42,50.8,-12.8,-63.53,0.68,-0.29,0.22,71.66,4.2,0,0,0,0,1,1,15,31.0389329,-103.513716,950,2026,6,20,23,47,49,944,945,114,2,0.8,0.4,0.7,37,30,34,0,0,0,0,0,0,32,0,38,0,0,0,0,0,0,0,0,0,0,35,0,32,35,0,35,0,0,41,42
6,16410,3,KR4MFM,72.96,7,    main,-3.52,90613,932.49,29.66,-20.29,51.8,0,0.03,4.11,5.52,9.86,-0.42,50.8,-12.8,-63.53,0.68,-0.29,0.22,71.66,4.2,0,0,0,0,1,1,15,31.0389329,-103.513716,950,2026,6,20,23,47,49,944,945,114,2,0.8,0.4,0.7,37,30,34,0,0,0,0,0,0,32,0,38,0,0,0,0,0,0,0,0,0,0,35,0,32,35,0,35,0,0,41,42
6,16410,3,KR4MFM,72.96,7,    main,-3.52,90613,932.49,29.66,-20.29,51.8,0,0.03,4.11,5.52,9.86,-0.42,50.8,-12.8,-63.53,0.68,-0.29,0.22,71.66,4.2,0,0,0,0,1,1,15,31.0389329,-103.513716,950,2026,6,20,23,47,49,944,945,114,2,0.8,0.4,0.7,37,30,34,0,0,0,0,0,0,32,0,38,0,0,0,0,0,0,0,0,0,0,35,0,32,35,0,35,0,0,41,42
6,16410,3,KR4MFM,72.98,7,    main,-3.52,90613,932.49,29.66,-20.29,51.8,0,0.02,4.11,5.52,9.86,-0.42,50.8,-12.8,-63.53,0.68,-0.29,0.22,71.66,4.2,0.01,0,0,0,1,1,15,31.0389492,-103.5137691,921,2026,6,20,23,47,50,939,939,114,0,0.8,0.4,0.7,41,35,40,0,0,0,0,0,0,40,0,41,0,0,0,0,0,0,0,0,0,0,38,0,38,37,0,36,0,0,35,43
6,16410,3,KR4MFM,73.02,7,    main,-5.03,90656,928.57,25.75,-18.6,51.8,0,0.02,4.11,5.88,4.61,2.49,-39.47,-9.14,-81.36,0.69,-0.24,0.23,65.58,4.2,0.01,0,0,0,1,1,15,31.0389492,-103.5137691,921,2026,6,20,23,47,50,939,939,114,0,0.8,0.4,0.7,41,35,40,0,0,0,0,0,0,40,0,41,0,0,0,0,0,0,0,0,0,0,38,0,38,37,0,36,0,0,35,43
6,16410,3,KR4MFM,73.12,7,    main,-4.53,90695,925.02,22.19,-16.89,51.8,0,0.02,4.11,5.68,0.66,2.92,-55.34,-12.68,-87.22,0.7,-0.21,0.22,59.57,4.2,0.01,0,0,0,1,1,15,31.0389492,-103.5137691,921,2026,6,20,23,47,50,939,939,114,0,0.8,0.4,0.7,41,35,40,0,0,0,0,0,0,40,0,41,0,0,0,0,0,0,0,0,0,0,38,0,38,37,0,36,0,0,35,43
6,16410,3,KR4MFM,73.22,7,    main,-4.02,90732,921.65,18.83,-15.19,51.8,0,0.02,4.11,5.91,-1.54,3.44,-40.45,-10.36,-84.71,0.71,-0.17,0.22,55.03,4.2,0.01,0,0,0,1,1,15,31.0389492,-103.5137691,921,2026,6,20,23,47,50,939,939,114,0,0.8,0.4,0.7,41,35,40,0,0,0,0,0,0,40,0,41,0,0,0,0,0,0,0,0,0,0,38,0,38,37,0,36,0,0,35,43
6,16410,3,KR4MFM,73.3,7,    main,-4.02,90732,921.65,18.83,-15.19,51.8,0.01,0.02,4.11,5.91,-1.54,3.44,-40.45,-10.36,-84.71,0.71,-0.17,0.22,55.03,4.2,0,0,0,0,1,1,15,31.0389492,-103.5137691,921,2026,6,20,23,47,50,939,939,114,0,0.8,0.4,0.7,41,35,40,0,0,0,0,0,0,40,0,41,0,0,0,0,0,0,0,0,0,0,38,0,38,37,0,36,0,0,35,43
6,16410,3,KR4MFM,73.32,7,    main,-2.01,90747,920.28,17.46,-13.56,51.8,0.01,0.02,4.11,7.03,-4.71,7,-12.98,-5.66,-77.51,0.71,-0.13,0.23,52.35,4.2,0,0,0,0,1,1,15,31.0389492,-103.5137691,921,2026,6,20,23,47,50,939,939,114,0,0.8,0.4,0.7,41,35,40,0,0,0,0,0,0,40,0,41,0,0,0,0,0,0,0,0,0,0,38,0,38,37,0,36,0,0,35,43
6,16410,3,KR4MFM,73.42,7,    main,-3.52,90760,919.1,16.28,-12.03,51.8,0.01,0.02,4.11,6.65,-7.85,6.36,36.09,15.7,-69.7,0.71,-0.07,0.22,52.77,4.2,0,0,0,0,1,1,15,31.0389492,-103.5137691,921,2026,6,20,23,47,50,939,939,114,0,0.8,0.4,0.7,41,35,40,0,0,0,0,0,0,40,0,41,0,0,0,0,0,0,0,0,0,0,38,0,38,37,0,36,0,0,35,43
6,16410,3,KR4MFM,73.52,7,    main,-3.52,90754,919.65,16.82,-10.58,51.8,0.01,0.02,4.11,8.1,-14.56,4.6,-18.78,30.96,-50.23,0.71,-0.03,0.21,55.11,4.2,0,0,0,0,1,1,15,31.0389492,-103.5137691,921,2026,6,20,23,47,50,939,939,114,0,0.8,0.4,0.7,41,35,40,0,0,0,0,0,0,40,0,41,0,0,0,0,0,0,0,0,0,0,38,0,38,37,0,36,0,0,35,43
6,16410,3,KR4MFM,73.62,7,    main,-5.53,90777,917.55,14.73,-9.29,51.8,0,0.02,4.11,6.57,-13.04,4.85,-152.45,45.61,-11.23,0.72,-0.05,0.19,59.58,4.19,0,0,0,0,1,1,15,31.0389492,-103.5137691,921,2026,6,20,23,47,50,939,939,114,0,0.8,0.4,0.7,41,35,40,0,0,0,0,0,0,40,0,41,0,0,0,0,0,0,0,0,0,0,38,0,38,37,0,36,0,0,35,43
6,16410,3,KR4MFM,73.62,7,    main,-5.53,90777,917.55,14.73,-9.29,51.8,0,0.02,4.11,6.57,-13.04,4.85,-152.45,45.61,-11.23,0.72,-0.05,0.19,59.58,4.19,0,0,0,0,1,1,15,31.0389492,-103.5137691,921,2026,6,20,23,47,50,939,939,114,0,0.8,0.4,0.7,41,35,40,0,0,0,0,0,0,40,0,41,0,0,0,0,0,0,0,0,0,0,38,0,38,37,0,36,0,0,35,43
6,16410,3,KR4MFM,73.72,7,    main,-4.53,90817,913.91,11.09,-8.17,51.8,0,0.02,4.11,5.29,-11.44,7,-213.85,64.77,6.35,0.74,-0.12,0.16,65.82,4.19,0,0,0,0,1,1,15,31.0389492,-103.5137691,921,2026,6,20,23,47,50,939,939,114,0,0.8,0.4,0.7,41,35,40,0,0,0,0,0,0,40,0,41,0,0,0,0,0,0,0,0,0,0,38,0,38,37,0,36,0,0,35,43
6,16410,3,KR4MFM,73.82,7,    main,-270.56,89551,1029.72,126.9,-7.2,51.8,0,0.02,4.11,-171.16,-215.95,172.22,-345.32,-219.1,-366.57,0.76,-0.08,0.1,75.69,4.19,0,0,0,0,1,1,15,31.0389492,-103.5137691,921,2026,6,20,23,47,50,939,939,114,0,0.8,0.4,0.7,41,35,40,0,0,0,0,0,0,40,0,41,0,0,0,0,0,0,0,0,0,0,38,0,38,37,0,36,0,0,35,43
6,16410,3,KR4MFM,73.92,7,    main,-47.27,90809,914.64,11.82,-7.2,51.8,0,0.02,4.11,-11.63,-109.07,51.79,102.19,78.63,-382.93,0.62,0.21,0.1,114.22,4.19,0,0,0,0,1,1,15,31.0389492,-103.5137691,921,2026,6,20,23,47,50,939,939,114,0,0.8,0.4,0.7,41,35,40,0,0,0,0,0,0,40,0,41,0,0,0,0,0,0,0,0,0,0,38,0,38,37,0,36,0,0,35,43
